-- MySQL dump 10.13  Distrib 5.7.17, for Win64 (x86_64)
--
-- Host: localhost    Database: openmrs
-- ------------------------------------------------------
-- Server version	5.1.63-0ubuntu0.10.04.1

/*!40101 SET @OLD_CHARACTER_SET_CLIENT=@@CHARACTER_SET_CLIENT */;
/*!40101 SET @OLD_CHARACTER_SET_RESULTS=@@CHARACTER_SET_RESULTS */;
/*!40101 SET @OLD_COLLATION_CONNECTION=@@COLLATION_CONNECTION */;
/*!40101 SET NAMES utf8 */;
/*!40103 SET @OLD_TIME_ZONE=@@TIME_ZONE */;
/*!40103 SET TIME_ZONE='+00:00' */;
/*!40014 SET @OLD_UNIQUE_CHECKS=@@UNIQUE_CHECKS, UNIQUE_CHECKS=0 */;
/*!40014 SET @OLD_FOREIGN_KEY_CHECKS=@@FOREIGN_KEY_CHECKS, FOREIGN_KEY_CHECKS=0 */;
/*!40101 SET @OLD_SQL_MODE=@@SQL_MODE, SQL_MODE='NO_AUTO_VALUE_ON_ZERO' */;
/*!40111 SET @OLD_SQL_NOTES=@@SQL_NOTES, SQL_NOTES=0 */;

--
-- Table structure for table `active_list`
--

DROP TABLE IF EXISTS `active_list`;
/*!40101 SET @saved_cs_client     = @@character_set_client */;
/*!40101 SET character_set_client = utf8 */;
CREATE TABLE `active_list` (
  `active_list_id` int(11) NOT NULL AUTO_INCREMENT,
  `active_list_type_id` int(11) NOT NULL,
  `person_id` int(11) NOT NULL,
  `concept_id` int(11) NOT NULL,
  `start_obs_id` int(11) DEFAULT NULL,
  `stop_obs_id` int(11) DEFAULT NULL,
  `start_date` datetime NOT NULL,
  `end_date` datetime DEFAULT NULL,
  `comments` varchar(255) DEFAULT NULL,
  `creator` int(11) NOT NULL,
  `date_created` datetime NOT NULL,
  `voided` tinyint(1) NOT NULL DEFAULT '0',
  `voided_by` int(11) DEFAULT NULL,
  `date_voided` datetime DEFAULT NULL,
  `void_reason` varchar(255) DEFAULT NULL,
  `uuid` char(38) NOT NULL,
  PRIMARY KEY (`active_list_id`),
  KEY `user_who_voided_active_list` (`voided_by`),
  KEY `user_who_created_active_list` (`creator`),
  KEY `active_list_type_of_active_list` (`active_list_type_id`),
  KEY `person_of_active_list` (`person_id`),
  KEY `concept_active_list` (`concept_id`),
  KEY `start_obs_active_list` (`start_obs_id`),
  KEY `stop_obs_active_list` (`stop_obs_id`),
  CONSTRAINT `active_list_type_of_active_list` FOREIGN KEY (`active_list_type_id`) REFERENCES `active_list_type` (`active_list_type_id`),
  CONSTRAINT `concept_active_list` FOREIGN KEY (`concept_id`) REFERENCES `concept` (`concept_id`),
  CONSTRAINT `person_of_active_list` FOREIGN KEY (`person_id`) REFERENCES `person` (`person_id`),
  CONSTRAINT `start_obs_active_list` FOREIGN KEY (`start_obs_id`) REFERENCES `obs` (`obs_id`),
  CONSTRAINT `stop_obs_active_list` FOREIGN KEY (`stop_obs_id`) REFERENCES `obs` (`obs_id`),
  CONSTRAINT `user_who_created_active_list` FOREIGN KEY (`creator`) REFERENCES `users` (`user_id`),
  CONSTRAINT `user_who_voided_active_list` FOREIGN KEY (`voided_by`) REFERENCES `users` (`user_id`)
) ENGINE=InnoDB DEFAULT CHARSET=utf8;
/*!40101 SET character_set_client = @saved_cs_client */;

--
-- Dumping data for table `active_list`
--

LOCK TABLES `active_list` WRITE;
/*!40000 ALTER TABLE `active_list` DISABLE KEYS */;
/*!40000 ALTER TABLE `active_list` ENABLE KEYS */;
UNLOCK TABLES;

--
-- Table structure for table `active_list_allergy`
--

DROP TABLE IF EXISTS `active_list_allergy`;
/*!40101 SET @saved_cs_client     = @@character_set_client */;
/*!40101 SET character_set_client = utf8 */;
CREATE TABLE `active_list_allergy` (
  `active_list_id` int(11) NOT NULL AUTO_INCREMENT,
  `allergy_type` varchar(50) DEFAULT NULL,
  `reaction_concept_id` int(11) DEFAULT NULL,
  `severity` varchar(50) DEFAULT NULL,
  PRIMARY KEY (`active_list_id`),
  KEY `reaction_allergy` (`reaction_concept_id`),
  CONSTRAINT `reaction_allergy` FOREIGN KEY (`reaction_concept_id`) REFERENCES `concept` (`concept_id`)
) ENGINE=InnoDB DEFAULT CHARSET=utf8;
/*!40101 SET character_set_client = @saved_cs_client */;

--
-- Dumping data for table `active_list_allergy`
--

LOCK TABLES `active_list_allergy` WRITE;
/*!40000 ALTER TABLE `active_list_allergy` DISABLE KEYS */;
/*!40000 ALTER TABLE `active_list_allergy` ENABLE KEYS */;
UNLOCK TABLES;

--
-- Table structure for table `active_list_problem`
--

DROP TABLE IF EXISTS `active_list_problem`;
/*!40101 SET @saved_cs_client     = @@character_set_client */;
/*!40101 SET character_set_client = utf8 */;
CREATE TABLE `active_list_problem` (
  `active_list_id` int(11) NOT NULL AUTO_INCREMENT,
  `status` varchar(50) DEFAULT NULL,
  `sort_weight` double DEFAULT NULL,
  PRIMARY KEY (`active_list_id`)
) ENGINE=InnoDB DEFAULT CHARSET=utf8;
/*!40101 SET character_set_client = @saved_cs_client */;

--
-- Dumping data for table `active_list_problem`
--

LOCK TABLES `active_list_problem` WRITE;
/*!40000 ALTER TABLE `active_list_problem` DISABLE KEYS */;
/*!40000 ALTER TABLE `active_list_problem` ENABLE KEYS */;
UNLOCK TABLES;

--
-- Table structure for table `active_list_type`
--

DROP TABLE IF EXISTS `active_list_type`;
/*!40101 SET @saved_cs_client     = @@character_set_client */;
/*!40101 SET character_set_client = utf8 */;
CREATE TABLE `active_list_type` (
  `active_list_type_id` int(11) NOT NULL AUTO_INCREMENT,
  `name` varchar(50) NOT NULL,
  `description` varchar(255) DEFAULT NULL,
  `creator` int(11) NOT NULL,
  `date_created` datetime NOT NULL,
  `retired` tinyint(1) NOT NULL DEFAULT '0',
  `retired_by` int(11) DEFAULT NULL,
  `date_retired` datetime DEFAULT NULL,
  `retire_reason` varchar(255) DEFAULT NULL,
  `uuid` char(38) NOT NULL,
  PRIMARY KEY (`active_list_type_id`),
  KEY `user_who_retired_active_list_type` (`retired_by`),
  KEY `user_who_created_active_list_type` (`creator`),
  CONSTRAINT `user_who_created_active_list_type` FOREIGN KEY (`creator`) REFERENCES `users` (`user_id`),
  CONSTRAINT `user_who_retired_active_list_type` FOREIGN KEY (`retired_by`) REFERENCES `users` (`user_id`)
) ENGINE=InnoDB AUTO_INCREMENT=3 DEFAULT CHARSET=utf8;
/*!40101 SET character_set_client = @saved_cs_client */;

--
-- Dumping data for table `active_list_type`
--

LOCK TABLES `active_list_type` WRITE;
/*!40000 ALTER TABLE `active_list_type` DISABLE KEYS */;
INSERT INTO `active_list_type` VALUES (1,'Allergy','An Allergy the Patient may have',1,'2010-05-28 00:00:00',0,NULL,NULL,NULL,'96f4f603-6a99-11df-a648-37a07f9c90fb'),(2,'Problem','A Problem the Patient may have',1,'2010-05-28 00:00:00',0,NULL,NULL,NULL,'a0c7422b-6a99-11df-a648-37a07f9c90fb');
/*!40000 ALTER TABLE `active_list_type` ENABLE KEYS */;
UNLOCK TABLES;

--
-- Table structure for table `calculation_registration`
--

DROP TABLE IF EXISTS `calculation_registration`;
/*!40101 SET @saved_cs_client     = @@character_set_client */;
/*!40101 SET character_set_client = utf8 */;
CREATE TABLE `calculation_registration` (
  `calculation_registration_id` int(11) NOT NULL AUTO_INCREMENT,
  `token` varchar(255) NOT NULL,
  `provider_class_name` varchar(512) NOT NULL,
  `calculation_name` varchar(512) NOT NULL,
  `configuration` text,
  `uuid` char(38) NOT NULL,
  PRIMARY KEY (`calculation_registration_id`),
  UNIQUE KEY `uuid` (`uuid`),
  UNIQUE KEY `token` (`token`)
) ENGINE=InnoDB DEFAULT CHARSET=utf8;
/*!40101 SET character_set_client = @saved_cs_client */;

--
-- Dumping data for table `calculation_registration`
--

LOCK TABLES `calculation_registration` WRITE;
/*!40000 ALTER TABLE `calculation_registration` DISABLE KEYS */;
/*!40000 ALTER TABLE `calculation_registration` ENABLE KEYS */;
UNLOCK TABLES;

--
-- Table structure for table `clob_datatype_storage`
--

DROP TABLE IF EXISTS `clob_datatype_storage`;
/*!40101 SET @saved_cs_client     = @@character_set_client */;
/*!40101 SET character_set_client = utf8 */;
CREATE TABLE `clob_datatype_storage` (
  `id` int(11) NOT NULL AUTO_INCREMENT,
  `uuid` char(38) NOT NULL,
  `value` longtext NOT NULL,
  PRIMARY KEY (`id`),
  UNIQUE KEY `uuid` (`uuid`),
  UNIQUE KEY `clob_datatype_storage_uuid_index` (`uuid`)
) ENGINE=InnoDB DEFAULT CHARSET=utf8;
/*!40101 SET character_set_client = @saved_cs_client */;

--
-- Dumping data for table `clob_datatype_storage`
--

LOCK TABLES `clob_datatype_storage` WRITE;
/*!40000 ALTER TABLE `clob_datatype_storage` DISABLE KEYS */;
/*!40000 ALTER TABLE `clob_datatype_storage` ENABLE KEYS */;
UNLOCK TABLES;

--
-- Table structure for table `cohort`
--

DROP TABLE IF EXISTS `cohort`;
/*!40101 SET @saved_cs_client     = @@character_set_client */;
/*!40101 SET character_set_client = utf8 */;
CREATE TABLE `cohort` (
  `cohort_id` int(11) NOT NULL AUTO_INCREMENT,
  `name` varchar(255) NOT NULL,
  `description` varchar(1000) DEFAULT NULL,
  `creator` int(11) NOT NULL,
  `date_created` datetime NOT NULL,
  `voided` tinyint(1) NOT NULL DEFAULT '0',
  `voided_by` int(11) DEFAULT NULL,
  `date_voided` datetime DEFAULT NULL,
  `void_reason` varchar(255) DEFAULT NULL,
  `changed_by` int(11) DEFAULT NULL,
  `date_changed` datetime DEFAULT NULL,
  `uuid` char(38) DEFAULT NULL,
  PRIMARY KEY (`cohort_id`),
  UNIQUE KEY `cohort_uuid_index` (`uuid`),
  KEY `user_who_changed_cohort` (`changed_by`),
  KEY `cohort_creator` (`creator`),
  KEY `user_who_voided_cohort` (`voided_by`),
  CONSTRAINT `cohort_creator` FOREIGN KEY (`creator`) REFERENCES `users` (`user_id`),
  CONSTRAINT `user_who_changed_cohort` FOREIGN KEY (`changed_by`) REFERENCES `users` (`user_id`),
  CONSTRAINT `user_who_voided_cohort` FOREIGN KEY (`voided_by`) REFERENCES `users` (`user_id`)
) ENGINE=InnoDB AUTO_INCREMENT=21 DEFAULT CHARSET=utf8;
/*!40101 SET character_set_client = @saved_cs_client */;

--
-- Dumping data for table `cohort`
--

LOCK TABLES `cohort` WRITE;
/*!40000 ALTER TABLE `cohort` DISABLE KEYS */;
INSERT INTO `cohort` VALUES (1,'ASHA_asha 1','Cohort for ASHA asha 1',2,'2014-10-29 21:47:19',1,4,'2014-10-30 12:08:53','invalid asha name ',4,'2014-10-30 12:08:53','ec0b9d1c-23c6-4649-9f0a-66acc6810ed8'),(2,'PHC_1','Cohort for PHC 1',2,'2014-10-29 21:47:19',0,NULL,NULL,NULL,2,'2018-02-20 11:47:18','1d4488ae-641d-4279-9a68-f1a2ea6e4893'),(3,'ASHA_asha_1','Cohort for ASHA asha_1',2,'2014-10-29 23:37:18',0,NULL,NULL,NULL,2,'2014-10-30 14:27:18','daaa20f8-ca20-4b00-b7c8-e26c3d75b61d'),(4,'ASHA_asha_test1','Cohort for ASHA asha_test1',2,'2016-10-26 11:07:18',0,NULL,NULL,NULL,2,'2018-02-07 17:37:18','651d3d39-87c2-4c9d-b268-54efee4ad2ba'),(5,'PHC_2','Cohort for PHC 2',2,'2017-03-01 09:37:18',0,NULL,NULL,NULL,2,'2018-02-20 11:47:18','fb95d478-cf7a-48d1-90ec-b1df731e90ec'),(6,'ASHA_ha_1','Cohort for ASHA ha_1',2,'2018-02-07 17:47:18',0,NULL,NULL,NULL,2,'2018-02-20 11:47:18','b3a21b48-ef77-49f7-a03b-077279c935e9'),(7,'ASHA_hd_test1','Cohort for ASHA hd_test1',2,'2018-02-08 14:07:18',0,NULL,NULL,NULL,2,'2018-02-20 11:47:18','ebb8ea6e-504e-46a6-9cba-92e2abba5d8d'),(8,'ASHA_rusha_test','Cohort for ASHA rusha_test',2,'2018-02-14 11:32:18',0,NULL,NULL,NULL,2,'2018-02-20 11:47:18','40da6c01-a2bd-4d95-81c0-561180224dff'),(9,'ASHA_rusha_test1','Cohort for ASHA rusha_test1',2,'2018-02-14 17:12:18',0,NULL,NULL,NULL,2,'2018-02-20 11:47:18','934ea0a0-89d9-43e7-b057-5c3a8586b1fd'),(10,'ASHA_rusha_test2','Cohort for ASHA rusha_test2',2,'2018-02-16 13:07:18',0,NULL,NULL,NULL,2,'2018-02-20 11:47:18','264f4a3e-f2a8-4c48-9d68-4cff3706a394'),(11,'ASHA_rusha_test3','Cohort for ASHA rusha_test3',2,'2018-02-16 13:12:18',0,NULL,NULL,NULL,2,'2018-02-20 11:47:18','c7125fef-8fb1-43c3-92f7-692b152726a9'),(12,'PHC_3','Cohort for PHC 3',2,'2018-02-16 15:12:18',0,NULL,NULL,NULL,2,'2018-02-20 11:47:18','0f824a82-0391-48f1-9af4-77f0034c5d7e'),(13,'ASHA_ha_2','Cohort for ASHA ha_2',2,'2018-02-19 12:42:18',0,NULL,NULL,NULL,2,'2018-02-20 11:47:18','8751742f-8951-4eb5-b3a7-905fbc0f1bd3'),(14,'ASHA_ha_21','Cohort for ASHA ha_21',2,'2018-02-19 12:47:18',0,NULL,NULL,NULL,2,'2018-02-20 11:47:18','21b6417e-cf6e-4bf0-b221-a78d35ff7292'),(15,'ASHA_ha_3','Cohort for ASHA ha_3',2,'2018-02-19 12:47:18',0,NULL,NULL,NULL,2,'2018-02-20 11:47:18','e11bef20-b1fa-4cd3-a976-0bc9ba02e539'),(16,'ASHA_ha_31','Cohort for ASHA ha_31',2,'2018-02-19 12:47:18',0,NULL,NULL,NULL,2,'2018-02-20 11:47:18','c82ba7af-4ad4-428b-b697-54908cb467be'),(17,'PHC_doctor_31','Cohort for PHC doctor_31',2,'2018-02-19 12:47:18',0,NULL,NULL,NULL,2,'2018-02-20 11:47:18','a68222f2-b49a-4ccd-9b93-99cd6d128aca'),(18,'PHC_doctor_32','Cohort for PHC doctor_32',2,'2018-02-19 12:52:18',0,NULL,NULL,NULL,2,'2018-02-20 11:47:18','7383d7f8-0017-45af-8691-f4b140b1e320'),(19,'PHC_doctor_33','Cohort for PHC doctor_33',2,'2018-02-19 12:52:18',0,NULL,NULL,NULL,2,'2018-02-20 11:47:18','f8175745-9732-42df-aa6f-43bd580adef0'),(20,'PHC_doctor_34','Cohort for PHC doctor_34',2,'2018-02-19 12:52:18',0,NULL,NULL,NULL,2,'2018-02-20 11:47:18','47b308a7-83aa-4713-904f-f815d027c187');
/*!40000 ALTER TABLE `cohort` ENABLE KEYS */;
UNLOCK TABLES;

--
-- Table structure for table `cohort_member`
--

DROP TABLE IF EXISTS `cohort_member`;
/*!40101 SET @saved_cs_client     = @@character_set_client */;
/*!40101 SET character_set_client = utf8 */;
CREATE TABLE `cohort_member` (
  `cohort_id` int(11) NOT NULL DEFAULT '0',
  `patient_id` int(11) NOT NULL DEFAULT '0',
  PRIMARY KEY (`cohort_id`,`patient_id`),
  KEY `member_patient` (`patient_id`),
  CONSTRAINT `member_patient` FOREIGN KEY (`patient_id`) REFERENCES `patient` (`patient_id`) ON UPDATE CASCADE,
  CONSTRAINT `parent_cohort` FOREIGN KEY (`cohort_id`) REFERENCES `cohort` (`cohort_id`)
) ENGINE=InnoDB DEFAULT CHARSET=utf8;
/*!40101 SET character_set_client = @saved_cs_client */;

--
-- Dumping data for table `cohort_member`
--

LOCK TABLES `cohort_member` WRITE;
/*!40000 ALTER TABLE `cohort_member` DISABLE KEYS */;
INSERT INTO `cohort_member` VALUES (1,6),(2,6),(3,6),(1,7),(2,7),(3,7),(1,8),(2,8),(3,8),(1,9),(2,9),(3,9),(2,12),(4,12),(2,18),(2,20),(2,21),(2,22),(2,23),(2,24),(2,25),(2,26),(2,27),(2,28),(2,29),(6,29),(2,30),(6,30),(2,31),(6,31),(2,32),(6,32),(2,33),(6,33),(5,34),(6,34),(5,36),(6,36),(5,37),(6,37),(5,38),(6,38),(5,39),(6,39),(5,41),(6,41),(5,42),(6,42),(12,44),(6,45),(12,45),(6,46),(12,46),(6,47),(12,47),(12,50),(15,50),(6,51),(12,51),(6,52),(12,52),(6,53),(12,53),(6,54),(12,54),(6,55),(12,55),(12,57),(15,57),(12,58),(15,58),(12,59),(15,59),(12,60),(12,61),(12,62),(12,63),(12,64),(12,73);
/*!40000 ALTER TABLE `cohort_member` ENABLE KEYS */;
UNLOCK TABLES;

--
-- Table structure for table `concept`
--

DROP TABLE IF EXISTS `concept`;
/*!40101 SET @saved_cs_client     = @@character_set_client */;
/*!40101 SET character_set_client = utf8 */;
CREATE TABLE `concept` (
  `concept_id` int(11) NOT NULL AUTO_INCREMENT,
  `retired` tinyint(1) NOT NULL DEFAULT '0',
  `short_name` varchar(255) DEFAULT NULL,
  `description` text,
  `form_text` text,
  `datatype_id` int(11) NOT NULL DEFAULT '0',
  `class_id` int(11) NOT NULL DEFAULT '0',
  `is_set` tinyint(1) NOT NULL DEFAULT '0',
  `creator` int(11) NOT NULL DEFAULT '0',
  `date_created` datetime NOT NULL,
  `version` varchar(50) DEFAULT NULL,
  `changed_by` int(11) DEFAULT NULL,
  `date_changed` datetime DEFAULT NULL,
  `retired_by` int(11) DEFAULT NULL,
  `date_retired` datetime DEFAULT NULL,
  `retire_reason` varchar(255) DEFAULT NULL,
  `uuid` char(38) DEFAULT NULL,
  PRIMARY KEY (`concept_id`),
  UNIQUE KEY `concept_uuid_index` (`uuid`),
  KEY `user_who_changed_concept` (`changed_by`),
  KEY `concept_classes` (`class_id`),
  KEY `concept_creator` (`creator`),
  KEY `concept_datatypes` (`datatype_id`),
  KEY `user_who_retired_concept` (`retired_by`),
  CONSTRAINT `concept_classes` FOREIGN KEY (`class_id`) REFERENCES `concept_class` (`concept_class_id`),
  CONSTRAINT `concept_creator` FOREIGN KEY (`creator`) REFERENCES `users` (`user_id`),
  CONSTRAINT `concept_datatypes` FOREIGN KEY (`datatype_id`) REFERENCES `concept_datatype` (`concept_datatype_id`),
  CONSTRAINT `user_who_changed_concept` FOREIGN KEY (`changed_by`) REFERENCES `users` (`user_id`),
  CONSTRAINT `user_who_retired_concept` FOREIGN KEY (`retired_by`) REFERENCES `users` (`user_id`)
) ENGINE=InnoDB AUTO_INCREMENT=190 DEFAULT CHARSET=utf8;
/*!40101 SET character_set_client = @saved_cs_client */;

--
-- Dumping data for table `concept`
--

LOCK TABLES `concept` WRITE;
/*!40000 ALTER TABLE `concept` DISABLE KEYS */;
INSERT INTO `concept` VALUES (1,0,'','',NULL,4,11,0,1,'2014-10-29 17:19:44',NULL,NULL,NULL,NULL,NULL,NULL,'c47064d5-d459-4b4c-a2ab-83e4d2bd107a'),(2,0,'','',NULL,4,11,0,1,'2014-10-29 17:19:44',NULL,NULL,NULL,NULL,NULL,NULL,'4673428d-2887-4610-af8e-e2343f3b98df'),(4,0,NULL,NULL,NULL,3,11,0,4,'2014-10-29 18:14:10',NULL,NULL,NULL,NULL,NULL,NULL,'8dfab9b4-647d-4740-9c8f-7b14ed202975'),(5,0,NULL,NULL,NULL,3,1,0,4,'2014-10-29 18:27:57',NULL,NULL,NULL,NULL,NULL,NULL,'850de2fc-ee8a-4e67-875a-16ae60832767'),(6,0,NULL,NULL,NULL,3,1,0,4,'2014-10-29 18:28:16',NULL,NULL,NULL,NULL,NULL,NULL,'45f7a0de-62b7-41aa-8dc8-1d0b084eb3a8'),(7,0,NULL,NULL,NULL,3,1,0,4,'2014-10-29 18:28:34',NULL,NULL,NULL,NULL,NULL,NULL,'bf18fb74-1b75-4acf-82f7-d42b2cef3c46'),(8,0,NULL,NULL,NULL,3,1,0,4,'2014-10-29 18:28:55',NULL,NULL,NULL,NULL,NULL,NULL,'ac03f232-c69c-4cf7-a14c-b76836d033d9'),(9,0,NULL,NULL,NULL,3,1,0,4,'2014-10-29 18:29:18',NULL,NULL,NULL,NULL,NULL,NULL,'5ea72782-4be5-44a6-99cd-dbd331a4167f'),(10,0,NULL,NULL,NULL,3,1,0,4,'2014-10-29 18:29:43',NULL,NULL,NULL,NULL,NULL,NULL,'fa479a36-5dd8-41e4-8fa4-1a5ede51d54c'),(11,0,NULL,NULL,NULL,3,1,0,4,'2014-10-29 18:30:23',NULL,NULL,NULL,NULL,NULL,NULL,'347d4c15-7d32-40bb-b1a2-64c81bfb86b4'),(12,0,NULL,NULL,NULL,3,1,0,4,'2014-10-29 18:30:42',NULL,NULL,NULL,NULL,NULL,NULL,'99aaf72d-db15-467a-ac27-153380fc6f04'),(13,0,NULL,NULL,NULL,3,1,0,4,'2014-10-29 18:31:07',NULL,NULL,NULL,NULL,NULL,NULL,'7492e6dd-7d54-4feb-87d0-4511791bf05e'),(14,0,NULL,NULL,NULL,3,1,0,4,'2014-10-29 18:31:59',NULL,NULL,NULL,NULL,NULL,NULL,'ec0877ce-c179-42e3-8eea-36728a2907c4'),(15,0,NULL,NULL,NULL,3,1,0,4,'2014-10-29 18:32:19',NULL,NULL,NULL,NULL,NULL,NULL,'db96a957-f1b8-4e04-a92a-e7a5f462a80c'),(16,0,NULL,NULL,NULL,3,1,0,4,'2014-10-29 18:33:39',NULL,NULL,NULL,NULL,NULL,NULL,'d7a24d57-d11c-40d0-8080-a3c9dc102d29'),(17,0,NULL,NULL,NULL,3,1,0,4,'2014-10-29 18:33:57',NULL,NULL,NULL,NULL,NULL,NULL,'2a92f9e9-6744-4850-976c-7bc8e741f793'),(18,0,NULL,NULL,NULL,3,1,0,4,'2014-10-29 18:34:12',NULL,NULL,NULL,NULL,NULL,NULL,'3e1af4cd-8135-4998-9875-8a0dc73f9148'),(19,0,NULL,NULL,NULL,3,1,0,4,'2014-10-29 18:34:27',NULL,NULL,NULL,NULL,NULL,NULL,'24fd7b7b-7ee1-4d02-89ad-3aa6e49fb221'),(20,0,NULL,NULL,NULL,3,1,0,4,'2014-10-29 18:34:48',NULL,NULL,NULL,NULL,NULL,NULL,'83eac296-a953-4454-9fd7-2dbea5fd280b'),(21,0,NULL,NULL,NULL,3,1,0,4,'2014-10-29 18:35:11',NULL,NULL,NULL,NULL,NULL,NULL,'0ac0d2cb-ffd9-4e58-9f39-f3d6af9f285c'),(22,0,NULL,NULL,NULL,3,1,0,4,'2014-10-29 18:35:32',NULL,NULL,NULL,NULL,NULL,NULL,'90916b2b-be53-40aa-b788-e17649e8a10e'),(23,0,NULL,NULL,NULL,3,1,0,4,'2014-10-29 18:35:58',NULL,NULL,NULL,NULL,NULL,NULL,'51954dc4-3a80-4840-8394-0d03661a4013'),(24,0,NULL,NULL,NULL,3,1,0,4,'2014-10-29 18:37:52',NULL,NULL,NULL,NULL,NULL,NULL,'fdc56f2b-f359-4114-8df2-8f676a3b2afd'),(25,0,NULL,NULL,NULL,3,1,0,4,'2014-10-29 18:38:06',NULL,NULL,NULL,NULL,NULL,NULL,'84d673a8-efea-46d5-be01-e0f69528639d'),(26,0,NULL,NULL,NULL,3,1,0,4,'2014-10-29 18:38:26',NULL,NULL,NULL,NULL,NULL,NULL,'551a6f38-3672-4cc7-8d78-739f6b65b5d2'),(27,0,NULL,NULL,NULL,3,1,0,4,'2014-10-29 18:38:44',NULL,NULL,NULL,NULL,NULL,NULL,'ee8f36ca-1c5e-47c0-b160-570fda9c7058'),(28,0,NULL,NULL,NULL,3,1,0,4,'2014-10-29 18:38:55',NULL,NULL,NULL,NULL,NULL,NULL,'a1c29edd-3a65-44c5-a36d-fa245e0d71a0'),(29,0,NULL,NULL,NULL,3,1,0,4,'2014-10-29 18:39:19',NULL,NULL,NULL,NULL,NULL,NULL,'60fe2b5e-85cc-4a6b-b2cd-dcace33cf951'),(30,0,NULL,NULL,NULL,3,1,0,4,'2014-10-29 18:39:38',NULL,NULL,NULL,NULL,NULL,NULL,'13b62207-aa06-4603-9740-050f39c5e563'),(31,0,NULL,NULL,NULL,3,1,0,4,'2014-10-29 18:39:52',NULL,NULL,NULL,NULL,NULL,NULL,'84c4bd50-e051-4e56-a324-68aa09000ade'),(32,0,NULL,NULL,NULL,3,1,0,4,'2014-10-29 18:40:20',NULL,NULL,NULL,NULL,NULL,NULL,'8f1ac7d5-bbc9-4a3f-8ec1-cfe57f9733e6'),(33,0,NULL,NULL,NULL,3,1,0,4,'2014-10-29 18:40:44',NULL,NULL,NULL,NULL,NULL,NULL,'78e30728-a55d-439f-92e9-603a78394c0b'),(34,0,NULL,NULL,NULL,3,1,0,4,'2014-10-29 18:40:56',NULL,NULL,NULL,NULL,NULL,NULL,'48e3a7a4-f4e0-40b1-8d31-aafba8320781'),(35,0,NULL,NULL,NULL,3,1,0,4,'2014-10-29 18:41:09',NULL,NULL,NULL,NULL,NULL,NULL,'d1580c96-986f-43b3-9f52-96f5de352276'),(36,0,NULL,NULL,NULL,3,1,0,4,'2014-10-29 18:41:44',NULL,NULL,NULL,NULL,NULL,NULL,'6876026d-43ff-4bda-a3ca-c0f433e808aa'),(37,0,NULL,NULL,NULL,3,1,0,4,'2014-10-29 18:42:52',NULL,NULL,NULL,NULL,NULL,NULL,'c2f2b4cc-a8dc-44b7-aead-451e3cbca5c9'),(38,0,NULL,NULL,NULL,3,1,0,4,'2014-10-29 18:43:03',NULL,NULL,NULL,NULL,NULL,NULL,'c9065b98-ad9e-4f38-8fac-d2ad149a0565'),(39,0,NULL,NULL,NULL,3,1,0,4,'2014-10-29 18:43:19',NULL,NULL,NULL,NULL,NULL,NULL,'ddb405f9-2211-4a25-acfc-4661e2fb8b06'),(40,0,NULL,NULL,NULL,3,1,0,4,'2014-10-29 18:43:34',NULL,NULL,NULL,NULL,NULL,NULL,'401ccf0a-e64e-4af5-bd20-50bb5e7711f4'),(41,0,NULL,NULL,NULL,3,1,0,4,'2014-10-29 18:43:51',NULL,NULL,NULL,NULL,NULL,NULL,'97234009-0433-4350-b475-1a9331c238e6'),(42,0,NULL,NULL,NULL,3,1,0,4,'2014-10-29 18:44:02',NULL,NULL,NULL,NULL,NULL,NULL,'faa246bb-d2b0-4c3e-9700-c865e22cf166'),(43,0,NULL,NULL,NULL,3,1,0,4,'2014-10-29 18:44:15',NULL,NULL,NULL,NULL,NULL,NULL,'0c4dc15e-72ff-4847-86c8-561229ee0ca3'),(44,0,NULL,NULL,NULL,3,1,0,4,'2014-10-29 18:44:27',NULL,NULL,NULL,NULL,NULL,NULL,'bce8df26-fe54-4e68-b804-83d2cfbc061d'),(45,0,NULL,NULL,NULL,3,1,0,4,'2014-10-29 18:44:39',NULL,NULL,NULL,NULL,NULL,NULL,'ba326d4b-550d-4ebd-8814-c88b26bc2818'),(46,0,NULL,NULL,NULL,3,1,0,4,'2014-10-29 18:44:53',NULL,NULL,NULL,NULL,NULL,NULL,'f7012dd2-3bae-4f24-8d32-c76f17b63671'),(47,0,NULL,NULL,NULL,3,1,0,4,'2014-10-29 20:49:27',NULL,NULL,NULL,NULL,NULL,NULL,'fa2be25c-69f8-411c-8a5b-bbfa6696ec19'),(48,0,NULL,NULL,NULL,3,1,0,4,'2014-10-29 20:50:17',NULL,NULL,NULL,NULL,NULL,NULL,'b6b1f399-e3e7-4fba-a5f4-8a974ed4d395'),(49,0,NULL,NULL,NULL,3,1,0,4,'2014-10-29 20:50:44',NULL,NULL,NULL,NULL,NULL,NULL,'bb9ebd90-93c5-47af-860a-037851a8800e'),(50,0,NULL,NULL,NULL,3,1,0,4,'2014-10-29 20:51:05',NULL,NULL,NULL,NULL,NULL,NULL,'43a78c22-2053-407c-8bed-12046c4b8f54'),(51,0,NULL,NULL,NULL,3,1,0,4,'2014-10-29 20:51:24',NULL,NULL,NULL,NULL,NULL,NULL,'6c02b0eb-c99e-4fa8-a897-ef913afa5b71'),(52,0,NULL,NULL,NULL,3,1,0,4,'2014-10-29 20:51:41',NULL,NULL,NULL,NULL,NULL,NULL,'4398e0b9-60ad-4301-9e27-0ae5e07aa3e3'),(53,0,NULL,NULL,NULL,3,1,0,4,'2014-10-29 20:52:04',NULL,NULL,NULL,NULL,NULL,NULL,'093af025-f5e1-4c66-998e-33e1de46263e'),(54,0,NULL,NULL,NULL,3,1,0,4,'2014-10-29 20:52:20',NULL,NULL,NULL,NULL,NULL,NULL,'7decefae-29d9-465c-92ae-98d1c47be858'),(55,0,NULL,NULL,NULL,3,1,0,4,'2014-10-29 20:52:37',NULL,NULL,NULL,NULL,NULL,NULL,'04d2c10b-ab0e-4d45-a3fd-c1ac16a424c6'),(56,0,NULL,NULL,NULL,3,1,0,4,'2014-10-29 20:52:55',NULL,NULL,NULL,NULL,NULL,NULL,'1eb9c271-5acf-433d-b292-f10ee8ed6a70'),(57,0,NULL,NULL,NULL,3,1,0,4,'2014-10-29 20:53:12',NULL,NULL,NULL,NULL,NULL,NULL,'4c02693e-64a1-4996-84a8-56d5f7de0234'),(58,0,NULL,NULL,NULL,3,1,0,4,'2014-10-29 20:53:29',NULL,NULL,NULL,NULL,NULL,NULL,'4b35b9e1-4249-4740-abd2-3d8ddec7ba6e'),(59,0,NULL,NULL,NULL,3,1,0,4,'2014-10-29 20:53:51',NULL,NULL,NULL,NULL,NULL,NULL,'61d2c160-247b-40cc-9915-21bb1dba6cc3'),(60,0,NULL,NULL,NULL,3,1,0,4,'2014-10-29 20:54:10',NULL,NULL,NULL,NULL,NULL,NULL,'d959f623-14bf-47ed-a8b2-0b7ae91e8889'),(61,0,NULL,NULL,NULL,3,1,0,4,'2014-10-29 20:54:28',NULL,NULL,NULL,NULL,NULL,NULL,'18dc593e-9294-475b-af66-58fb73381c93'),(62,0,NULL,NULL,NULL,3,1,0,4,'2014-10-29 20:54:51',NULL,NULL,NULL,NULL,NULL,NULL,'9b64ffbf-a7a6-4254-981d-54ef71cb1674'),(63,0,NULL,NULL,NULL,3,1,0,4,'2014-10-29 20:55:07',NULL,NULL,NULL,NULL,NULL,NULL,'a1178597-64c0-4455-8eaa-2e89ba4303cf'),(64,0,NULL,NULL,NULL,3,1,0,4,'2014-10-29 20:55:25',NULL,NULL,NULL,NULL,NULL,NULL,'432488dc-65ca-4a3b-a3fe-6c0fafff16d3'),(65,0,NULL,NULL,NULL,3,1,0,4,'2014-10-29 20:55:48',NULL,NULL,NULL,NULL,NULL,NULL,'dc8200b8-761a-4f79-807a-c5c2bddc93aa'),(66,0,NULL,NULL,NULL,3,1,0,4,'2014-10-29 20:56:12',NULL,NULL,NULL,NULL,NULL,NULL,'a6c62411-ba29-4c55-b79d-4a5b2dd7c92d'),(67,0,NULL,NULL,NULL,3,1,0,4,'2014-10-29 20:56:33',NULL,NULL,NULL,NULL,NULL,NULL,'fe0b826e-2f44-464c-ac1b-72de8048a6d6'),(68,0,NULL,NULL,NULL,3,1,0,4,'2014-10-29 20:56:54',NULL,NULL,NULL,NULL,NULL,NULL,'04b4df33-3ed1-45aa-9c83-1f25a579c306'),(69,0,NULL,NULL,NULL,3,1,0,4,'2014-10-29 20:57:13',NULL,NULL,NULL,NULL,NULL,NULL,'cafa6f93-95e8-49a3-8bbc-a09d3fbd5c30'),(70,0,NULL,NULL,NULL,3,1,0,4,'2014-10-29 20:57:32',NULL,NULL,NULL,NULL,NULL,NULL,'df0dc8e4-4b9f-4ebf-8bb7-588dffa67e73'),(71,0,NULL,NULL,NULL,3,1,0,4,'2014-10-29 20:57:49',NULL,NULL,NULL,NULL,NULL,NULL,'675f6166-17ea-4134-a389-a6f839d8fc93'),(72,0,NULL,NULL,NULL,3,1,0,4,'2014-10-29 20:58:05',NULL,NULL,NULL,NULL,NULL,NULL,'2d1a68e5-dc7d-4466-ba84-ce6b5f3786a2'),(73,0,NULL,NULL,NULL,3,1,0,4,'2014-10-29 20:58:23',NULL,NULL,NULL,NULL,NULL,NULL,'8e270881-ee7c-4cb8-965c-26d90c3b9091'),(74,0,NULL,NULL,NULL,3,1,0,4,'2014-10-29 20:58:45',NULL,NULL,NULL,NULL,NULL,NULL,'8d823228-a42c-4b2b-abfa-87e452d9de95'),(75,0,NULL,NULL,NULL,3,1,0,4,'2014-10-29 20:59:17',NULL,NULL,NULL,NULL,NULL,NULL,'aa8c83c9-7d60-48ba-8bec-8e2a2e7b4ac8'),(76,0,NULL,NULL,NULL,3,1,0,4,'2014-10-29 20:59:37',NULL,NULL,NULL,NULL,NULL,NULL,'28c54a31-4323-4469-9ffc-23666370be76'),(77,0,NULL,NULL,NULL,3,1,0,4,'2014-10-29 20:59:56',NULL,NULL,NULL,NULL,NULL,NULL,'8e8e8dfe-e9b5-4c6b-936b-8ed7bc766e2d'),(78,0,NULL,NULL,NULL,3,1,0,4,'2014-10-29 21:00:12',NULL,NULL,NULL,NULL,NULL,NULL,'21ea9e39-9ecb-4c0d-ab61-148130856659'),(79,0,NULL,NULL,NULL,3,1,0,4,'2014-10-29 21:00:31',NULL,NULL,NULL,NULL,NULL,NULL,'69b8b864-6fc1-4a7e-b78c-776c00d49c13'),(80,0,NULL,NULL,NULL,3,1,0,4,'2014-10-29 21:00:49',NULL,NULL,NULL,NULL,NULL,NULL,'bca04f64-c19d-4a86-b180-cddf08a0abde'),(81,0,NULL,NULL,NULL,3,1,0,4,'2014-10-29 21:01:06',NULL,NULL,NULL,NULL,NULL,NULL,'cb6f556d-100c-47ca-a055-ff445e233447'),(82,0,NULL,NULL,NULL,3,1,0,4,'2014-10-29 21:01:32',NULL,NULL,NULL,NULL,NULL,NULL,'73d51d34-abd7-438a-a259-781c32332605'),(83,0,NULL,NULL,NULL,3,1,0,4,'2014-10-29 21:01:49',NULL,NULL,NULL,NULL,NULL,NULL,'a02e9aab-f0a3-46e2-bab6-e54358fba5c2'),(84,0,NULL,NULL,NULL,3,1,0,4,'2014-10-29 21:02:06',NULL,NULL,NULL,NULL,NULL,NULL,'745c3374-e703-456c-aca2-43f85d4f55df'),(85,0,NULL,NULL,NULL,3,1,0,4,'2014-10-29 21:02:24',NULL,NULL,NULL,NULL,NULL,NULL,'a78b21e4-ddfc-4e30-a828-afb6e104f6e5'),(86,0,NULL,NULL,NULL,3,1,0,4,'2014-10-29 21:02:43',NULL,NULL,NULL,NULL,NULL,NULL,'0398c780-6a23-428e-8da3-d44d377cd787'),(87,0,NULL,NULL,NULL,3,1,0,4,'2014-10-29 21:03:03',NULL,NULL,NULL,NULL,NULL,NULL,'0cb0c7fd-dd61-4959-b165-fada02f29da8'),(88,0,NULL,NULL,NULL,3,1,0,4,'2014-10-29 21:03:19',NULL,NULL,NULL,NULL,NULL,NULL,'c275a131-d927-4de2-a007-3f991a658884'),(89,0,NULL,NULL,NULL,3,1,0,4,'2014-10-29 21:03:34',NULL,NULL,NULL,NULL,NULL,NULL,'e1088216-944e-477c-9ecd-0d58c172f39f'),(90,0,NULL,NULL,NULL,3,1,0,4,'2014-10-29 21:03:50',NULL,NULL,NULL,NULL,NULL,NULL,'932762d3-b97a-4cb8-9eb2-43d2802c4b75'),(91,0,NULL,NULL,NULL,3,1,0,4,'2014-10-29 21:04:06',NULL,NULL,NULL,NULL,NULL,NULL,'d4225caf-c8a1-4147-bb49-4f06f095534c'),(92,0,NULL,NULL,NULL,3,1,0,4,'2014-10-29 21:04:41',NULL,NULL,NULL,NULL,NULL,NULL,'0efe56e5-1bb0-4475-9ab2-775c9daf9aa0'),(93,0,NULL,NULL,NULL,3,1,0,4,'2014-10-29 21:04:57',NULL,NULL,NULL,NULL,NULL,NULL,'282a841c-ee9d-4fbc-a872-a2596475e023'),(94,0,NULL,NULL,NULL,3,1,0,4,'2014-10-29 21:05:13',NULL,NULL,NULL,NULL,NULL,NULL,'d779a8ac-3c98-4067-a687-9285fd378e67'),(95,0,NULL,NULL,NULL,3,1,0,4,'2014-10-29 21:05:32',NULL,NULL,NULL,NULL,NULL,NULL,'475f03b7-45b7-4c2f-a513-d82f0161f994'),(96,0,NULL,NULL,NULL,3,1,0,4,'2014-10-29 21:05:55',NULL,NULL,NULL,NULL,NULL,NULL,'1cd30d6c-e0e3-472c-9e6c-592eca0c9da0'),(97,0,NULL,NULL,NULL,3,1,0,4,'2014-10-29 21:06:13',NULL,NULL,NULL,NULL,NULL,NULL,'37025e86-e9f5-455d-9007-c139a22a9a89'),(98,0,NULL,NULL,NULL,3,1,0,4,'2014-10-29 21:06:29',NULL,NULL,NULL,NULL,NULL,NULL,'c3401edc-5d6f-4d93-b7db-6fad69a5b01e'),(99,0,NULL,NULL,NULL,3,1,0,4,'2014-10-29 21:06:44',NULL,NULL,NULL,NULL,NULL,NULL,'9a59582d-fac6-48d1-99a1-812cd775fe93'),(100,0,NULL,NULL,NULL,3,1,0,4,'2014-10-29 21:07:54',NULL,NULL,NULL,NULL,NULL,NULL,'a101491d-f96a-40d0-b3fb-854734d76d8d'),(101,0,NULL,NULL,NULL,3,1,0,4,'2014-10-29 21:08:10',NULL,NULL,NULL,NULL,NULL,NULL,'97b43379-03d7-4113-94d9-3c84a1f07589'),(102,0,NULL,NULL,NULL,3,1,0,4,'2014-10-29 21:08:27',NULL,NULL,NULL,NULL,NULL,NULL,'99f6f0b6-6a63-482f-bb3e-7dc4c0087f5d'),(103,0,NULL,NULL,NULL,3,1,0,4,'2014-10-29 21:08:42',NULL,NULL,NULL,NULL,NULL,NULL,'5e66f041-e9f5-41c9-8451-2687a537719e'),(104,0,NULL,NULL,NULL,3,1,0,4,'2014-10-29 21:08:59',NULL,NULL,NULL,NULL,NULL,NULL,'c29c0920-d5a7-4e21-9c4a-c3d183df4826'),(105,0,NULL,NULL,NULL,3,1,0,4,'2014-10-29 21:09:17',NULL,NULL,NULL,NULL,NULL,NULL,'d44e851c-1f18-4b42-b2ea-339e1d306d74'),(106,0,NULL,NULL,NULL,3,1,0,4,'2014-10-29 21:09:36',NULL,NULL,NULL,NULL,NULL,NULL,'fb8a6843-c00a-4df7-bb07-ff92460fe14b'),(107,0,NULL,NULL,NULL,3,1,0,4,'2014-10-29 21:09:55',NULL,NULL,NULL,NULL,NULL,NULL,'623815fe-98f4-4dcf-b638-7eb2bc4b864a'),(108,0,NULL,NULL,NULL,3,1,0,4,'2014-10-29 21:10:09',NULL,NULL,NULL,NULL,NULL,NULL,'33e97e67-6d53-4943-97ea-41818e4d5322'),(109,0,NULL,NULL,NULL,3,1,0,4,'2014-10-29 21:10:24',NULL,NULL,NULL,NULL,NULL,NULL,'50c55650-db17-48dc-91be-5ca8ed5ead86'),(110,0,NULL,NULL,NULL,3,1,0,4,'2014-10-29 21:10:45',NULL,NULL,NULL,NULL,NULL,NULL,'973643c2-bfa4-430c-9133-7afebe4244b4'),(111,0,NULL,NULL,NULL,3,1,0,4,'2014-10-29 21:11:04',NULL,NULL,NULL,NULL,NULL,NULL,'2a28a81a-e6c4-4e61-a8b9-c83a599a4de5'),(112,0,NULL,NULL,NULL,3,1,0,4,'2014-10-29 21:11:22',NULL,NULL,NULL,NULL,NULL,NULL,'6b0c1923-5ade-4326-9183-ffb2720baeae'),(113,0,NULL,NULL,NULL,3,1,0,4,'2014-10-29 21:11:38',NULL,NULL,NULL,NULL,NULL,NULL,'4453fec7-a5a4-42c1-9425-373b6c04e588'),(114,0,NULL,NULL,NULL,3,1,0,4,'2014-10-29 21:11:52',NULL,NULL,NULL,NULL,NULL,NULL,'0091eeaa-6989-47ca-b82d-2ae58e35b7b4'),(115,0,NULL,NULL,NULL,3,1,0,4,'2014-10-29 21:12:08',NULL,NULL,NULL,NULL,NULL,NULL,'0d8a17b0-4060-463a-853c-d3783098fa88'),(116,0,NULL,NULL,NULL,3,1,0,4,'2014-10-29 21:12:25',NULL,NULL,NULL,NULL,NULL,NULL,'d6515469-a784-4183-9b7f-183836ab0ef6'),(117,0,NULL,NULL,NULL,3,1,0,4,'2014-10-29 21:12:47',NULL,NULL,NULL,NULL,NULL,NULL,'830a7532-041a-4f83-a5d2-69cedd99871c'),(118,0,NULL,NULL,NULL,3,1,0,4,'2014-10-29 21:13:06',NULL,NULL,NULL,NULL,NULL,NULL,'e326f509-98be-45ce-b08f-0304a096a2d3'),(119,0,NULL,NULL,NULL,3,1,0,4,'2014-10-29 21:13:23',NULL,NULL,NULL,NULL,NULL,NULL,'74bbeadd-b6f2-4699-b418-52f305adac5e'),(120,0,NULL,NULL,NULL,3,1,0,4,'2014-10-29 21:13:39',NULL,NULL,NULL,NULL,NULL,NULL,'bba618f4-09e1-47a7-8595-2a0fc36f6d6e'),(121,0,NULL,NULL,NULL,3,1,0,4,'2014-10-29 21:13:56',NULL,NULL,NULL,NULL,NULL,NULL,'ab6fabfb-8d21-4070-b0f7-6ee265e4c463'),(122,0,NULL,NULL,NULL,3,1,0,4,'2014-10-29 21:14:17',NULL,NULL,NULL,NULL,NULL,NULL,'b22e1598-850c-4f6d-9ef1-4d3d68709f67'),(123,0,NULL,NULL,NULL,3,1,0,5,'2014-10-29 21:38:08',NULL,NULL,NULL,NULL,NULL,NULL,'5e25076c-0338-412c-9cc0-e06f15d50cf2'),(124,0,NULL,NULL,NULL,3,1,0,4,'2016-10-26 10:49:26',NULL,NULL,NULL,NULL,NULL,NULL,'84386634-ff74-4066-9242-b3177deea387'),(125,0,NULL,NULL,NULL,3,1,0,4,'2016-10-26 10:50:18',NULL,NULL,NULL,NULL,NULL,NULL,'a46c8091-161f-4da8-8d95-a3883ec8f550'),(126,0,NULL,NULL,NULL,3,1,0,4,'2016-10-26 10:50:59',NULL,NULL,NULL,NULL,NULL,NULL,'c012e777-2110-4d33-bf5c-61496dd6d2d9'),(127,0,NULL,NULL,NULL,3,1,0,4,'2016-10-26 10:52:34',NULL,NULL,NULL,NULL,NULL,NULL,'420945e7-c565-4d65-a15a-55a18b1411dd'),(128,0,NULL,NULL,NULL,3,1,0,4,'2016-10-26 10:53:00',NULL,NULL,NULL,NULL,NULL,NULL,'17c50828-c2fa-418b-b070-25e88f6fc56b'),(129,0,NULL,NULL,NULL,3,1,0,4,'2016-10-26 10:56:46',NULL,NULL,NULL,NULL,NULL,NULL,'09679a53-6749-4743-9167-a6bb4272bd33'),(130,0,NULL,NULL,NULL,3,1,0,4,'2016-10-26 10:58:12',NULL,NULL,NULL,NULL,NULL,NULL,'aa16d85e-a0d5-41f7-b892-c52d90241549'),(131,0,NULL,NULL,NULL,3,1,0,4,'2016-10-26 10:58:29',NULL,NULL,NULL,NULL,NULL,NULL,'ea56dbe9-04f4-4056-be50-387fc4e71d44'),(132,0,NULL,NULL,NULL,3,1,0,4,'2016-10-26 10:59:08',NULL,NULL,NULL,NULL,NULL,NULL,'0494e93c-eb32-4078-bc34-807fb1c740e8'),(133,0,NULL,NULL,NULL,3,1,0,4,'2018-02-06 15:01:30',NULL,NULL,NULL,NULL,NULL,NULL,'ff2e048e-2268-4a38-b29b-699b58273674'),(134,0,NULL,NULL,NULL,3,1,0,4,'2018-02-06 15:01:59',NULL,NULL,NULL,NULL,NULL,NULL,'5e985fac-8913-42cc-b02e-e7ba0156f11d'),(135,0,NULL,NULL,NULL,3,1,0,4,'2018-02-06 15:03:00',NULL,NULL,NULL,NULL,NULL,NULL,'2ea94dcd-bc6a-454f-84b9-dc11f93d7074'),(136,0,NULL,NULL,NULL,3,1,0,4,'2018-02-06 15:05:20',NULL,NULL,NULL,NULL,NULL,NULL,'ce2c2d56-f052-42a7-b86e-204b979aed0b'),(137,0,NULL,NULL,NULL,3,1,0,4,'2018-02-06 15:06:07',NULL,NULL,NULL,NULL,NULL,NULL,'2c90d6be-53bc-43c2-9d73-5ca31c154ac5'),(138,0,NULL,NULL,NULL,3,1,0,4,'2018-02-06 15:06:35',NULL,NULL,NULL,NULL,NULL,NULL,'54b568d4-bdc1-44f7-859f-db2ce3d81d11'),(139,0,NULL,NULL,NULL,3,1,0,4,'2018-02-06 15:07:05',NULL,NULL,NULL,NULL,NULL,NULL,'3bda5318-ae13-4dfe-9fa8-97ff7d913d6b'),(140,0,NULL,NULL,NULL,3,1,0,4,'2018-02-06 15:07:39',NULL,NULL,NULL,NULL,NULL,NULL,'3a3b701d-6492-4830-ae1e-c98e6f1c0934'),(141,0,NULL,NULL,NULL,3,1,0,4,'2018-02-06 15:08:04',NULL,NULL,NULL,NULL,NULL,NULL,'2e2a7e3d-d736-4d37-833e-f8359eeaf701'),(142,0,NULL,NULL,NULL,3,1,0,4,'2018-02-06 15:08:32',NULL,NULL,NULL,NULL,NULL,NULL,'dcd77588-4419-4c90-b8b8-003e7b6c6bcc'),(143,0,NULL,NULL,NULL,3,1,0,4,'2018-02-06 15:09:00',NULL,NULL,NULL,NULL,NULL,NULL,'35d3df56-cb29-440a-aa23-7d81254ff54a'),(144,0,NULL,NULL,NULL,3,1,0,4,'2018-02-06 15:09:32',NULL,NULL,NULL,NULL,NULL,NULL,'df9445ee-b377-4b4f-9d0c-4eb0c2130ab3'),(145,0,NULL,NULL,NULL,3,1,0,4,'2018-02-06 15:10:05',NULL,NULL,NULL,NULL,NULL,NULL,'16f72b3e-fc14-42ba-987e-ebd4d5bcf245'),(146,0,NULL,NULL,NULL,3,1,0,4,'2018-02-06 15:10:37',NULL,NULL,NULL,NULL,NULL,NULL,'6db76e9d-15f6-4451-9407-6fe26df117aa'),(147,0,NULL,NULL,NULL,3,1,0,4,'2018-02-06 15:11:11',NULL,NULL,NULL,NULL,NULL,NULL,'5d7b47ea-7f7b-4d6a-bdf9-3e1be3a431b4'),(148,0,NULL,NULL,NULL,3,1,0,4,'2018-02-06 15:11:39',NULL,NULL,NULL,NULL,NULL,NULL,'943be1a8-0b3f-4c4a-8cd6-aae64adc94b3'),(149,0,NULL,NULL,NULL,3,1,0,4,'2018-02-06 15:12:06',NULL,NULL,NULL,NULL,NULL,NULL,'4ffd8383-4062-43a5-9633-6e15cf4ab0fe'),(150,0,NULL,NULL,NULL,3,1,0,4,'2018-02-06 15:12:31',NULL,NULL,NULL,NULL,NULL,NULL,'90c2f7a3-1003-4cef-9d76-f648d6835c0d'),(151,0,NULL,NULL,NULL,3,1,0,4,'2018-02-06 15:12:57',NULL,NULL,NULL,NULL,NULL,NULL,'7f87a026-b3d0-4cbc-9b98-9ec6c6f32afd'),(152,0,NULL,NULL,NULL,3,1,0,4,'2018-02-06 15:13:25',NULL,NULL,NULL,NULL,NULL,NULL,'8b74998d-6329-4b7d-ba76-137d0e66dd7b'),(153,0,NULL,NULL,NULL,3,1,0,4,'2018-02-06 15:13:51',NULL,NULL,NULL,NULL,NULL,NULL,'4e5182af-9d2e-4ca8-961c-a16a95027dbe'),(154,0,NULL,NULL,NULL,3,1,0,4,'2018-02-06 15:14:12',NULL,NULL,NULL,NULL,NULL,NULL,'5fef699c-9715-431a-966e-2a18017e0c37'),(155,0,NULL,NULL,NULL,3,1,0,4,'2018-02-06 15:14:36',NULL,NULL,NULL,NULL,NULL,NULL,'087549fc-76e6-4f79-adc8-11ae4e297d9e'),(156,0,NULL,NULL,NULL,3,1,0,4,'2018-02-06 15:15:03',NULL,NULL,NULL,NULL,NULL,NULL,'a3529e11-834b-4913-9d85-88646b7a2446'),(157,0,NULL,NULL,NULL,3,1,0,4,'2018-02-06 15:15:26',NULL,NULL,NULL,NULL,NULL,NULL,'f0fe0473-84b6-480a-a287-57efbab5cd32'),(158,0,NULL,NULL,NULL,3,1,0,4,'2018-02-06 15:15:49',NULL,NULL,NULL,NULL,NULL,NULL,'1a83be0e-0367-4f09-ac7c-f9bb76bbf4df'),(159,0,NULL,NULL,NULL,3,1,0,4,'2018-02-06 15:16:20',NULL,NULL,NULL,NULL,NULL,NULL,'20148622-5232-4c42-b0a1-beab905ece37'),(160,0,NULL,NULL,NULL,3,1,0,4,'2018-02-06 15:16:46',NULL,NULL,NULL,NULL,NULL,NULL,'4ac6a98c-e902-4f92-b0bb-0baa2e89ca44'),(161,0,NULL,NULL,NULL,3,1,0,4,'2018-02-06 15:17:07',NULL,NULL,NULL,NULL,NULL,NULL,'983daac8-cd6c-4a63-a9a4-a941450b52b7'),(162,0,NULL,NULL,NULL,3,1,0,4,'2018-02-06 15:17:28',NULL,NULL,NULL,NULL,NULL,NULL,'f29fe7aa-2a3f-4bc9-b126-e17d4df1f56f'),(163,0,NULL,NULL,NULL,3,1,0,4,'2018-02-06 15:17:50',NULL,NULL,NULL,NULL,NULL,NULL,'7875c040-cff6-4342-81bd-c660176e1f36'),(164,0,NULL,NULL,NULL,3,1,0,4,'2018-02-06 15:18:14',NULL,NULL,NULL,NULL,NULL,NULL,'41fba5e3-d3dc-4df4-aaf9-2fbe1ae259ef'),(165,0,NULL,NULL,NULL,3,1,0,4,'2018-02-06 15:18:37',NULL,NULL,NULL,NULL,NULL,NULL,'91ab69b5-f213-4092-b79a-fcf615f99921'),(166,0,NULL,NULL,NULL,3,1,0,4,'2018-02-06 15:19:00',NULL,4,'2018-02-06 15:19:06',NULL,NULL,NULL,'0e995af5-9541-4593-affb-5ecfcfea7854'),(167,0,NULL,NULL,NULL,3,1,0,4,'2018-02-06 15:19:31',NULL,NULL,NULL,NULL,NULL,NULL,'2f25805e-d2b3-4132-9a65-999eda2042c9'),(168,0,NULL,NULL,NULL,3,1,0,4,'2018-02-06 15:19:56',NULL,NULL,NULL,NULL,NULL,NULL,'8fe90c81-c392-41a5-b3d0-8f884f3035e3'),(169,0,NULL,NULL,NULL,3,1,0,4,'2018-02-06 15:20:16',NULL,NULL,NULL,NULL,NULL,NULL,'c4e3b0f8-b9e5-470d-a74d-da9f514ed8e0'),(170,0,NULL,NULL,NULL,3,1,0,4,'2018-02-06 15:20:36',NULL,NULL,NULL,NULL,NULL,NULL,'5c9ae7fb-a841-42a9-8fdd-31e6c6a32024'),(171,0,NULL,NULL,NULL,3,1,0,4,'2018-02-06 15:20:57',NULL,NULL,NULL,NULL,NULL,NULL,'f8820c2b-cf41-4941-9f49-49924c218f7b'),(172,0,NULL,NULL,NULL,3,1,0,4,'2018-02-06 15:21:27',NULL,NULL,NULL,NULL,NULL,NULL,'ff6a5ce0-7b89-4f58-a2a6-f88e3cfb4be8'),(173,0,NULL,NULL,NULL,3,1,0,4,'2018-02-06 15:21:51',NULL,NULL,NULL,NULL,NULL,NULL,'dc9fa5a4-3159-4981-a45f-5abc08595bfb'),(174,0,NULL,NULL,NULL,3,1,0,4,'2018-02-06 15:22:12',NULL,NULL,NULL,NULL,NULL,NULL,'14df6902-1dab-4914-a27c-12f084989d16'),(175,0,NULL,NULL,NULL,3,1,0,4,'2018-02-06 15:22:34',NULL,NULL,NULL,NULL,NULL,NULL,'6d8f58e5-469c-475f-86d1-80bd4d48be2b'),(176,0,NULL,NULL,NULL,3,1,0,4,'2018-02-06 15:22:56',NULL,NULL,NULL,NULL,NULL,NULL,'2f932a45-ac5b-4f7b-a7ed-85a58a4c4df6'),(177,0,NULL,NULL,NULL,3,1,0,4,'2018-02-06 15:23:20',NULL,NULL,NULL,NULL,NULL,NULL,'7c890100-8e38-422d-b5a4-42b1592b49e6'),(178,0,NULL,NULL,NULL,3,1,0,4,'2018-02-06 15:23:41',NULL,NULL,NULL,NULL,NULL,NULL,'05053596-0382-4219-9736-3beaee926b04'),(179,0,NULL,NULL,NULL,3,1,0,4,'2018-02-06 15:24:00',NULL,NULL,NULL,NULL,NULL,NULL,'d4b9bd16-258c-4cfa-bfbf-e983463cf3d9'),(180,0,NULL,NULL,NULL,3,1,0,4,'2018-02-06 15:24:21',NULL,NULL,NULL,NULL,NULL,NULL,'62d65bc3-2a74-4319-bf17-eb5b83c255f7'),(181,0,NULL,NULL,NULL,3,1,0,4,'2018-02-06 15:24:44',NULL,NULL,NULL,NULL,NULL,NULL,'818f3379-82b8-453e-bbd4-c83dfaf2aada'),(182,0,NULL,NULL,NULL,3,1,0,4,'2018-02-06 15:25:08',NULL,NULL,NULL,NULL,NULL,NULL,'ab229b03-6b9a-46e4-a4f2-304ddd6dd313'),(183,0,NULL,NULL,NULL,3,1,0,4,'2018-02-06 15:25:30',NULL,NULL,NULL,NULL,NULL,NULL,'9a3d386e-c7c4-47a3-b4a9-cf33d8c6061f'),(184,0,NULL,NULL,NULL,3,1,0,4,'2018-02-06 15:25:53',NULL,NULL,NULL,NULL,NULL,NULL,'159547ac-a609-4e36-a90d-0df4d1e067a6'),(185,0,NULL,NULL,NULL,3,1,0,4,'2018-02-06 15:26:18',NULL,NULL,NULL,NULL,NULL,NULL,'434b4d4b-b0d8-4c12-9d85-f8a2fb80eef2'),(186,0,NULL,NULL,NULL,3,1,0,4,'2018-02-06 15:26:54',NULL,NULL,NULL,NULL,NULL,NULL,'3af517f5-47a6-456c-a2c2-454dd62bed06'),(187,0,NULL,NULL,NULL,3,1,0,4,'2018-02-06 15:27:18',NULL,NULL,NULL,NULL,NULL,NULL,'56548115-75dd-4fb7-b9c9-65dc810e6750'),(188,0,NULL,NULL,NULL,3,1,0,4,'2018-02-06 15:27:41',NULL,NULL,NULL,NULL,NULL,NULL,'9e190116-e356-48b0-a6c8-5961752278f1'),(189,0,NULL,NULL,NULL,4,11,0,4,'2018-02-16 14:46:35',NULL,NULL,NULL,NULL,NULL,NULL,'b49ec714-5223-45aa-91b6-3c68276f6eea');
/*!40000 ALTER TABLE `concept` ENABLE KEYS */;
UNLOCK TABLES;

--
-- Table structure for table `concept_answer`
--

DROP TABLE IF EXISTS `concept_answer`;
/*!40101 SET @saved_cs_client     = @@character_set_client */;
/*!40101 SET character_set_client = utf8 */;
CREATE TABLE `concept_answer` (
  `concept_answer_id` int(11) NOT NULL AUTO_INCREMENT,
  `concept_id` int(11) NOT NULL DEFAULT '0',
  `answer_concept` int(11) DEFAULT NULL,
  `answer_drug` int(11) DEFAULT NULL,
  `creator` int(11) NOT NULL DEFAULT '0',
  `date_created` datetime NOT NULL,
  `sort_weight` double DEFAULT NULL,
  `uuid` char(38) DEFAULT NULL,
  PRIMARY KEY (`concept_answer_id`),
  UNIQUE KEY `concept_answer_uuid_index` (`uuid`),
  KEY `answer` (`answer_concept`),
  KEY `answers_for_concept` (`concept_id`),
  KEY `answer_creator` (`creator`),
  KEY `answer_answer_drug_fk` (`answer_drug`),
  CONSTRAINT `answer` FOREIGN KEY (`answer_concept`) REFERENCES `concept` (`concept_id`),
  CONSTRAINT `answers_for_concept` FOREIGN KEY (`concept_id`) REFERENCES `concept` (`concept_id`),
  CONSTRAINT `answer_answer_drug_fk` FOREIGN KEY (`answer_drug`) REFERENCES `drug` (`drug_id`),
  CONSTRAINT `answer_creator` FOREIGN KEY (`creator`) REFERENCES `users` (`user_id`)
) ENGINE=InnoDB DEFAULT CHARSET=utf8;
/*!40101 SET character_set_client = @saved_cs_client */;

--
-- Dumping data for table `concept_answer`
--

LOCK TABLES `concept_answer` WRITE;
/*!40000 ALTER TABLE `concept_answer` DISABLE KEYS */;
/*!40000 ALTER TABLE `concept_answer` ENABLE KEYS */;
UNLOCK TABLES;

--
-- Table structure for table `concept_class`
--

DROP TABLE IF EXISTS `concept_class`;
/*!40101 SET @saved_cs_client     = @@character_set_client */;
/*!40101 SET character_set_client = utf8 */;
CREATE TABLE `concept_class` (
  `concept_class_id` int(11) NOT NULL AUTO_INCREMENT,
  `name` varchar(255) NOT NULL DEFAULT '',
  `description` varchar(255) NOT NULL DEFAULT '',
  `creator` int(11) NOT NULL DEFAULT '0',
  `date_created` datetime NOT NULL,
  `retired` tinyint(1) NOT NULL DEFAULT '0',
  `retired_by` int(11) DEFAULT NULL,
  `date_retired` datetime DEFAULT NULL,
  `retire_reason` varchar(255) DEFAULT NULL,
  `uuid` char(38) DEFAULT NULL,
  PRIMARY KEY (`concept_class_id`),
  UNIQUE KEY `concept_class_uuid_index` (`uuid`),
  KEY `concept_class_retired_status` (`retired`),
  KEY `concept_class_creator` (`creator`),
  KEY `user_who_retired_concept_class` (`retired_by`),
  CONSTRAINT `concept_class_creator` FOREIGN KEY (`creator`) REFERENCES `users` (`user_id`),
  CONSTRAINT `user_who_retired_concept_class` FOREIGN KEY (`retired_by`) REFERENCES `users` (`user_id`)
) ENGINE=InnoDB AUTO_INCREMENT=16 DEFAULT CHARSET=utf8;
/*!40101 SET character_set_client = @saved_cs_client */;

--
-- Dumping data for table `concept_class`
--

LOCK TABLES `concept_class` WRITE;
/*!40000 ALTER TABLE `concept_class` DISABLE KEYS */;
INSERT INTO `concept_class` VALUES (1,'Test','Acq. during patient encounter (vitals, labs, etc.)',1,'2004-02-02 00:00:00',0,NULL,NULL,NULL,'8d4907b2-c2cc-11de-8d13-0010c6dffd0f'),(2,'Procedure','Describes a clinical procedure',1,'2004-03-02 00:00:00',0,NULL,NULL,NULL,'8d490bf4-c2cc-11de-8d13-0010c6dffd0f'),(3,'Drug','Drug',1,'2004-02-02 00:00:00',0,NULL,NULL,NULL,'8d490dfc-c2cc-11de-8d13-0010c6dffd0f'),(4,'Diagnosis','Conclusion drawn through findings',1,'2004-02-02 00:00:00',0,NULL,NULL,NULL,'8d4918b0-c2cc-11de-8d13-0010c6dffd0f'),(5,'Finding','Practitioner observation/finding',1,'2004-03-02 00:00:00',0,NULL,NULL,NULL,'8d491a9a-c2cc-11de-8d13-0010c6dffd0f'),(6,'Anatomy','Anatomic sites / descriptors',1,'2004-03-02 00:00:00',0,NULL,NULL,NULL,'8d491c7a-c2cc-11de-8d13-0010c6dffd0f'),(7,'Question','Question (eg, patient history, SF36 items)',1,'2004-03-02 00:00:00',0,NULL,NULL,NULL,'8d491e50-c2cc-11de-8d13-0010c6dffd0f'),(8,'LabSet','Term to describe laboratory sets',1,'2004-03-02 00:00:00',0,NULL,NULL,NULL,'8d492026-c2cc-11de-8d13-0010c6dffd0f'),(9,'MedSet','Term to describe medication sets',1,'2004-02-02 00:00:00',0,NULL,NULL,NULL,'8d4923b4-c2cc-11de-8d13-0010c6dffd0f'),(10,'ConvSet','Term to describe convenience sets',1,'2004-03-02 00:00:00',0,NULL,NULL,NULL,'8d492594-c2cc-11de-8d13-0010c6dffd0f'),(11,'Misc','Terms which don\'t fit other categories',1,'2004-03-02 00:00:00',0,NULL,NULL,NULL,'8d492774-c2cc-11de-8d13-0010c6dffd0f'),(12,'Symptom','Patient-reported observation',1,'2004-10-04 00:00:00',0,NULL,NULL,NULL,'8d492954-c2cc-11de-8d13-0010c6dffd0f'),(13,'Symptom/Finding','Observation that can be reported from patient or found on exam',1,'2004-10-04 00:00:00',0,NULL,NULL,NULL,'8d492b2a-c2cc-11de-8d13-0010c6dffd0f'),(14,'Specimen','Body or fluid specimen',1,'2004-12-02 00:00:00',0,NULL,NULL,NULL,'8d492d0a-c2cc-11de-8d13-0010c6dffd0f'),(15,'Misc Order','Orderable items which aren\'t tests or drugs',1,'2005-02-17 00:00:00',0,NULL,NULL,NULL,'8d492ee0-c2cc-11de-8d13-0010c6dffd0f');
/*!40000 ALTER TABLE `concept_class` ENABLE KEYS */;
UNLOCK TABLES;

--
-- Table structure for table `concept_complex`
--

DROP TABLE IF EXISTS `concept_complex`;
/*!40101 SET @saved_cs_client     = @@character_set_client */;
/*!40101 SET character_set_client = utf8 */;
CREATE TABLE `concept_complex` (
  `concept_id` int(11) NOT NULL,
  `handler` varchar(255) DEFAULT NULL,
  PRIMARY KEY (`concept_id`),
  CONSTRAINT `concept_attributes` FOREIGN KEY (`concept_id`) REFERENCES `concept` (`concept_id`)
) ENGINE=InnoDB DEFAULT CHARSET=utf8;
/*!40101 SET character_set_client = @saved_cs_client */;

--
-- Dumping data for table `concept_complex`
--

LOCK TABLES `concept_complex` WRITE;
/*!40000 ALTER TABLE `concept_complex` DISABLE KEYS */;
/*!40000 ALTER TABLE `concept_complex` ENABLE KEYS */;
UNLOCK TABLES;

--
-- Table structure for table `concept_datatype`
--

DROP TABLE IF EXISTS `concept_datatype`;
/*!40101 SET @saved_cs_client     = @@character_set_client */;
/*!40101 SET character_set_client = utf8 */;
CREATE TABLE `concept_datatype` (
  `concept_datatype_id` int(11) NOT NULL AUTO_INCREMENT,
  `name` varchar(255) NOT NULL DEFAULT '',
  `hl7_abbreviation` varchar(3) DEFAULT NULL,
  `description` varchar(255) NOT NULL DEFAULT '',
  `creator` int(11) NOT NULL DEFAULT '0',
  `date_created` datetime NOT NULL,
  `retired` tinyint(1) NOT NULL DEFAULT '0',
  `retired_by` int(11) DEFAULT NULL,
  `date_retired` datetime DEFAULT NULL,
  `retire_reason` varchar(255) DEFAULT NULL,
  `uuid` char(38) DEFAULT NULL,
  PRIMARY KEY (`concept_datatype_id`),
  UNIQUE KEY `concept_datatype_uuid_index` (`uuid`),
  KEY `concept_datatype_retired_status` (`retired`),
  KEY `concept_datatype_creator` (`creator`),
  KEY `user_who_retired_concept_datatype` (`retired_by`),
  CONSTRAINT `concept_datatype_creator` FOREIGN KEY (`creator`) REFERENCES `users` (`user_id`),
  CONSTRAINT `user_who_retired_concept_datatype` FOREIGN KEY (`retired_by`) REFERENCES `users` (`user_id`)
) ENGINE=InnoDB AUTO_INCREMENT=14 DEFAULT CHARSET=utf8;
/*!40101 SET character_set_client = @saved_cs_client */;

--
-- Dumping data for table `concept_datatype`
--

LOCK TABLES `concept_datatype` WRITE;
/*!40000 ALTER TABLE `concept_datatype` DISABLE KEYS */;
INSERT INTO `concept_datatype` VALUES (1,'Numeric','NM','Numeric value, including integer or float (e.g., creatinine, weight)',1,'2004-02-02 00:00:00',0,NULL,NULL,NULL,'8d4a4488-c2cc-11de-8d13-0010c6dffd0f'),(2,'Coded','CWE','Value determined by term dictionary lookup (i.e., term identifier)',1,'2004-02-02 00:00:00',0,NULL,NULL,NULL,'8d4a48b6-c2cc-11de-8d13-0010c6dffd0f'),(3,'Text','ST','Free text',1,'2004-02-02 00:00:00',0,NULL,NULL,NULL,'8d4a4ab4-c2cc-11de-8d13-0010c6dffd0f'),(4,'N/A','ZZ','Not associated with a datatype (e.g., term answers, sets)',1,'2004-02-02 00:00:00',0,NULL,NULL,NULL,'8d4a4c94-c2cc-11de-8d13-0010c6dffd0f'),(5,'Document','RP','Pointer to a binary or text-based document (e.g., clinical document, RTF, XML, EKG, image, etc.) stored in complex_obs table',1,'2004-04-15 00:00:00',0,NULL,NULL,NULL,'8d4a4e74-c2cc-11de-8d13-0010c6dffd0f'),(6,'Date','DT','Absolute date',1,'2004-07-22 00:00:00',0,NULL,NULL,NULL,'8d4a505e-c2cc-11de-8d13-0010c6dffd0f'),(7,'Time','TM','Absolute time of day',1,'2004-07-22 00:00:00',0,NULL,NULL,NULL,'8d4a591e-c2cc-11de-8d13-0010c6dffd0f'),(8,'Datetime','TS','Absolute date and time',1,'2004-07-22 00:00:00',0,NULL,NULL,NULL,'8d4a5af4-c2cc-11de-8d13-0010c6dffd0f'),(10,'Boolean','BIT','Boolean value (yes/no, true/false)',1,'2004-08-26 00:00:00',0,NULL,NULL,NULL,'8d4a5cca-c2cc-11de-8d13-0010c6dffd0f'),(11,'Rule','ZZ','Value derived from other data',1,'2006-09-11 00:00:00',0,NULL,NULL,NULL,'8d4a5e96-c2cc-11de-8d13-0010c6dffd0f'),(12,'Structured Numeric','SN','Complex numeric values possible (ie, <5, 1-10, etc.)',1,'2005-08-06 00:00:00',0,NULL,NULL,NULL,'8d4a606c-c2cc-11de-8d13-0010c6dffd0f'),(13,'Complex','ED','Complex value.  Analogous to HL7 Embedded Datatype',1,'2008-05-28 12:25:34',0,NULL,NULL,NULL,'8d4a6242-c2cc-11de-8d13-0010c6dffd0f');
/*!40000 ALTER TABLE `concept_datatype` ENABLE KEYS */;
UNLOCK TABLES;

--
-- Table structure for table `concept_description`
--

DROP TABLE IF EXISTS `concept_description`;
/*!40101 SET @saved_cs_client     = @@character_set_client */;
/*!40101 SET character_set_client = utf8 */;
CREATE TABLE `concept_description` (
  `concept_description_id` int(11) NOT NULL AUTO_INCREMENT,
  `concept_id` int(11) NOT NULL DEFAULT '0',
  `description` text NOT NULL,
  `locale` varchar(50) NOT NULL DEFAULT '',
  `creator` int(11) NOT NULL DEFAULT '0',
  `date_created` datetime NOT NULL,
  `changed_by` int(11) DEFAULT NULL,
  `date_changed` datetime DEFAULT NULL,
  `uuid` char(38) DEFAULT NULL,
  PRIMARY KEY (`concept_description_id`),
  UNIQUE KEY `concept_description_uuid_index` (`uuid`),
  KEY `user_who_changed_description` (`changed_by`),
  KEY `description_for_concept` (`concept_id`),
  KEY `user_who_created_description` (`creator`),
  CONSTRAINT `description_for_concept` FOREIGN KEY (`concept_id`) REFERENCES `concept` (`concept_id`),
  CONSTRAINT `user_who_changed_description` FOREIGN KEY (`changed_by`) REFERENCES `users` (`user_id`),
  CONSTRAINT `user_who_created_description` FOREIGN KEY (`creator`) REFERENCES `users` (`user_id`)
) ENGINE=InnoDB AUTO_INCREMENT=196 DEFAULT CHARSET=utf8;
/*!40101 SET character_set_client = @saved_cs_client */;

--
-- Dumping data for table `concept_description`
--

LOCK TABLES `concept_description` WRITE;
/*!40000 ALTER TABLE `concept_description` DISABLE KEYS */;
INSERT INTO `concept_description` VALUES (6,4,'FH_CVD','en',4,'2014-10-29 18:14:10',NULL,NULL,'27657e59-2aec-4669-a5c5-018a931c1c19'),(7,4,'FH_CVD','it',4,'2014-10-29 18:14:10',NULL,NULL,'4dbd9d9f-76ab-4c03-b5dc-5dae736e9c58'),(8,4,'FH_CVD','pt',4,'2014-10-29 18:14:10',NULL,NULL,'a995c583-e147-4f14-8361-5c740c0f8190'),(9,4,'FH_CVD','es',4,'2014-10-29 18:14:10',NULL,NULL,'43947c80-df14-43ea-8979-b0dff681b4d8'),(10,4,'FH_CVD','fr',4,'2014-10-29 18:14:10',NULL,NULL,'d16e4021-7a6a-4471-a981-95100a2ebf74'),(11,5,'PHC_NAME','en',4,'2014-10-29 18:27:57',NULL,NULL,'10b57a16-3ea7-4887-9d0c-50340ee2edd4'),(12,6,'VILL_NAME','en',4,'2014-10-29 18:28:16',NULL,NULL,'751513c4-95eb-4834-a677-ba22ac6a721e'),(13,7,'ASHA_ASSIGNED','en',4,'2014-10-29 18:28:34',NULL,NULL,'5dbc4a7d-8b4c-4907-8c01-1785cdc39f64'),(14,8,'ENC_TYPE','en',4,'2014-10-29 18:28:55',NULL,NULL,'a28967b0-1bab-4cd0-b330-c1db5418dd8e'),(15,9,'ENC_DATE','en',4,'2014-10-29 18:29:18',NULL,NULL,'c8821877-d330-4cad-ae43-2607c3b98879'),(16,10,'LOCALITY','en',4,'2014-10-29 18:29:43',NULL,NULL,'873caae1-417c-430e-b189-0822ca4eacf9'),(17,11,'ADDRESS','en',4,'2014-10-29 18:30:23',NULL,NULL,'4377a436-1cae-4b21-9aac-d57360edc5d3'),(18,12,'PATIENT_ID','en',4,'2014-10-29 18:30:42',NULL,NULL,'0e915761-1c7e-4411-aeea-6f5374250478'),(19,13,'CONSENT_NUM','en',4,'2014-10-29 18:31:07',NULL,NULL,'38975fb7-6fd2-443e-a228-dae5c240668f'),(20,14,'FIRST_NAME','en',4,'2014-10-29 18:31:59',NULL,NULL,'c43619ab-5ce1-4081-8dbc-da4a64377b04'),(21,15,'SUR_NAME','en',4,'2014-10-29 18:32:19',NULL,NULL,'d33fcc80-fcd6-4c15-8842-afdbe7132ef1'),(22,16,'CONTACT_NUM','en',4,'2014-10-29 18:33:39',NULL,NULL,'0b34200f-3728-4c0d-b588-941afdc0f5c1'),(23,17,'SHARED_PHONE','en',4,'2014-10-29 18:33:57',NULL,NULL,'0f77d928-2127-40d9-89e9-29ec2b6f6438'),(24,18,'DOB','en',4,'2014-10-29 18:34:12',NULL,NULL,'9999bbb4-29fc-46ef-a982-c6609430edad'),(25,19,'DOB_UNSURE','en',4,'2014-10-29 18:34:27',NULL,NULL,'4af97da1-72f5-4c94-84c7-531ffd58dc02'),(26,20,'DOA','en',4,'2014-10-29 18:34:48',NULL,NULL,'c58a1472-0161-49e7-b927-405b06ae13a5'),(27,21,'AGE','en',4,'2014-10-29 18:35:11',NULL,NULL,'47b704cb-fb0d-44ef-879f-ffe8eda1e1f8'),(28,22,'GENDER','en',4,'2014-10-29 18:35:32',NULL,NULL,'70b18dd8-61c0-4d60-9b9e-1da0d29264b7'),(29,23,'PH_HRTATTACK','en',4,'2014-10-29 18:35:58',NULL,NULL,'3097fa56-f7ca-4b75-9ad7-d27829301530'),(30,24,'PH_HRTATTACK_SINCE','en',4,'2014-10-29 18:37:52',NULL,NULL,'e9ca3c77-339d-4735-9074-a676067c5b8a'),(31,25,'PH_STROKE','en',4,'2014-10-29 18:38:06',NULL,NULL,'7b7a27f1-2b8d-4f55-b7e3-ba3553cd508d'),(32,26,'PH_STROKE_SINCE','en',4,'2014-10-29 18:38:26',NULL,NULL,'e0c583a9-ef1c-455b-9391-8cecebd70255'),(33,27,'PH_PVD','en',4,'2014-10-29 18:38:44',NULL,NULL,'aab8bfe1-ca6b-4b2c-b6f9-d5eabad921e2'),(34,28,'PH_PVD_SINCE','en',4,'2014-10-29 18:38:55',NULL,NULL,'4b5512d3-6f38-4632-bd10-0bec76c30955'),(35,29,'PH_BP','en',4,'2014-10-29 18:39:19',NULL,NULL,'491a4655-68a9-4bd7-8375-544d9b32bd5a'),(36,30,'PH_BP_SINCE','en',4,'2014-10-29 18:39:38',NULL,NULL,'ace11a70-c6d9-4dc5-b9e0-d3e03e9909f4'),(37,31,'PH_DIAB','en',4,'2014-10-29 18:39:52',NULL,NULL,'ad3c78e5-0fa2-4da8-ad49-edfe2d1aedc7'),(38,32,'PH_DIAB_SINCE','en',4,'2014-10-29 18:40:20',NULL,NULL,'0bb70e95-565b-4725-86d0-c975616ff20a'),(39,33,'FH_HRTATTACK','en',4,'2014-10-29 18:40:44',NULL,NULL,'5095bb2c-9f66-49c6-a77d-b07ca1b2a8fd'),(40,34,'FH_STROKE','en',4,'2014-10-29 18:40:56',NULL,NULL,'c847ac2d-6545-40d4-aee5-e8a771ef20fa'),(41,35,'FH_DIAB','en',4,'2014-10-29 18:41:09',NULL,NULL,'e476dfd7-0a46-4cfd-844d-ce196778973e'),(42,36,'TH_BP','en',4,'2014-10-29 18:41:44',NULL,NULL,'6010a5e5-9cc4-4c0b-b2e3-bbfedcbfacdc'),(43,37,'TH_APTT','en',4,'2014-10-29 18:42:52',NULL,NULL,'659605e5-c79a-4a9a-8780-3b2294955e26'),(44,38,'TH_LLTT','en',4,'2014-10-29 18:43:03',NULL,NULL,'4768605f-8447-42f1-97b5-d27c78f869f2'),(45,39,'TH_DIAB','en',4,'2014-10-29 18:43:19',NULL,NULL,'6fd4e87a-2257-4591-b5a6-4509eb7d6257'),(46,40,'BP_DRUGLIST','en',4,'2014-10-29 18:43:34',NULL,NULL,'1bbfae03-b7df-420f-8dbf-1b2e7c9f7b6c'),(47,41,'BP_PERDAY','en',4,'2014-10-29 18:43:51',NULL,NULL,'6c235bc6-b27d-47da-9139-2857a9cf763f'),(48,42,'BP_PERWEEK','en',4,'2014-10-29 18:44:02',NULL,NULL,'af6d33f7-b04b-48b2-887b-93fa19aa0117'),(49,43,'BP_PERLASTWEEK','en',4,'2014-10-29 18:44:15',NULL,NULL,'5a3541b4-aee4-4edd-a67b-6205c2a4059e'),(50,44,'BP_PERYESTERDAY','en',4,'2014-10-29 18:44:27',NULL,NULL,'448d7998-5f2f-4974-bcfe-1cacb54aafad'),(51,45,'APTT_DRUGLIST','en',4,'2014-10-29 18:44:39',NULL,NULL,'d7b32064-dca7-487e-8df0-4a53f57a9893'),(52,46,'APTT_PERDAY','en',4,'2014-10-29 18:44:53',NULL,NULL,'2a4656e7-67e3-4a34-8275-d53c8fc6c5e3'),(53,47,'APTT_PERWEEK','en',4,'2014-10-29 20:49:27',NULL,NULL,'dc6fce4d-dfd4-4736-8daf-74906248d9c3'),(54,48,'APTT_PERLASTWEEK','en',4,'2014-10-29 20:50:17',NULL,NULL,'e86adcb5-4748-4305-8d9c-fee3bb464d81'),(55,49,'APTT_PERYESTERDAY','en',4,'2014-10-29 20:50:44',NULL,NULL,'a923993f-1ad6-4f07-804b-d8d6e87e143d'),(56,50,'LLTT_DRUGLIST','en',4,'2014-10-29 20:51:05',NULL,NULL,'b05ba2c6-5fc8-4d57-be1e-c66b6f610f72'),(57,51,'LLTT_PERDAY','en',4,'2014-10-29 20:51:24',NULL,NULL,'c9878b3d-b98f-4672-9409-fba456ac825c'),(58,52,'LLTT_PERWEEK','en',4,'2014-10-29 20:51:41',NULL,NULL,'770eb8fe-9a46-4257-827e-1f6f0564233e'),(59,53,'LLTT_PERLASTWEEK','en',4,'2014-10-29 20:52:04',NULL,NULL,'d8da5871-ef6b-4ea2-8717-fa3865d5532a'),(60,54,'LLTT_PERYESTERDAY','en',4,'2014-10-29 20:52:20',NULL,NULL,'8492463b-6bb9-41ed-9e6c-c530acc14def'),(61,55,'TOBACCO_QUES','en',4,'2014-10-29 20:52:37',NULL,NULL,'f946eb86-2d0c-4319-862a-e03fb20f7a25'),(62,56,'SH_CURRENT','en',4,'2014-10-29 20:52:55',NULL,NULL,'ef6bfaf3-5dbe-4b99-8fde-70748d68ce69'),(63,57,'SH_QUIT','en',4,'2014-10-29 20:53:12',NULL,NULL,'dc6b0759-938a-469a-ab1d-e43d24df7ab3'),(64,58,'SH_AGESTARTED','en',4,'2014-10-29 20:53:29',NULL,NULL,'083edb90-0228-47dd-807e-8a201c815f51'),(65,59,'CH_CURRENT','en',4,'2014-10-29 20:53:51',NULL,NULL,'bc50982a-abb2-44f6-95e7-1b1b783e8585'),(66,60,'CH_QUIT','en',4,'2014-10-29 20:54:10',NULL,NULL,'d62b636e-d52f-48d6-980f-5aa4723a38e0'),(67,61,'CH_AGESTARTED','en',4,'2014-10-29 20:54:28',NULL,NULL,'95b82407-e4e5-490a-ad97-87a199269c4d'),(68,62,'SBP1','en',4,'2014-10-29 20:54:51',NULL,NULL,'9da698f0-c921-4585-9605-65dbd33fcf70'),(69,63,'SBP2','en',4,'2014-10-29 20:55:07',NULL,NULL,'6307067d-bd32-4f03-a9b2-668c7088c94a'),(70,64,'SBP3','en',4,'2014-10-29 20:55:25',NULL,NULL,'4a7f63d1-3d46-477f-93eb-bd782abe9955'),(71,65,'DBP1','en',4,'2014-10-29 20:55:48',NULL,NULL,'68d9e5b0-190a-48c1-aa0f-0f24ece064ca'),(72,66,'DBP2','en',4,'2014-10-29 20:56:12',NULL,NULL,'133f8ff3-faa5-4352-9736-7a9f457b6113'),(73,67,'DBP3','en',4,'2014-10-29 20:56:33',NULL,NULL,'c76f35c7-8eb9-43f4-8d3d-ea9548b4c7a8'),(74,68,'HR1','en',4,'2014-10-29 20:56:54',NULL,NULL,'8c47a801-b11d-4373-8f62-9483abc3fee8'),(75,69,'HR2','en',4,'2014-10-29 20:57:13',NULL,NULL,'7e398413-bef6-47c9-8ceb-6da3c27dd0ef'),(76,70,'HR3','en',4,'2014-10-29 20:57:32',NULL,NULL,'d176b494-033a-4e3b-8c45-68d7dd5fe7f8'),(77,71,'SBP_AVG','en',4,'2014-10-29 20:57:49',NULL,NULL,'7cc8dba2-a5a9-4ad7-89a8-4a95f24ecf70'),(78,72,'DBP_AVG','en',4,'2014-10-29 20:58:05',NULL,NULL,'9df2ae89-b54b-42c5-9d45-42d76027d105'),(79,73,'HR_AVG','en',4,'2014-10-29 20:58:23',NULL,NULL,'7551a5ad-d3d7-4966-8ef4-b2480ae14234'),(80,74,'BP_CUFFSIZE','en',4,'2014-10-29 20:58:45',NULL,NULL,'ea1f7f33-56ab-49c0-93f7-2ce9678af778'),(81,75,'BG_VALUE','en',4,'2014-10-29 20:59:17',NULL,NULL,'3b9a0f49-69dc-4e7d-bd12-34c891b432d5'),(82,76,'BG_LASTEAT','en',4,'2014-10-29 20:59:37',NULL,NULL,'553a1cbb-dd26-4122-b3b1-0256920b75af'),(83,77,'BG_RECTIME','en',4,'2014-10-29 20:59:56',NULL,NULL,'5ea966ce-1770-4222-b9cb-07dbeccf27c2'),(84,78,'TC','en',4,'2014-10-29 21:00:12',NULL,NULL,'fa6aa6bd-a2ad-426c-89c1-148a57416952'),(85,79,'HDL','en',4,'2014-10-29 21:00:31',NULL,NULL,'26ab9f8b-61bf-4c91-91a5-96ad89ce87fc'),(86,80,'LDL','en',4,'2014-10-29 21:00:49',NULL,NULL,'8e7634a4-3cb3-4338-b7ea-82004729b7e1'),(87,81,'TG','en',4,'2014-10-29 21:01:06',NULL,NULL,'7af48515-95d2-4c1c-85dd-83b55a063983'),(88,82,'CHOL_RESULTDATE','en',4,'2014-10-29 21:01:32',NULL,NULL,'badac90d-b655-4a3f-93fc-aed507f55844'),(89,83,'HT','en',4,'2014-10-29 21:01:49',NULL,NULL,'8c04456b-6cef-4baa-a107-7f3192a54b03'),(90,84,'WT','en',4,'2014-10-29 21:02:06',NULL,NULL,'951dcc3b-45c8-4786-bff5-e05686a73aef'),(91,85,'PH_CVD_CALC','en',4,'2014-10-29 21:02:24',NULL,NULL,'9949678b-1891-42d3-9dfc-7f9c51f53751'),(92,86,'FH_CVD_CALC','en',4,'2014-10-29 21:02:43',NULL,NULL,'268b8deb-f07b-4c93-9cc3-b13685fda579'),(93,87,'SMOKER_CALC','en',4,'2014-10-29 21:03:03',NULL,NULL,'bd2c5731-3b44-45a3-b83d-48566012bab9'),(94,88,'DIAB_CALC','en',4,'2014-10-29 21:03:19',NULL,NULL,'1952b361-5ebd-441e-9e71-5a2af9653e46'),(95,89,'SMOKER_TL','en',4,'2014-10-29 21:03:34',NULL,NULL,'3a93d305-3383-4410-84e1-f867f58c0f5c'),(96,90,'BG_FASTING_CALC','en',4,'2014-10-29 21:03:50',NULL,NULL,'fa8b5865-0db1-4a40-80e6-ed0a74500a06'),(97,91,'CVD_RISK','en',4,'2014-10-29 21:04:06',NULL,NULL,'0f26e01b-1643-47f5-a9a7-50f21991affe'),(98,92,'AR_RECOM','en',4,'2014-10-29 21:04:41',NULL,NULL,'f373fc2c-7e28-479e-a047-c66fefab31d1'),(99,93,'NV_AR','en',4,'2014-10-29 21:04:57',NULL,NULL,'2f1cc49b-a1ec-455f-8793-99b21f39d594'),(100,94,'NV_DIAB','en',4,'2014-10-29 21:05:13',NULL,NULL,'86ef68cc-59c8-4f4b-ac60-369ac55baa82'),(101,95,'REF_DOC','en',4,'2014-10-29 21:05:32',NULL,NULL,'acc27e87-4d3d-4f76-b1b1-d944863e6415'),(102,96,'RH_Q1','en',4,'2014-10-29 21:05:55',NULL,NULL,'3095b1c9-e646-4905-afa6-40076bfa30c7'),(103,97,'RH_Q2','en',4,'2014-10-29 21:06:13',NULL,NULL,'7bc6dca1-362b-4499-8ce7-9224edefa0ac'),(104,98,'RH_Q2_YES','en',4,'2014-10-29 21:06:29',NULL,NULL,'60a3486c-92e6-4fb0-a1f2-85b3536b2bba'),(105,99,'RH_Q2_NO','en',4,'2014-10-29 21:06:44',NULL,NULL,'8ede023a-b385-4ad5-9d48-671efe886ee4'),(106,100,'RH_Q2_NO_OTHER_REASON','en',4,'2014-10-29 21:07:54',NULL,NULL,'13ec9fb8-270b-458d-b0d7-ec8197fca54b'),(107,101,'TARGET_SBP','en',4,'2014-10-29 21:08:10',NULL,NULL,'f4aa5aa9-4533-4079-9628-72edb641c212'),(108,102,'TARGET_SBP_TL','en',4,'2014-10-29 21:08:27',NULL,NULL,'8d547da7-81a9-4027-ad80-960c0ee1cc49'),(109,103,'TARGET_DBP','en',4,'2014-10-29 21:08:42',NULL,NULL,'4a8e184e-c267-4068-b4e1-9e4cdf2220d3'),(110,104,'TARGET_DBP_TL','en',4,'2014-10-29 21:08:59',NULL,NULL,'5483a391-ef06-4c65-8278-2e6c2db1c466'),(111,105,'MED_BP','en',4,'2014-10-29 21:09:17',NULL,NULL,'d6f76c66-75fe-415f-9b00-aa2eff47d8ae'),(112,106,'MED_STATIN','en',4,'2014-10-29 21:09:36',NULL,NULL,'ac4bdf63-d053-4995-a1de-3619a88ddf0c'),(113,107,'MED_ASPIRIN','en',4,'2014-10-29 21:09:55',NULL,NULL,'3961882a-58fc-478f-8d1d-22f418fbdf0e'),(114,108,'MED_BP_REASON','en',4,'2014-10-29 21:10:09',NULL,NULL,'206533aa-7b68-44cf-b228-78eafdfda1f0'),(115,109,'MED_LLTT_REASON','en',4,'2014-10-29 21:10:24',NULL,NULL,'f9e3d201-ff10-4d9f-87de-34168c910368'),(116,110,'MED_APTT_REASON','en',4,'2014-10-29 21:10:45',NULL,NULL,'28ddc7be-53eb-4e4c-a5ef-f42fdee1e88f'),(117,111,'NEXT_VISIT_1MONTH','en',4,'2014-10-29 21:11:04',NULL,NULL,'ece1b427-7137-4585-900f-0b7d6fbe9cc7'),(118,112,'TT_ADHER','en',4,'2014-10-29 21:11:22',NULL,NULL,'804bf10d-cd4e-4a7c-b237-ccb2911da937'),(119,113,'MED_RECEIVED','en',4,'2014-10-29 21:11:38',NULL,NULL,'0b31453a-a314-411a-ad34-1a2f07b2040c'),(120,114,'UPDATE_DATE','en',4,'2014-10-29 21:11:52',NULL,NULL,'7f2687eb-2117-4bf6-b6f3-9caf540aac52'),(121,115,'CREATED_DATE','en',4,'2014-10-29 21:12:08',NULL,NULL,'f58bd0a3-2ff5-44e8-8d68-b60829055949'),(122,116,'CURRENT_USER_LOGIN','en',4,'2014-10-29 21:12:25',NULL,NULL,'f0c03ae7-9013-4226-ab04-7a786ef63bb8'),(123,117,'CURRENT_USER_ROLE','en',4,'2014-10-29 21:12:47',NULL,NULL,'8ac2bff9-e085-45de-8c72-c16f7e0c45ee'),(124,118,'LAST_ENCOUNTER','en',4,'2014-10-29 21:13:06',NULL,NULL,'9359b574-6344-4c39-9f77-46dbc32cff5e'),(125,119,'CURRENT_ENCOUNTER','en',4,'2014-10-29 21:13:23',NULL,NULL,'4510fa46-8092-4ffe-9d5e-2ec413f92d3b'),(126,120,'TT_PRES','en',4,'2014-10-29 21:13:39',NULL,NULL,'38f1c1fb-43ac-4966-a5f2-e1e3fca8f134'),(127,121,'REF_CARD_NO','en',4,'2014-10-29 21:13:56',NULL,NULL,'947d467e-3f96-4a71-928d-7359b8e09c4e'),(128,122,'HIGH_RISK_CALC','en',4,'2014-10-29 21:14:17',NULL,NULL,'50e5fdbb-0f84-461b-9325-bf9b6ae63864'),(129,123,'PULSE','en',5,'2014-10-29 21:38:08',NULL,NULL,'f67317ac-94d9-4335-bc18-cb43be7afdbf'),(130,124,'TH_BG','en',4,'2016-10-26 10:49:26',NULL,NULL,'87921c95-065b-4252-8e2a-0bbe78f15572'),(131,125,'MED_DIABETES_REASON','en',4,'2016-10-26 10:50:18',NULL,NULL,'30045b96-6896-42a7-a95c-7a8db0a766a0'),(132,126,'MED_DIABETES','en',4,'2016-10-26 10:50:59',NULL,NULL,'f867883b-70ed-4264-9ac0-1a9af1774249'),(133,127,'DIABETES_DRUGLIST','en',4,'2016-10-26 10:52:34',NULL,NULL,'5af38ffd-b02c-430e-8ae8-2bec4f379e14'),(134,128,'AADHAR_NUM','en',4,'2016-10-26 10:53:00',NULL,NULL,'260e7ff4-57f0-41f2-9241-998ccf6f5d5c'),(135,129,'BG_PERDAY','en',4,'2016-10-26 10:56:46',NULL,NULL,'030f46c7-c6b0-40a5-b185-9354a3b64da6'),(136,130,'BG_PERWEEK','en',4,'2016-10-26 10:58:12',NULL,NULL,'6b4a61ff-aa2b-4b59-bb28-5d1ca92a3d02'),(137,131,'BG_PERLASTWEEK','en',4,'2016-10-26 10:58:29',NULL,NULL,'35019463-21c8-4ad4-bacb-14b1745d9f3d'),(138,132,'BG_PERYESTERDAY','en',4,'2016-10-26 10:59:08',NULL,NULL,'d4193cea-e0c1-444f-87cd-9c9ba42985d2'),(139,133,'MONOFILAMENT_LEFT','en',4,'2018-02-06 15:01:30',NULL,NULL,'b469ea75-52a7-4a73-badd-d3b9fbdee112'),(140,134,'SBP','en',4,'2018-02-06 15:01:59',NULL,NULL,'dcb600a7-f85d-4618-b479-846f1994267b'),(141,135,'DORSALISPIDES_LEFT','en',4,'2018-02-06 15:03:00',NULL,NULL,'4baeac98-ac4f-48d5-9bca-7e0115a69fba'),(142,136,'MONOFILAMENT_RIGHT','en',4,'2018-02-06 15:05:20',NULL,NULL,'4a44678a-1cc9-4f48-bd21-7d3dfba024e4'),(143,137,'HBA1C_3M_REPORTING_DATE','en',4,'2018-02-06 15:06:07',NULL,NULL,'335acbfa-8d67-4475-bbfc-139a91d68703'),(144,138,'RUSHA_REF','en',4,'2018-02-06 15:06:35',NULL,NULL,'a31d1e1b-e254-4e31-9ec8-7140ed8d5e79'),(145,139,'DBP','en',4,'2018-02-06 15:07:05',NULL,NULL,'13167921-880f-4289-84b0-4ea3f9008c22'),(146,140,'BASELINE_HBA1C','en',4,'2018-02-06 15:07:39',NULL,NULL,'dd121e90-02c1-4289-af70-aa324935a795'),(147,141,'INTERVIEW_STATUS','en',4,'2018-02-06 15:08:04',NULL,NULL,'c4477957-d50f-4344-93fc-8b410bba107e'),(148,142,'RECTRUITED','en',4,'2018-02-06 15:08:32',NULL,NULL,'8e11741c-2b9a-4274-9a69-220a469707c9'),(149,143,'COMPLAINTS_IMPIRED','en',4,'2018-02-06 15:09:00',NULL,NULL,'772b0a90-81df-4426-a802-5bc61da563ef'),(150,144,'SWELLING_FACE','en',4,'2018-02-06 15:09:32',NULL,NULL,'0c8a95b0-e80c-43a3-bf84-e2c94701043e'),(151,145,'BMI','en',4,'2018-02-06 15:10:05',NULL,NULL,'35bbf362-c863-47d2-b867-b9a639fb7fc6'),(152,146,'WEIGHT','en',4,'2018-02-06 15:10:37',NULL,NULL,'ac8b6fa1-c42a-41d8-a42f-8fa05d1c89b8'),(153,147,'HEIGHT','en',4,'2018-02-06 15:11:11',NULL,NULL,'c44b53d3-04e0-4eb6-a785-d00cc5e398f4'),(154,148,'VOLUME_OF_ALCOHOL','en',4,'2018-02-06 15:11:39',NULL,NULL,'fe0d6062-85df-4e4e-af1c-0ff9f3a203b7'),(155,149,'CURRENTLY_ALCHOHOL','en',4,'2018-02-06 15:12:06',NULL,NULL,'010c494d-6be4-4cea-b018-3df048cb4d1f'),(156,150,'PERDAY_HOW_MANY','en',4,'2018-02-06 15:12:32',NULL,NULL,'74b8ff50-bc46-45b4-ab0e-8efbbea57922'),(157,151,'DORSALISPIDES_RIGHT','en',4,'2018-02-06 15:12:57',NULL,NULL,'4e520c96-364f-44d1-bf50-b70513dc4a36'),(158,152,'FOOT_UCLERS','en',4,'2018-02-06 15:13:25',NULL,NULL,'2350820f-62fe-4a95-b9da-3507095798b0'),(159,153,'FAMILY_DB_RELATION','en',4,'2018-02-06 15:13:51',NULL,NULL,'d600bdb2-f08f-4681-a82a-12926688b058'),(160,154,'HISTORY_STROK','en',4,'2018-02-06 15:14:12',NULL,NULL,'e0c83489-0896-48b7-97c4-b7c34a654f4f'),(161,155,'HISTORY__HT_STK','en',4,'2018-02-06 15:14:36',NULL,NULL,'b29f2c37-fe82-4871-9208-f33aa55f2b53'),(162,156,'HBA1C_DATE','en',4,'2018-02-06 15:15:03',NULL,NULL,'78b85cad-4881-427b-8845-379b1f20d50c'),(163,157,'HBA1C_RESULT','en',4,'2018-02-06 15:15:26',NULL,NULL,'16554f79-e003-4c0c-a653-6d8b55d2ba83'),(164,158,'DATE_OF_RECRUITEMENT','en',4,'2018-02-06 15:15:49',NULL,NULL,'577427f5-cc31-44f5-82b7-07a363b80101'),(165,159,'DIAB_STATUS','en',4,'2018-02-06 15:16:20',NULL,NULL,'fe5fb4ee-83d1-4a36-8fa7-a48fd8c0c7ca'),(166,160,'HISTORY__FT_ULCERS','en',4,'2018-02-06 15:16:46',NULL,NULL,'030e57b3-12a5-40c5-b2e1-c73d48f0e208'),(167,161,'CURRENTLY_SMOKE','en',4,'2018-02-06 15:17:07',NULL,NULL,'754acf29-4ec9-42c6-b8a3-feb7f64d18bd'),(168,162,'RANDOM_BD_SUGAR','en',4,'2018-02-06 15:17:28',NULL,NULL,'d55e7bdd-e9b5-4155-8404-a78ba19afd42'),(169,163,'RISK_FCT_SPNR','en',4,'2018-02-06 15:17:50',NULL,NULL,'83174dc7-503b-4bcd-8e54-2b38d6a92b72'),(170,164,'FATHER_OR_HUS_NAME','en',4,'2018-02-06 15:18:14',NULL,NULL,'c0d676cd-48bf-4cb3-a8bf-f6cc1d6bbac1'),(171,165,'FATHERORHUSBAND_RELATION','en',4,'2018-02-06 15:18:37',NULL,NULL,'89cd1fca-64c9-4364-96ab-405ae8b92cba'),(172,166,'HOSPITAL_NO','en',4,'2018-02-06 15:19:00',NULL,NULL,'68126a2d-66a8-4098-aca2-b2f535ef0ce4'),(173,167,'FAMILY_INDEX_NUMBER','en',4,'2018-02-06 15:19:31',NULL,NULL,'3d5ed3fd-85bf-452f-bf9a-bf7df5b1713a'),(174,168,'TYPE_OF_ROOF','en',4,'2018-02-06 15:19:56',NULL,NULL,'14df9804-df0e-4834-9e73-7c40ced0b0d7'),(175,169,'DOOR_NO','en',4,'2018-02-06 15:20:16',NULL,NULL,'415319c9-9c21-4e51-9fdf-fec2d6813238'),(176,170,'OCCUPATION','en',4,'2018-02-06 15:20:36',NULL,NULL,'16896096-0172-4e0f-a116-044a2d0e1afa'),(177,171,'EDUCATION','en',4,'2018-02-06 15:20:57',NULL,NULL,'97900e46-3345-449b-afe4-dca6ec34cb9f'),(178,172,'CREATININE','en',4,'2018-02-06 15:21:27',NULL,NULL,'28fdb2fd-3f5f-4ec8-9872-cea69b92a145'),(179,173,'PSU','en',4,'2018-02-06 15:21:51',NULL,NULL,'cfb3862b-886a-456f-8582-14bb3b00abfe'),(180,174,'STREET_NAME','en',4,'2018-02-06 15:22:12',NULL,NULL,'27706e50-1783-4532-b827-b56a7438f0f7'),(181,175,'DATE_OF_SCREENING','en',4,'2018-02-06 15:22:34',NULL,NULL,'8fbd1b70-f47e-49fa-b777-6d29d8835930'),(182,176,'MICROALBUMIN','en',4,'2018-02-06 15:22:56',NULL,NULL,'8d4bb288-1ecf-41bd-8986-8c0258215bd6'),(183,177,'TOTAL_CHOLESTEROL','en',4,'2018-02-06 15:23:20',NULL,NULL,'809b0c04-9c97-4032-a58f-cb81d3db972c'),(184,178,'TRIGLYCERIDES','en',4,'2018-02-06 15:23:41',NULL,NULL,'5f4c98bc-99a8-4219-8390-64b07e8bb757'),(185,179,'ECG','en',4,'2018-02-06 15:24:00',NULL,NULL,'0ebb8ff3-393b-4411-9623-05298a300a4b'),(186,180,'EGFR','en',4,'2018-02-06 15:24:21',NULL,NULL,'585b5819-3af3-43a7-82f9-2806ec9e7064'),(187,181,'IF_YES_RETINOPATHY_LEFT_EYE','en',4,'2018-02-06 15:24:44',NULL,NULL,'7fcc1b8a-87d3-4628-b0d1-7b00cdc9adc9'),(188,182,'RETINOPATHY_LEFT_EYE','en',4,'2018-02-06 15:25:08',NULL,NULL,'d6a07a3f-9726-463e-9a81-d485fba456de'),(189,183,'IF_YES_RETINOPATHY_RIGHT_EYE','en',4,'2018-02-06 15:25:30',NULL,NULL,'58056fa0-bd1d-46d8-ae39-7312b2d4ab52'),(190,184,'RETINOPATHY_RIGHT_EYE','en',4,'2018-02-06 15:25:53',NULL,NULL,'b935f842-506b-41e9-9bb8-408d32257785'),(191,185,'IF_YES_BIOTHESIOMETER_LETF_FOOT','en',4,'2018-02-06 15:26:18',NULL,NULL,'16b60a3f-4023-4b0c-8094-75e8a2b36a93'),(192,186,'BIOTHESIOMETER_LETF_FOOT','en',4,'2018-02-06 15:26:54',NULL,NULL,'8a91f755-f656-4b77-8d35-fdd86fa3fa65'),(193,187,'IF_YES_BIOTHESIOMETER_RIGHT_FOOT','en',4,'2018-02-06 15:27:18',NULL,NULL,'f3f3d4cb-d229-44aa-8168-32bfecd58f51'),(194,188,'BIOTHESIOMETER_RIGHT_FOOT','en',4,'2018-02-06 15:27:41',NULL,NULL,'86551c0b-1d94-4711-98ea-00d8b00fe67f'),(195,189,'General description for clinical observations entered into the system.','en',4,'2018-02-16 14:46:35',NULL,NULL,'288c0adc-1cc4-48ec-87f6-3f8b686e6637');
/*!40000 ALTER TABLE `concept_description` ENABLE KEYS */;
UNLOCK TABLES;

--
-- Table structure for table `concept_map_type`
--

DROP TABLE IF EXISTS `concept_map_type`;
/*!40101 SET @saved_cs_client     = @@character_set_client */;
/*!40101 SET character_set_client = utf8 */;
CREATE TABLE `concept_map_type` (
  `concept_map_type_id` int(11) NOT NULL AUTO_INCREMENT,
  `name` varchar(255) NOT NULL,
  `description` varchar(255) DEFAULT NULL,
  `creator` int(11) NOT NULL,
  `date_created` datetime NOT NULL,
  `changed_by` int(11) DEFAULT NULL,
  `date_changed` datetime DEFAULT NULL,
  `is_hidden` tinyint(1) NOT NULL DEFAULT '0',
  `retired` tinyint(1) NOT NULL DEFAULT '0',
  `retired_by` int(11) DEFAULT NULL,
  `date_retired` datetime DEFAULT NULL,
  `retire_reason` varchar(255) DEFAULT NULL,
  `uuid` char(38) NOT NULL,
  PRIMARY KEY (`concept_map_type_id`),
  UNIQUE KEY `name` (`name`),
  UNIQUE KEY `uuid` (`uuid`),
  KEY `mapped_user_creator_concept_map_type` (`creator`),
  KEY `mapped_user_changed_concept_map_type` (`changed_by`),
  KEY `mapped_user_retired_concept_map_type` (`retired_by`),
  CONSTRAINT `mapped_user_changed_concept_map_type` FOREIGN KEY (`changed_by`) REFERENCES `users` (`user_id`),
  CONSTRAINT `mapped_user_creator_concept_map_type` FOREIGN KEY (`creator`) REFERENCES `users` (`user_id`),
  CONSTRAINT `mapped_user_retired_concept_map_type` FOREIGN KEY (`retired_by`) REFERENCES `users` (`user_id`)
) ENGINE=InnoDB AUTO_INCREMENT=71 DEFAULT CHARSET=utf8;
/*!40101 SET character_set_client = @saved_cs_client */;

--
-- Dumping data for table `concept_map_type`
--

LOCK TABLES `concept_map_type` WRITE;
/*!40000 ALTER TABLE `concept_map_type` DISABLE KEYS */;
INSERT INTO `concept_map_type` VALUES (1,'SAME-AS',NULL,1,'2014-10-29 00:00:00',NULL,NULL,0,0,NULL,NULL,NULL,'35543629-7d8c-11e1-909d-c80aa9edcf4e'),(2,'NARROWER-THAN',NULL,1,'2014-10-29 00:00:00',NULL,NULL,0,0,NULL,NULL,NULL,'43ac5109-7d8c-11e1-909d-c80aa9edcf4e'),(3,'BROADER-THAN',NULL,1,'2014-10-29 00:00:00',NULL,NULL,0,0,NULL,NULL,NULL,'4b9d9421-7d8c-11e1-909d-c80aa9edcf4e'),(4,'Associated finding',NULL,1,'2014-10-29 00:00:00',NULL,NULL,0,0,NULL,NULL,NULL,'55e02065-7d8c-11e1-909d-c80aa9edcf4e'),(5,'Associated morphology',NULL,1,'2014-10-29 00:00:00',NULL,NULL,0,0,NULL,NULL,NULL,'605f4a61-7d8c-11e1-909d-c80aa9edcf4e'),(6,'Associated procedure',NULL,1,'2014-10-29 00:00:00',NULL,NULL,0,0,NULL,NULL,NULL,'6eb1bfce-7d8c-11e1-909d-c80aa9edcf4e'),(7,'Associated with',NULL,1,'2014-10-29 00:00:00',NULL,NULL,0,0,NULL,NULL,NULL,'781bdc8f-7d8c-11e1-909d-c80aa9edcf4e'),(8,'Causative agent',NULL,1,'2014-10-29 00:00:00',NULL,NULL,0,0,NULL,NULL,NULL,'808f9e19-7d8c-11e1-909d-c80aa9edcf4e'),(9,'Finding site',NULL,1,'2014-10-29 00:00:00',NULL,NULL,0,0,NULL,NULL,NULL,'889c3013-7d8c-11e1-909d-c80aa9edcf4e'),(10,'Has specimen',NULL,1,'2014-10-29 00:00:00',NULL,NULL,0,0,NULL,NULL,NULL,'929600b9-7d8c-11e1-909d-c80aa9edcf4e'),(11,'Laterality',NULL,1,'2014-10-29 00:00:00',NULL,NULL,0,0,NULL,NULL,NULL,'999c6fc0-7d8c-11e1-909d-c80aa9edcf4e'),(12,'Severity',NULL,1,'2014-10-29 00:00:00',NULL,NULL,0,0,NULL,NULL,NULL,'a0e52281-7d8c-11e1-909d-c80aa9edcf4e'),(13,'Access',NULL,1,'2014-10-29 00:00:00',NULL,NULL,1,0,NULL,NULL,NULL,'f9e90b29-7d8c-11e1-909d-c80aa9edcf4e'),(14,'After',NULL,1,'2014-10-29 00:00:00',NULL,NULL,1,0,NULL,NULL,NULL,'01b60e29-7d8d-11e1-909d-c80aa9edcf4e'),(15,'Clinical course',NULL,1,'2014-10-29 00:00:00',NULL,NULL,1,0,NULL,NULL,NULL,'5f7c3702-7d8d-11e1-909d-c80aa9edcf4e'),(16,'Component',NULL,1,'2014-10-29 00:00:00',NULL,NULL,1,0,NULL,NULL,NULL,'67debecc-7d8d-11e1-909d-c80aa9edcf4e'),(17,'Direct device',NULL,1,'2014-10-29 00:00:00',NULL,NULL,1,0,NULL,NULL,NULL,'718c00da-7d8d-11e1-909d-c80aa9edcf4e'),(18,'Direct morphology',NULL,1,'2014-10-29 00:00:00',NULL,NULL,1,0,NULL,NULL,NULL,'7b9509cb-7d8d-11e1-909d-c80aa9edcf4e'),(19,'Direct substance',NULL,1,'2014-10-29 00:00:00',NULL,NULL,1,0,NULL,NULL,NULL,'82bb495d-7d8d-11e1-909d-c80aa9edcf4e'),(20,'Due to',NULL,1,'2014-10-29 00:00:00',NULL,NULL,1,0,NULL,NULL,NULL,'8b77f7d3-7d8d-11e1-909d-c80aa9edcf4e'),(21,'Episodicity',NULL,1,'2014-10-29 00:00:00',NULL,NULL,1,0,NULL,NULL,NULL,'94a81179-7d8d-11e1-909d-c80aa9edcf4e'),(22,'Finding context',NULL,1,'2014-10-29 00:00:00',NULL,NULL,1,0,NULL,NULL,NULL,'9d23c22e-7d8d-11e1-909d-c80aa9edcf4e'),(23,'Finding informer',NULL,1,'2014-10-29 00:00:00',NULL,NULL,1,0,NULL,NULL,NULL,'a4524368-7d8d-11e1-909d-c80aa9edcf4e'),(24,'Finding method',NULL,1,'2014-10-29 00:00:00',NULL,NULL,1,0,NULL,NULL,NULL,'af089254-7d8d-11e1-909d-c80aa9edcf4e'),(25,'Has active ingredient',NULL,1,'2014-10-29 00:00:00',NULL,NULL,1,0,NULL,NULL,NULL,'b65aa605-7d8d-11e1-909d-c80aa9edcf4e'),(26,'Has definitional manifestation',NULL,1,'2014-10-29 00:00:00',NULL,NULL,1,0,NULL,NULL,NULL,'c2b7b2fa-7d8d-11e1-909d-c80aa9edcf4'),(27,'Has dose form',NULL,1,'2014-10-29 00:00:00',NULL,NULL,1,0,NULL,NULL,NULL,'cc3878e6-7d8d-11e1-909d-c80aa9edcf4e'),(28,'Has focus',NULL,1,'2014-10-29 00:00:00',NULL,NULL,1,0,NULL,NULL,NULL,'d67c5840-7d8d-11e1-909d-c80aa9edcf4e'),(29,'Has intent',NULL,1,'2014-10-29 00:00:00',NULL,NULL,1,0,NULL,NULL,NULL,'de2fb2c5-7d8d-11e1-909d-c80aa9edcf4e'),(30,'Has interpretation',NULL,1,'2014-10-29 00:00:00',NULL,NULL,1,0,NULL,NULL,NULL,'e758838b-7d8d-11e1-909d-c80aa9edcf4e'),(31,'Indirect device',NULL,1,'2014-10-29 00:00:00',NULL,NULL,1,0,NULL,NULL,NULL,'ee63c142-7d8d-11e1-909d-c80aa9edcf4e'),(32,'Indirect morphology',NULL,1,'2014-10-29 00:00:00',NULL,NULL,1,0,NULL,NULL,NULL,'f4f36681-7d8d-11e1-909d-c80aa9edcf4e'),(33,'Interprets',NULL,1,'2014-10-29 00:00:00',NULL,NULL,1,0,NULL,NULL,NULL,'fc7f5fed-7d8d-11e1-909d-c80aa9edcf4e'),(34,'Measurement method',NULL,1,'2014-10-29 00:00:00',NULL,NULL,1,0,NULL,NULL,NULL,'06b11d79-7d8e-11e1-909d-c80aa9edcf4e'),(35,'Method',NULL,1,'2014-10-29 00:00:00',NULL,NULL,1,0,NULL,NULL,NULL,'0efb4753-7d8e-11e1-909d-c80aa9edcf4e'),(36,'Occurrence',NULL,1,'2014-10-29 00:00:00',NULL,NULL,1,0,NULL,NULL,NULL,'16e7b617-7d8e-11e1-909d-c80aa9edcf4e'),(37,'Part of',NULL,1,'2014-10-29 00:00:00',NULL,NULL,1,0,NULL,NULL,NULL,'1e82007b-7d8e-11e1-909d-c80aa9edcf4e'),(38,'Pathological process',NULL,1,'2014-10-29 00:00:00',NULL,NULL,1,0,NULL,NULL,NULL,'2969915e-7d8e-11e1-909d-c80aa9edcf4e'),(39,'Priority',NULL,1,'2014-10-29 00:00:00',NULL,NULL,1,0,NULL,NULL,NULL,'32d57796-7d8e-11e1-909d-c80aa9edcf4e'),(40,'Procedure context',NULL,1,'2014-10-29 00:00:00',NULL,NULL,1,0,NULL,NULL,NULL,'3f11904c-7d8e-11e1-909d-c80aa9edcf4e'),(41,'Procedure device',NULL,1,'2014-10-29 00:00:00',NULL,NULL,1,0,NULL,NULL,NULL,'468c4aa3-7d8e-11e1-909d-c80aa9edcf4e'),(42,'Procedure morphology',NULL,1,'2014-10-29 00:00:00',NULL,NULL,1,0,NULL,NULL,NULL,'5383e889-7d8e-11e1-909d-c80aa9edcf4e'),(43,'Procedure site',NULL,1,'2014-10-29 00:00:00',NULL,NULL,1,0,NULL,NULL,NULL,'5ad2655d-7d8e-11e1-909d-c80aa9edcf4e'),(44,'Procedure site - Direct',NULL,1,'2014-10-29 00:00:00',NULL,NULL,1,0,NULL,NULL,NULL,'66085196-7d8e-11e1-909d-c80aa9edcf4e'),(45,'Procedure site - Indirect',NULL,1,'2014-10-29 00:00:00',NULL,NULL,1,0,NULL,NULL,NULL,'7080e843-7d8e-11e1-909d-c80aa9edcf4e'),(46,'Property',NULL,1,'2014-10-29 00:00:00',NULL,NULL,1,0,NULL,NULL,NULL,'76bfb796-7d8e-11e1-909d-c80aa9edcf4e'),(47,'Recipient category',NULL,1,'2014-10-29 00:00:00',NULL,NULL,1,0,NULL,NULL,NULL,'7e7d00e4-7d8e-11e1-909d-c80aa9edcf4e'),(48,'Revision status',NULL,1,'2014-10-29 00:00:00',NULL,NULL,1,0,NULL,NULL,NULL,'851e14c1-7d8e-11e1-909d-c80aa9edcf4e'),(49,'Route of administration',NULL,1,'2014-10-29 00:00:00',NULL,NULL,1,0,NULL,NULL,NULL,'8ee5b13d-7d8e-11e1-909d-c80aa9edcf4e'),(50,'Scale type',NULL,1,'2014-10-29 00:00:00',NULL,NULL,1,0,NULL,NULL,NULL,'986acf48-7d8e-11e1-909d-c80aa9edcf4e'),(51,'Specimen procedure',NULL,1,'2014-10-29 00:00:00',NULL,NULL,1,0,NULL,NULL,NULL,'a6937642-7d8e-11e1-909d-c80aa9edcf4e'),(52,'Specimen source identity',NULL,1,'2014-10-29 00:00:00',NULL,NULL,1,0,NULL,NULL,NULL,'b1d6941e-7d8e-11e1-909d-c80aa9edcf4e'),(53,'Specimen source morphology',NULL,1,'2014-10-29 00:00:00',NULL,NULL,1,0,NULL,NULL,NULL,'b7c793c1-7d8e-11e1-909d-c80aa9edcf4e'),(54,'Specimen source topography',NULL,1,'2014-10-29 00:00:00',NULL,NULL,1,0,NULL,NULL,NULL,'be9f9eb8-7d8e-11e1-909d-c80aa9edcf4e'),(55,'Specimen substance',NULL,1,'2014-10-29 00:00:00',NULL,NULL,1,0,NULL,NULL,NULL,'c8f2bacb-7d8e-11e1-909d-c80aa9edcf4e'),(56,'Subject of information',NULL,1,'2014-10-29 00:00:00',NULL,NULL,1,0,NULL,NULL,NULL,'d0664c4f-7d8e-11e1-909d-c80aa9edcf4e'),(57,'Subject relationship context',NULL,1,'2014-10-29 00:00:00',NULL,NULL,1,0,NULL,NULL,NULL,'dace9d13-7d8e-11e1-909d-c80aa9edcf4e'),(58,'Surgical approach',NULL,1,'2014-10-29 00:00:00',NULL,NULL,1,0,NULL,NULL,NULL,'e3cd666d-7d8e-11e1-909d-c80aa9edcf4e'),(59,'Temporal context',NULL,1,'2014-10-29 00:00:00',NULL,NULL,1,0,NULL,NULL,NULL,'ed96447d-7d8e-11e1-909d-c80aa9edcf4e'),(60,'Time aspect',NULL,1,'2014-10-29 00:00:00',NULL,NULL,1,0,NULL,NULL,NULL,'f415bcce-7d8e-11e1-909d-c80aa9edcf4e'),(61,'Using access device',NULL,1,'2014-10-29 00:00:00',NULL,NULL,1,0,NULL,NULL,NULL,'fa9538a9-7d8e-11e1-909d-c80aa9edcf4e'),(62,'Using device',NULL,1,'2014-10-29 00:00:00',NULL,NULL,1,0,NULL,NULL,NULL,'06588655-7d8f-11e1-909d-c80aa9edcf4e'),(63,'Using energy',NULL,1,'2014-10-29 00:00:00',NULL,NULL,1,0,NULL,NULL,NULL,'0c2ae0bc-7d8f-11e1-909d-c80aa9edcf4e'),(64,'Using substance',NULL,1,'2014-10-29 00:00:00',NULL,NULL,1,0,NULL,NULL,NULL,'13d2c607-7d8f-11e1-909d-c80aa9edcf4e'),(65,'IS A',NULL,1,'2014-10-29 00:00:00',NULL,NULL,1,0,NULL,NULL,NULL,'1ce7a784-7d8f-11e1-909d-c80aa9edcf4e'),(66,'MAY BE A',NULL,1,'2014-10-29 00:00:00',NULL,NULL,1,0,NULL,NULL,NULL,'267812a3-7d8f-11e1-909d-c80aa9edcf4e'),(67,'MOVED FROM',NULL,1,'2014-10-29 00:00:00',NULL,NULL,1,0,NULL,NULL,NULL,'2de3168e-7d8f-11e1-909d-c80aa9edcf4e'),(68,'MOVED TO',NULL,1,'2014-10-29 00:00:00',NULL,NULL,1,0,NULL,NULL,NULL,'32f0fd99-7d8f-11e1-909d-c80aa9edcf4e'),(69,'REPLACED BY',NULL,1,'2014-10-29 00:00:00',NULL,NULL,1,0,NULL,NULL,NULL,'3b3b9a7d-7d8f-11e1-909d-c80aa9edcf4e'),(70,'WAS A',NULL,1,'2014-10-29 00:00:00',NULL,NULL,1,0,NULL,NULL,NULL,'41a034da-7d8f-11e1-909d-c80aa9edcf4e');
/*!40000 ALTER TABLE `concept_map_type` ENABLE KEYS */;
UNLOCK TABLES;

--
-- Table structure for table `concept_name`
--

DROP TABLE IF EXISTS `concept_name`;
/*!40101 SET @saved_cs_client     = @@character_set_client */;
/*!40101 SET character_set_client = utf8 */;
CREATE TABLE `concept_name` (
  `concept_name_id` int(11) NOT NULL AUTO_INCREMENT,
  `concept_id` int(11) DEFAULT NULL,
  `name` varchar(255) NOT NULL DEFAULT '',
  `locale` varchar(50) NOT NULL DEFAULT '',
  `locale_preferred` tinyint(1) DEFAULT '0',
  `creator` int(11) NOT NULL DEFAULT '0',
  `date_created` datetime NOT NULL,
  `concept_name_type` varchar(50) DEFAULT NULL,
  `voided` tinyint(1) NOT NULL DEFAULT '0',
  `voided_by` int(11) DEFAULT NULL,
  `date_voided` datetime DEFAULT NULL,
  `void_reason` varchar(255) DEFAULT NULL,
  `uuid` char(38) DEFAULT NULL,
  PRIMARY KEY (`concept_name_id`),
  UNIQUE KEY `concept_name_uuid_index` (`uuid`),
  KEY `name_of_concept` (`name`),
  KEY `name_for_concept` (`concept_id`),
  KEY `user_who_created_name` (`creator`),
  KEY `user_who_voided_this_name` (`voided_by`),
  CONSTRAINT `name_for_concept` FOREIGN KEY (`concept_id`) REFERENCES `concept` (`concept_id`),
  CONSTRAINT `user_who_created_name` FOREIGN KEY (`creator`) REFERENCES `users` (`user_id`),
  CONSTRAINT `user_who_voided_this_name` FOREIGN KEY (`voided_by`) REFERENCES `users` (`user_id`)
) ENGINE=InnoDB AUTO_INCREMENT=216 DEFAULT CHARSET=utf8;
/*!40101 SET character_set_client = @saved_cs_client */;

--
-- Dumping data for table `concept_name`
--

LOCK TABLES `concept_name` WRITE;
/*!40000 ALTER TABLE `concept_name` DISABLE KEYS */;
INSERT INTO `concept_name` VALUES (1,1,'Vero','it',0,1,'2014-10-29 17:19:44',NULL,0,NULL,NULL,NULL,'cfa0cf37-cf8e-4f39-8d4f-ebd3acaf20cb'),(2,1,'S','it',0,1,'2014-10-29 17:19:44',NULL,0,NULL,NULL,NULL,'0a2a62fb-b3d7-4368-bccb-c3dd1913ea32'),(3,1,'Verdadeiro','pt',0,1,'2014-10-29 17:19:44',NULL,0,NULL,NULL,NULL,'67518d68-40dd-47ca-a829-0d308a0eaf5e'),(4,1,'Sim','pt',0,1,'2014-10-29 17:19:44',NULL,0,NULL,NULL,NULL,'ac83bf28-5076-45bf-8988-451b91ff2853'),(5,1,'Vrai','fr',0,1,'2014-10-29 17:19:44',NULL,0,NULL,NULL,NULL,'c6e245a4-ac37-476e-9c19-421399692e44'),(6,1,'Oui','fr',0,1,'2014-10-29 17:19:44',NULL,0,NULL,NULL,NULL,'b94f0eaa-9caa-4704-98e4-d3779208f572'),(7,1,'True','en',0,1,'2014-10-29 17:19:44','FULLY_SPECIFIED',0,NULL,NULL,NULL,'d52e48f5-40ee-44b5-b340-b1a395fb7224'),(8,1,'Yes','en',0,1,'2014-10-29 17:19:44',NULL,0,NULL,NULL,NULL,'4c7ffeec-a4b8-4126-9faf-9808648c599d'),(9,1,'Verdadero','es',0,1,'2014-10-29 17:19:44',NULL,0,NULL,NULL,NULL,'fb49080c-0446-411e-94a8-005938ee3060'),(10,1,'S','es',0,1,'2014-10-29 17:19:44',NULL,0,NULL,NULL,NULL,'470f7021-271e-4197-8bae-8ae6a6fe5b19'),(11,2,'Falso','it',0,1,'2014-10-29 17:19:44',NULL,0,NULL,NULL,NULL,'4c33cbdc-6638-4be1-bd05-7687ea2140f2'),(12,2,'No','it',0,1,'2014-10-29 17:19:44',NULL,0,NULL,NULL,NULL,'c77affb5-e399-4664-b206-88ec111de9f5'),(13,2,'Falso','pt',0,1,'2014-10-29 17:19:44',NULL,0,NULL,NULL,NULL,'2c58b6f3-0e0e-41fc-902c-a230f7b4acde'),(14,2,'No','pt',0,1,'2014-10-29 17:19:44',NULL,0,NULL,NULL,NULL,'5d3010af-07e8-409c-be49-ca797d7bb77e'),(15,2,'Faux','fr',0,1,'2014-10-29 17:19:44',NULL,0,NULL,NULL,NULL,'787bde6c-e1e3-4c96-bfad-77be09eed242'),(16,2,'Non','fr',0,1,'2014-10-29 17:19:44',NULL,0,NULL,NULL,NULL,'936853d1-6093-40df-8456-86a9c8c8e756'),(17,2,'False','en',0,1,'2014-10-29 17:19:44','FULLY_SPECIFIED',0,NULL,NULL,NULL,'a14d90f5-c7fd-4cd5-98fc-e15beb7463ad'),(18,2,'No','en',0,1,'2014-10-29 17:19:44',NULL,0,NULL,NULL,NULL,'047c84b1-a157-4236-a1ec-9e69bfbc9d34'),(19,2,'Falso','es',0,1,'2014-10-29 17:19:44',NULL,0,NULL,NULL,NULL,'8f0579c1-dcca-4246-87e7-a0efe3681479'),(20,2,'No','es',0,1,'2014-10-29 17:19:44',NULL,0,NULL,NULL,NULL,'a3cf51b4-b8b4-4c43-b5ff-eb4368ce38da'),(26,4,'3','fr',1,4,'2014-10-29 18:14:10','FULLY_SPECIFIED',0,NULL,NULL,NULL,'383bd61d-d5ce-40e1-a19a-d44dc7ac4bfc'),(27,4,'3','en',1,4,'2014-10-29 18:14:10','FULLY_SPECIFIED',0,NULL,NULL,NULL,'fd40e5a1-3381-4c87-a67a-33c22a1d36d6'),(28,4,'3','pt',1,4,'2014-10-29 18:14:10','FULLY_SPECIFIED',0,NULL,NULL,NULL,'8657798e-3898-47e8-bbf6-7edc45a45e51'),(29,4,'3','it',1,4,'2014-10-29 18:14:10','FULLY_SPECIFIED',0,NULL,NULL,NULL,'97bcf6de-76a9-4148-886c-017664c8c89a'),(30,4,'3','es',1,4,'2014-10-29 18:14:10','FULLY_SPECIFIED',0,NULL,NULL,NULL,'f79c08ef-b6eb-4d67-9fe6-cec3b8210f07'),(31,5,'PHC_NAME','en',1,4,'2014-10-29 18:27:57','FULLY_SPECIFIED',0,NULL,NULL,NULL,'97693a2b-bf9d-4674-b87e-81755f053143'),(32,6,'VILL_NAME','en',1,4,'2014-10-29 18:28:16','FULLY_SPECIFIED',0,NULL,NULL,NULL,'49d0cc10-3ac5-498a-b4c7-e1bee9583d42'),(33,7,'ASHA_ASSIGNED','en',1,4,'2014-10-29 18:28:34','FULLY_SPECIFIED',0,NULL,NULL,NULL,'0f84ff2a-b72a-48ba-bf22-abb555ac5627'),(34,8,'ENC_TYPE','en',1,4,'2014-10-29 18:28:55','FULLY_SPECIFIED',0,NULL,NULL,NULL,'3db70a65-9038-4cc2-9155-cb87721e4e82'),(35,9,'ENC_DATE','en',1,4,'2014-10-29 18:29:18','FULLY_SPECIFIED',0,NULL,NULL,NULL,'bc646a7f-8ff0-45f8-81a2-03074f3d7871'),(36,10,'LOCALITY','en',1,4,'2014-10-29 18:29:43','FULLY_SPECIFIED',0,NULL,NULL,NULL,'e9f6a887-be4b-45fa-adac-7427babad271'),(37,11,'ADDRESS','en',1,4,'2014-10-29 18:30:23','FULLY_SPECIFIED',0,NULL,NULL,NULL,'c0980abf-ea66-4b21-b9c9-a9a7dc50e657'),(38,12,'PATIENT_ID','en',1,4,'2014-10-29 18:30:42','FULLY_SPECIFIED',0,NULL,NULL,NULL,'9e83ec9c-0fb6-4e17-9328-169d509fcd48'),(39,13,'CONSENT_NUM','en',1,4,'2014-10-29 18:31:07','FULLY_SPECIFIED',0,NULL,NULL,NULL,'9700fe7b-2a78-4fae-a126-823fccc631b5'),(40,14,'FIRST_NAME','en',1,4,'2014-10-29 18:31:59','FULLY_SPECIFIED',0,NULL,NULL,NULL,'13f0f6ea-861a-4e61-85c5-a101b7ed3afd'),(41,15,'SUR_NAME','en',1,4,'2014-10-29 18:32:19','FULLY_SPECIFIED',0,NULL,NULL,NULL,'b62e702d-5854-4d9a-89a4-e1d87a19b92a'),(42,16,'CONTACT_NUM','en',1,4,'2014-10-29 18:33:39','FULLY_SPECIFIED',0,NULL,NULL,NULL,'9a1d5e15-0560-44a9-b242-3d218c25351e'),(43,17,'SHARED_PHONE','en',1,4,'2014-10-29 18:33:57','FULLY_SPECIFIED',0,NULL,NULL,NULL,'2ddae4e0-672f-404a-a6c2-68775b2b38bb'),(44,18,'DOB','en',1,4,'2014-10-29 18:34:12','FULLY_SPECIFIED',0,NULL,NULL,NULL,'8e6a09c1-ea30-40b3-be6f-6c07e7bade6d'),(45,19,'DOB_UNSURE','en',1,4,'2014-10-29 18:34:27','FULLY_SPECIFIED',0,NULL,NULL,NULL,'cefcd5f9-335c-413c-8c1c-a266ab775de1'),(46,20,'DOA','en',1,4,'2014-10-29 18:34:48','FULLY_SPECIFIED',0,NULL,NULL,NULL,'a836d30d-3165-4092-8ed2-7e72c9454328'),(47,21,'AGE','en',1,4,'2014-10-29 18:35:11','FULLY_SPECIFIED',0,NULL,NULL,NULL,'882186a8-b1a8-46d1-b097-364cdb4fa80b'),(48,22,'GENDER','en',1,4,'2014-10-29 18:35:32','FULLY_SPECIFIED',0,NULL,NULL,NULL,'161e3458-2959-4fcd-9237-87c15e9f9506'),(49,23,'PH_HRTATTACK','en',1,4,'2014-10-29 18:35:58','FULLY_SPECIFIED',0,NULL,NULL,NULL,'8c5fd3bc-3473-468c-811a-460fa1d337c7'),(50,24,'PH_HRTATTACK_SINCE','en',1,4,'2014-10-29 18:37:52','FULLY_SPECIFIED',0,NULL,NULL,NULL,'54acef19-1879-44aa-a691-f41168c5d0ff'),(51,25,'PH_STROKE','en',1,4,'2014-10-29 18:38:06','FULLY_SPECIFIED',0,NULL,NULL,NULL,'8435a6a6-316d-41e7-b7f8-b48ef4cc4b83'),(52,26,'PH_STROKE_SINCE','en',1,4,'2014-10-29 18:38:26','FULLY_SPECIFIED',0,NULL,NULL,NULL,'dcb0791e-edb0-482d-bc7b-b9c9ba21877c'),(53,27,'PH_PVD','en',1,4,'2014-10-29 18:38:44','FULLY_SPECIFIED',0,NULL,NULL,NULL,'3d443d1c-7e1c-4f72-9844-3365b625aa29'),(54,28,'PH_PVD_SINCE','en',1,4,'2014-10-29 18:38:55','FULLY_SPECIFIED',0,NULL,NULL,NULL,'1e35d38c-d538-4226-9acf-6c3dc7b28661'),(55,29,'PH_BP','en',1,4,'2014-10-29 18:39:19','FULLY_SPECIFIED',0,NULL,NULL,NULL,'22bb6082-75a7-4e04-a8b3-ce6a230cee9f'),(56,30,'PH_BP_SINCE','en',1,4,'2014-10-29 18:39:38','FULLY_SPECIFIED',0,NULL,NULL,NULL,'9960642c-e12e-41ee-a101-49ddbd3c5e1e'),(57,31,'PH_DIAB','en',1,4,'2014-10-29 18:39:52','FULLY_SPECIFIED',0,NULL,NULL,NULL,'4b8a14eb-ed23-4bfe-8436-c906f227a82c'),(58,32,'PH_DIAB_SINCE','en',1,4,'2014-10-29 18:40:20','FULLY_SPECIFIED',0,NULL,NULL,NULL,'34dc3524-b99b-44b7-ab9b-85a4275041ac'),(59,33,'FH_HRTATTACK','en',1,4,'2014-10-29 18:40:44','FULLY_SPECIFIED',0,NULL,NULL,NULL,'9c5b648c-b8a2-42ad-ae30-ceff7abdbe18'),(60,34,'FH_STROKE','en',1,4,'2014-10-29 18:40:56','FULLY_SPECIFIED',0,NULL,NULL,NULL,'ec64f33b-c084-466f-83b3-afd3ab92a9f6'),(61,35,'FH_DIAB','en',1,4,'2014-10-29 18:41:09','FULLY_SPECIFIED',0,NULL,NULL,NULL,'77a8d3cb-9836-4371-92f1-a53d4eae87e0'),(62,36,'TH_BP','en',1,4,'2014-10-29 18:41:44','FULLY_SPECIFIED',0,NULL,NULL,NULL,'0964443b-af32-4fb4-b185-1055562ee3a0'),(63,37,'TH_APTT','en',1,4,'2014-10-29 18:42:52','FULLY_SPECIFIED',0,NULL,NULL,NULL,'406f415d-fbcb-4321-a5a1-554100a59934'),(64,38,'TH_LLTT','en',1,4,'2014-10-29 18:43:03','FULLY_SPECIFIED',0,NULL,NULL,NULL,'2e2ac4f1-bf2c-420e-ab2d-9a053fd26288'),(65,39,'TH_DIAB','en',1,4,'2014-10-29 18:43:19','FULLY_SPECIFIED',0,NULL,NULL,NULL,'ba70e5fa-2222-4469-afd2-d15e7049213b'),(66,40,'BP_DRUGLIST','en',1,4,'2014-10-29 18:43:34','FULLY_SPECIFIED',0,NULL,NULL,NULL,'a2d77f28-7f67-42e4-aaeb-225e7e2c3647'),(67,41,'BP_PERDAY','en',1,4,'2014-10-29 18:43:51','FULLY_SPECIFIED',0,NULL,NULL,NULL,'17e1c08d-c7f1-4dea-af16-a576c1603afe'),(68,42,'BP_PERWEEK','en',1,4,'2014-10-29 18:44:02','FULLY_SPECIFIED',0,NULL,NULL,NULL,'d17abcc5-aceb-4a7d-bdf6-329dfef96b2a'),(69,43,'BP_PERLASTWEEK','en',1,4,'2014-10-29 18:44:15','FULLY_SPECIFIED',0,NULL,NULL,NULL,'5fff2815-5e7a-4a1d-96de-12a1f81bd184'),(70,44,'BP_PERYESTERDAY','en',1,4,'2014-10-29 18:44:27','FULLY_SPECIFIED',0,NULL,NULL,NULL,'7a5efb61-b5ab-43bf-96ff-ef39d4172a20'),(71,45,'APTT_DRUGLIST','en',1,4,'2014-10-29 18:44:39','FULLY_SPECIFIED',0,NULL,NULL,NULL,'70a56a27-c7e6-4119-b400-592279399e09'),(72,46,'APTT_PERDAY','en',1,4,'2014-10-29 18:44:53','FULLY_SPECIFIED',0,NULL,NULL,NULL,'01d44c79-9bdb-4924-84b4-82c8c6cbdcbe'),(73,47,'APTT_PERWEEK','en',1,4,'2014-10-29 20:49:27','FULLY_SPECIFIED',0,NULL,NULL,NULL,'c54f5159-a6fb-4df1-8f3a-35b594b4f706'),(74,48,'APTT_PERLASTWEEK','en',1,4,'2014-10-29 20:50:17','FULLY_SPECIFIED',0,NULL,NULL,NULL,'52f2b68a-bdfc-419b-b4cf-481ef90ffb31'),(75,49,'APTT_PERYESTERDAY','en',1,4,'2014-10-29 20:50:44','FULLY_SPECIFIED',0,NULL,NULL,NULL,'9bab50e9-05ea-4a66-a071-249872cf6616'),(76,50,'LLTT_DRUGLIST','en',1,4,'2014-10-29 20:51:05','FULLY_SPECIFIED',0,NULL,NULL,NULL,'6108a275-bfa7-4c3a-95a9-d026546b3778'),(77,51,'LLTT_PERDAY','en',1,4,'2014-10-29 20:51:24','FULLY_SPECIFIED',0,NULL,NULL,NULL,'de1d8ce8-5d92-4dcc-8f37-c1251bbf1ae5'),(78,52,'LLTT_PERWEEK','en',1,4,'2014-10-29 20:51:41','FULLY_SPECIFIED',0,NULL,NULL,NULL,'edbce903-77c5-43c9-b210-3969a374637d'),(79,53,'LLTT_PERLASTWEEK','en',1,4,'2014-10-29 20:52:04','FULLY_SPECIFIED',0,NULL,NULL,NULL,'8b8d7f1e-8e8a-4e4a-bd34-3e3d6ee8be0f'),(80,54,'LLTT_PERYESTERDAY','en',1,4,'2014-10-29 20:52:20','FULLY_SPECIFIED',0,NULL,NULL,NULL,'1008b911-48c5-494c-9faf-119c8a421621'),(81,55,'TOBACCO_QUES','en',1,4,'2014-10-29 20:52:37','FULLY_SPECIFIED',0,NULL,NULL,NULL,'a4b17c15-7eb2-44eb-b9c5-4f66d9c058aa'),(82,56,'SH_CURRENT','en',1,4,'2014-10-29 20:52:55','FULLY_SPECIFIED',0,NULL,NULL,NULL,'24e4d20b-8131-436e-a208-a2b941212571'),(83,57,'SH_QUIT','en',1,4,'2014-10-29 20:53:12','FULLY_SPECIFIED',0,NULL,NULL,NULL,'7454f20e-ea18-40b5-80f3-3f825df39e52'),(84,58,'SH_AGESTARTED','en',1,4,'2014-10-29 20:53:29','FULLY_SPECIFIED',0,NULL,NULL,NULL,'6722f459-d9a0-48ef-937d-a5ad2c6f3b90'),(85,59,'CH_CURRENT','en',1,4,'2014-10-29 20:53:51','FULLY_SPECIFIED',0,NULL,NULL,NULL,'270945bd-58d7-4b27-b90b-b89c72a9a29a'),(86,60,'CH_QUIT','en',1,4,'2014-10-29 20:54:10','FULLY_SPECIFIED',0,NULL,NULL,NULL,'76a92585-0569-404f-96ac-90be7f32e218'),(87,61,'CH_AGESTARTED','en',1,4,'2014-10-29 20:54:28','FULLY_SPECIFIED',0,NULL,NULL,NULL,'fa2a7677-4aa5-40f1-b9d4-1a41b3603042'),(88,62,'SBP1','en',1,4,'2014-10-29 20:54:51','FULLY_SPECIFIED',0,NULL,NULL,NULL,'82ae8ab7-10bb-4850-b012-23c364f50a6e'),(89,63,'SBP2','en',1,4,'2014-10-29 20:55:07','FULLY_SPECIFIED',0,NULL,NULL,NULL,'72f5fdfb-dd93-4d4e-b211-06313fa56721'),(90,64,'SBP3','en',1,4,'2014-10-29 20:55:25','FULLY_SPECIFIED',0,NULL,NULL,NULL,'fc154c96-db76-4352-8792-7627c33a7c11'),(91,65,'DBP1','en',1,4,'2014-10-29 20:55:48','FULLY_SPECIFIED',0,NULL,NULL,NULL,'73a20419-1be6-4d50-a843-9ec7556a868a'),(92,66,'DBP2','en',1,4,'2014-10-29 20:56:12','FULLY_SPECIFIED',0,NULL,NULL,NULL,'600e1653-090c-4229-9a89-675d0c24bcfe'),(93,67,'DBP3','en',1,4,'2014-10-29 20:56:33','FULLY_SPECIFIED',0,NULL,NULL,NULL,'164ea29c-21c7-48f3-af15-6430e5320521'),(94,68,'HR1','en',1,4,'2014-10-29 20:56:54','FULLY_SPECIFIED',0,NULL,NULL,NULL,'8bd8cf99-ee15-410d-9848-8c59d0fbc2f8'),(95,69,'HR2','en',1,4,'2014-10-29 20:57:13','FULLY_SPECIFIED',0,NULL,NULL,NULL,'483f189b-5483-47d1-816d-ba8902ce2a70'),(96,70,'HR3','en',1,4,'2014-10-29 20:57:32','FULLY_SPECIFIED',0,NULL,NULL,NULL,'c248ac67-8a0f-4037-8402-affd65b9368f'),(97,71,'SBP_AVG','en',1,4,'2014-10-29 20:57:49','FULLY_SPECIFIED',0,NULL,NULL,NULL,'a12e575b-83aa-4e99-8551-95f8bd02cdce'),(98,72,'DBP_AVG','en',1,4,'2014-10-29 20:58:05','FULLY_SPECIFIED',0,NULL,NULL,NULL,'55459c49-c532-4fa1-a0c8-2cbab2196b4c'),(99,73,'HR_AVG','en',1,4,'2014-10-29 20:58:23','FULLY_SPECIFIED',0,NULL,NULL,NULL,'f6282eaa-9101-4a6d-a0e7-548284709a16'),(100,74,'BP_CUFFSIZE','en',1,4,'2014-10-29 20:58:45','FULLY_SPECIFIED',0,NULL,NULL,NULL,'d3c10d1e-db67-4b3b-ba43-c7aec38c92e0'),(101,75,'BG_VALUE','en',1,4,'2014-10-29 20:59:17','FULLY_SPECIFIED',0,NULL,NULL,NULL,'2731503d-5f1b-47ee-842b-fe8c04fc270e'),(102,76,'BG_LASTEAT','en',1,4,'2014-10-29 20:59:37','FULLY_SPECIFIED',0,NULL,NULL,NULL,'de133182-73ec-4ee5-b5e1-d97bd9b62c31'),(103,77,'BG_RECTIME','en',1,4,'2014-10-29 20:59:56','FULLY_SPECIFIED',0,NULL,NULL,NULL,'a4e158aa-d701-4347-a96f-bb43b6b16cb6'),(104,78,'TC','en',1,4,'2014-10-29 21:00:12','FULLY_SPECIFIED',0,NULL,NULL,NULL,'e6e439c4-b01b-4d41-97e8-3460009d8c44'),(105,79,'HDL','en',1,4,'2014-10-29 21:00:31','FULLY_SPECIFIED',0,NULL,NULL,NULL,'6b64ee6f-47d5-49e4-8970-3b903137ba91'),(106,80,'LDL','en',1,4,'2014-10-29 21:00:49','FULLY_SPECIFIED',0,NULL,NULL,NULL,'d28e4acd-ec4f-4666-8a92-a0369cc33ea4'),(107,81,'TG','en',1,4,'2014-10-29 21:01:06','FULLY_SPECIFIED',0,NULL,NULL,NULL,'7cb2fbe5-ceb1-4384-99ba-dbc5a0b49a03'),(108,82,'CHOL_RESULTDATE','en',1,4,'2014-10-29 21:01:32','FULLY_SPECIFIED',0,NULL,NULL,NULL,'fe950c42-122c-4b7c-be45-2a53dd4532b1'),(109,83,'HT','en',1,4,'2014-10-29 21:01:49','FULLY_SPECIFIED',0,NULL,NULL,NULL,'de798938-453f-48b1-b496-145eb9a41f2b'),(110,84,'WT','en',1,4,'2014-10-29 21:02:06','FULLY_SPECIFIED',0,NULL,NULL,NULL,'1298bd59-f669-474a-a5f5-9bc32c4c341f'),(111,85,'PH_CVD_CALC','en',1,4,'2014-10-29 21:02:24','FULLY_SPECIFIED',0,NULL,NULL,NULL,'9d1d3709-9725-4d19-b928-5924d64f8523'),(112,86,'FH_CVD_CALC','en',1,4,'2014-10-29 21:02:43','FULLY_SPECIFIED',0,NULL,NULL,NULL,'bfe53a82-f745-4e12-88ef-3005cedfd6ca'),(113,87,'SMOKER_CALC','en',1,4,'2014-10-29 21:03:03','FULLY_SPECIFIED',0,NULL,NULL,NULL,'6545e61a-544d-4f6a-b749-a790e1ad2ad5'),(114,88,'DIAB_CALC','en',1,4,'2014-10-29 21:03:19','FULLY_SPECIFIED',0,NULL,NULL,NULL,'49958912-4135-46e0-9af3-874fd140cb54'),(115,89,'SMOKER_TL','en',1,4,'2014-10-29 21:03:34','FULLY_SPECIFIED',0,NULL,NULL,NULL,'af99256e-2b1e-40bd-a50f-d77a18372a5e'),(116,90,'BG_FASTING_CALC','en',1,4,'2014-10-29 21:03:50','FULLY_SPECIFIED',0,NULL,NULL,NULL,'e5cd677f-4d62-4f90-a88d-0f5f9ca4afaa'),(117,91,'CVD_RISK','en',1,4,'2014-10-29 21:04:06','FULLY_SPECIFIED',0,NULL,NULL,NULL,'0d309419-ed19-4650-9e1d-047b61f5c898'),(118,92,'AR_RECOM','en',1,4,'2014-10-29 21:04:41','FULLY_SPECIFIED',0,NULL,NULL,NULL,'30c27af1-412a-4163-9063-b4fcc2de68cb'),(119,93,'NV_AR','en',1,4,'2014-10-29 21:04:57','FULLY_SPECIFIED',0,NULL,NULL,NULL,'64ad97c0-f61a-4ecc-b3a3-eb69264dc14b'),(120,94,'NV_DIAB','en',1,4,'2014-10-29 21:05:13','FULLY_SPECIFIED',0,NULL,NULL,NULL,'bbdb3a67-8362-4556-b0e6-139ad70ee996'),(121,95,'REF_DOC','en',1,4,'2014-10-29 21:05:32','FULLY_SPECIFIED',0,NULL,NULL,NULL,'5826779d-df87-41d2-a4ab-071ba5af8de9'),(122,96,'RH_Q1','en',1,4,'2014-10-29 21:05:55','FULLY_SPECIFIED',0,NULL,NULL,NULL,'c36de4a9-b4a9-43a4-a7c3-31d1311595a6'),(123,97,'RH_Q2','en',1,4,'2014-10-29 21:06:13','FULLY_SPECIFIED',0,NULL,NULL,NULL,'070db0f6-696e-46d9-8d27-8fbe5f87ab8d'),(124,98,'RH_Q2_YES','en',1,4,'2014-10-29 21:06:29','FULLY_SPECIFIED',0,NULL,NULL,NULL,'be87bce1-fe75-4e83-bfb2-a0b92f0aa8ed'),(125,99,'RH_Q2_NO','en',1,4,'2014-10-29 21:06:44','FULLY_SPECIFIED',0,NULL,NULL,NULL,'b70e3045-0ab6-447e-87da-6893fe189dca'),(126,100,'RH_Q2_NO_OTHER_REASON','en',1,4,'2014-10-29 21:07:54','FULLY_SPECIFIED',0,NULL,NULL,NULL,'c331ae23-83a4-4f34-91af-1e1cd2c655d4'),(127,101,'TARGET_SBP','en',1,4,'2014-10-29 21:08:10','FULLY_SPECIFIED',0,NULL,NULL,NULL,'44133f59-2ec3-4e9e-b8a9-83a1c121cc03'),(128,102,'TARGET_SBP_TL','en',1,4,'2014-10-29 21:08:27','FULLY_SPECIFIED',0,NULL,NULL,NULL,'07bae6dc-0e66-45de-a529-887d61838ba4'),(129,103,'TARGET_DBP','en',1,4,'2014-10-29 21:08:42','FULLY_SPECIFIED',0,NULL,NULL,NULL,'2d9bec0f-e521-4fa5-9a1f-e51538e93033'),(130,104,'TARGET_DBP_TL','en',1,4,'2014-10-29 21:08:59','FULLY_SPECIFIED',0,NULL,NULL,NULL,'b693790e-cdf6-4f65-8c32-9a4b9dc8e2db'),(131,105,'MED_BP','en',1,4,'2014-10-29 21:09:17','FULLY_SPECIFIED',0,NULL,NULL,NULL,'f69974e3-1689-4eab-93ad-05a6d350a222'),(132,106,'MED_STATIN','en',1,4,'2014-10-29 21:09:36','FULLY_SPECIFIED',0,NULL,NULL,NULL,'41a6c141-d741-4594-8f66-027208489689'),(133,107,'MED_ASPIRIN','en',1,4,'2014-10-29 21:09:55','FULLY_SPECIFIED',0,NULL,NULL,NULL,'6b68e715-a84a-4278-be66-86bcd0fdeec1'),(134,108,'MED_BP_REASON','en',1,4,'2014-10-29 21:10:09','FULLY_SPECIFIED',0,NULL,NULL,NULL,'4c288c0a-b80e-4219-8917-784d0f5238c4'),(135,109,'MED_LLTT_REASON','en',1,4,'2014-10-29 21:10:24','FULLY_SPECIFIED',0,NULL,NULL,NULL,'2f59f505-d179-4470-a5c7-45d7f2122c3e'),(136,110,'MED_APTT_REASON','en',1,4,'2014-10-29 21:10:45','FULLY_SPECIFIED',0,NULL,NULL,NULL,'6effde7a-f115-4d23-b69e-78ad9a82eea6'),(137,111,'NEXT_VISIT_1MONTH','en',1,4,'2014-10-29 21:11:04','FULLY_SPECIFIED',0,NULL,NULL,NULL,'5b2672fb-37ac-4ae1-82f0-3caa9aa8b845'),(138,112,'TT_ADHER','en',1,4,'2014-10-29 21:11:22','FULLY_SPECIFIED',0,NULL,NULL,NULL,'6ec670d1-893c-4652-8365-23b2a88dddc2'),(139,113,'MED_RECEIVED','en',1,4,'2014-10-29 21:11:38','FULLY_SPECIFIED',0,NULL,NULL,NULL,'cf0262c0-1ac5-415b-86c9-cf1d7c3ac09e'),(140,114,'UPDATE_DATE','en',1,4,'2014-10-29 21:11:52','FULLY_SPECIFIED',0,NULL,NULL,NULL,'4e6eec24-c3c2-49dc-a854-dc075b34100f'),(141,115,'CREATED_DATE','en',1,4,'2014-10-29 21:12:08','FULLY_SPECIFIED',0,NULL,NULL,NULL,'a71fdba6-bbbe-4f28-acf2-e7b91aa87ecb'),(142,116,'CURRENT_USER_LOGIN','en',1,4,'2014-10-29 21:12:25','FULLY_SPECIFIED',0,NULL,NULL,NULL,'107e666e-11af-4d03-bcea-ba69cd0dbcda'),(143,117,'CURRENT_USER_ROLE','en',1,4,'2014-10-29 21:12:47','FULLY_SPECIFIED',0,NULL,NULL,NULL,'10ef4e7f-3abe-4b47-8f77-49ee05cab2a1'),(144,118,'LAST_ENCOUNTER','en',1,4,'2014-10-29 21:13:06','FULLY_SPECIFIED',0,NULL,NULL,NULL,'68bdb00d-6463-4de3-ae7b-9771ce2a042a'),(145,119,'CURRENT_ENCOUNTER','en',1,4,'2014-10-29 21:13:23','FULLY_SPECIFIED',0,NULL,NULL,NULL,'36df252a-9c93-4cc5-80b1-9cd6dc7ad390'),(146,120,'TT_PRES','en',1,4,'2014-10-29 21:13:39','FULLY_SPECIFIED',0,NULL,NULL,NULL,'a594e373-ab6d-4a77-9f22-8fa90a92e29b'),(147,121,'REF_CARD_NO','en',1,4,'2014-10-29 21:13:56','FULLY_SPECIFIED',0,NULL,NULL,NULL,'aabbdbc7-8711-40f6-b0f2-402ab6883058'),(148,122,'HIGH_RISK_CALC','en',1,4,'2014-10-29 21:14:17','FULLY_SPECIFIED',0,NULL,NULL,NULL,'c803e9e1-f88d-40ae-8a53-c3948a135c82'),(149,123,'PULSE','en',1,5,'2014-10-29 21:38:08','FULLY_SPECIFIED',0,NULL,NULL,NULL,'13094cc3-76d9-4100-95ac-1309f75bfb58'),(150,124,'TH_BG','en',1,4,'2016-10-26 10:49:26','FULLY_SPECIFIED',0,NULL,NULL,NULL,'4ab8c6b9-5068-443a-bb23-c03637869de8'),(151,125,'MED_DIABETES_REASON','en',1,4,'2016-10-26 10:50:18','FULLY_SPECIFIED',0,NULL,NULL,NULL,'76832f56-390c-4cda-be93-954cf279e099'),(152,126,'MED_DIABETES','en',1,4,'2016-10-26 10:50:59','FULLY_SPECIFIED',0,NULL,NULL,NULL,'c862a172-6368-49ca-ae6e-c31832bb7ce7'),(153,127,'DIABETES_DRUGLIST','en',1,4,'2016-10-26 10:52:34','FULLY_SPECIFIED',0,NULL,NULL,NULL,'de70bb8b-5574-41b4-a142-f9a7cbb565d9'),(154,128,'AADHAR_NUM','en',1,4,'2016-10-26 10:53:00','FULLY_SPECIFIED',0,NULL,NULL,NULL,'470b9bb5-bb7c-4c4d-ac51-2c079c473b71'),(155,129,'BG_PERDAY','en',1,4,'2016-10-26 10:56:46','FULLY_SPECIFIED',0,NULL,NULL,NULL,'143bc6e2-47d7-4c88-b849-a32a492ea2fd'),(156,130,'BG_PERWEEK','en',1,4,'2016-10-26 10:58:12','FULLY_SPECIFIED',0,NULL,NULL,NULL,'328263e5-6785-4114-9c23-cec340e47bf3'),(157,131,'BG_PERLASTWEEK','en',1,4,'2016-10-26 10:58:29','FULLY_SPECIFIED',0,NULL,NULL,NULL,'c55c14a7-dd51-4360-bb20-02d86138bcc5'),(158,132,'BG_PERYESTERDAY','en',1,4,'2016-10-26 10:59:08','FULLY_SPECIFIED',0,NULL,NULL,NULL,'5d6c5ab5-52da-4d32-b9c9-b39f23017448'),(159,133,'MONOFILAMENT_LEFT','en',1,4,'2018-02-06 15:01:30','FULLY_SPECIFIED',0,NULL,NULL,NULL,'67c5acde-523f-46c8-8e7b-a6e7ff8d53d2'),(160,134,'SBP','en',1,4,'2018-02-06 15:01:59','FULLY_SPECIFIED',0,NULL,NULL,NULL,'0ac83d05-fd65-423d-9307-84e745531af8'),(161,135,'DORSALISPIDES_LEFT','en',1,4,'2018-02-06 15:03:00','FULLY_SPECIFIED',0,NULL,NULL,NULL,'edf4b438-f696-4faf-8b59-e87b3d0f4a40'),(162,136,'MONOFILAMENT_RIGHT','en',1,4,'2018-02-06 15:05:20','FULLY_SPECIFIED',0,NULL,NULL,NULL,'c5eff3bf-d464-4f27-be83-ef0d871a191a'),(163,137,'HBA1C_3M_REPORTING_DATE','en',1,4,'2018-02-06 15:06:07','FULLY_SPECIFIED',0,NULL,NULL,NULL,'8027e6a5-03a3-48bf-8947-e624b652115c'),(164,138,'RUSHA_REF','en',1,4,'2018-02-06 15:06:35','FULLY_SPECIFIED',0,NULL,NULL,NULL,'9bec58c0-db10-4aed-b076-1bf6b9ac1400'),(165,139,'DBP','en',1,4,'2018-02-06 15:07:05','FULLY_SPECIFIED',0,NULL,NULL,NULL,'97db92fb-0221-4004-9adc-9b4cc0b61e28'),(166,140,'BASELINE_HBA1C','en',1,4,'2018-02-06 15:07:39','FULLY_SPECIFIED',0,NULL,NULL,NULL,'a768d071-7f67-4675-b26d-629f61664289'),(167,141,'INTERVIEW_STATUS','en',1,4,'2018-02-06 15:08:04','FULLY_SPECIFIED',0,NULL,NULL,NULL,'b846a6b1-9e89-43fd-9835-2b1b54221292'),(168,142,'RECTRUITED','en',1,4,'2018-02-06 15:08:32','FULLY_SPECIFIED',0,NULL,NULL,NULL,'8c2efcf6-1266-46a6-8d8b-3a2ff72f3db4'),(169,143,'COMPLAINTS_IMPIRED','en',1,4,'2018-02-06 15:09:00','FULLY_SPECIFIED',0,NULL,NULL,NULL,'2badb7cd-a83b-4b33-8e2b-efc03210203c'),(170,144,'SWELLING_FACE','en',1,4,'2018-02-06 15:09:32','FULLY_SPECIFIED',0,NULL,NULL,NULL,'293b1bd7-bbb1-4630-9c7d-a7ac7f824d0d'),(171,145,'BMI','en',1,4,'2018-02-06 15:10:05','FULLY_SPECIFIED',0,NULL,NULL,NULL,'2473a58a-161b-4e9a-a802-f08a0e95a6f4'),(172,146,'WEIGHT','en',1,4,'2018-02-06 15:10:37','FULLY_SPECIFIED',0,NULL,NULL,NULL,'6f3f129b-88c3-4ea6-a40f-e9b77c1af13b'),(173,147,'HEIGHT','en',1,4,'2018-02-06 15:11:11','FULLY_SPECIFIED',0,NULL,NULL,NULL,'be54d0a0-ddaf-41ff-a18b-edbcaa8a3bc6'),(174,148,'VOLUME_OF_ALCOHOL','en',1,4,'2018-02-06 15:11:39','FULLY_SPECIFIED',0,NULL,NULL,NULL,'b9362d7f-8de8-4dd8-bbbf-7bd4c6930d9d'),(175,149,'CURRENTLY_ALCHOHOL','en',1,4,'2018-02-06 15:12:06','FULLY_SPECIFIED',0,NULL,NULL,NULL,'e4244253-5363-4c56-a5fc-e4a736c8e5b2'),(176,150,'PERDAY_HOW_MANY','en',1,4,'2018-02-06 15:12:31','FULLY_SPECIFIED',0,NULL,NULL,NULL,'dbfce013-c83d-4fc4-aaeb-f1b074c5fefc'),(177,151,'DORSALISPIDES_RIGHT','en',1,4,'2018-02-06 15:12:57','FULLY_SPECIFIED',0,NULL,NULL,NULL,'07e8b3b5-8b61-4d3a-8d73-f344e057fae5'),(178,152,'FOOT_UCLERS','en',1,4,'2018-02-06 15:13:25','FULLY_SPECIFIED',0,NULL,NULL,NULL,'b18e62e8-3577-4233-a24d-9084e7b5e8f9'),(179,153,'FAMILY_DB_RELATION','en',1,4,'2018-02-06 15:13:51','FULLY_SPECIFIED',0,NULL,NULL,NULL,'677b1714-fd00-4bbe-8504-6a3caf2a2422'),(180,154,'HISTORY_STROK','en',1,4,'2018-02-06 15:14:12','FULLY_SPECIFIED',0,NULL,NULL,NULL,'81a47aa2-d06c-458b-b477-1ec7d45c34aa'),(181,155,'HISTORY__HT_STK','en',1,4,'2018-02-06 15:14:36','FULLY_SPECIFIED',0,NULL,NULL,NULL,'69e50c75-429d-4063-9943-7aea00d35f12'),(182,156,'HBA1C_DATE','en',1,4,'2018-02-06 15:15:03','FULLY_SPECIFIED',0,NULL,NULL,NULL,'17fe6cbb-9816-4715-8825-01fa2fd0b237'),(183,157,'HBA1C_RESULT','en',1,4,'2018-02-06 15:15:26','FULLY_SPECIFIED',0,NULL,NULL,NULL,'5a57f51c-8129-4ca9-b5ab-0e048f1855fe'),(184,158,'DATE_OF_RECRUITEMENT','en',1,4,'2018-02-06 15:15:49','FULLY_SPECIFIED',0,NULL,NULL,NULL,'d4825284-3175-4ad3-a0d9-b6ab84093fb6'),(185,159,'DIAB_STATUS','en',1,4,'2018-02-06 15:16:20','FULLY_SPECIFIED',0,NULL,NULL,NULL,'1e034925-14ae-4efd-b9e8-16af688c6623'),(186,160,'HISTORY__FT_ULCERS','en',1,4,'2018-02-06 15:16:46','FULLY_SPECIFIED',0,NULL,NULL,NULL,'637baa23-79b0-4367-a159-f29be859b059'),(187,161,'CURRENTLY_SMOKE','en',1,4,'2018-02-06 15:17:07','FULLY_SPECIFIED',0,NULL,NULL,NULL,'1f7f2d23-92f8-48ff-9e9e-d0e972e6e4d4'),(188,162,'RANDOM_BD_SUGAR','en',1,4,'2018-02-06 15:17:28','FULLY_SPECIFIED',0,NULL,NULL,NULL,'b4b5a77b-078a-4ce9-9758-ea9b0c17b24f'),(189,163,'RISK_FCT_SPNR','en',1,4,'2018-02-06 15:17:50','FULLY_SPECIFIED',0,NULL,NULL,NULL,'4404a9a1-2f61-4e67-84ca-6104b9c0d2a7'),(190,164,'FATHER_OR_HUS_NAME','en',1,4,'2018-02-06 15:18:14','FULLY_SPECIFIED',0,NULL,NULL,NULL,'90e33f27-b9c5-4859-a393-1264440521ae'),(191,165,'FATHERORHUSBAND_RELATION','en',1,4,'2018-02-06 15:18:37','FULLY_SPECIFIED',0,NULL,NULL,NULL,'1ea39309-ada2-445b-be18-95cfdea4882f'),(192,166,'HOSPITAL_NO','en',1,4,'2018-02-06 15:19:00','FULLY_SPECIFIED',0,NULL,NULL,NULL,'308dbc05-8858-480e-ab5e-d05e3843ea5f'),(193,167,'FAMILY_INDEX_NUMBER','en',1,4,'2018-02-06 15:19:31','FULLY_SPECIFIED',0,NULL,NULL,NULL,'b93c1e6f-237e-448e-9cf9-53a861629d52'),(194,168,'TYPE_OF_ROOF','en',1,4,'2018-02-06 15:19:56','FULLY_SPECIFIED',0,NULL,NULL,NULL,'a83cdf7b-ed04-4146-9954-bb298959b4fe'),(195,169,'DOOR_NO','en',1,4,'2018-02-06 15:20:16','FULLY_SPECIFIED',0,NULL,NULL,NULL,'5de2d07a-5e4a-4c57-9eec-32a111af398c'),(196,170,'OCCUPATION','en',1,4,'2018-02-06 15:20:36','FULLY_SPECIFIED',0,NULL,NULL,NULL,'b285fa9b-bacc-48f7-8668-5c9a9f5e6363'),(197,171,'EDUCATION','en',1,4,'2018-02-06 15:20:57','FULLY_SPECIFIED',0,NULL,NULL,NULL,'0d384f6a-d7df-4ab1-bb5c-04d9dfaf2629'),(198,172,'CREATININE','en',1,4,'2018-02-06 15:21:27','FULLY_SPECIFIED',0,NULL,NULL,NULL,'728f34b3-75f9-469d-b207-325c85108e4c'),(199,173,'PSU','en',1,4,'2018-02-06 15:21:51','FULLY_SPECIFIED',0,NULL,NULL,NULL,'3104588b-1787-471c-aa07-10b747335802'),(200,174,'STREET_NAME','en',1,4,'2018-02-06 15:22:12','FULLY_SPECIFIED',0,NULL,NULL,NULL,'8e1e8763-8664-45c0-8e71-2a25a0a5ab35'),(201,175,'DATE_OF_SCREENING','en',1,4,'2018-02-06 15:22:34','FULLY_SPECIFIED',0,NULL,NULL,NULL,'3e79465f-ec70-4f0b-b9ee-cdfda60e389f'),(202,176,'MICROALBUMIN','en',1,4,'2018-02-06 15:22:56','FULLY_SPECIFIED',0,NULL,NULL,NULL,'ed007fec-b688-43cd-99eb-c682acd20e9d'),(203,177,'TOTAL_CHOLESTEROL','en',1,4,'2018-02-06 15:23:20','FULLY_SPECIFIED',0,NULL,NULL,NULL,'983b2af5-7d77-44f5-a831-b0a45150a06f'),(204,178,'TRIGLYCERIDES','en',1,4,'2018-02-06 15:23:41','FULLY_SPECIFIED',0,NULL,NULL,NULL,'6d44a161-59a6-42f0-aa85-3d3291fe97d7'),(205,179,'ECG','en',1,4,'2018-02-06 15:24:00','FULLY_SPECIFIED',0,NULL,NULL,NULL,'e83a5900-8c85-476d-9ea4-9dd4539dd5e4'),(206,180,'EGFR','en',1,4,'2018-02-06 15:24:21','FULLY_SPECIFIED',0,NULL,NULL,NULL,'9c12fac1-d622-4a31-bb03-3b716346783f'),(207,181,'IF_YES_RETINOPATHY_LEFT_EYE','en',1,4,'2018-02-06 15:24:44','FULLY_SPECIFIED',0,NULL,NULL,NULL,'83f1588b-5e82-4067-a836-b87cc55eb720'),(208,182,'RETINOPATHY_LEFT_EYE','en',1,4,'2018-02-06 15:25:08','FULLY_SPECIFIED',0,NULL,NULL,NULL,'a0741562-d1aa-4c1e-98fc-73b7deabc215'),(209,183,'IF_YES_RETINOPATHY_RIGHT_EYE','en',1,4,'2018-02-06 15:25:30','FULLY_SPECIFIED',0,NULL,NULL,NULL,'7f1746c7-4c99-4b46-b246-d75fbb64c7d0'),(210,184,'RETINOPATHY_RIGHT_EYE','en',1,4,'2018-02-06 15:25:53','FULLY_SPECIFIED',0,NULL,NULL,NULL,'345c8e73-f49b-4b31-8634-f1cda9ae3ffd'),(211,185,'IF_YES_BIOTHESIOMETER_LETF_FOOT','en',1,4,'2018-02-06 15:26:18','FULLY_SPECIFIED',0,NULL,NULL,NULL,'79421fef-99de-4e70-a094-be7ce03da370'),(212,186,'BIOTHESIOMETER_LETF_FOOT','en',1,4,'2018-02-06 15:26:54','FULLY_SPECIFIED',0,NULL,NULL,NULL,'f2caa967-f92c-4ed3-9021-21591409a8fe'),(213,187,'IF_YES_BIOTHESIOMETER_RIGHT_FOOT','en',1,4,'2018-02-06 15:27:18','FULLY_SPECIFIED',0,NULL,NULL,NULL,'9b0382fb-4f6b-46f9-ae4a-cf631eb7358a'),(214,188,'BIOTHESIOMETER_RIGHT_FOOT','en',1,4,'2018-02-06 15:27:41','FULLY_SPECIFIED',0,NULL,NULL,NULL,'aaf64e4a-0e3c-4ddc-a554-5f0bc77fb603'),(215,189,'MEDICAL RECORD OBSERVATIONS','en',1,4,'2018-02-16 14:46:35','FULLY_SPECIFIED',0,NULL,NULL,NULL,'a0a01b73-a40f-435f-bd36-43670ac1ab68');
/*!40000 ALTER TABLE `concept_name` ENABLE KEYS */;
UNLOCK TABLES;

--
-- Table structure for table `concept_name_tag`
--

DROP TABLE IF EXISTS `concept_name_tag`;
/*!40101 SET @saved_cs_client     = @@character_set_client */;
/*!40101 SET character_set_client = utf8 */;
CREATE TABLE `concept_name_tag` (
  `concept_name_tag_id` int(11) NOT NULL AUTO_INCREMENT,
  `tag` varchar(50) NOT NULL,
  `description` text NOT NULL,
  `creator` int(11) NOT NULL DEFAULT '0',
  `date_created` datetime NOT NULL,
  `voided` tinyint(1) NOT NULL DEFAULT '0',
  `voided_by` int(11) DEFAULT NULL,
  `date_voided` datetime DEFAULT NULL,
  `void_reason` varchar(255) DEFAULT NULL,
  `uuid` char(38) DEFAULT NULL,
  PRIMARY KEY (`concept_name_tag_id`),
  UNIQUE KEY `concept_name_tag_unique_tags` (`tag`),
  UNIQUE KEY `concept_name_tag_uuid_index` (`uuid`),
  KEY `user_who_created_name_tag` (`creator`),
  KEY `user_who_voided_name_tag` (`voided_by`)
) ENGINE=InnoDB DEFAULT CHARSET=utf8;
/*!40101 SET character_set_client = @saved_cs_client */;

--
-- Dumping data for table `concept_name_tag`
--

LOCK TABLES `concept_name_tag` WRITE;
/*!40000 ALTER TABLE `concept_name_tag` DISABLE KEYS */;
/*!40000 ALTER TABLE `concept_name_tag` ENABLE KEYS */;
UNLOCK TABLES;

--
-- Table structure for table `concept_name_tag_map`
--

DROP TABLE IF EXISTS `concept_name_tag_map`;
/*!40101 SET @saved_cs_client     = @@character_set_client */;
/*!40101 SET character_set_client = utf8 */;
CREATE TABLE `concept_name_tag_map` (
  `concept_name_id` int(11) NOT NULL,
  `concept_name_tag_id` int(11) NOT NULL,
  KEY `mapped_concept_name` (`concept_name_id`),
  KEY `mapped_concept_name_tag` (`concept_name_tag_id`),
  CONSTRAINT `mapped_concept_name` FOREIGN KEY (`concept_name_id`) REFERENCES `concept_name` (`concept_name_id`),
  CONSTRAINT `mapped_concept_name_tag` FOREIGN KEY (`concept_name_tag_id`) REFERENCES `concept_name_tag` (`concept_name_tag_id`)
) ENGINE=InnoDB DEFAULT CHARSET=utf8;
/*!40101 SET character_set_client = @saved_cs_client */;

--
-- Dumping data for table `concept_name_tag_map`
--

LOCK TABLES `concept_name_tag_map` WRITE;
/*!40000 ALTER TABLE `concept_name_tag_map` DISABLE KEYS */;
/*!40000 ALTER TABLE `concept_name_tag_map` ENABLE KEYS */;
UNLOCK TABLES;

--
-- Table structure for table `concept_numeric`
--

DROP TABLE IF EXISTS `concept_numeric`;
/*!40101 SET @saved_cs_client     = @@character_set_client */;
/*!40101 SET character_set_client = utf8 */;
CREATE TABLE `concept_numeric` (
  `concept_id` int(11) NOT NULL DEFAULT '0',
  `hi_absolute` double DEFAULT NULL,
  `hi_critical` double DEFAULT NULL,
  `hi_normal` double DEFAULT NULL,
  `low_absolute` double DEFAULT NULL,
  `low_critical` double DEFAULT NULL,
  `low_normal` double DEFAULT NULL,
  `units` varchar(50) DEFAULT NULL,
  `precise` tinyint(1) NOT NULL DEFAULT '0',
  PRIMARY KEY (`concept_id`),
  CONSTRAINT `numeric_attributes` FOREIGN KEY (`concept_id`) REFERENCES `concept` (`concept_id`)
) ENGINE=InnoDB DEFAULT CHARSET=utf8;
/*!40101 SET character_set_client = @saved_cs_client */;

--
-- Dumping data for table `concept_numeric`
--

LOCK TABLES `concept_numeric` WRITE;
/*!40000 ALTER TABLE `concept_numeric` DISABLE KEYS */;
/*!40000 ALTER TABLE `concept_numeric` ENABLE KEYS */;
UNLOCK TABLES;

--
-- Table structure for table `concept_proposal`
--

DROP TABLE IF EXISTS `concept_proposal`;
/*!40101 SET @saved_cs_client     = @@character_set_client */;
/*!40101 SET character_set_client = utf8 */;
CREATE TABLE `concept_proposal` (
  `concept_proposal_id` int(11) NOT NULL AUTO_INCREMENT,
  `concept_id` int(11) DEFAULT NULL,
  `encounter_id` int(11) DEFAULT NULL,
  `original_text` varchar(255) NOT NULL DEFAULT '',
  `final_text` varchar(255) DEFAULT NULL,
  `obs_id` int(11) DEFAULT NULL,
  `obs_concept_id` int(11) DEFAULT NULL,
  `state` varchar(32) NOT NULL DEFAULT 'UNMAPPED',
  `comments` varchar(255) DEFAULT NULL,
  `creator` int(11) NOT NULL DEFAULT '0',
  `date_created` datetime NOT NULL,
  `changed_by` int(11) DEFAULT NULL,
  `date_changed` datetime DEFAULT NULL,
  `locale` varchar(50) NOT NULL DEFAULT '',
  `uuid` char(38) DEFAULT NULL,
  PRIMARY KEY (`concept_proposal_id`),
  UNIQUE KEY `concept_proposal_uuid_index` (`uuid`),
  KEY `user_who_changed_proposal` (`changed_by`),
  KEY `concept_for_proposal` (`concept_id`),
  KEY `user_who_created_proposal` (`creator`),
  KEY `encounter_for_proposal` (`encounter_id`),
  KEY `proposal_obs_concept_id` (`obs_concept_id`),
  KEY `proposal_obs_id` (`obs_id`),
  CONSTRAINT `concept_for_proposal` FOREIGN KEY (`concept_id`) REFERENCES `concept` (`concept_id`),
  CONSTRAINT `encounter_for_proposal` FOREIGN KEY (`encounter_id`) REFERENCES `encounter` (`encounter_id`),
  CONSTRAINT `proposal_obs_concept_id` FOREIGN KEY (`obs_concept_id`) REFERENCES `concept` (`concept_id`),
  CONSTRAINT `proposal_obs_id` FOREIGN KEY (`obs_id`) REFERENCES `obs` (`obs_id`),
  CONSTRAINT `user_who_changed_proposal` FOREIGN KEY (`changed_by`) REFERENCES `users` (`user_id`),
  CONSTRAINT `user_who_created_proposal` FOREIGN KEY (`creator`) REFERENCES `users` (`user_id`)
) ENGINE=InnoDB DEFAULT CHARSET=utf8;
/*!40101 SET character_set_client = @saved_cs_client */;

--
-- Dumping data for table `concept_proposal`
--

LOCK TABLES `concept_proposal` WRITE;
/*!40000 ALTER TABLE `concept_proposal` DISABLE KEYS */;
/*!40000 ALTER TABLE `concept_proposal` ENABLE KEYS */;
UNLOCK TABLES;

--
-- Table structure for table `concept_proposal_tag_map`
--

DROP TABLE IF EXISTS `concept_proposal_tag_map`;
/*!40101 SET @saved_cs_client     = @@character_set_client */;
/*!40101 SET character_set_client = utf8 */;
CREATE TABLE `concept_proposal_tag_map` (
  `concept_proposal_id` int(11) NOT NULL,
  `concept_name_tag_id` int(11) NOT NULL,
  KEY `mapped_concept_proposal_tag` (`concept_name_tag_id`),
  KEY `mapped_concept_proposal` (`concept_proposal_id`),
  CONSTRAINT `mapped_concept_proposal` FOREIGN KEY (`concept_proposal_id`) REFERENCES `concept_proposal` (`concept_proposal_id`),
  CONSTRAINT `mapped_concept_proposal_tag` FOREIGN KEY (`concept_name_tag_id`) REFERENCES `concept_name_tag` (`concept_name_tag_id`)
) ENGINE=InnoDB DEFAULT CHARSET=utf8;
/*!40101 SET character_set_client = @saved_cs_client */;

--
-- Dumping data for table `concept_proposal_tag_map`
--

LOCK TABLES `concept_proposal_tag_map` WRITE;
/*!40000 ALTER TABLE `concept_proposal_tag_map` DISABLE KEYS */;
/*!40000 ALTER TABLE `concept_proposal_tag_map` ENABLE KEYS */;
UNLOCK TABLES;

--
-- Table structure for table `concept_reference_map`
--

DROP TABLE IF EXISTS `concept_reference_map`;
/*!40101 SET @saved_cs_client     = @@character_set_client */;
/*!40101 SET character_set_client = utf8 */;
CREATE TABLE `concept_reference_map` (
  `concept_map_id` int(11) NOT NULL AUTO_INCREMENT,
  `concept_reference_term_id` int(11) NOT NULL,
  `concept_map_type_id` int(11) NOT NULL DEFAULT '1',
  `creator` int(11) NOT NULL DEFAULT '0',
  `date_created` datetime NOT NULL,
  `concept_id` int(11) NOT NULL DEFAULT '0',
  `changed_by` int(11) DEFAULT NULL,
  `date_changed` datetime DEFAULT NULL,
  `uuid` char(38) DEFAULT NULL,
  PRIMARY KEY (`concept_map_id`),
  KEY `map_for_concept` (`concept_id`),
  KEY `map_creator` (`creator`),
  KEY `mapped_concept_map_type` (`concept_map_type_id`),
  KEY `mapped_user_changed_ref_term` (`changed_by`),
  KEY `mapped_concept_reference_term` (`concept_reference_term_id`),
  CONSTRAINT `mapped_concept_map_type` FOREIGN KEY (`concept_map_type_id`) REFERENCES `concept_map_type` (`concept_map_type_id`),
  CONSTRAINT `mapped_concept_reference_term` FOREIGN KEY (`concept_reference_term_id`) REFERENCES `concept_reference_term` (`concept_reference_term_id`),
  CONSTRAINT `mapped_user_changed_ref_term` FOREIGN KEY (`changed_by`) REFERENCES `users` (`user_id`),
  CONSTRAINT `map_creator` FOREIGN KEY (`creator`) REFERENCES `users` (`user_id`),
  CONSTRAINT `map_for_concept` FOREIGN KEY (`concept_id`) REFERENCES `concept` (`concept_id`)
) ENGINE=InnoDB AUTO_INCREMENT=3 DEFAULT CHARSET=utf8;
/*!40101 SET character_set_client = @saved_cs_client */;

--
-- Dumping data for table `concept_reference_map`
--

LOCK TABLES `concept_reference_map` WRITE;
/*!40000 ALTER TABLE `concept_reference_map` DISABLE KEYS */;
INSERT INTO `concept_reference_map` VALUES (2,2,1,4,'2014-10-29 18:14:10',4,NULL,NULL,'49df13ed-8189-4f62-9f3d-cdd2f33c608a');
/*!40000 ALTER TABLE `concept_reference_map` ENABLE KEYS */;
UNLOCK TABLES;

--
-- Table structure for table `concept_reference_source`
--

DROP TABLE IF EXISTS `concept_reference_source`;
/*!40101 SET @saved_cs_client     = @@character_set_client */;
/*!40101 SET character_set_client = utf8 */;
CREATE TABLE `concept_reference_source` (
  `concept_source_id` int(11) NOT NULL AUTO_INCREMENT,
  `name` varchar(50) NOT NULL DEFAULT '',
  `description` text NOT NULL,
  `hl7_code` varchar(50) DEFAULT '',
  `creator` int(11) NOT NULL DEFAULT '0',
  `date_created` datetime NOT NULL,
  `retired` tinyint(1) NOT NULL DEFAULT '0',
  `retired_by` int(11) DEFAULT NULL,
  `date_retired` datetime DEFAULT NULL,
  `retire_reason` varchar(255) DEFAULT NULL,
  `uuid` char(38) DEFAULT NULL,
  PRIMARY KEY (`concept_source_id`),
  UNIQUE KEY `concept_source_unique_hl7_codes` (`hl7_code`),
  KEY `unique_hl7_code` (`hl7_code`),
  KEY `concept_source_creator` (`creator`),
  KEY `user_who_retired_concept_source` (`retired_by`),
  CONSTRAINT `concept_source_creator` FOREIGN KEY (`creator`) REFERENCES `users` (`user_id`),
  CONSTRAINT `user_who_retired_concept_source` FOREIGN KEY (`retired_by`) REFERENCES `users` (`user_id`)
) ENGINE=InnoDB AUTO_INCREMENT=3 DEFAULT CHARSET=utf8;
/*!40101 SET character_set_client = @saved_cs_client */;

--
-- Dumping data for table `concept_reference_source`
--

LOCK TABLES `concept_reference_source` WRITE;
/*!40000 ALTER TABLE `concept_reference_source` DISABLE KEYS */;
INSERT INTO `concept_reference_source` VALUES (1,'SMARThealth concepts','Standardised concepts',NULL,3,'2014-10-29 17:50:29',0,NULL,NULL,NULL,'25d0dea0-c30e-451b-8137-10c1dd1276ef'),(2,'backup concept source','This is backup took after cleaning concepts',NULL,4,'2014-10-29 18:14:10',0,NULL,NULL,NULL,'27ffb3f5-0af0-46c0-bde5-6c894bd6ba3a');
/*!40000 ALTER TABLE `concept_reference_source` ENABLE KEYS */;
UNLOCK TABLES;

--
-- Table structure for table `concept_reference_term`
--

DROP TABLE IF EXISTS `concept_reference_term`;
/*!40101 SET @saved_cs_client     = @@character_set_client */;
/*!40101 SET character_set_client = utf8 */;
CREATE TABLE `concept_reference_term` (
  `concept_reference_term_id` int(11) NOT NULL AUTO_INCREMENT,
  `concept_source_id` int(11) NOT NULL,
  `name` varchar(255) DEFAULT NULL,
  `code` varchar(255) NOT NULL,
  `version` varchar(255) DEFAULT NULL,
  `description` varchar(255) DEFAULT NULL,
  `creator` int(11) NOT NULL,
  `date_created` datetime NOT NULL,
  `date_changed` datetime DEFAULT NULL,
  `changed_by` int(11) DEFAULT NULL,
  `retired` tinyint(1) NOT NULL DEFAULT '0',
  `retired_by` int(11) DEFAULT NULL,
  `date_retired` datetime DEFAULT NULL,
  `retire_reason` varchar(255) DEFAULT NULL,
  `uuid` char(38) NOT NULL,
  PRIMARY KEY (`concept_reference_term_id`),
  UNIQUE KEY `uuid` (`uuid`),
  KEY `mapped_user_creator` (`creator`),
  KEY `mapped_user_changed` (`changed_by`),
  KEY `mapped_user_retired` (`retired_by`),
  KEY `mapped_concept_source` (`concept_source_id`),
  CONSTRAINT `mapped_concept_source` FOREIGN KEY (`concept_source_id`) REFERENCES `concept_reference_source` (`concept_source_id`),
  CONSTRAINT `mapped_user_changed` FOREIGN KEY (`changed_by`) REFERENCES `users` (`user_id`),
  CONSTRAINT `mapped_user_creator` FOREIGN KEY (`creator`) REFERENCES `users` (`user_id`),
  CONSTRAINT `mapped_user_retired` FOREIGN KEY (`retired_by`) REFERENCES `users` (`user_id`)
) ENGINE=InnoDB AUTO_INCREMENT=3 DEFAULT CHARSET=utf8;
/*!40101 SET character_set_client = @saved_cs_client */;

--
-- Dumping data for table `concept_reference_term`
--

LOCK TABLES `concept_reference_term` WRITE;
/*!40000 ALTER TABLE `concept_reference_term` DISABLE KEYS */;
INSERT INTO `concept_reference_term` VALUES (1,1,'CVD_RISK','pavan dubba',NULL,NULL,3,'2014-10-29 17:50:29',NULL,NULL,0,NULL,NULL,NULL,'4fd4726a-8a13-4999-8efd-7152c4cde568'),(2,2,'3','Text',NULL,NULL,4,'2014-10-29 18:14:10',NULL,NULL,0,NULL,NULL,NULL,'4ade393c-b1d7-49cd-a5f7-04c59b74caa8');
/*!40000 ALTER TABLE `concept_reference_term` ENABLE KEYS */;
UNLOCK TABLES;

--
-- Table structure for table `concept_reference_term_map`
--

DROP TABLE IF EXISTS `concept_reference_term_map`;
/*!40101 SET @saved_cs_client     = @@character_set_client */;
/*!40101 SET character_set_client = utf8 */;
CREATE TABLE `concept_reference_term_map` (
  `concept_reference_term_map_id` int(11) NOT NULL AUTO_INCREMENT,
  `term_a_id` int(11) NOT NULL,
  `term_b_id` int(11) NOT NULL,
  `a_is_to_b_id` int(11) NOT NULL,
  `creator` int(11) NOT NULL,
  `date_created` datetime NOT NULL,
  `changed_by` int(11) DEFAULT NULL,
  `date_changed` datetime DEFAULT NULL,
  `uuid` char(38) NOT NULL,
  PRIMARY KEY (`concept_reference_term_map_id`),
  UNIQUE KEY `uuid` (`uuid`),
  KEY `mapped_term_a` (`term_a_id`),
  KEY `mapped_term_b` (`term_b_id`),
  KEY `mapped_concept_map_type_ref_term_map` (`a_is_to_b_id`),
  KEY `mapped_user_creator_ref_term_map` (`creator`),
  KEY `mapped_user_changed_ref_term_map` (`changed_by`),
  CONSTRAINT `mapped_concept_map_type_ref_term_map` FOREIGN KEY (`a_is_to_b_id`) REFERENCES `concept_map_type` (`concept_map_type_id`),
  CONSTRAINT `mapped_term_a` FOREIGN KEY (`term_a_id`) REFERENCES `concept_reference_term` (`concept_reference_term_id`),
  CONSTRAINT `mapped_term_b` FOREIGN KEY (`term_b_id`) REFERENCES `concept_reference_term` (`concept_reference_term_id`),
  CONSTRAINT `mapped_user_changed_ref_term_map` FOREIGN KEY (`changed_by`) REFERENCES `users` (`user_id`),
  CONSTRAINT `mapped_user_creator_ref_term_map` FOREIGN KEY (`creator`) REFERENCES `users` (`user_id`)
) ENGINE=InnoDB DEFAULT CHARSET=utf8;
/*!40101 SET character_set_client = @saved_cs_client */;

--
-- Dumping data for table `concept_reference_term_map`
--

LOCK TABLES `concept_reference_term_map` WRITE;
/*!40000 ALTER TABLE `concept_reference_term_map` DISABLE KEYS */;
/*!40000 ALTER TABLE `concept_reference_term_map` ENABLE KEYS */;
UNLOCK TABLES;

--
-- Table structure for table `concept_set`
--

DROP TABLE IF EXISTS `concept_set`;
/*!40101 SET @saved_cs_client     = @@character_set_client */;
/*!40101 SET character_set_client = utf8 */;
CREATE TABLE `concept_set` (
  `concept_set_id` int(11) NOT NULL AUTO_INCREMENT,
  `concept_id` int(11) NOT NULL DEFAULT '0',
  `concept_set` int(11) NOT NULL DEFAULT '0',
  `sort_weight` double DEFAULT NULL,
  `creator` int(11) NOT NULL DEFAULT '0',
  `date_created` datetime NOT NULL,
  `uuid` char(38) DEFAULT NULL,
  PRIMARY KEY (`concept_set_id`),
  UNIQUE KEY `concept_set_uuid_index` (`uuid`),
  KEY `idx_concept_set_concept` (`concept_id`),
  KEY `has_a` (`concept_set`),
  KEY `user_who_created` (`creator`),
  CONSTRAINT `has_a` FOREIGN KEY (`concept_set`) REFERENCES `concept` (`concept_id`),
  CONSTRAINT `user_who_created` FOREIGN KEY (`creator`) REFERENCES `users` (`user_id`)
) ENGINE=InnoDB DEFAULT CHARSET=utf8;
/*!40101 SET character_set_client = @saved_cs_client */;

--
-- Dumping data for table `concept_set`
--

LOCK TABLES `concept_set` WRITE;
/*!40000 ALTER TABLE `concept_set` DISABLE KEYS */;
/*!40000 ALTER TABLE `concept_set` ENABLE KEYS */;
UNLOCK TABLES;

--
-- Table structure for table `concept_set_derived`
--

DROP TABLE IF EXISTS `concept_set_derived`;
/*!40101 SET @saved_cs_client     = @@character_set_client */;
/*!40101 SET character_set_client = utf8 */;
CREATE TABLE `concept_set_derived` (
  `concept_id` int(11) NOT NULL DEFAULT '0',
  `concept_set` int(11) NOT NULL DEFAULT '0',
  `sort_weight` double DEFAULT NULL,
  PRIMARY KEY (`concept_id`,`concept_set`)
) ENGINE=InnoDB DEFAULT CHARSET=utf8;
/*!40101 SET character_set_client = @saved_cs_client */;

--
-- Dumping data for table `concept_set_derived`
--

LOCK TABLES `concept_set_derived` WRITE;
/*!40000 ALTER TABLE `concept_set_derived` DISABLE KEYS */;
/*!40000 ALTER TABLE `concept_set_derived` ENABLE KEYS */;
UNLOCK TABLES;

--
-- Table structure for table `concept_state_conversion`
--

DROP TABLE IF EXISTS `concept_state_conversion`;
/*!40101 SET @saved_cs_client     = @@character_set_client */;
/*!40101 SET character_set_client = utf8 */;
CREATE TABLE `concept_state_conversion` (
  `concept_state_conversion_id` int(11) NOT NULL AUTO_INCREMENT,
  `concept_id` int(11) DEFAULT '0',
  `program_workflow_id` int(11) DEFAULT '0',
  `program_workflow_state_id` int(11) DEFAULT '0',
  `uuid` char(38) DEFAULT NULL,
  PRIMARY KEY (`concept_state_conversion_id`),
  UNIQUE KEY `unique_workflow_concept_in_conversion` (`program_workflow_id`,`concept_id`),
  UNIQUE KEY `concept_state_conversion_uuid_index` (`uuid`),
  KEY `concept_triggers_conversion` (`concept_id`),
  KEY `conversion_to_state` (`program_workflow_state_id`),
  CONSTRAINT `concept_triggers_conversion` FOREIGN KEY (`concept_id`) REFERENCES `concept` (`concept_id`),
  CONSTRAINT `conversion_involves_workflow` FOREIGN KEY (`program_workflow_id`) REFERENCES `program_workflow` (`program_workflow_id`),
  CONSTRAINT `conversion_to_state` FOREIGN KEY (`program_workflow_state_id`) REFERENCES `program_workflow_state` (`program_workflow_state_id`)
) ENGINE=InnoDB DEFAULT CHARSET=utf8;
/*!40101 SET character_set_client = @saved_cs_client */;

--
-- Dumping data for table `concept_state_conversion`
--

LOCK TABLES `concept_state_conversion` WRITE;
/*!40000 ALTER TABLE `concept_state_conversion` DISABLE KEYS */;
/*!40000 ALTER TABLE `concept_state_conversion` ENABLE KEYS */;
UNLOCK TABLES;

--
-- Table structure for table `concept_stop_word`
--

DROP TABLE IF EXISTS `concept_stop_word`;
/*!40101 SET @saved_cs_client     = @@character_set_client */;
/*!40101 SET character_set_client = utf8 */;
CREATE TABLE `concept_stop_word` (
  `concept_stop_word_id` int(11) NOT NULL AUTO_INCREMENT,
  `word` varchar(50) NOT NULL,
  `locale` varchar(20) NOT NULL DEFAULT 'en',
  `uuid` char(38) NOT NULL,
  PRIMARY KEY (`concept_stop_word_id`),
  UNIQUE KEY `Unique_StopWord_Key` (`word`,`locale`)
) ENGINE=InnoDB AUTO_INCREMENT=11 DEFAULT CHARSET=utf8;
/*!40101 SET character_set_client = @saved_cs_client */;

--
-- Dumping data for table `concept_stop_word`
--

LOCK TABLES `concept_stop_word` WRITE;
/*!40000 ALTER TABLE `concept_stop_word` DISABLE KEYS */;
INSERT INTO `concept_stop_word` VALUES (1,'A','en','f5f45540-e2a7-11df-87ae-18a905e044dc'),(2,'AND','en','f5f469ae-e2a7-11df-87ae-18a905e044dc'),(3,'AT','en','f5f47070-e2a7-11df-87ae-18a905e044dc'),(4,'BUT','en','f5f476c4-e2a7-11df-87ae-18a905e044dc'),(5,'BY','en','f5f47d04-e2a7-11df-87ae-18a905e044dc'),(6,'FOR','en','f5f4834e-e2a7-11df-87ae-18a905e044dc'),(7,'HAS','en','f5f48a24-e2a7-11df-87ae-18a905e044dc'),(8,'OF','en','f5f49064-e2a7-11df-87ae-18a905e044dc'),(9,'THE','en','f5f496ae-e2a7-11df-87ae-18a905e044dc'),(10,'TO','en','f5f49cda-e2a7-11df-87ae-18a905e044dc');
/*!40000 ALTER TABLE `concept_stop_word` ENABLE KEYS */;
UNLOCK TABLES;

--
-- Table structure for table `concept_word`
--

DROP TABLE IF EXISTS `concept_word`;
/*!40101 SET @saved_cs_client     = @@character_set_client */;
/*!40101 SET character_set_client = utf8 */;
CREATE TABLE `concept_word` (
  `concept_word_id` int(11) NOT NULL AUTO_INCREMENT,
  `concept_id` int(11) NOT NULL DEFAULT '0',
  `word` varchar(50) NOT NULL DEFAULT '',
  `locale` varchar(20) NOT NULL DEFAULT '',
  `concept_name_id` int(11) NOT NULL,
  `weight` double DEFAULT '1',
  PRIMARY KEY (`concept_word_id`),
  KEY `word_in_concept_name` (`word`),
  KEY `concept_word_concept_idx` (`concept_id`),
  KEY `concept_word_weight_index` (`weight`),
  KEY `word_for_name` (`concept_name_id`),
  CONSTRAINT `word_for` FOREIGN KEY (`concept_id`) REFERENCES `concept` (`concept_id`),
  CONSTRAINT `word_for_name` FOREIGN KEY (`concept_name_id`) REFERENCES `concept_name` (`concept_name_id`)
) ENGINE=InnoDB AUTO_INCREMENT=446 DEFAULT CHARSET=utf8;
/*!40101 SET character_set_client = @saved_cs_client */;

--
-- Dumping data for table `concept_word`
--

LOCK TABLES `concept_word` WRITE;
/*!40000 ALTER TABLE `concept_word` DISABLE KEYS */;
INSERT INTO `concept_word` VALUES (21,1,'OUI','fr',6,11.9111111111111),(22,1,'VERDADEIRO','pt',3,8.31),(23,1,'VERO','it',1,10.5),(24,1,'YES','en',8,11.9111111111111),(25,1,'VRAI','fr',5,10.5),(26,1,'S','es',10,15.15),(27,1,'VERDADERO','es',9,8.45679012345679),(28,1,'TRUE','en',7,10.5625),(29,1,'S','it',2,15.15),(30,1,'SIM','pt',4,11.9111111111111),(31,2,'NO','es',20,15.15),(32,2,'NON','fr',16,11.9111111111111),(33,2,'FALSO','it',11,9.72),(34,2,'FALSO','es',19,9.72),(35,2,'FALSO','pt',13,9.72),(36,2,'NO','it',12,15.15),(37,2,'FAUX','fr',15,10.5),(38,2,'FALSE','en',17,9.78),(39,2,'NO','en',18,15.15),(40,2,'NO','pt',14,11.9111111111111),(51,4,'3','es',30,28.5),(52,4,'3','en',27,28.5),(53,4,'3','fr',26,28.5),(54,4,'3','it',29,28.5),(55,4,'3','pt',28,28.5),(56,5,'PHC','en',31,3.125),(57,5,'NAME','en',31,1.475),(58,6,'VILL','en',32,2.83333333333333),(59,6,'NAME','en',32,1.4537037037037),(60,7,'ASSIGNED','en',33,1.39102564102564),(61,7,'ASHA','en',33,2.73076923076923),(62,8,'TYPE','en',34,1.475),(63,8,'ENC','en',34,3.125),(64,9,'ENC','en',35,3.125),(65,9,'DATE','en',35,1.475),(66,10,'LOCALITY','en',36,8.8125),(67,11,'ADDRESS','en',37,9.06122448979592),(68,12,'PATIENT','en',38,2.47857142857143),(69,12,'ID','en',38,1.43888888888889),(70,13,'CONSENT','en',39,2.4512987012987),(71,13,'NUM','en',39,1.42171717171717),(72,14,'FIRST','en',40,2.65),(73,14,'NAME','en',40,1.43571428571429),(74,15,'SUR','en',41,3.125),(75,15,'NAME','en',41,1.475),(76,16,'NUM','en',42,1.42171717171717),(77,16,'CONTACT','en',42,2.4512987012987),(78,17,'SHARED','en',43,2.5),(79,17,'PHONE','en',43,1.40625),(80,18,'DOB','en',44,12.1111111111111),(81,19,'UNSURE','en',45,1.43),(82,19,'DOB','en',45,3.05),(83,20,'DOA','en',46,12.1111111111111),(84,21,'AGE','en',47,12.1111111111111),(85,22,'GENDER','en',48,9.40277777777778),(86,23,'PH','en',49,3.5),(87,23,'HRTATTACK','en',49,1.39583333333333),(88,24,'HRTATTACK','en',50,1.43055555555556),(89,24,'PH','en',50,3.41666666666667),(90,24,'SINCE','en',50,1.35714285714286),(91,25,'STROKE','en',51,1.44444444444444),(92,25,'PH','en',51,3.58333333333333),(93,26,'STROKE','en',52,1.46666666666667),(94,26,'PH','en',52,3.45),(95,26,'SINCE','en',52,1.37727272727273),(96,27,'PVD','en',53,1.54166666666667),(97,27,'PH','en',53,3.75),(98,28,'PH','en',54,3.5),(99,28,'SINCE','en',54,1.40625),(100,28,'PVD','en',54,1.52083333333333),(101,29,'PH','en',55,3.85),(102,29,'BP','en',55,1.6),(103,30,'BP','en',56,1.54545454545455),(104,30,'PH','en',56,3.52272727272727),(105,30,'SINCE','en',56,1.41883116883117),(106,31,'PH','en',57,3.67857142857143),(107,31,'DIAB','en',57,1.5),(108,32,'SINCE','en',58,1.39529914529915),(109,32,'PH','en',58,3.48076923076923),(110,32,'DIAB','en',58,1.5),(111,33,'HRTATTACK','en',59,1.39583333333333),(112,33,'FH','en',59,3.5),(113,34,'STROKE','en',60,1.44444444444444),(114,34,'FH','en',60,3.58333333333333),(115,35,'DIAB','en',61,1.5),(116,35,'FH','en',61,3.67857142857143),(117,36,'BP','en',62,1.6),(118,36,'TH','en',62,3.85),(119,37,'TH','en',63,3.67857142857143),(120,37,'APTT','en',63,1.5),(121,38,'TH','en',64,3.67857142857143),(122,38,'LLTT','en',64,1.5),(123,39,'DIAB','en',65,1.5),(124,39,'TH','en',65,3.67857142857143),(125,40,'BP','en',66,3.52272727272727),(126,40,'DRUGLIST','en',66,1.40909090909091),(127,41,'BP','en',67,3.58333333333333),(128,41,'PERDAY','en',67,1.44444444444444),(129,42,'PERWEEK','en',68,1.425),(130,42,'BP','en',68,3.55),(131,43,'BP','en',69,3.46428571428571),(132,43,'PERLASTWEEK','en',69,1.375),(133,44,'BP','en',70,3.45),(134,44,'PERYESTERDAY','en',70,1.36666666666667),(135,45,'DRUGLIST','en',71,1.39102564102564),(136,45,'APTT','en',71,2.73076923076923),(137,46,'PERDAY','en',72,1.41666666666667),(138,46,'APTT','en',72,2.77272727272727),(139,47,'PERWEEK','en',73,1.40277777777778),(140,47,'APTT','en',73,2.75),(141,48,'APTT','en',74,2.6875),(142,48,'PERLASTWEEK','en',74,1.36458333333333),(143,49,'APTT','en',75,2.67647058823529),(144,49,'PERYESTERDAY','en',75,1.3578431372549),(145,50,'DRUGLIST','en',76,1.39102564102564),(146,50,'LLTT','en',76,2.73076923076923),(147,51,'LLTT','en',77,2.77272727272727),(148,51,'PERDAY','en',77,1.41666666666667),(149,52,'PERWEEK','en',78,1.40277777777778),(150,52,'LLTT','en',78,2.75),(151,53,'PERLASTWEEK','en',79,1.36458333333333),(152,53,'LLTT','en',79,2.6875),(153,54,'PERYESTERDAY','en',80,1.3578431372549),(154,54,'LLTT','en',80,2.67647058823529),(155,55,'TOBACCO','en',81,2.42857142857143),(156,55,'QUES','en',81,1.40740740740741),(157,56,'SH','en',82,3.55),(158,56,'CURRENT','en',82,1.425),(159,57,'SH','en',83,3.67857142857143),(160,57,'QUIT','en',83,1.5),(161,58,'AGESTARTED','en',84,1.38461538461538),(162,58,'SH','en',84,3.48076923076923),(163,59,'CH','en',85,3.55),(164,59,'CURRENT','en',85,1.425),(165,60,'CH','en',86,3.67857142857143),(166,60,'QUIT','en',86,1.5),(167,61,'AGESTARTED','en',87,1.38461538461538),(168,61,'CH','en',87,3.48076923076923),(169,62,'SBP1','en',88,10.6875),(170,63,'SBP2','en',89,10.6875),(171,64,'SBP3','en',90,10.6875),(172,65,'DBP1','en',91,10.6875),(173,66,'DBP2','en',92,10.6875),(174,67,'DBP3','en',93,10.6875),(175,68,'HR1','en',94,12.1111111111111),(176,69,'HR2','en',95,12.1111111111111),(177,70,'HR3','en',96,12.1111111111111),(178,71,'AVG','en',97,1.50714285714286),(179,71,'SBP','en',97,3.17857142857143),(180,72,'DBP','en',98,3.17857142857143),(181,72,'AVG','en',98,1.50714285714286),(182,73,'AVG','en',99,1.54166666666667),(183,73,'HR','en',99,3.75),(184,74,'CUFFSIZE','en',100,1.40909090909091),(185,74,'BP','en',100,3.52272727272727),(186,75,'BG','en',101,3.625),(187,75,'VALUE','en',101,1.46875),(188,76,'BG','en',102,3.55),(189,76,'LASTEAT','en',102,1.425),(190,77,'BG','en',103,3.55),(191,77,'RECTIME','en',103,1.425),(192,78,'TC','en',104,15.375),(193,79,'HDL','en',105,12.1111111111111),(194,80,'LDL','en',106,12.1111111111111),(195,81,'TG','en',107,15.375),(196,82,'RESULTDATE','en',108,1.37222222222222),(197,82,'CHOL','en',108,2.7),(198,83,'HT','en',109,15.375),(199,84,'WT','en',110,15.375),(200,85,'PH','en',111,3.52272727272727),(201,85,'CVD','en',111,1.52272727272727),(202,85,'CALC','en',111,1.42045454545455),(203,86,'FH','en',112,3.52272727272727),(204,86,'CALC','en',112,1.42045454545455),(205,86,'CVD','en',112,1.52272727272727),(206,87,'CALC','en',113,1.42045454545455),(207,87,'SMOKER','en',113,2.52272727272727),(208,88,'DIAB','en',114,2.83333333333333),(209,88,'CALC','en',114,1.4537037037037),(210,89,'TL','en',115,1.45833333333333),(211,89,'SMOKER','en',115,2.58333333333333),(212,90,'FASTING','en',116,1.45),(213,90,'BG','en',116,3.45),(214,90,'CALC','en',116,1.37777777777778),(215,91,'RISK','en',117,1.475),(216,91,'CVD','en',117,3.125),(217,92,'RECOM','en',118,1.46875),(218,92,'AR','en',118,3.625),(219,93,'AR','en',119,1.6),(220,93,'NV','en',119,3.85),(221,94,'DIAB','en',120,1.5),(222,94,'NV','en',120,3.67857142857143),(223,95,'DOC','en',121,1.50714285714286),(224,95,'REF','en',121,3.17857142857143),(225,96,'RH','en',122,3.85),(226,96,'Q1','en',122,1.6),(227,97,'RH','en',123,3.85),(228,97,'Q2','en',123,1.6),(229,98,'Q2','en',124,1.55555555555556),(230,98,'RH','en',124,3.58333333333333),(231,98,'YES','en',124,1.45634920634921),(232,99,'NO','en',125,1.48214285714286),(233,99,'Q2','en',125,1.5625),(234,99,'RH','en',125,3.625),(235,100,'Q2','en',126,1.52380952380952),(236,100,'REASON','en',126,1.3422619047619),(237,100,'OTHER','en',126,1.37380952380952),(238,100,'NO','en',126,1.42687074829932),(239,100,'RH','en',126,3.39285714285714),(240,101,'SBP','en',127,1.4375),(241,101,'TARGET','en',127,2.55),(242,102,'SBP','en',128,1.42307692307692),(243,102,'TL','en',128,1.3974358974359),(244,102,'TARGET','en',128,2.48076923076923),(245,103,'DBP','en',129,1.4375),(246,103,'TARGET','en',129,2.55),(247,104,'DBP','en',130,1.42307692307692),(248,104,'TL','en',130,1.3974358974359),(249,104,'TARGET','en',130,2.48076923076923),(250,105,'MED','en',131,3.25),(251,105,'BP','en',131,1.55),(252,106,'STATIN','en',132,1.43),(253,106,'MED','en',132,3.05),(254,107,'ASPIRIN','en',133,1.41363636363636),(255,107,'MED','en',133,3.02272727272727),(256,108,'MED','en',134,2.98076923076923),(257,108,'REASON','en',134,1.39423076923077),(258,108,'BP','en',134,1.49615384615385),(259,109,'REASON','en',135,1.37666666666667),(260,109,'LLTT','en',135,1.46333333333333),(261,109,'MED','en',135,2.95),(262,110,'MED','en',136,2.95),(263,110,'APTT','en',136,1.46333333333333),(264,110,'REASON','en',136,1.37666666666667),(265,111,'1MONTH','en',137,1.36274509803922),(266,111,'VISIT','en',137,1.42647058823529),(267,111,'NEXT','en',137,2.67647058823529),(268,112,'TT','en',138,3.625),(269,112,'ADHER','en',138,1.46875),(270,113,'MED','en',139,3),(271,113,'RECEIVED','en',139,1.4),(272,114,'DATE','en',140,1.5530303030303),(273,114,'UPDATE','en',140,2.52272727272727),(274,115,'DATE','en',141,1.40740740740741),(275,115,'CREATED','en',141,2.42857142857143),(276,116,'LOGIN','en',142,1.35714285714286),(277,116,'USER','en',142,1.39197530864198),(278,116,'CURRENT','en',142,2.3452380952381),(279,117,'CURRENT','en',143,2.35504201680672),(280,117,'ROLE','en',143,1.36344537815126),(281,117,'USER','en',143,1.3937908496732),(282,118,'ENCOUNTER','en',144,1.38095238095238),(283,118,'LAST','en',144,2.71428571428571),(284,119,'CURRENT','en',145,2.35504201680672),(285,119,'ENCOUNTER','en',145,1.36111111111111),(286,120,'PRES','en',146,1.5),(287,120,'TT','en',146,3.67857142857143),(288,121,'CARD','en',147,1.46818181818182),(289,121,'REF','en',147,3.02272727272727),(290,121,'NO','en',147,1.42272727272727),(291,122,'HIGH','en',148,2.71428571428571),(292,122,'CALC','en',148,1.38636363636364),(293,122,'RISK','en',148,1.44047619047619),(294,123,'PULSE','en',149,9.9),(295,124,'BG','en',150,1.6),(296,124,'TH','en',150,3.85),(297,125,'REASON','en',151,1.3515037593985),(298,125,'DIABETES','en',151,1.41842105263158),(299,125,'MED','en',151,2.90789473684211),(300,126,'MED','en',152,3),(301,126,'DIABETES','en',152,1.4),(302,127,'DRUGLIST','en',153,1.36176470588235),(303,127,'DIABETES','en',153,2.30147058823529),(306,128,'NUM','en',154,1.4375),(307,128,'AADHAR','en',154,2.55),(308,129,'BG','en',155,3.58333333333333),(309,129,'PERDAY','en',155,1.44444444444444),(310,130,'BG','en',156,3.55),(311,130,'PERWEEK','en',156,1.425),(312,131,'PERLASTWEEK','en',157,1.375),(313,131,'BG','en',157,3.46428571428571),(314,132,'PERYESTERDAY','en',158,1.36666666666667),(315,132,'BG','en',158,3.45),(316,133,'LEFT','en',159,1.36344537815126),(317,133,'MONOFILAMENT','en',159,2.17647058823529),(318,134,'SBP','en',160,12.1111111111111),(319,135,'DORSALISPIDES','en',161,2.1474358974359),(320,135,'LEFT','en',161,1.35740740740741),(321,136,'RIGHT','en',162,1.35714285714286),(322,136,'MONOFILAMENT','en',162,2.16666666666667),(323,137,'REPORTING','en',163,1.35434782608696),(324,137,'3M','en',163,1.42391304347826),(325,137,'HBA1C','en',163,2.4804347826087),(326,137,'DATE','en',163,1.33478260869565),(327,138,'REF','en',164,1.45634920634921),(328,138,'RUSHA','en',164,2.68333333333333),(329,139,'DBP','en',165,12.1111111111111),(330,140,'BASELINE','en',166,2.33928571428571),(331,140,'HBA1C','en',166,1.38571428571429),(332,141,'STATUS','en',167,1.36931818181818),(333,141,'INTERVIEW','en',167,2.27083333333333),(334,142,'RECTRUITED','en',168,8.475),(335,143,'COMPLAINTS','en',169,2.21666666666667),(336,143,'IMPIRED','en',169,1.35648148148148),(337,144,'FACE','en',170,1.39615384615385),(338,144,'SWELLING','en',170,2.35576923076923),(339,145,'BMI','en',171,12.1111111111111),(340,146,'WEIGHT','en',172,9.40277777777778),(341,147,'HEIGHT','en',173,9.40277777777778),(342,148,'ALCOHOL','en',174,1.36229946524064),(343,148,'VOLUME','en',174,2.42647058823529),(344,149,'ALCHOHOL','en',175,1.35606060606061),(345,149,'CURRENTLY','en',175,2.25),(346,150,'MANY','en',176,1.37777777777778),(347,150,'HOW','en',176,1.41666666666667),(348,150,'PERDAY','en',176,2.45),(349,151,'DORSALISPIDES','en',177,2.13866396761134),(350,151,'RIGHT','en',177,1.35175438596491),(351,152,'UCLERS','en',178,1.41666666666667),(352,152,'FOOT','en',178,2.77272727272727),(353,153,'DB','en',179,1.41666666666667),(354,153,'FAMILY','en',179,2.41666666666667),(355,153,'RELATION','en',179,1.35606060606061),(356,154,'HISTORY','en',180,2.40934065934066),(357,154,'STROK','en',180,1.39529914529915),(358,155,'HISTORY','en',181,2.37857142857143),(359,155,'STK','en',181,1.37820512820513),(360,155,'HT','en',181,1.40333333333333),(361,156,'DATE','en',182,1.43571428571429),(362,156,'HBA1C','en',182,2.65),(363,157,'RESULT','en',183,1.4047619047619),(364,157,'HBA1C','en',183,2.6),(365,158,'DATE','en',184,2.65),(366,158,'RECRUITEMENT','en',184,1.34444444444444),(367,159,'STATUS','en',185,1.41666666666667),(368,159,'DIAB','en',185,2.77272727272727),(369,160,'HISTORY','en',186,2.3452380952381),(370,160,'FT','en',186,1.39444444444444),(371,160,'ULCERS','en',186,1.35683760683761),(372,161,'SMOKE','en',187,1.37727272727273),(373,161,'CURRENTLY','en',187,2.28333333333333),(374,162,'BD','en',188,1.425),(375,162,'SUGAR','en',188,1.37727272727273),(376,162,'RANDOM','en',188,2.45),(377,163,'SPNR','en',189,1.39615384615385),(378,163,'RISK','en',189,2.73076923076923),(379,163,'FCT','en',189,1.45512820512821),(380,164,'OR','en',190,1.41666666666667),(381,164,'NAME','en',190,1.35740740740741),(382,164,'FATHER','en',190,2.41666666666667),(383,164,'HUS','en',190,1.38131313131313),(384,165,'RELATION','en',191,1.33088235294118),(385,165,'FATHERORHUSBAND','en',191,2.075),(388,166,'HOSPITAL','en',192,2.39772727272727),(389,166,'NO','en',192,1.42272727272727),(390,167,'INDEX','en',193,1.39473684210526),(391,167,'NUMBER','en',193,1.3515037593985),(392,167,'FAMILY','en',193,2.40789473684211),(393,168,'TYPE','en',194,2.75),(394,168,'ROOF','en',194,1.40740740740741),(395,169,'NO','en',195,1.51190476190476),(396,169,'DOOR','en',195,2.92857142857143),(397,170,'OCCUPATION','en',196,8.475),(398,171,'EDUCATION','en',197,8.62345679012346),(399,172,'CREATININE','en',198,8.475),(400,173,'PSU','en',199,12.1111111111111),(401,174,'NAME','en',200,1.42045454545455),(402,174,'STREET','en',200,2.52272727272727),(403,175,'DATE','en',201,2.67647058823529),(404,175,'SCREENING','en',201,1.36111111111111),(405,176,'MICROALBUMIN','en',202,8.25694444444444),(406,177,'CHOLESTEROL','en',203,1.35924369747899),(407,177,'TOTAL','en',203,2.52647058823529),(408,178,'TRIGLYCERIDES','en',204,8.17455621301775),(409,179,'ECG','en',205,12.1111111111111),(410,180,'EGFR','en',206,10.6875),(411,181,'LEFT','en',207,1.32962962962963),(412,181,'RETINOPATHY','en',207,1.36111111111111),(413,181,'EYE','en',207,1.32259259259259),(414,181,'YES','en',207,1.50925925925926),(415,181,'IF','en',207,3.36111111111111),(416,182,'RETINOPATHY','en',208,2.17272727272727),(417,182,'LEFT','en',208,1.36153846153846),(418,182,'EYE','en',208,1.34722222222222),(419,183,'RIGHT','en',209,1.32678571428571),(420,183,'IF','en',209,3.35714285714286),(421,183,'YES','en',209,1.50892857142857),(422,183,'RETINOPATHY','en',209,1.36160714285714),(423,183,'EYE','en',209,1.32005494505495),(424,184,'RETINOPATHY','en',210,2.16558441558442),(425,184,'EYE','en',210,1.34273182957393),(426,184,'RIGHT','en',210,1.35622710622711),(427,185,'YES','en',211,1.50806451612903),(428,185,'IF','en',211,3.34677419354839),(429,185,'LETF','en',211,1.32012622720898),(430,185,'BIOTHESIOMETER','en',211,1.3508064516129),(431,185,'FOOT','en',211,1.31336405529954),(432,186,'FOOT','en',212,1.33134920634921),(433,186,'BIOTHESIOMETER','en',212,2.08928571428571),(434,186,'LETF','en',212,1.34375),(435,187,'FOOT','en',213,1.3114224137931),(436,187,'IF','en',213,3.34375),(437,187,'YES','en',213,1.5078125),(438,187,'RIGHT','en',213,1.3179347826087),(439,187,'BIOTHESIOMETER','en',213,1.3515625),(440,188,'BIOTHESIOMETER','en',214,2.08428571428571),(441,188,'RIGHT','en',214,1.34),(442,188,'FOOT','en',214,1.32818181818182),(443,189,'OBSERVATIONS','en',215,1.32175925925926),(444,189,'MEDICAL','en',215,2.28968253968254),(445,189,'RECORD','en',215,1.37345679012346);
/*!40000 ALTER TABLE `concept_word` ENABLE KEYS */;
UNLOCK TABLES;

--
-- Table structure for table `cvd_basetable`
--

DROP TABLE IF EXISTS `cvd_basetable`;
/*!40101 SET @saved_cs_client     = @@character_set_client */;
/*!40101 SET character_set_client = utf8 */;
CREATE TABLE `cvd_basetable` (
  `id` int(255) NOT NULL AUTO_INCREMENT,
  `enc_id` int(255) DEFAULT NULL,
  `patient_id` text,
  `first_name` text,
  `sur_name` text,
  `psu` text,
  `age` text,
  `gender` text,
  `dob` text,
  `fatherorhusband_relation` text,
  `father_or_hus_name` text,
  `family_index_number` text,
  `hospital_no` text,
  `door_no` text,
  `locality` text,
  `vill_name` text,
  `aadhar_num` text,
  `type_of_roof` text,
  `education` text,
  `occupation` text,
  `risk_fct_spnr` text,
  `random_bd_sugar` text,
  `hba1c_date` text,
  `hba1c_result` text,
  `date_of_recruitement` text,
  `diab_status` text,
  `fh_diab` text,
  `family_db_relation` text,
  `history_strok` text,
  `history__ht_stk` text,
  `history__ft_ulcers` text,
  `currently_smoke` text,
  `perday_how_many` text,
  `currently_alchohol` text,
  `volume_of_alcohol` text,
  `height` text,
  `weight` text,
  `bmi` text,
  `swelling_face` text,
  `complaints_impired` text,
  `foot_uclers` text,
  `dorsalispides_right` text,
  `dorsalispides_left` text,
  `monofilament_right` text,
  `monofilament_left` text,
  `sbp` text,
  `dbp` text,
  `baseline_hba1c` text,
  `hba1c_3M_reporting_date` text,
  `biothesiometer_letf_foot` text,
  `if_yes_biothesiometer_letf_foot` text,
  `biothesiometer_right_foot` text,
  `if_yes_biothesiometer_right_foot` text,
  `retinopathy_left_eye` text,
  `if_yes_retinopathy_left_eye` text,
  `retinopathy_right_eye` text,
  `if_yes_retinopathy_right_eye` text,
  `creatinine` text,
  `eGFR` text,
  `microalbumin` text,
  `total_cholesterol` text,
  `triglycerides` text,
  `hdl` text,
  `ldl` text,
  `ecg` text,
  `doa` text,
  `update_date` text,
  `created_date` text,
  `current_user_login` text,
  `current_user_role` text,
  `last_encounter` text,
  `current_encounter` text,
  `enc_date` datetime DEFAULT NULL,
  `enc_type` text,
  `phc_name` text,
  `asha_assigned` text,
  `ref_doc` text,
  `interview_status` text,
  `rectruited` text,
  `insertion_timestamp` timestamp NULL DEFAULT CURRENT_TIMESTAMP,
  `update_timestamp` timestamp NULL DEFAULT NULL,
  PRIMARY KEY (`id`)
) ENGINE=InnoDB AUTO_INCREMENT=57 DEFAULT CHARSET=utf8;
/*!40101 SET character_set_client = @saved_cs_client */;

--
-- Dumping data for table `cvd_basetable`
--

LOCK TABLES `cvd_basetable` WRITE;
/*!40000 ALTER TABLE `cvd_basetable` DISABLE KEYS */;
INSERT INTO `cvd_basetable` VALUES (1,66,'1040030001','jothi','jothi','4','53','F','1-1-1965','H','raja','1236585','236568','106','bazaar st,','thuthithangal','123695478965','2','5','1','2','150','15-2-2018','11.3','15-2-2018','1','3','2','0','0','0','1','0','1','0','152.3','53.53','23.08','0','0','1','1','1','1','1','140','85','11.3','NA','1','5','1','6','1','3','0','0','0.8','68','14','200','100','105.8','107.8','1','15-2-2018','15-02-2018 09:05:24','15-02-2018 09:05:24','ruhsa_1','doctor','SH_CVD_DOCTOR_FOLLOWUP_1','SH_CVD_DOCTOR_FOLLOWUP_2','2018-02-15 09:05:00','SH_CVD_DOCTOR_FOLLOWUP_2','3','ruhsa_1','1','done','Rectruited','2018-02-16 05:08:00',NULL),(2,67,'1040030001','jothi','jothi','4','53','F','1-1-1965','H','raja','1236585','236568','106','bazaar st,','thuthithangal','123695478965','2','5','1','2','150','15-2-2018','11.3','15-2-2018','1','3','2','0','0','0','1','0','1','0','152.3','53.53','23.08','0','0','1','1','1','1','1','140','85','11.3','NA','0','NA','0','NA','0','0','0','0','0.5','109','5','500','800','58','80','1','15-2-2018','15-02-2018 09:07:01','15-02-2018 09:07:01','ruhsa_1','doctor','SH_CVD_DOCTOR_FOLLOWUP_2','SH_CVD_DOCTOR_FOLLOWUP_3','2018-02-15 09:07:00','SH_CVD_DOCTOR_FOLLOWUP_3','3','ruhsa_1','1','done','Rectruited','2018-02-16 05:08:00',NULL),(3,68,'1020010001','asha5','asha5','2','55','F','1-1-1963','H','h5','55555','623514','45\\/4','ghjj','machanur','566859596598','3','5','4','2,4','190','15-2-2018','7.3','15-2-2018','1','6','1','1','0','0','2','0','2','1','155.5','59.5','24.61','1','0','0','1','1','1','1','130','80','11.5','NA','NA','NA','NA','NA','NA','NA','NA','NA','NA','NA','NA','NA','NA','NA','NA','NA','15-2-2018','15-02-2018 09:48:08','15-02-2018 09:48:08','ha_1','asha','NA','SH_CVD_ASHA_SCREENING_1','2018-02-15 09:48:00','SH_CVD_ASHA_SCREENING_1','3','ha_1','1','done','Rectruited','2018-02-16 05:08:00',NULL),(4,69,'1020010001','asha5','asha5','2','55','F','1-1-1963','H','h5','55555','623514','45\\\\/4','ghjj','machanur','566859596598','3','5','4','2,4','190','15-2-2018','7.3','15-2-2018','1','6','1','1','0','0','2','0','2','1','155.5','59.5','24.61','1','0','0','1','1','1','1','130','80','11.5','NA','1','8','1','9','0','0','0','0','0.9','66','5','150','80','58','85','1','15-2-2018','15-02-2018 09:53:12','15-02-2018 09:53:12','ruhsa_1','doctor','NA','SH_CVD_DOCTOR_FOLLOWUP_1','2018-02-15 09:53:00','SH_CVD_DOCTOR_FOLLOWUP_1','3','ha_1','1','done','Rectruited','2018-02-16 05:08:00',NULL),(5,70,'1010010001','naga','naga','1','58','F','1-1-1960','F','trpgg','855588','5555','hytg','ghh','gtffg','555585555525','1','6','7','3,4','140','16-2-2018','8.9','16-2-2018','0','52','NA','0','0','0','2','0','1','0','140','80','40.82','0','1','0','0','1','0','0','120','80','7','NA','NA','NA','NA','NA','NA','NA','NA','NA','NA','NA','NA','NA','NA','NA','NA','NA','16-2-2018','16-02-2018 09:55:50','16-02-2018 09:55:50','ha_1','asha','NA','SH_CVD_ASHA_SCREENING_1','2018-02-16 09:55:00','SH_CVD_ASHA_SCREENING_1','3','ha_1','1','done','Rectruited','2018-02-16 05:08:00',NULL),(6,71,'1040010001','sanju','sanju','4','52','M','1-1-1966','F','damsh','878875778','57578','udhdhf','hrhfhf','jhfff','578847857578','1','5','5','2,4','140','16-2-2018','7','16-2-2018','0','52','NA','0','0','0','1','0','1','0','140.5','80','40.53','0','0','1','0','0','1','0','120','80','7','NA','NA','NA','NA','NA','NA','NA','NA','NA','NA','NA','NA','NA','NA','NA','NA','NA','16-2-2018','16-02-2018 10:00:16','16-02-2018 10:00:16','ha_1','asha','NA','SH_CVD_ASHA_SCREENING_1','2018-02-16 10:00:00','SH_CVD_ASHA_SCREENING_1','3','ha_1','1','done','Rectruited','2018-02-16 05:08:00',NULL),(7,72,'1040010002','siri','siri','4','58','F','1-1-1960','F','naga','8757785454','575454','hdhdbfh','hdhdhfd','jdhdbd','575757884575','1','6','6','3,4','140','16-2-2018','8.4','16-2-2018','0','42','NA','0','0','0','1','0','1','0','120','80','55.56','0','1','0','0','1','0','0','120','80','7','NA','NA','NA','NA','NA','NA','NA','NA','NA','NA','NA','NA','NA','NA','NA','NA','NA','16-2-2018','16-02-2018 10:00:41','16-02-2018 10:00:41','ha_1','asha','NA','SH_CVD_ASHA_SCREENING_1','2018-02-16 10:00:00','SH_CVD_ASHA_SCREENING_1','3','ha_1','1','done','Rectruited','2018-02-16 05:08:00',NULL),(8,73,'1040010003','aaaa','aaaa','4','58','F','1-1-1960','H','hdydhdb','575458457','545484','bdhdh','bdudhhd','uhdhdhd','548845784455','1','6','6','1,4','140','16-2-2018','10.11','16-2-2018','0','35','NA','0','0','0','1','0','1','0','140','80','40.82','0','1','0','0','1','0','0','120','80','7','NA','NA','NA','NA','NA','NA','NA','NA','NA','NA','NA','NA','NA','NA','NA','NA','NA','16-2-2018','16-02-2018 10:01:11','16-02-2018 10:01:11','ha_1','asha','NA','SH_CVD_ASHA_SCREENING_1','2018-02-16 10:01:00','SH_CVD_ASHA_SCREENING_1','3','ha_1','1','done','Rectruited','2018-02-16 05:08:00',NULL),(9,74,'1040010004','abc','abc','4','65','F','1-1-1953','H','hyshdbd','8578484','878787','bydgd','bdyhd','hgsve','578788757848','1','5','6','2','140','16-2-2018','8.5','16-2-2018','0','38','NA','0','0','0','1','0','1','0','140','80','40.82','1','0','0','1','0','0','1','120','80','7','NA','NA','NA','NA','NA','NA','NA','NA','NA','NA','NA','NA','NA','NA','NA','NA','NA','16-2-2018','16-02-2018 10:01:32','16-02-2018 10:01:32','ha_1','asha','NA','SH_CVD_ASHA_SCREENING_1','2018-02-16 10:01:00','SH_CVD_ASHA_SCREENING_1','3','ha_1','1','done','Rectruited','2018-02-16 05:08:00',NULL),(16,75,'1010010001','bsgdg','bsgdg','1','56','F','1-1-1962','H','ydydbd','466464','585865','gdgd','jhdhdgd','hyxhd','848578846469','1','6','6','3,4','140','16-2-2018','8.9','16-2-2018','0','58','NA','0','0','0','1','0','1','0','140','80','40.82','1','1','0','0','1','0','0','120','80','7','NA','NA','NA','NA','NA','NA','NA','NA','NA','NA','NA','NA','NA','NA','NA','NA','NA','16-2-2018','16-02-2018 11:08:39','16-02-2018 11:08:39','ha_1','asha','NA','SH_CVD_ASHA_SCREENING_1','2018-02-16 11:08:00','SH_CVD_ASHA_SCREENING_1','3','ha_1','1','done','Rectruited','2018-02-16 07:40:35',NULL),(17,76,'1010010001','aaaaa','aaaaa','1','58','F','1-1-1960','H','jttt','665268','856855','ghbgg','jyggg','hyuh','568855688568','1','6','8','4,5','140','16-2-2018','8.1','16-2-2018','0','35','NA','0','0','0','1','0','1','0','140','80','40.82','1','0','0','1','0','0','1','120','80','7','NA','NA','NA','NA','NA','NA','NA','NA','NA','NA','NA','NA','NA','NA','NA','NA','NA','16-2-2018','16-02-2018 11:13:40','16-02-2018 11:13:40','ha_1','asha','NA','SH_CVD_ASHA_SCREENING_1','2018-02-16 11:13:00','SH_CVD_ASHA_SCREENING_1','3','ha_1','1','done','Rectruited','2018-02-16 07:40:35',NULL),(18,77,'1010010001','aaaaa','aaaaa','1','58','F','1-1-1960','H','jttt','665268','856855','ghbgg','jyggg','hyuh','568855688568','1','6','8','4,5','140','16-2-2018','8.1','16-2-2018','0','35','NA','0','0','0','1','0','1','0','140','80','40.82','0','0','1','0','0','1','0','120','80','7','16-2-2018','0','NA','0','NA','0','0','0','0','1','77','80','90','80','90','80','1','16-2-2018','16-02-2018 11:56:57','16-02-2018 11:56:57','ruhsa_1','doctor','NA','SH_CVD_DOCTOR_FOLLOWUP_1','2018-02-16 11:56:00','SH_CVD_DOCTOR_FOLLOWUP_1','3','ha_1','1','done','Rectruited','2018-02-16 07:40:35',NULL),(19,78,'1030030001','mukesh','mukesh','3','49','M','1-1-1969','F','baskar','333333','999999','12','big st','DR kuppam','987654321987','3','5','4','1,2,4','199','16-2-2018','11.5','16-2-2018','1','6','1','1','0','0','1','0','1','0','158.6','58.4','23.22','1','0','0','1','1','1','1','120','80','11.5','NA','NA','NA','NA','NA','NA','NA','NA','NA','NA','NA','NA','NA','NA','NA','NA','NA','16-2-2018','16-02-2018 14:56:06','16-02-2018 14:56:06','ha_3','asha','NA','SH_CVD_ASHA_SCREENING_1','2018-02-16 14:56:00','SH_CVD_ASHA_SCREENING_1','3','ha_3','1','done','Rectruited','2018-02-16 09:30:37',NULL),(20,79,'1040010005','xyz','xyz','4','52','F','1-1-1966','F','hhdgd','88787','5588','hydhd','uhdd','gtdgdd','854848454848','1','5','5','3,4','140','16-2-2018','8.9','16-2-2018','0','52','NA','0','0','0','1','0','1','0','148','80.5','36.75','0','1','0','0','1','0','0','120','80','7','NA','NA','NA','NA','NA','NA','NA','NA','NA','NA','NA','NA','NA','NA','NA','NA','NA','16-2-2018','16-02-2018 10:22:49','16-02-2018 10:22:49','ha_1','asha','NA','SH_CVD_ASHA_SCREENING_1','2018-02-16 10:22:00','SH_CVD_ASHA_SCREENING_1','3','ha_1','1','done','Rectruited','2018-02-16 10:18:24',NULL),(21,80,'1040010006','bbb','bbb','4','58','F','1-1-1960','F','gtegd','5758457','848445','hhdgd','gdtdg','ttdge','524845458424','1','6','6','2,3','140','16-2-2018','10.11','16-2-2018','0','52','NA','0','0','0','1','0','1','0','170','80','27.68','0','1','0','0','1','0','0','120','80','7','NA','NA','NA','NA','NA','NA','NA','NA','NA','NA','NA','NA','NA','NA','NA','NA','NA','16-2-2018','16-02-2018 10:23:13','16-02-2018 10:23:13','ha_1','asha','NA','SH_CVD_ASHA_SCREENING_1','2018-02-16 10:23:00','SH_CVD_ASHA_SCREENING_1','3','ha_1','1','done','Rectruited','2018-02-16 10:18:24',NULL),(22,81,'1040010007','cccc','cccc','4','65','F','1-1-1953','H','hgdgdgd','557875548','55484','hydgd','gydhd','ggdgd','554848845454','1','6','5','2,4','140','16-2-2018','9.8','16-2-2018','0','41','NA','0','0','0','1','0','1','0','140.25','80.5','40.93','0','0','1','0','0','1','0','143','80','7','NA','NA','NA','NA','NA','NA','NA','NA','NA','NA','NA','NA','NA','NA','NA','NA','NA','16-2-2018','16-02-2018 10:23:39','16-02-2018 10:23:39','ha_1','asha','NA','SH_CVD_ASHA_SCREENING_1','2018-02-16 10:23:00','SH_CVD_ASHA_SCREENING_1','3','ha_1','1','done','Rectruited','2018-02-16 10:18:24',NULL),(23,82,'1040010008','dddd','dddd','4','58','F','1-1-1960','H','hgdgd','857874','887878','gxggd','hydhd','hhdhdhd','554848484545','1','5','6','2,3','140','16-2-2018','10.15','16-2-2018','0','58','NA','0','0','0','1','0','1','0','140','80','40.82','0','1','0','0','1','0','0','120','80','7','NA','NA','NA','NA','NA','NA','NA','NA','NA','NA','NA','NA','NA','NA','NA','NA','NA','16-2-2018','16-02-2018 10:24:03','16-02-2018 10:24:03','ha_1','asha','NA','SH_CVD_ASHA_SCREENING_1','2018-02-16 10:24:00','SH_CVD_ASHA_SCREENING_1','3','ha_1','1','done','Rectruited','2018-02-16 10:18:24',NULL),(24,83,'1040010009','abcd','abcd','4','58','F','1-1-1960','H','hhdgr','557848757','854848','hdydy','uydyd','gd6dhhr','554848424845','2','5','6','2,3','140','16-2-2018','8.7','16-2-2018','0','58','NA','0','0','0','1','0','1','0','140','80','40.82','1','0','0','0','1','0','0','120','80','7','NA','NA','NA','NA','NA','NA','NA','NA','NA','NA','NA','NA','NA','NA','NA','NA','NA','16-2-2018','16-02-2018 10:24:45','16-02-2018 10:24:45','ha_1','asha','NA','SH_CVD_ASHA_SCREENING_1','2018-02-16 10:24:00','SH_CVD_ASHA_SCREENING_1','3','ha_1','1','done','Rectruited','2018-02-16 10:18:24',NULL),(25,84,'1030030001','jfjrj','jfjrj','3','58','F','1-1-1960','H','yfyfyf','656565','5585','gdydhd','gd','dyyydtd','454554848545','1','6','7','2,5','140','16-2-2018','8.1','16-2-2018','0','32','NA','0','0','0','2','0','1','0','140','80','40.82','0','1','0','0','1','0','0','120','80','7','NA','NA','NA','NA','NA','NA','NA','NA','NA','NA','NA','NA','NA','NA','NA','NA','NA','16-2-2018','16-02-2018 15:01:28','16-02-2018 15:01:28','ha_3','asha','NA','SH_CVD_ASHA_SCREENING_1','2018-02-16 15:01:00','SH_CVD_ASHA_SCREENING_1','3','ha_3','1','done','Rectruited','2018-02-16 10:18:24',NULL),(26,85,'1030030002','abcd','abcd','3','58','F','1-1-1960','H','hgvv','665558','55886','gcvg','bhhbg','ftyvf','558855685698','1','6','7','4,5','140','16-2-2018','9.8','16-2-2018','0','54','NA','0','0','0','1','0','1','0','140','80','40.82','1','0','0','1','0','0','1','120','80','7','NA','NA','NA','NA','NA','NA','NA','NA','NA','NA','NA','NA','NA','NA','NA','NA','NA','16-2-2018','16-02-2018 15:01:56','16-02-2018 15:01:56','ha_3','asha','NA','SH_CVD_ASHA_SCREENING_1','2018-02-16 15:01:00','SH_CVD_ASHA_SCREENING_1','3','ha_3','1','done','Rectruited','2018-02-16 10:18:24',NULL),(27,86,'1030030003','bcd','bcd','3','58','F','1-1-1960','F','yddhgd','8464644','484855','gdgdgd','hdhhdhd','dhdhhd','599595596494','1','6','7','2,4','140','16-2-2018','11.5','16-2-2018','0','23','NA','0','0','0','1','0','1','0','142','82','40.67','1','0','0','1','0','0','1','120','80','7','NA','NA','NA','NA','NA','NA','NA','NA','NA','NA','NA','NA','NA','NA','NA','NA','NA','16-2-2018','16-02-2018 15:02:22','16-02-2018 15:02:22','ha_3','asha','NA','SH_CVD_ASHA_SCREENING_1','2018-02-16 15:02:00','SH_CVD_ASHA_SCREENING_1','3','ha_3','1','done','Rectruited','2018-02-16 10:18:24',NULL),(28,87,'1030030004','cde','cde','3','65','F','1-1-1953','H','hhdhdhd','848454','84848','dydhhd','hdhdhhd','hduhdbd','488464648484','1','6','6','3,4','140','16-2-2018','8.2','16-2-2018','0','54','NA','0','0','0','2','0','1','0','145','80','38.05','1','0','0','1','0','0','1','120','80','7','NA','NA','NA','NA','NA','NA','NA','NA','NA','NA','NA','NA','NA','NA','NA','NA','NA','16-2-2018','16-02-2018 15:02:47','16-02-2018 15:02:47','ha_3','asha','NA','SH_CVD_ASHA_SCREENING_1','2018-02-16 15:02:00','SH_CVD_ASHA_SCREENING_1','3','ha_3','1','done','Rectruited','2018-02-16 10:18:24',NULL),(29,88,'1030030001','jfjrj','jfjrj','3','49','F','1-1-1969','F','baskar','333333','999999','12','big st','DR kuppam','987654321987','3','5','4','1,2,4','199','16-2-2018','11.5','16-2-2018','1','6','1','1','0','0','1','0','1','0','158.6','58.4','23.22','1','0','0','1','1','1','1','120','80','11.5','NA','0','NA','0','NA','0','0','0','0','1','62','80','80','90','90','90','1','16-2-2018','16-02-2018 15:35:44','16-02-2018 15:35:44','ruhsa_1','doctor','NA','SH_CVD_DOCTOR_FOLLOWUP_1','2018-02-16 15:35:00','SH_CVD_DOCTOR_FOLLOWUP_1','3','ha_3','1','done','Rectruited','2018-02-16 10:18:24',NULL),(35,89,'1010010001','zamana','zamana','1','52','F','1-1-1966','H','khalid','12346875','123464','57','nvhhud','vndhhdh','124346978750','1','5','1','2,5','150','17-2-2018','7','17-2-2018','1','0','1','0','0','0','1','0','1','0','153','70.1','29.95','1','0','0','1','1','1','1','120','80','7','NA','NA','NA','NA','NA','NA','NA','NA','NA','NA','NA','NA','NA','NA','NA','NA','NA','17-2-2018','17-02-2018 10:27:46','17-02-2018 10:27:46','ha_1','asha','NA','SH_CVD_ASHA_SCREENING_1','2018-02-17 10:27:00','SH_CVD_ASHA_SCREENING_1','3','ha_1','1','done','Rectruited','2018-02-19 04:53:30',NULL),(36,90,'1010050001','test1','test1','1','55','M','1-1-1963','F','father1','1256352','652536','34','big st','panamadangi','525652556335','2','4','4','1,2','180','19-2-2018','9.1','19-2-2018','1','4','1','1','0','0','1','0','1','0','156','52','21.37','1','0','0','1','1','1','1','120','80','9.1','NA','NA','NA','NA','NA','NA','NA','NA','NA','NA','NA','NA','NA','NA','NA','NA','NA','17-2-2018','19-02-2018 09:33:25','19-02-2018 09:33:25','ha_5','asha','NA','SH_CVD_ASHA_SCREENING_1','2018-02-19 09:33:00','SH_CVD_ASHA_SCREENING_1','3','ha_5','1','done','Rectruited','2018-02-19 04:53:30',NULL),(37,91,'1010050002','test2','test2','1','46','F','1-1-1972','H','husband','552582','255652','34','bazaar st','panamadangi','856652596685','3','4','3','2','190','1-2-2018','9.1','14-2-2018','0','5','NA','0','0','0','1','0','1','0','158','56.5','22.63','1','1','0','1','1','1','1','130','90','9.1','NA','NA','NA','NA','NA','NA','NA','NA','NA','NA','NA','NA','NA','NA','NA','NA','NA','19-1-2018','19-02-2018 09:36:49','19-02-2018 09:36:49','ha_5','asha','NA','SH_CVD_ASHA_SCREENING_1','2018-02-19 09:36:00','SH_CVD_ASHA_SCREENING_1','3','ha_5','1','done','Rectruited','2018-02-19 04:53:30',NULL),(38,92,'1010050003','test3','test3','1','55','F','1-1-1963','H','hus','652355','588628','76','bajanai koil st','kalambut','562535566525','2','4','5','2','190','8-2-2018','12.5','15-2-2018','1','4','1,2','0','0','0','2','0','2','2','160','61','23.83','1','1','0','1','1','1','1','120','90','12.5','NA','NA','NA','NA','NA','NA','NA','NA','NA','NA','NA','NA','NA','NA','NA','NA','NA','16-1-2018','19-02-2018 09:43:56','19-02-2018 09:43:56','ha_5','asha','NA','SH_CVD_ASHA_SCREENING_1','2018-02-19 09:43:00','SH_CVD_ASHA_SCREENING_1','3','ha_5','1','done','Rectruited','2018-02-19 04:53:30',NULL),(39,93,'1010050004','test4','test4','1','52','F','1-1-1966','H','hus','652365','563258','22','nadu st','kalambut','523654125874','2','5','5','2,4','195','19-2-2018','8.5','12-2-2018','1','6','1,2','0','0','0','1','0','2','1','157.5','56.3','22.7','1','0','1','1','0','1','1','140','100','8.5','NA','NA','NA','NA','NA','NA','NA','NA','NA','NA','NA','NA','NA','NA','NA','NA','NA','18-1-2018','19-02-2018 09:46:49','19-02-2018 09:46:49','ha_5','asha','NA','SH_CVD_ASHA_SCREENING_1','2018-02-19 09:46:00','SH_CVD_ASHA_SCREENING_1','3','ha_5','1','done','Rectruited','2018-02-19 04:53:30',NULL),(40,94,'1010050005','test5','test5','1','45','M','1-1-1973','F','father','525365','425365','55','new st','pallathur','652352565548','2','5','4','2,4','220','13-2-2018','12.9','17-2-2018','1','6','1','0','0','1','1','0','1','0','152','45','19.48','0','1','1','0','0','1','1','120','80','12.9','NA','NA','NA','NA','NA','NA','NA','NA','NA','NA','NA','NA','NA','NA','NA','NA','NA','21-1-2018','19-02-2018 09:49:14','19-02-2018 09:49:14','ha_5','asha','NA','SH_CVD_ASHA_SCREENING_1','2018-02-19 09:49:00','SH_CVD_ASHA_SCREENING_1','3','ha_5','1','done','Rectruited','2018-02-19 04:53:30',NULL),(42,95,'1030040001','Rukmani','Rukmani','3','43','F','1-1-1975','H','Kuppan','408082','585941','15\\/17','Thenamara Street','Gemmankuppam','990294962030','2','4','1','2','274','12-9-2017','10.7','15-9-2017','1','0','1','0','0','0','1','0','1','0','153.7','63.7','26.96','0','0','0','0','0','0','0','110','70','10.7','NA','NA','NA','NA','NA','NA','NA','NA','NA','NA','NA','NA','NA','NA','NA','NA','NA','11-9-2017','15-02-2018 09:11:43','15-02-2018 09:11:43','ha_4','asha','NA','SH_CVD_ASHA_SCREENING_1','2018-02-15 09:11:00','SH_CVD_ASHA_SCREENING_1','3','ha_4','1','done','Rectruited','2018-02-20 04:43:51',NULL),(43,96,'1010050001','test1','test1','1','55','M','1-1-1963','F','father1','1256352','652536','34','big st','panamadangi','525652556335','2','4','4','1,2','180','19-2-2018','9.1','19-2-2018','1','4','1','1','0','0','1','0','1','0','156','52','21.37','1','0','0','1','1','1','1','120','80','9.1','NA','1','6','1','6','1','1','1','1','0.69','88','25','100','110','45.5','55','1','17-2-2018','19-02-2018 14:42:11','19-02-2018 14:42:11','ruhsa_1','doctor','NA','SH_CVD_DOCTOR_FOLLOWUP_1','2018-02-19 14:42:00','SH_CVD_DOCTOR_FOLLOWUP_1','3','ha_5','1','done','Rectruited','2018-02-20 04:43:51',NULL),(44,97,'1010050002','test2','test2','1','46','F','1-1-1972','H','husband','552582','255652','34','bazaar st','panamadangi','856652596685','3','4','3','2','190','1-2-2018','9.1','14-2-2018','0','5','NA','0','0','0','1','0','1','0','158','56.5','22.63','1','1','0','1','1','1','1','130','90','9.1','NA','0','NA','0','NA','1','1','1','1','0.7','89','25','80','85','55.5','50','1','19-1-2018','19-02-2018 14:52:37','19-02-2018 14:52:37','ruhsa_1','doctor','NA','SH_CVD_DOCTOR_FOLLOWUP_1','2018-02-19 14:52:00','SH_CVD_DOCTOR_FOLLOWUP_1','3','ha_5','1','done','Rectruited','2018-02-20 04:43:51',NULL),(45,98,'1010050001','test1','test1','1','55','M','1-1-1963','F','father1','1256352','652536','34','big st','panamadangi','525652556335','2','4','4','1,2','180','19-2-2018','9.1','19-2-2018','1','4','1','1','0','0','1','0','1','0','156','52','21.37','1','0','0','1','1','1','1','120','80','8.5','19-2-2018','NA','NA','NA','NA','NA','NA','NA','NA','NA','NA','NA','NA','NA','NA','NA','NA','17-2-2018','19-02-2018 15:14:18','19-02-2018 15:14:18','ha_5','asha','SH_CVD_ASHA_SCREENING_1','SH_CVD_ASHA_FOLLOWUP_1','2018-02-19 15:14:00','SH_CVD_ASHA_FOLLOWUP_1','3','ha_5','1','done','Rectruited','2018-02-20 04:43:51',NULL),(46,99,'1010050001','test1','test1','1','55','M','1-1-1963','F','father1','1256352','652536','34','big st','panamadangi','525652556335','2','4','4','1,2','180','19-2-2018','9.1','19-2-2018','1','4','1','1','0','0','1','0','1','0','156','52','21.37','1','0','0','1','1','1','1','120','80','9.1','NA','1','6','1','6','0','0','0','0','0.8','76','26','85','75','55','60','1','17-2-2018','19-02-2018 14:59:24','19-02-2018 14:59:24','ruhsa_1','doctor','SH_CVD_DOCTOR_FOLLOWUP_1','SH_CVD_DOCTOR_FOLLOWUP_2','2018-02-19 14:59:00','SH_CVD_DOCTOR_FOLLOWUP_2','3','ruhsa_1','1','done','Rectruited','2018-02-20 04:43:51',NULL),(47,100,'1010050001','test1','test1','1','55','M','1-1-1963','F','father1','1256352','652536','34','big st','panamadangi','525652556335','2','4','4','1,2','180','19-2-2018','9.1','19-2-2018','1','4','1','1','0','0','1','0','1','0','156','52','21.37','1','0','0','1','0','1','1','120','80','8','24-5-2018','NA','NA','NA','NA','NA','NA','NA','NA','NA','NA','NA','NA','NA','NA','NA','NA','17-2-2018','19-02-2018 15:39:52','19-02-2018 15:39:52','ha_5','asha','SH_CVD_ASHA_FOLLOWUP_1','SH_CVD_ASHA_FOLLOWUP_2','2018-02-19 15:39:00','SH_CVD_ASHA_FOLLOWUP_2','3','ha_5','1','done','Rectruited','2018-02-20 04:43:51',NULL),(48,101,'1010050001','test1','test1','1','55','M','1-1-1963','F','father1','1256352','652536','34','big st','panamadangi','525652556335','2','4','4','1,2','180','19-2-2018','9.1','19-2-2018','1','4','1','1','0','0','1','0','1','0','156','52','21.37','1','0','0','1','1','1','1','120','80','8.1','20-2-2018','NA','NA','NA','NA','NA','NA','NA','NA','NA','NA','NA','NA','NA','NA','NA','NA','17-2-2018','20-02-2018 09:41:38','20-02-2018 09:41:38','ha_5','asha','SH_CVD_ASHA_FOLLOWUP_2','SH_CVD_ASHA_FOLLOWUP_3','2018-02-20 09:41:00','SH_CVD_ASHA_FOLLOWUP_3','3','ha_5','1','done','Rectruited','2018-02-20 04:43:51',NULL),(49,102,'1010050001','test1','test1','1','55','M','1-1-1963','F','father1','1256352','652536','34','big st','panamadangi','525652556335','2','4','4','1,2','180','19-2-2018','9.1','19-2-2018','1','4','1','1','0','0','1','0','1','0','156','52','21.37','1','0','0','1','0','1','1','120','80','8','24-5-2018','1','7','1','7','0','0','0','0','0.8','76','27','85','88','56','54','1','17-2-2018','20-02-2018 09:45:20','20-02-2018 09:45:20','ruhsa_1','doctor','SH_CVD_DOCTOR_FOLLOWUP_2','SH_CVD_DOCTOR_FOLLOWUP_3','2018-02-20 09:45:00','SH_CVD_DOCTOR_FOLLOWUP_3','3','ha_5','1','done','Rectruited','2018-02-20 04:43:51',NULL);
/*!40000 ALTER TABLE `cvd_basetable` ENABLE KEYS */;
UNLOCK TABLES;

--
-- Table structure for table `date_items`
--

DROP TABLE IF EXISTS `date_items`;
/*!40101 SET @saved_cs_client     = @@character_set_client */;
/*!40101 SET character_set_client = utf8 */;
CREATE TABLE `date_items` (
  `id` int(11) NOT NULL,
  `textname` varchar(30) DEFAULT NULL,
  `days` int(11) DEFAULT NULL,
  `months` int(11) DEFAULT NULL,
  PRIMARY KEY (`id`)
) ENGINE=InnoDB DEFAULT CHARSET=utf8;
/*!40101 SET character_set_client = @saved_cs_client */;

--
-- Dumping data for table `date_items`
--

LOCK TABLES `date_items` WRITE;
/*!40000 ALTER TABLE `date_items` DISABLE KEYS */;
INSERT INTO `date_items` VALUES (1,'1 day',1,0),(2,'2 days',2,0),(3,'3 days',3,0),(4,'4 days',4,0),(5,'5 days',5,0),(6,'6 days',6,0),(7,'1 week',7,0),(8,'2 weeks',14,0),(9,'3 weeks',21,0),(10,'1 month',30,1),(11,'2 months',60,2),(12,'3 months',90,3),(13,'6 month',180,6),(14,'1 year',365,12);
/*!40000 ALTER TABLE `date_items` ENABLE KEYS */;
UNLOCK TABLES;

--
-- Table structure for table `drug`
--

DROP TABLE IF EXISTS `drug`;
/*!40101 SET @saved_cs_client     = @@character_set_client */;
/*!40101 SET character_set_client = utf8 */;
CREATE TABLE `drug` (
  `drug_id` int(11) NOT NULL AUTO_INCREMENT,
  `concept_id` int(11) NOT NULL DEFAULT '0',
  `name` varchar(255) DEFAULT NULL,
  `combination` tinyint(1) NOT NULL DEFAULT '0',
  `dosage_form` int(11) DEFAULT NULL,
  `dose_strength` double DEFAULT NULL,
  `maximum_daily_dose` double DEFAULT NULL,
  `minimum_daily_dose` double DEFAULT NULL,
  `route` int(11) DEFAULT NULL,
  `units` varchar(50) DEFAULT NULL,
  `creator` int(11) NOT NULL DEFAULT '0',
  `date_created` datetime NOT NULL,
  `retired` tinyint(1) NOT NULL DEFAULT '0',
  `changed_by` int(11) DEFAULT NULL,
  `date_changed` datetime DEFAULT NULL,
  `retired_by` int(11) DEFAULT NULL,
  `date_retired` datetime DEFAULT NULL,
  `retire_reason` varchar(255) DEFAULT NULL,
  `uuid` char(38) DEFAULT NULL,
  PRIMARY KEY (`drug_id`),
  UNIQUE KEY `drug_uuid_index` (`uuid`),
  KEY `primary_drug_concept` (`concept_id`),
  KEY `drug_creator` (`creator`),
  KEY `drug_changed_by` (`changed_by`),
  KEY `dosage_form_concept` (`dosage_form`),
  KEY `drug_retired_by` (`retired_by`),
  KEY `route_concept` (`route`),
  CONSTRAINT `dosage_form_concept` FOREIGN KEY (`dosage_form`) REFERENCES `concept` (`concept_id`),
  CONSTRAINT `drug_changed_by` FOREIGN KEY (`changed_by`) REFERENCES `users` (`user_id`),
  CONSTRAINT `drug_creator` FOREIGN KEY (`creator`) REFERENCES `users` (`user_id`),
  CONSTRAINT `drug_retired_by` FOREIGN KEY (`retired_by`) REFERENCES `users` (`user_id`),
  CONSTRAINT `primary_drug_concept` FOREIGN KEY (`concept_id`) REFERENCES `concept` (`concept_id`),
  CONSTRAINT `route_concept` FOREIGN KEY (`route`) REFERENCES `concept` (`concept_id`)
) ENGINE=InnoDB DEFAULT CHARSET=utf8;
/*!40101 SET character_set_client = @saved_cs_client */;

--
-- Dumping data for table `drug`
--

LOCK TABLES `drug` WRITE;
/*!40000 ALTER TABLE `drug` DISABLE KEYS */;
/*!40000 ALTER TABLE `drug` ENABLE KEYS */;
UNLOCK TABLES;

--
-- Table structure for table `drug_ingredient`
--

DROP TABLE IF EXISTS `drug_ingredient`;
/*!40101 SET @saved_cs_client     = @@character_set_client */;
/*!40101 SET character_set_client = utf8 */;
CREATE TABLE `drug_ingredient` (
  `concept_id` int(11) NOT NULL DEFAULT '0',
  `ingredient_id` int(11) NOT NULL DEFAULT '0',
  PRIMARY KEY (`ingredient_id`,`concept_id`),
  KEY `combination_drug` (`concept_id`),
  CONSTRAINT `combination_drug` FOREIGN KEY (`concept_id`) REFERENCES `concept` (`concept_id`),
  CONSTRAINT `ingredient` FOREIGN KEY (`ingredient_id`) REFERENCES `concept` (`concept_id`)
) ENGINE=InnoDB DEFAULT CHARSET=utf8;
/*!40101 SET character_set_client = @saved_cs_client */;

--
-- Dumping data for table `drug_ingredient`
--

LOCK TABLES `drug_ingredient` WRITE;
/*!40000 ALTER TABLE `drug_ingredient` DISABLE KEYS */;
/*!40000 ALTER TABLE `drug_ingredient` ENABLE KEYS */;
UNLOCK TABLES;

--
-- Table structure for table `drug_order`
--

DROP TABLE IF EXISTS `drug_order`;
/*!40101 SET @saved_cs_client     = @@character_set_client */;
/*!40101 SET character_set_client = utf8 */;
CREATE TABLE `drug_order` (
  `order_id` int(11) NOT NULL DEFAULT '0',
  `drug_inventory_id` int(11) DEFAULT '0',
  `dose` double DEFAULT NULL,
  `equivalent_daily_dose` double DEFAULT NULL,
  `units` varchar(255) DEFAULT NULL,
  `frequency` varchar(255) DEFAULT NULL,
  `prn` tinyint(1) NOT NULL DEFAULT '0',
  `complex` tinyint(1) NOT NULL DEFAULT '0',
  `quantity` int(11) DEFAULT NULL,
  PRIMARY KEY (`order_id`),
  KEY `inventory_item` (`drug_inventory_id`),
  CONSTRAINT `extends_order` FOREIGN KEY (`order_id`) REFERENCES `orders` (`order_id`),
  CONSTRAINT `inventory_item` FOREIGN KEY (`drug_inventory_id`) REFERENCES `drug` (`drug_id`)
) ENGINE=InnoDB DEFAULT CHARSET=utf8;
/*!40101 SET character_set_client = @saved_cs_client */;

--
-- Dumping data for table `drug_order`
--

LOCK TABLES `drug_order` WRITE;
/*!40000 ALTER TABLE `drug_order` DISABLE KEYS */;
/*!40000 ALTER TABLE `drug_order` ENABLE KEYS */;
UNLOCK TABLES;

--
-- Table structure for table `encounter`
--

DROP TABLE IF EXISTS `encounter`;
/*!40101 SET @saved_cs_client     = @@character_set_client */;
/*!40101 SET character_set_client = utf8 */;
CREATE TABLE `encounter` (
  `encounter_id` int(11) NOT NULL AUTO_INCREMENT,
  `encounter_type` int(11) NOT NULL,
  `patient_id` int(11) NOT NULL DEFAULT '0',
  `location_id` int(11) DEFAULT NULL,
  `form_id` int(11) DEFAULT NULL,
  `encounter_datetime` datetime NOT NULL,
  `creator` int(11) NOT NULL DEFAULT '0',
  `date_created` datetime NOT NULL,
  `voided` tinyint(1) NOT NULL DEFAULT '0',
  `voided_by` int(11) DEFAULT NULL,
  `date_voided` datetime DEFAULT NULL,
  `void_reason` varchar(255) DEFAULT NULL,
  `changed_by` int(11) DEFAULT NULL,
  `date_changed` datetime DEFAULT NULL,
  `visit_id` int(11) DEFAULT NULL,
  `uuid` char(38) DEFAULT NULL,
  PRIMARY KEY (`encounter_id`),
  UNIQUE KEY `encounter_uuid_index` (`uuid`),
  KEY `encounter_datetime_idx` (`encounter_datetime`),
  KEY `encounter_ibfk_1` (`creator`),
  KEY `encounter_type_id` (`encounter_type`),
  KEY `encounter_form` (`form_id`),
  KEY `encounter_location` (`location_id`),
  KEY `encounter_patient` (`patient_id`),
  KEY `user_who_voided_encounter` (`voided_by`),
  KEY `encounter_changed_by` (`changed_by`),
  KEY `encounter_visit_id_fk` (`visit_id`),
  CONSTRAINT `encounter_changed_by` FOREIGN KEY (`changed_by`) REFERENCES `users` (`user_id`),
  CONSTRAINT `encounter_form` FOREIGN KEY (`form_id`) REFERENCES `form` (`form_id`),
  CONSTRAINT `encounter_ibfk_1` FOREIGN KEY (`creator`) REFERENCES `users` (`user_id`),
  CONSTRAINT `encounter_location` FOREIGN KEY (`location_id`) REFERENCES `location` (`location_id`),
  CONSTRAINT `encounter_patient` FOREIGN KEY (`patient_id`) REFERENCES `patient` (`patient_id`) ON UPDATE CASCADE,
  CONSTRAINT `encounter_type_id` FOREIGN KEY (`encounter_type`) REFERENCES `encounter_type` (`encounter_type_id`),
  CONSTRAINT `encounter_visit_id_fk` FOREIGN KEY (`visit_id`) REFERENCES `visit` (`visit_id`),
  CONSTRAINT `user_who_voided_encounter` FOREIGN KEY (`voided_by`) REFERENCES `users` (`user_id`)
) ENGINE=InnoDB AUTO_INCREMENT=103 DEFAULT CHARSET=utf8;
/*!40101 SET character_set_client = @saved_cs_client */;

--
-- Dumping data for table `encounter`
--

LOCK TABLES `encounter` WRITE;
/*!40000 ALTER TABLE `encounter` DISABLE KEYS */;
INSERT INTO `encounter` VALUES (8,1,14,1,5,'2017-03-01 09:28:34',5,'2017-03-01 09:28:34',0,NULL,NULL,NULL,NULL,NULL,NULL,'80667486-1408-4281-a78a-b19154fc31f2'),(9,1,15,1,5,'2017-03-01 09:53:13',5,'2017-03-01 09:53:13',0,NULL,NULL,NULL,NULL,NULL,NULL,'f29f3fba-607d-41b6-9606-90b51a1f029b'),(10,1,15,1,5,'2017-05-11 11:35:47',9,'2017-05-11 11:35:47',0,NULL,NULL,NULL,NULL,NULL,NULL,'227e72a9-da1f-4fbb-bb27-9cc8ec9d3682'),(11,1,16,1,5,'2017-05-11 11:35:53',9,'2017-05-11 11:35:53',0,NULL,NULL,NULL,NULL,NULL,NULL,'07d602c9-02ec-420b-ac1e-efff7e5f2f4a'),(12,1,18,1,5,'2017-07-20 14:32:17',5,'2017-07-20 14:32:17',0,NULL,NULL,NULL,NULL,NULL,NULL,'74851416-63f3-41d1-806e-7fa4d963b3f2'),(13,1,18,1,5,'2017-09-06 15:50:59',5,'2017-09-06 15:50:59',0,NULL,NULL,NULL,NULL,NULL,NULL,'8d7acd31-b5db-4f0d-b6bc-ba8b603c38f9'),(14,1,20,1,5,'2017-09-06 15:51:09',5,'2017-09-06 15:51:09',0,NULL,NULL,NULL,NULL,NULL,NULL,'39dba370-5f4b-4923-abae-ef98d49d9203'),(15,1,21,1,5,'2017-09-06 15:51:16',5,'2017-09-06 15:51:16',0,NULL,NULL,NULL,NULL,NULL,NULL,'b4b7df15-108b-4618-b18b-40a3ab90175c'),(16,1,22,1,5,'2017-09-06 15:51:35',5,'2017-09-06 15:51:35',0,NULL,NULL,NULL,NULL,NULL,NULL,'96a414f3-d831-42be-8906-bb39b7355614'),(17,1,23,1,5,'2017-09-06 15:51:44',5,'2017-09-06 15:51:44',0,NULL,NULL,NULL,NULL,NULL,NULL,'80040774-3c24-4d6a-991b-8170c7cc415e'),(18,1,24,1,5,'2017-09-06 15:51:53',5,'2017-09-06 15:51:53',0,NULL,NULL,NULL,NULL,NULL,NULL,'45bf67e0-9301-4896-b565-5ebc61446b0c'),(19,1,25,1,5,'2017-09-06 15:51:57',5,'2017-09-06 15:51:57',0,NULL,NULL,NULL,NULL,NULL,NULL,'b84083e7-44d1-4abf-a7d6-875060fc29db'),(20,1,26,1,5,'2017-09-06 15:52:59',5,'2017-09-06 15:52:59',0,NULL,NULL,NULL,NULL,NULL,NULL,'ffba588d-b84d-4fce-8dfe-890f9ed28853'),(21,1,27,1,5,'2017-09-06 15:53:08',5,'2017-09-06 15:53:08',0,NULL,NULL,NULL,NULL,NULL,NULL,'b0eb9280-dd71-4752-b423-0e3a4d443bf3'),(22,1,29,1,5,'2018-02-06 15:27:46',5,'2018-02-06 15:27:46',0,NULL,NULL,NULL,NULL,NULL,NULL,'a429f51b-dad6-41db-9773-ad319155568a'),(23,2,29,1,1,'2018-02-06 15:32:18',5,'2018-02-06 15:32:18',0,NULL,NULL,NULL,NULL,NULL,NULL,'4ffc5afd-e22d-4db5-bc98-4947084c1925'),(24,2,29,1,1,'2018-02-06 15:35:27',5,'2018-02-06 15:35:27',0,NULL,NULL,NULL,NULL,NULL,NULL,'4e3b643e-0fc4-4341-8687-482e6750c06c'),(25,1,29,1,5,'2018-02-06 16:34:20',5,'2018-02-06 16:34:20',0,NULL,NULL,NULL,NULL,NULL,NULL,'87dd165a-b8a4-40f3-b7b9-f32906b63f46'),(26,4,29,1,6,'2018-02-06 16:34:51',5,'2018-02-06 16:34:51',0,NULL,NULL,NULL,NULL,NULL,NULL,'291d7e22-e279-4de1-80ae-eee6dade04ff'),(27,1,29,1,5,'2018-02-06 17:49:23',5,'2018-02-06 17:49:23',0,NULL,NULL,NULL,NULL,NULL,NULL,'0bf00f19-e0ea-48d4-98de-c4dcbbaabcb8'),(28,1,30,1,5,'2018-02-07 11:55:49',5,'2018-02-07 11:55:49',0,NULL,NULL,NULL,NULL,NULL,NULL,'4086bd74-e8c4-4fd9-b41a-05ee68511a9a'),(29,1,31,1,5,'2018-02-07 12:30:47',5,'2018-02-07 12:30:47',0,NULL,NULL,NULL,NULL,NULL,NULL,'c844cee4-3688-467a-84c7-61b3be3fe7c3'),(30,1,32,1,5,'2018-02-07 12:30:51',5,'2018-02-07 12:30:51',0,NULL,NULL,NULL,NULL,NULL,NULL,'be3bcd3e-70f1-4e87-b289-4e4f031d3a77'),(31,7,30,1,7,'2018-02-07 12:30:54',5,'2018-02-07 12:30:54',0,NULL,NULL,NULL,NULL,NULL,NULL,'231bd81e-04ed-4aa9-b2b7-0c243658ed05'),(32,1,29,1,5,'2018-02-07 17:29:08',5,'2018-02-07 17:29:08',0,NULL,NULL,NULL,NULL,NULL,NULL,'c1ee1f69-2b10-4c21-b92f-252850806094'),(33,1,30,1,5,'2018-02-07 17:29:12',5,'2018-02-07 17:29:12',0,NULL,NULL,NULL,NULL,NULL,NULL,'2f3a07c7-f7af-4693-8b39-6a65ecb08fcc'),(34,1,31,1,5,'2018-02-07 17:29:15',5,'2018-02-07 17:29:15',0,NULL,NULL,NULL,NULL,NULL,NULL,'6edde656-fe36-4668-929c-6560f8a737bf'),(35,1,32,1,5,'2018-02-07 17:29:19',5,'2018-02-07 17:29:19',0,NULL,NULL,NULL,NULL,NULL,NULL,'49a014a4-1d3a-4a08-8229-3dbbb16e3f85'),(36,1,33,1,5,'2018-02-07 17:29:23',5,'2018-02-07 17:29:23',0,NULL,NULL,NULL,NULL,NULL,NULL,'005e4356-dee0-4219-8350-6652e3f86325'),(37,1,29,1,5,'2018-02-07 17:53:26',5,'2018-02-07 17:53:26',0,NULL,NULL,NULL,NULL,NULL,NULL,'c84e494f-d35c-4652-a1ac-85d98f6f8e85'),(38,1,30,1,5,'2018-02-07 17:53:30',5,'2018-02-07 17:53:30',0,NULL,NULL,NULL,NULL,NULL,NULL,'0517fde2-524b-4507-8ace-3d0833ad1ae3'),(39,1,34,1,5,'2018-02-07 17:53:34',5,'2018-02-07 17:53:34',0,NULL,NULL,NULL,NULL,NULL,NULL,'47b55cb9-d8e4-4703-b484-a61f6ccab435'),(40,1,29,1,5,'2018-02-08 14:46:04',5,'2018-02-08 14:46:04',0,NULL,NULL,NULL,NULL,NULL,NULL,'35d9b70d-ac92-470b-be5f-f1aedba2d7f4'),(41,1,29,1,5,'2018-02-08 15:36:01',5,'2018-02-08 15:36:01',0,NULL,NULL,NULL,NULL,NULL,NULL,'cb62e1ef-aad9-4e98-bf66-6d0c0e4af67c'),(42,7,29,1,7,'2018-02-08 15:43:10',5,'2018-02-08 15:43:10',0,NULL,NULL,NULL,NULL,NULL,NULL,'fdc7af51-8831-430f-ad99-96a8e0000296'),(43,8,29,1,8,'2018-02-08 15:45:36',5,'2018-02-08 15:45:36',0,NULL,NULL,NULL,NULL,NULL,NULL,'42bde717-74cf-4c3f-a6fd-2aaefc4d7db6'),(44,1,29,1,5,'2018-02-08 16:20:51',5,'2018-02-08 16:20:51',0,NULL,NULL,NULL,NULL,NULL,NULL,'aac82ed3-c63c-4e7a-bdc7-0db7a7f3697a'),(45,1,30,1,5,'2018-02-08 16:20:55',5,'2018-02-08 16:20:55',0,NULL,NULL,NULL,NULL,NULL,NULL,'fa74150b-6861-4d40-bf5c-b64bb7bc4d91'),(46,1,34,1,5,'2018-02-08 16:20:59',5,'2018-02-08 16:20:59',0,NULL,NULL,NULL,NULL,NULL,NULL,'badf5a47-f522-49e3-ab94-92909c1a062c'),(47,1,36,1,5,'2018-02-08 16:24:42',5,'2018-02-08 16:24:42',0,NULL,NULL,NULL,NULL,NULL,NULL,'055ede37-8208-41f7-b890-56cb8f2de08c'),(48,1,29,1,5,'2018-02-08 16:51:12',5,'2018-02-08 16:51:12',0,NULL,NULL,NULL,NULL,NULL,NULL,'fe1232cd-adf8-410d-a775-05bd26b9137b'),(49,1,29,1,5,'2018-02-08 17:01:27',5,'2018-02-08 17:01:27',0,NULL,NULL,NULL,NULL,NULL,NULL,'c4650732-883a-4abe-ba1c-01481c0ec733'),(50,1,37,1,5,'2018-02-08 17:01:30',5,'2018-02-08 17:01:30',0,NULL,NULL,NULL,NULL,NULL,NULL,'5c2075da-3c02-4e86-8b9b-f5f28c936ceb'),(51,1,38,1,5,'2018-02-08 17:09:18',5,'2018-02-08 17:09:18',0,NULL,NULL,NULL,NULL,NULL,NULL,'fad5251d-91c4-4749-bbb0-1fe3bd0df532'),(52,2,38,1,1,'2018-02-08 17:23:07',5,'2018-02-08 17:23:07',0,NULL,NULL,NULL,NULL,NULL,NULL,'ddd832d5-b08a-4344-ab35-4d13ae609f8e'),(53,1,39,1,5,'2018-02-09 10:00:39',5,'2018-02-09 10:00:39',0,NULL,NULL,NULL,NULL,NULL,NULL,'ffbf7caa-4da1-441d-8229-b09f09dfaa60'),(54,1,29,1,5,'2018-02-09 10:32:42',5,'2018-02-09 10:32:42',0,NULL,NULL,NULL,NULL,NULL,NULL,'c94b9435-cd2a-4bed-a578-b9f4db751397'),(55,1,30,1,5,'2018-02-09 10:32:46',5,'2018-02-09 10:32:46',0,NULL,NULL,NULL,NULL,NULL,NULL,'b6a78950-b349-4592-a428-6262cbc29559'),(56,1,31,1,5,'2018-02-09 10:32:49',5,'2018-02-09 10:32:49',0,NULL,NULL,NULL,NULL,NULL,NULL,'0d0c4431-80c4-4da9-9897-25c848cc1c52'),(57,1,32,1,5,'2018-02-09 10:37:00',5,'2018-02-09 10:37:00',0,NULL,NULL,NULL,NULL,NULL,NULL,'80c645ee-bddb-415a-bf18-924abf46bf32'),(58,2,32,1,1,'2018-02-09 10:38:49',5,'2018-02-09 10:38:49',0,NULL,NULL,NULL,NULL,NULL,NULL,'2ad0adef-fe1c-45f2-9467-90195b3b66a7'),(59,3,32,1,2,'2018-02-09 10:40:16',5,'2018-02-09 10:40:16',0,NULL,NULL,NULL,NULL,NULL,NULL,'509b6180-2e3f-4a62-99c9-edffa749f627'),(60,1,38,1,5,'2018-02-14 12:32:02',11,'2018-02-14 12:32:02',0,NULL,NULL,NULL,NULL,NULL,NULL,'26bfcb65-38f0-4fca-b727-33d7d1141a06'),(61,1,41,1,5,'2018-02-14 12:32:06',11,'2018-02-14 12:32:06',0,NULL,NULL,NULL,NULL,NULL,NULL,'38f80257-e830-4580-8fd3-5a8d78204bf7'),(62,9,29,1,9,'2018-02-14 12:40:34',11,'2018-02-14 12:40:34',0,NULL,NULL,NULL,NULL,NULL,NULL,'f3499d9a-e1de-4a1b-abf3-ace3ccba8f5a'),(63,1,42,1,5,'2018-02-14 12:43:05',11,'2018-02-14 12:43:05',0,NULL,NULL,NULL,NULL,NULL,NULL,'67afff16-f5c4-4796-8833-5d9e1dcca4ce'),(64,1,29,1,5,'2018-02-14 16:22:58',11,'2018-02-14 16:22:58',0,NULL,NULL,NULL,NULL,NULL,NULL,'76ebe6b7-5b6f-4548-894b-8834910a55b8'),(65,1,30,1,5,'2018-02-14 16:23:02',11,'2018-02-14 16:23:02',0,NULL,NULL,NULL,NULL,NULL,NULL,'32d605b0-35ec-4508-a3b8-90df95fd3f43'),(66,7,44,1,7,'2018-02-15 09:17:24',11,'2018-02-15 09:17:24',0,NULL,NULL,NULL,NULL,NULL,NULL,'b0896ae6-ef2f-459f-b84c-ed1712eed0f0'),(67,8,44,1,8,'2018-02-15 09:18:35',11,'2018-02-15 09:18:35',0,NULL,NULL,NULL,NULL,NULL,NULL,'3e37fc3d-34cf-46d2-9b0d-735138475a21'),(68,1,34,1,5,'2018-02-15 09:49:05',5,'2018-02-15 09:49:05',0,NULL,NULL,NULL,NULL,NULL,NULL,'d708d23f-db4a-4435-a960-d8678b834d4f'),(69,4,34,1,6,'2018-02-15 09:53:12',5,'2018-02-15 09:53:12',0,NULL,NULL,NULL,NULL,NULL,NULL,'4a554d04-9f91-40e8-89b0-80f53c858887'),(70,1,29,1,5,'2018-02-16 10:24:08',11,'2018-02-16 10:24:08',0,NULL,NULL,NULL,NULL,NULL,NULL,'f02067e9-e581-4031-8656-79a16521efd1'),(71,1,37,1,5,'2018-02-16 10:24:12',11,'2018-02-16 10:24:12',0,NULL,NULL,NULL,NULL,NULL,NULL,'edca2428-7a04-4013-b074-d827494b6b23'),(72,1,45,1,5,'2018-02-16 10:24:16',11,'2018-02-16 10:24:16',0,NULL,NULL,NULL,NULL,NULL,NULL,'a5e5ff24-ce67-4eca-92ea-f96b8f044290'),(73,1,46,1,5,'2018-02-16 10:24:20',11,'2018-02-16 10:24:20',0,NULL,NULL,NULL,NULL,NULL,NULL,'943aa454-57f8-4e62-a56c-93ce1b28215a'),(74,1,47,1,5,'2018-02-16 10:24:24',11,'2018-02-16 10:24:24',0,NULL,NULL,NULL,NULL,NULL,NULL,'78d5f52d-451c-4c6d-bf8a-c33a8114b9e7'),(75,1,29,1,5,'2018-02-16 11:09:20',5,'2018-02-16 11:09:20',0,NULL,NULL,NULL,NULL,NULL,NULL,'67546747-e7b8-4aa9-abe8-aa112815939b'),(76,1,29,1,5,'2018-02-16 11:14:03',5,'2018-02-16 11:14:03',0,NULL,NULL,NULL,NULL,NULL,NULL,'14efeece-c83a-45a5-8aaa-823da546e375'),(77,4,29,1,6,'2018-02-16 12:02:59',5,'2018-02-16 12:02:59',0,NULL,NULL,NULL,NULL,NULL,NULL,'085009cf-4d79-408b-84c3-7e37723eef91'),(78,1,50,1,5,'2018-02-16 14:39:15',13,'2018-02-16 14:39:15',0,NULL,NULL,NULL,NULL,NULL,NULL,'719c7108-e61b-4876-8fd6-750940da861f'),(79,1,51,1,5,'2018-02-16 15:03:50',11,'2018-02-16 15:03:50',0,NULL,NULL,NULL,NULL,NULL,NULL,'3a058b0a-a1ca-4011-974e-a4e5a73c2c8c'),(80,1,52,1,5,'2018-02-16 15:03:54',11,'2018-02-16 15:03:54',0,NULL,NULL,NULL,NULL,NULL,NULL,'bf01bdd9-6633-469d-8031-0e84c53d5c34'),(81,1,53,1,5,'2018-02-16 15:03:57',11,'2018-02-16 15:03:57',0,NULL,NULL,NULL,NULL,NULL,NULL,'4434c201-9ba9-4c7b-b7cf-e3d2558a4ccb'),(82,1,54,1,5,'2018-02-16 15:04:01',11,'2018-02-16 15:04:01',0,NULL,NULL,NULL,NULL,NULL,NULL,'e2516b06-07e9-4391-b11f-a7ffee2ef8f7'),(83,1,55,1,5,'2018-02-16 15:04:04',11,'2018-02-16 15:04:04',0,NULL,NULL,NULL,NULL,NULL,NULL,'b88ffa23-bf53-4b8f-be40-e3d9a735b4e3'),(84,1,50,1,5,'2018-02-16 15:24:45',5,'2018-02-16 15:24:45',0,NULL,NULL,NULL,NULL,NULL,NULL,'11dca1de-b16c-4db1-9c29-c6aade892423'),(85,1,57,1,5,'2018-02-16 15:24:49',5,'2018-02-16 15:24:49',0,NULL,NULL,NULL,NULL,NULL,NULL,'14d23a87-59d9-473e-8eb8-041e268f0bb9'),(86,1,58,1,5,'2018-02-16 15:24:53',5,'2018-02-16 15:24:53',0,NULL,NULL,NULL,NULL,NULL,NULL,'b44145a4-5ae3-40e2-ab7e-c525c2884bd5'),(87,1,59,1,5,'2018-02-16 15:24:57',5,'2018-02-16 15:24:57',0,NULL,NULL,NULL,NULL,NULL,NULL,'d8e8e731-a437-444f-9cf1-879ee5c0bd06'),(88,4,50,1,6,'2018-02-16 15:48:06',11,'2018-02-16 15:48:06',0,NULL,NULL,NULL,NULL,NULL,NULL,'99d6200a-3124-4252-8f1b-32ee2d3d7bfe'),(89,1,29,1,5,'2018-02-17 10:19:16',13,'2018-02-17 10:19:16',0,NULL,NULL,NULL,NULL,NULL,NULL,'7d1a1498-003b-4815-a3e8-f7f6fe04a80d'),(90,1,60,1,5,'2018-02-19 09:36:34',13,'2018-02-19 09:36:34',0,NULL,NULL,NULL,NULL,NULL,NULL,'328e1179-b691-45c1-ba2b-fbe5c265029d'),(91,1,61,1,5,'2018-02-19 09:36:39',13,'2018-02-19 09:36:39',0,NULL,NULL,NULL,NULL,NULL,NULL,'3411ae29-04cb-4777-8471-d4b9130e448b'),(92,1,62,1,5,'2018-02-19 09:36:42',13,'2018-02-19 09:36:42',0,NULL,NULL,NULL,NULL,NULL,NULL,'f74fee02-4baa-4d12-afb1-55ca2b756c6e'),(93,1,63,1,5,'2018-02-19 09:36:46',13,'2018-02-19 09:36:46',0,NULL,NULL,NULL,NULL,NULL,NULL,'f84f18fb-ede6-4040-be9e-f691ee89faac'),(94,1,64,1,5,'2018-02-19 09:36:50',13,'2018-02-19 09:36:50',0,NULL,NULL,NULL,NULL,NULL,NULL,'fcaf60f5-8048-4e2b-aea9-4455e6507fc8'),(95,1,73,1,5,'2018-02-19 14:30:46',20,'2018-02-19 14:30:46',0,NULL,NULL,NULL,NULL,NULL,NULL,'6ad27cc8-e63d-4bd5-92c7-1e02f1ea419c'),(96,4,60,1,6,'2018-02-19 14:42:09',20,'2018-02-19 14:42:09',0,NULL,NULL,NULL,NULL,NULL,NULL,'e00dcc47-14be-4728-b79e-e06febaa2535'),(97,4,61,1,6,'2018-02-19 14:52:34',20,'2018-02-19 14:52:34',0,NULL,NULL,NULL,NULL,NULL,NULL,'5d300983-083a-4906-8397-07f4ae747a36'),(98,2,60,1,1,'2018-02-19 14:57:08',13,'2018-02-19 14:57:08',0,NULL,NULL,NULL,NULL,NULL,NULL,'8e963f34-51e5-4b81-940a-323df0120c8a'),(99,7,60,1,7,'2018-02-19 14:59:20',20,'2018-02-19 14:59:20',0,NULL,NULL,NULL,NULL,NULL,NULL,'5f688dd9-94fb-4ece-aaa4-17e81ed29503'),(100,3,60,1,2,'2018-02-19 15:22:42',13,'2018-02-19 15:22:42',0,NULL,NULL,NULL,NULL,NULL,NULL,'8fe68861-653b-4ecb-9413-014cef9ef016'),(101,5,60,1,3,'2018-02-20 09:24:30',13,'2018-02-20 09:24:30',0,NULL,NULL,NULL,NULL,NULL,NULL,'0d670171-c407-4134-8cc1-8cc60e63fe74'),(102,8,60,1,8,'2018-02-20 09:45:15',20,'2018-02-20 09:45:15',0,NULL,NULL,NULL,NULL,NULL,NULL,'d572b637-498b-42ce-8b27-50648c20bda4');
/*!40000 ALTER TABLE `encounter` ENABLE KEYS */;
UNLOCK TABLES;

--
-- Table structure for table `encounter_provider`
--

DROP TABLE IF EXISTS `encounter_provider`;
/*!40101 SET @saved_cs_client     = @@character_set_client */;
/*!40101 SET character_set_client = utf8 */;
CREATE TABLE `encounter_provider` (
  `encounter_provider_id` int(11) NOT NULL AUTO_INCREMENT,
  `encounter_id` int(11) NOT NULL,
  `provider_id` int(11) NOT NULL,
  `encounter_role_id` int(11) NOT NULL,
  `creator` int(11) NOT NULL DEFAULT '0',
  `date_created` datetime NOT NULL,
  `changed_by` int(11) DEFAULT NULL,
  `date_changed` datetime DEFAULT NULL,
  `voided` tinyint(1) NOT NULL DEFAULT '0',
  `date_voided` datetime DEFAULT NULL,
  `voided_by` int(11) DEFAULT NULL,
  `void_reason` varchar(255) DEFAULT NULL,
  `uuid` char(38) NOT NULL,
  PRIMARY KEY (`encounter_provider_id`),
  UNIQUE KEY `uuid` (`uuid`),
  KEY `encounter_id_fk` (`encounter_id`),
  KEY `provider_id_fk` (`provider_id`),
  KEY `encounter_role_id_fk` (`encounter_role_id`),
  CONSTRAINT `encounter_id_fk` FOREIGN KEY (`encounter_id`) REFERENCES `encounter` (`encounter_id`),
  CONSTRAINT `encounter_role_id_fk` FOREIGN KEY (`encounter_role_id`) REFERENCES `encounter_role` (`encounter_role_id`),
  CONSTRAINT `provider_id_fk` FOREIGN KEY (`provider_id`) REFERENCES `provider` (`provider_id`)
) ENGINE=InnoDB DEFAULT CHARSET=utf8;
/*!40101 SET character_set_client = @saved_cs_client */;

--
-- Dumping data for table `encounter_provider`
--

LOCK TABLES `encounter_provider` WRITE;
/*!40000 ALTER TABLE `encounter_provider` DISABLE KEYS */;
/*!40000 ALTER TABLE `encounter_provider` ENABLE KEYS */;
UNLOCK TABLES;

--
-- Table structure for table `encounter_role`
--

DROP TABLE IF EXISTS `encounter_role`;
/*!40101 SET @saved_cs_client     = @@character_set_client */;
/*!40101 SET character_set_client = utf8 */;
CREATE TABLE `encounter_role` (
  `encounter_role_id` int(11) NOT NULL AUTO_INCREMENT,
  `name` varchar(255) NOT NULL,
  `description` varchar(1024) DEFAULT NULL,
  `creator` int(11) NOT NULL,
  `date_created` datetime NOT NULL,
  `changed_by` int(11) DEFAULT NULL,
  `date_changed` datetime DEFAULT NULL,
  `retired` tinyint(1) NOT NULL DEFAULT '0',
  `retired_by` int(11) DEFAULT NULL,
  `date_retired` datetime DEFAULT NULL,
  `retire_reason` varchar(255) DEFAULT NULL,
  `uuid` char(38) NOT NULL,
  PRIMARY KEY (`encounter_role_id`),
  UNIQUE KEY `uuid` (`uuid`),
  KEY `encounter_role_creator_fk` (`creator`),
  KEY `encounter_role_changed_by_fk` (`changed_by`),
  KEY `encounter_role_retired_by_fk` (`retired_by`),
  CONSTRAINT `encounter_role_changed_by_fk` FOREIGN KEY (`changed_by`) REFERENCES `users` (`user_id`),
  CONSTRAINT `encounter_role_creator_fk` FOREIGN KEY (`creator`) REFERENCES `users` (`user_id`),
  CONSTRAINT `encounter_role_retired_by_fk` FOREIGN KEY (`retired_by`) REFERENCES `users` (`user_id`)
) ENGINE=InnoDB AUTO_INCREMENT=2 DEFAULT CHARSET=utf8;
/*!40101 SET character_set_client = @saved_cs_client */;

--
-- Dumping data for table `encounter_role`
--

LOCK TABLES `encounter_role` WRITE;
/*!40000 ALTER TABLE `encounter_role` DISABLE KEYS */;
INSERT INTO `encounter_role` VALUES (1,'Unknown','Unknown encounter role for legacy providers with no encounter role set',1,'2011-08-18 14:00:00',NULL,NULL,0,NULL,NULL,NULL,'a0b03050-c99b-11e0-9572-0800200c9a66');
/*!40000 ALTER TABLE `encounter_role` ENABLE KEYS */;
UNLOCK TABLES;

--
-- Table structure for table `encounter_type`
--

DROP TABLE IF EXISTS `encounter_type`;
/*!40101 SET @saved_cs_client     = @@character_set_client */;
/*!40101 SET character_set_client = utf8 */;
CREATE TABLE `encounter_type` (
  `encounter_type_id` int(11) NOT NULL AUTO_INCREMENT,
  `name` varchar(50) NOT NULL DEFAULT '',
  `description` text,
  `creator` int(11) NOT NULL DEFAULT '0',
  `date_created` datetime NOT NULL,
  `retired` tinyint(1) NOT NULL DEFAULT '0',
  `retired_by` int(11) DEFAULT NULL,
  `date_retired` datetime DEFAULT NULL,
  `retire_reason` varchar(255) DEFAULT NULL,
  `uuid` char(38) DEFAULT NULL,
  PRIMARY KEY (`encounter_type_id`),
  UNIQUE KEY `encounter_type_uuid_index` (`uuid`),
  KEY `encounter_type_retired_status` (`retired`),
  KEY `user_who_created_type` (`creator`),
  KEY `user_who_retired_encounter_type` (`retired_by`),
  CONSTRAINT `user_who_created_type` FOREIGN KEY (`creator`) REFERENCES `users` (`user_id`),
  CONSTRAINT `user_who_retired_encounter_type` FOREIGN KEY (`retired_by`) REFERENCES `users` (`user_id`)
) ENGINE=InnoDB AUTO_INCREMENT=10 DEFAULT CHARSET=utf8;
/*!40101 SET character_set_client = @saved_cs_client */;

--
-- Dumping data for table `encounter_type`
--

LOCK TABLES `encounter_type` WRITE;
/*!40000 ALTER TABLE `encounter_type` DISABLE KEYS */;
INSERT INTO `encounter_type` VALUES (1,'SH_CVD_ASHA_SCREENING_1','First screening by an ASHA',3,'2014-10-29 18:09:10',0,NULL,NULL,NULL,'dabf42d6-f6ea-445a-8c54-e1cc5bca8521'),(2,'SH_CVD_ASHA_FOLLOWUP_1','First time follow up done by ASHA',3,'2014-10-29 18:09:33',0,NULL,NULL,NULL,'ef67f990-975e-4aba-8dad-00f86277e634'),(3,'SH_CVD_ASHA_FOLLOWUP_2','Second time follow up done by ASHA',3,'2014-10-29 18:09:47',0,NULL,NULL,NULL,'5232c388-ad6f-4e86-9b1b-8c50284dd307'),(4,'SH_CVD_DOCTOR_FOLLOWUP_1','First time follow up done by a doctor',3,'2014-10-29 18:10:21',0,NULL,NULL,NULL,'a2686bdc-7c85-41a2-8791-c1ba1a267111'),(5,'SH_CVD_ASHA_FOLLOWUP_3','First time follow up done by ASHA',3,'2014-10-29 18:10:31',0,NULL,NULL,NULL,'13366960-f752-487b-8e3a-d5832adb8467'),(6,'SH_CVD_ASHA_FOLLOWUP_4','fourth time follow up done by ASHA',3,'2014-10-29 18:10:43',0,NULL,NULL,NULL,'172d95cb-127b-4ad8-9aa5-657806f30dfe'),(7,'SH_CVD_DOCTOR_FOLLOWUP_2','Second time follow up by doctor (review)',3,'2014-10-29 18:13:43',0,NULL,NULL,NULL,'9b46f043-5932-4f33-a3ee-13588c88063a'),(8,'SH_CVD_DOCTOR_FOLLOWUP_3','Third time follow up by doctor (review)',3,'2014-10-29 18:13:54',0,NULL,NULL,NULL,'250298bc-259e-4384-82ba-9942bb5ddfdc'),(9,'SH_CVD_DOCTOR_FOLLOWUP_4','Fourth time follow up by doctor (review)',3,'2014-10-29 18:14:09',0,NULL,NULL,NULL,'d03d6fb8-b6b9-47a8-98aa-d0aaccde8571');
/*!40000 ALTER TABLE `encounter_type` ENABLE KEYS */;
UNLOCK TABLES;

--
-- Table structure for table `field`
--

DROP TABLE IF EXISTS `field`;
/*!40101 SET @saved_cs_client     = @@character_set_client */;
/*!40101 SET character_set_client = utf8 */;
CREATE TABLE `field` (
  `field_id` int(11) NOT NULL AUTO_INCREMENT,
  `name` varchar(255) NOT NULL DEFAULT '',
  `description` text,
  `field_type` int(11) DEFAULT NULL,
  `concept_id` int(11) DEFAULT NULL,
  `table_name` varchar(50) DEFAULT NULL,
  `attribute_name` varchar(50) DEFAULT NULL,
  `default_value` text,
  `select_multiple` tinyint(1) NOT NULL DEFAULT '0',
  `creator` int(11) NOT NULL DEFAULT '0',
  `date_created` datetime NOT NULL,
  `changed_by` int(11) DEFAULT NULL,
  `date_changed` datetime DEFAULT NULL,
  `retired` tinyint(1) NOT NULL DEFAULT '0',
  `retired_by` int(11) DEFAULT NULL,
  `date_retired` datetime DEFAULT NULL,
  `retire_reason` varchar(255) DEFAULT NULL,
  `uuid` char(38) DEFAULT NULL,
  PRIMARY KEY (`field_id`),
  UNIQUE KEY `field_uuid_index` (`uuid`),
  KEY `field_retired_status` (`retired`),
  KEY `user_who_changed_field` (`changed_by`),
  KEY `concept_for_field` (`concept_id`),
  KEY `user_who_created_field` (`creator`),
  KEY `type_of_field` (`field_type`),
  KEY `user_who_retired_field` (`retired_by`),
  CONSTRAINT `concept_for_field` FOREIGN KEY (`concept_id`) REFERENCES `concept` (`concept_id`),
  CONSTRAINT `type_of_field` FOREIGN KEY (`field_type`) REFERENCES `field_type` (`field_type_id`),
  CONSTRAINT `user_who_changed_field` FOREIGN KEY (`changed_by`) REFERENCES `users` (`user_id`),
  CONSTRAINT `user_who_created_field` FOREIGN KEY (`creator`) REFERENCES `users` (`user_id`),
  CONSTRAINT `user_who_retired_field` FOREIGN KEY (`retired_by`) REFERENCES `users` (`user_id`)
) ENGINE=InnoDB AUTO_INCREMENT=14 DEFAULT CHARSET=utf8;
/*!40101 SET character_set_client = @saved_cs_client */;

--
-- Dumping data for table `field`
--

LOCK TABLES `field` WRITE;
/*!40000 ALTER TABLE `field` DISABLE KEYS */;
INSERT INTO `field` VALUES (1,'ENCOUNTER','Encounter section of form',5,NULL,NULL,NULL,NULL,0,4,'2018-02-16 14:46:35',NULL,NULL,0,NULL,NULL,NULL,'ae176dd7-d9d8-4bf5-a820-b7b0a21bf270'),(2,'PATIENT','Patient section of form',5,NULL,NULL,NULL,NULL,0,4,'2018-02-16 14:46:35',NULL,NULL,0,NULL,NULL,NULL,'f4621b9a-2ce2-43da-a1f7-b9b803c5aacc'),(3,'PATIENT.FAMILY_NAME',NULL,2,NULL,'patient_name','family_name','$!{patient.getFamilyName()}',0,4,'2018-02-16 14:46:35',NULL,NULL,0,NULL,NULL,NULL,'84fcda56-4d26-4a5c-8d5b-9bc1b03e6002'),(4,'ENCOUNTER.PROVIDER_ID',NULL,2,NULL,'encounter','provider_id',NULL,0,4,'2018-02-16 14:46:35',NULL,NULL,0,NULL,NULL,NULL,'9ef5d87f-e07e-439f-8ee8-3d48954ad9b7'),(5,'PATIENT.MEDICAL_RECORD_NUMBER',NULL,2,NULL,'patient_identifier','identifier','$!{patient.getPatientIdentifier(1).getIdentifier()}',0,4,'2018-02-16 14:46:35',NULL,NULL,0,NULL,NULL,NULL,'50083fed-3558-44f0-b852-953e5d263fe0'),(6,'ENCOUNTER.ENCOUNTER_DATETIME',NULL,2,NULL,'encounter','encounter_datetime',NULL,0,4,'2018-02-16 14:46:35',NULL,NULL,0,NULL,NULL,NULL,'4d893cfe-4f98-440c-a48c-64629da690b3'),(7,'OBS','Obs section of form',1,189,NULL,NULL,NULL,0,4,'2018-02-16 14:46:35',NULL,NULL,0,NULL,NULL,NULL,'308fe6e1-0c92-4a41-85a6-3dcafb27e932'),(8,'PATIENT.GIVEN_NAME',NULL,2,NULL,'patient_name','given_name','$!{patient.getGivenName()}',0,4,'2018-02-16 14:46:35',NULL,NULL,0,NULL,NULL,NULL,'92d7e559-a59f-430b-8a36-90895294b6e0'),(9,'ENCOUNTER.LOCATION_ID',NULL,2,NULL,'encounter','location_id',NULL,0,4,'2018-02-16 14:46:35',NULL,NULL,0,NULL,NULL,NULL,'74fe53e7-c9bc-49af-9707-5d618d025377'),(10,'PATIENT.PATIENT_ID',NULL,2,NULL,'patient','patient_id','$!{patient.getPatientId()}',0,4,'2018-02-16 14:46:35',NULL,NULL,0,NULL,NULL,NULL,'f29f8065-75bb-494a-8ffd-aea5fff3a965'),(11,'PATIENT.MIDDLE_NAME',NULL,2,NULL,'patient_name','middle_name','$!{patient.getMiddleName()}',0,4,'2018-02-16 14:46:35',NULL,NULL,0,NULL,NULL,NULL,'f85a23e4-9817-49c3-88bd-c3758c535c39'),(12,'PATIENT.BIRTHDATE',NULL,2,NULL,'patient','birthdate','$!{date.format($patient.getBirthdate())}',0,4,'2018-02-16 14:46:35',NULL,NULL,0,NULL,NULL,NULL,'5c403b69-ee1e-468d-aadd-11679bfd4163'),(13,'PATIENT.SEX',NULL,2,NULL,'patient','gender','$!{patient.getGender()}',0,4,'2018-02-16 14:46:35',NULL,NULL,0,NULL,NULL,NULL,'77995ac9-907b-409a-a8c1-eb7a63f5bf73');
/*!40000 ALTER TABLE `field` ENABLE KEYS */;
UNLOCK TABLES;

--
-- Table structure for table `field_answer`
--

DROP TABLE IF EXISTS `field_answer`;
/*!40101 SET @saved_cs_client     = @@character_set_client */;
/*!40101 SET character_set_client = utf8 */;
CREATE TABLE `field_answer` (
  `field_id` int(11) NOT NULL DEFAULT '0',
  `answer_id` int(11) NOT NULL DEFAULT '0',
  `creator` int(11) NOT NULL DEFAULT '0',
  `date_created` datetime NOT NULL,
  `uuid` char(38) DEFAULT NULL,
  PRIMARY KEY (`field_id`,`answer_id`),
  UNIQUE KEY `field_answer_uuid_index` (`uuid`),
  KEY `field_answer_concept` (`answer_id`),
  KEY `user_who_created_field_answer` (`creator`),
  CONSTRAINT `answers_for_field` FOREIGN KEY (`field_id`) REFERENCES `field` (`field_id`),
  CONSTRAINT `field_answer_concept` FOREIGN KEY (`answer_id`) REFERENCES `concept` (`concept_id`),
  CONSTRAINT `user_who_created_field_answer` FOREIGN KEY (`creator`) REFERENCES `users` (`user_id`)
) ENGINE=InnoDB DEFAULT CHARSET=utf8;
/*!40101 SET character_set_client = @saved_cs_client */;

--
-- Dumping data for table `field_answer`
--

LOCK TABLES `field_answer` WRITE;
/*!40000 ALTER TABLE `field_answer` DISABLE KEYS */;
/*!40000 ALTER TABLE `field_answer` ENABLE KEYS */;
UNLOCK TABLES;

--
-- Table structure for table `field_type`
--

DROP TABLE IF EXISTS `field_type`;
/*!40101 SET @saved_cs_client     = @@character_set_client */;
/*!40101 SET character_set_client = utf8 */;
CREATE TABLE `field_type` (
  `field_type_id` int(11) NOT NULL AUTO_INCREMENT,
  `name` varchar(50) DEFAULT NULL,
  `description` text,
  `is_set` tinyint(1) NOT NULL DEFAULT '0',
  `creator` int(11) NOT NULL DEFAULT '0',
  `date_created` datetime NOT NULL,
  `uuid` char(38) DEFAULT NULL,
  PRIMARY KEY (`field_type_id`),
  UNIQUE KEY `field_type_uuid_index` (`uuid`),
  KEY `user_who_created_field_type` (`creator`),
  CONSTRAINT `user_who_created_field_type` FOREIGN KEY (`creator`) REFERENCES `users` (`user_id`)
) ENGINE=InnoDB AUTO_INCREMENT=6 DEFAULT CHARSET=utf8;
/*!40101 SET character_set_client = @saved_cs_client */;

--
-- Dumping data for table `field_type`
--

LOCK TABLES `field_type` WRITE;
/*!40000 ALTER TABLE `field_type` DISABLE KEYS */;
INSERT INTO `field_type` VALUES (1,'Concept','',0,1,'2005-02-22 00:00:00','8d5e7d7c-c2cc-11de-8d13-0010c6dffd0f'),(2,'Database element','',0,1,'2005-02-22 00:00:00','8d5e8196-c2cc-11de-8d13-0010c6dffd0f'),(3,'Set of Concepts','',1,1,'2005-02-22 00:00:00','8d5e836c-c2cc-11de-8d13-0010c6dffd0f'),(4,'Miscellaneous Set','',1,1,'2005-02-22 00:00:00','8d5e852e-c2cc-11de-8d13-0010c6dffd0f'),(5,'Section','',1,1,'2005-02-22 00:00:00','8d5e86fa-c2cc-11de-8d13-0010c6dffd0f');
/*!40000 ALTER TABLE `field_type` ENABLE KEYS */;
UNLOCK TABLES;

--
-- Table structure for table `form`
--

DROP TABLE IF EXISTS `form`;
/*!40101 SET @saved_cs_client     = @@character_set_client */;
/*!40101 SET character_set_client = utf8 */;
CREATE TABLE `form` (
  `form_id` int(11) NOT NULL AUTO_INCREMENT,
  `name` varchar(255) NOT NULL DEFAULT '',
  `version` varchar(50) NOT NULL DEFAULT '',
  `build` int(11) DEFAULT NULL,
  `published` tinyint(1) NOT NULL DEFAULT '0',
  `xslt` text,
  `template` text,
  `description` text,
  `encounter_type` int(11) DEFAULT NULL,
  `creator` int(11) NOT NULL DEFAULT '0',
  `date_created` datetime NOT NULL,
  `changed_by` int(11) DEFAULT NULL,
  `date_changed` datetime DEFAULT NULL,
  `retired` tinyint(1) NOT NULL DEFAULT '0',
  `retired_by` int(11) DEFAULT NULL,
  `date_retired` datetime DEFAULT NULL,
  `retired_reason` varchar(255) DEFAULT NULL,
  `uuid` char(38) DEFAULT NULL,
  PRIMARY KEY (`form_id`),
  UNIQUE KEY `form_uuid_index` (`uuid`),
  KEY `form_published_index` (`published`),
  KEY `form_retired_index` (`retired`),
  KEY `form_published_and_retired_index` (`published`,`retired`),
  KEY `user_who_last_changed_form` (`changed_by`),
  KEY `user_who_created_form` (`creator`),
  KEY `form_encounter_type` (`encounter_type`),
  KEY `user_who_retired_form` (`retired_by`),
  CONSTRAINT `form_encounter_type` FOREIGN KEY (`encounter_type`) REFERENCES `encounter_type` (`encounter_type_id`),
  CONSTRAINT `user_who_created_form` FOREIGN KEY (`creator`) REFERENCES `users` (`user_id`),
  CONSTRAINT `user_who_last_changed_form` FOREIGN KEY (`changed_by`) REFERENCES `users` (`user_id`),
  CONSTRAINT `user_who_retired_form` FOREIGN KEY (`retired_by`) REFERENCES `users` (`user_id`)
) ENGINE=InnoDB AUTO_INCREMENT=10 DEFAULT CHARSET=utf8;
/*!40101 SET character_set_client = @saved_cs_client */;

--
-- Dumping data for table `form`
--

LOCK TABLES `form` WRITE;
/*!40000 ALTER TABLE `form` DISABLE KEYS */;
INSERT INTO `form` VALUES (1,'SH_CVD_ASHA_FOLLOWUP_1','1.0',NULL,0,NULL,NULL,'Follow up first time - ASHA',2,3,'2014-10-29 18:11:30',NULL,NULL,0,NULL,NULL,NULL,'e8006bd0-aea7-458d-9b21-ecc12e014666'),(2,'SH_CVD_ASHA_FOLLOWUP_2','1.0',NULL,0,NULL,NULL,'Second time follow up - ASHA',3,3,'2014-10-29 18:12:02',NULL,NULL,0,NULL,NULL,NULL,'becb611d-bc82-420c-8a8d-f7681aa4adb1'),(3,'SH_CVD_ASHA_FOLLOWUP_3','1.0',NULL,0,NULL,NULL,'Third time follow up - ASHA',5,3,'2014-10-29 18:12:18',NULL,NULL,0,NULL,NULL,NULL,'5906df72-aaac-4d69-8929-adb2077a9974'),(4,'SH_CVD_ASHA_FOLLOWUP_4','1.0',NULL,0,NULL,NULL,'Fourth time follow-up by ASHA',6,3,'2014-10-29 18:12:37',NULL,NULL,0,NULL,NULL,NULL,'2a54804f-cac1-4111-8220-c9320cc47183'),(5,'SH_CVD_ASHA_SCREENING_1','1.0',NULL,0,NULL,NULL,'Screening by ASHA',1,3,'2014-10-29 18:12:56',NULL,NULL,0,NULL,NULL,NULL,'489e9a39-1a5e-45a2-b5da-500b44bf38ca'),(6,'SH_CVD_DOCTOR_FOLLOWUP_1','1.0',NULL,0,NULL,NULL,'Doctor follow up first time',4,3,'2014-10-29 18:13:16',NULL,NULL,0,NULL,NULL,NULL,'e79624dc-cc3f-4e9d-8a75-8d8fe7040344'),(7,'SH_CVD_DOCTOR_FOLLOWUP_2','1.0',NULL,0,NULL,NULL,'Second review by doctor',7,3,'2014-10-29 18:14:37',NULL,NULL,0,NULL,NULL,NULL,'8d1cd325-f9f2-448a-8456-3ff0a430ecda'),(8,'SH_CVD_DOCTOR_FOLLOWUP_3','1.0',NULL,0,NULL,NULL,'Third review by doctor',8,3,'2014-10-29 18:14:57',NULL,NULL,0,NULL,NULL,NULL,'dd5a2ea9-604f-4602-afe6-cd89847bb4ba'),(9,'SH_CVD_DOCTOR_FOLLOWUP_4','1.0',NULL,0,NULL,NULL,'Fourth review by doctor',9,3,'2014-10-29 18:15:15',NULL,NULL,0,NULL,NULL,NULL,'117ed4da-a128-445d-8d13-765cd266bb07');
/*!40000 ALTER TABLE `form` ENABLE KEYS */;
UNLOCK TABLES;

--
-- Table structure for table `form_field`
--

DROP TABLE IF EXISTS `form_field`;
/*!40101 SET @saved_cs_client     = @@character_set_client */;
/*!40101 SET character_set_client = utf8 */;
CREATE TABLE `form_field` (
  `form_field_id` int(11) NOT NULL AUTO_INCREMENT,
  `form_id` int(11) NOT NULL DEFAULT '0',
  `field_id` int(11) NOT NULL DEFAULT '0',
  `field_number` int(11) DEFAULT NULL,
  `field_part` varchar(5) DEFAULT NULL,
  `page_number` int(11) DEFAULT NULL,
  `parent_form_field` int(11) DEFAULT NULL,
  `min_occurs` int(11) DEFAULT NULL,
  `max_occurs` int(11) DEFAULT NULL,
  `required` tinyint(1) NOT NULL DEFAULT '0',
  `changed_by` int(11) DEFAULT NULL,
  `date_changed` datetime DEFAULT NULL,
  `creator` int(11) NOT NULL DEFAULT '0',
  `date_created` datetime NOT NULL,
  `sort_weight` double DEFAULT NULL,
  `uuid` char(38) DEFAULT NULL,
  PRIMARY KEY (`form_field_id`),
  UNIQUE KEY `form_field_uuid_index` (`uuid`),
  KEY `user_who_last_changed_form_field` (`changed_by`),
  KEY `user_who_created_form_field` (`creator`),
  KEY `field_within_form` (`field_id`),
  KEY `form_containing_field` (`form_id`),
  KEY `form_field_hierarchy` (`parent_form_field`),
  CONSTRAINT `field_within_form` FOREIGN KEY (`field_id`) REFERENCES `field` (`field_id`),
  CONSTRAINT `form_containing_field` FOREIGN KEY (`form_id`) REFERENCES `form` (`form_id`),
  CONSTRAINT `form_field_hierarchy` FOREIGN KEY (`parent_form_field`) REFERENCES `form_field` (`form_field_id`),
  CONSTRAINT `user_who_created_form_field` FOREIGN KEY (`creator`) REFERENCES `users` (`user_id`),
  CONSTRAINT `user_who_last_changed_form_field` FOREIGN KEY (`changed_by`) REFERENCES `users` (`user_id`)
) ENGINE=InnoDB AUTO_INCREMENT=14 DEFAULT CHARSET=utf8;
/*!40101 SET character_set_client = @saved_cs_client */;

--
-- Dumping data for table `form_field`
--

LOCK TABLES `form_field` WRITE;
/*!40000 ALTER TABLE `form_field` DISABLE KEYS */;
INSERT INTO `form_field` VALUES (1,1,1,2,NULL,NULL,NULL,NULL,NULL,0,NULL,NULL,4,'2018-02-16 14:46:35',1,'7bad35d4-0539-46c2-a93f-f57863735a98'),(2,1,2,1,NULL,NULL,NULL,NULL,NULL,0,NULL,NULL,4,'2018-02-16 14:46:35',1,'f8480d5c-8419-4624-a57e-90edb24ede5d'),(3,1,3,NULL,NULL,NULL,2,NULL,NULL,0,NULL,NULL,4,'2018-02-16 14:46:35',1,'ebc47f60-4337-4a17-b41d-9e89ca8dd3df'),(4,1,4,NULL,NULL,NULL,1,NULL,NULL,0,NULL,NULL,4,'2018-02-16 14:46:35',1,'26e2a161-ff27-4315-b012-4448054a971c'),(5,1,5,NULL,NULL,NULL,2,NULL,NULL,0,NULL,NULL,4,'2018-02-16 14:46:35',1,'0da6b481-3203-4dee-adb5-5edd470d5654'),(6,1,6,NULL,NULL,NULL,1,NULL,NULL,0,NULL,NULL,4,'2018-02-16 14:46:35',1,'33b46b27-dd68-4154-b370-4d88714cfa1f'),(7,1,7,3,NULL,NULL,NULL,NULL,NULL,0,NULL,NULL,4,'2018-02-16 14:46:35',1,'71c50b24-ee85-48ea-8b1a-0c9d7cb9e7d8'),(8,1,8,NULL,NULL,NULL,2,NULL,NULL,0,NULL,NULL,4,'2018-02-16 14:46:35',1,'54df9dfd-d124-481c-8c12-176426528252'),(9,1,9,NULL,NULL,NULL,1,NULL,NULL,0,NULL,NULL,4,'2018-02-16 14:46:35',1,'537705b1-6838-4dfa-894b-9884922b474e'),(10,1,10,NULL,NULL,NULL,2,NULL,NULL,0,NULL,NULL,4,'2018-02-16 14:46:35',1,'d3382e23-6a78-4716-83ee-a581b6d61f12'),(11,1,11,NULL,NULL,NULL,2,NULL,NULL,0,NULL,NULL,4,'2018-02-16 14:46:35',1,'776e8946-5dc4-4dd8-b046-c88e380acf0f'),(12,1,12,NULL,NULL,NULL,2,NULL,NULL,0,NULL,NULL,4,'2018-02-16 14:46:35',1,'2489f105-58d4-4b12-9232-3ae231bc875f'),(13,1,13,NULL,NULL,NULL,2,NULL,NULL,0,NULL,NULL,4,'2018-02-16 14:46:35',1,'3cd26d22-3d90-46f9-bdd5-e6e34a762c14');
/*!40000 ALTER TABLE `form_field` ENABLE KEYS */;
UNLOCK TABLES;

--
-- Table structure for table `form_resource`
--

DROP TABLE IF EXISTS `form_resource`;
/*!40101 SET @saved_cs_client     = @@character_set_client */;
/*!40101 SET character_set_client = utf8 */;
CREATE TABLE `form_resource` (
  `form_resource_id` int(11) NOT NULL AUTO_INCREMENT,
  `form_id` int(11) NOT NULL,
  `name` varchar(255) NOT NULL,
  `value_reference` text NOT NULL,
  `datatype` varchar(255) DEFAULT NULL,
  `datatype_config` text,
  `preferred_handler` varchar(255) DEFAULT NULL,
  `handler_config` text,
  `uuid` char(38) NOT NULL,
  PRIMARY KEY (`form_resource_id`),
  UNIQUE KEY `uuid` (`uuid`),
  UNIQUE KEY `unique_form_and_name` (`form_id`,`name`),
  CONSTRAINT `form_resource_form_fk` FOREIGN KEY (`form_id`) REFERENCES `form` (`form_id`)
) ENGINE=InnoDB DEFAULT CHARSET=utf8;
/*!40101 SET character_set_client = @saved_cs_client */;

--
-- Dumping data for table `form_resource`
--

LOCK TABLES `form_resource` WRITE;
/*!40000 ALTER TABLE `form_resource` DISABLE KEYS */;
/*!40000 ALTER TABLE `form_resource` ENABLE KEYS */;
UNLOCK TABLES;

--
-- Table structure for table `formentry_archive`
--

DROP TABLE IF EXISTS `formentry_archive`;
/*!40101 SET @saved_cs_client     = @@character_set_client */;
/*!40101 SET character_set_client = utf8 */;
CREATE TABLE `formentry_archive` (
  `formentry_archive_id` int(11) NOT NULL AUTO_INCREMENT,
  `form_data` mediumtext NOT NULL,
  `date_created` datetime NOT NULL DEFAULT '0000-00-00 00:00:00',
  `creator` int(11) NOT NULL DEFAULT '0',
  PRIMARY KEY (`formentry_archive_id`),
  KEY `User who created formentry_archive` (`creator`),
  CONSTRAINT `User who created formentry_archive` FOREIGN KEY (`creator`) REFERENCES `users` (`user_id`)
) ENGINE=InnoDB DEFAULT CHARSET=utf8;
/*!40101 SET character_set_client = @saved_cs_client */;

--
-- Dumping data for table `formentry_archive`
--

LOCK TABLES `formentry_archive` WRITE;
/*!40000 ALTER TABLE `formentry_archive` DISABLE KEYS */;
/*!40000 ALTER TABLE `formentry_archive` ENABLE KEYS */;
UNLOCK TABLES;

--
-- Table structure for table `formentry_error`
--

DROP TABLE IF EXISTS `formentry_error`;
/*!40101 SET @saved_cs_client     = @@character_set_client */;
/*!40101 SET character_set_client = utf8 */;
CREATE TABLE `formentry_error` (
  `formentry_error_id` int(11) NOT NULL AUTO_INCREMENT,
  `form_data` mediumtext NOT NULL,
  `error` varchar(255) NOT NULL DEFAULT '',
  `error_details` text,
  `creator` int(11) NOT NULL DEFAULT '0',
  `date_created` datetime NOT NULL DEFAULT '0000-00-00 00:00:00',
  PRIMARY KEY (`formentry_error_id`),
  KEY `User who created formentry_error` (`creator`),
  CONSTRAINT `User who created formentry_error` FOREIGN KEY (`creator`) REFERENCES `users` (`user_id`)
) ENGINE=InnoDB DEFAULT CHARSET=utf8;
/*!40101 SET character_set_client = @saved_cs_client */;

--
-- Dumping data for table `formentry_error`
--

LOCK TABLES `formentry_error` WRITE;
/*!40000 ALTER TABLE `formentry_error` DISABLE KEYS */;
/*!40000 ALTER TABLE `formentry_error` ENABLE KEYS */;
UNLOCK TABLES;

--
-- Table structure for table `formentry_queue`
--

DROP TABLE IF EXISTS `formentry_queue`;
/*!40101 SET @saved_cs_client     = @@character_set_client */;
/*!40101 SET character_set_client = utf8 */;
CREATE TABLE `formentry_queue` (
  `formentry_queue_id` int(11) NOT NULL AUTO_INCREMENT,
  `form_data` mediumtext NOT NULL,
  `status` int(11) NOT NULL DEFAULT '0' COMMENT '0=pending, 1=processing, 2=processed, 3=error',
  `date_processed` datetime DEFAULT NULL,
  `error_msg` varchar(255) DEFAULT NULL,
  `creator` int(11) NOT NULL DEFAULT '0',
  `date_created` datetime NOT NULL DEFAULT '0000-00-00 00:00:00',
  PRIMARY KEY (`formentry_queue_id`)
) ENGINE=InnoDB DEFAULT CHARSET=utf8;
/*!40101 SET character_set_client = @saved_cs_client */;

--
-- Dumping data for table `formentry_queue`
--

LOCK TABLES `formentry_queue` WRITE;
/*!40000 ALTER TABLE `formentry_queue` DISABLE KEYS */;
/*!40000 ALTER TABLE `formentry_queue` ENABLE KEYS */;
UNLOCK TABLES;

--
-- Table structure for table `global_property`
--

DROP TABLE IF EXISTS `global_property`;
/*!40101 SET @saved_cs_client     = @@character_set_client */;
/*!40101 SET character_set_client = utf8 */;
CREATE TABLE `global_property` (
  `property` varchar(255) NOT NULL DEFAULT '',
  `property_value` text,
  `description` text,
  `uuid` char(38) DEFAULT NULL,
  `datatype` varchar(255) DEFAULT NULL,
  `datatype_config` text,
  `preferred_handler` varchar(255) DEFAULT NULL,
  `handler_config` text,
  PRIMARY KEY (`property`),
  UNIQUE KEY `global_property_uuid_index` (`uuid`)
) ENGINE=InnoDB DEFAULT CHARSET=utf8;
/*!40101 SET character_set_client = @saved_cs_client */;

--
-- Dumping data for table `global_property`
--

LOCK TABLES `global_property` WRITE;
/*!40000 ALTER TABLE `global_property` DISABLE KEYS */;
INSERT INTO `global_property` VALUES ('application.name','OpenMRS','The name of this application, as presented to the user, for example on the login and welcome pages.','719837de-92bc-4bc6-9ef8-6378e905569b',NULL,NULL,NULL,NULL),('autoCloseVisits.visitType',NULL,'comma-separated list of the visit type(s) to automatically close','dd87ab73-3a38-4d9c-acfe-30970959cc1d',NULL,NULL,NULL,NULL),('calculation.mandatory','false','true/false whether or not the calculation module MUST start when openmrs starts.  This is used to make sure that mission critical modules are always running if openmrs is running.','182f9c90-0e54-4855-b93b-874ed000d4c3',NULL,NULL,NULL,NULL),('calculation.started','true','DO NOT MODIFY. true/false whether or not the calculation module has been started.  This is used to make sure modules that were running  prior to a restart are started again','248e1179-3015-4031-b1b1-0b3f1ffccecb',NULL,NULL,NULL,NULL),('concept.caseSensitiveNamesInConceptNameTable','true','Indicates whether names in the concept_name table are case sensitive or not. Setting this to false for MySQL with a case insensitive collation improves search performance.','c66f8290-8e1b-4ae6-abb9-50566f90886c',NULL,NULL,NULL,NULL),('concept.causeOfDeath','5002','Concept id of the concept defining the CAUSE OF DEATH concept','64212b57-3216-46e5-8d4e-44f29f7c068b',NULL,NULL,NULL,NULL),('concept.cd4_count','5497','Concept id of the concept defining the CD4 count concept','e0104190-40ae-4fd0-9be6-27182c22f5de',NULL,NULL,NULL,NULL),('concept.defaultConceptMapType','NARROWER-THAN','Default concept map type which is used when no other is set','067bb6b3-742d-40a1-b903-f02f2b4e0195',NULL,NULL,NULL,NULL),('concept.false','2','Concept id of the concept defining the FALSE boolean concept','95d87efc-c59c-4e83-b8a7-9412cd21e4ee',NULL,NULL,NULL,NULL),('concept.height','5090','Concept id of the concept defining the HEIGHT concept','475cfb57-160d-4a5a-9cf2-e46880f3bfa4',NULL,NULL,NULL,NULL),('concept.medicalRecordObservations','189','The concept id of the MEDICAL_RECORD_OBSERVATIONS concept.  This concept_id is presumed to be the generic grouping (obr) concept in hl7 messages.  An obs_group row is not created for this concept.','c72b739a-ab6e-46c7-a6cd-e48d6243101f',NULL,NULL,NULL,NULL),('concept.none','1107','Concept id of the concept defining the NONE concept','aea649e6-3cf4-40ac-a935-9315672f79cb',NULL,NULL,NULL,NULL),('concept.otherNonCoded','5622','Concept id of the concept defining the OTHER NON-CODED concept','7049da12-086c-4f8c-a3dd-37e01ea43ec0',NULL,NULL,NULL,NULL),('concept.patientDied','1742','Concept id of the concept defining the PATIENT DIED concept','82bbdd77-e6be-4357-bb7f-f1698155fd4b',NULL,NULL,NULL,NULL),('concept.problemList','1284','The concept id of the PROBLEM LIST concept.  This concept_id is presumed to be the generic grouping (obr) concept in hl7 messages.  An obs_group row is not created for this concept.','ed38dff7-d361-4f5f-871c-46e5d7a8493d',NULL,NULL,NULL,NULL),('concept.reasonExitedCare',NULL,'Concept id of the concept defining the REASON EXITED CARE concept','ed504907-d81e-45f9-8d16-5afd565a1525',NULL,NULL,NULL,NULL),('concept.reasonOrderStopped','1812','Concept id of the concept defining the REASON ORDER STOPPED concept','15ba617b-1e55-4cd2-a55f-be6e47de5101',NULL,NULL,NULL,NULL),('concept.true','1','Concept id of the concept defining the TRUE boolean concept','120b3ed3-dddb-417c-9a75-6bb66129667e',NULL,NULL,NULL,NULL),('concept.weight','5089','Concept id of the concept defining the WEIGHT concept','ea5c73b7-e8d6-4b04-8edb-39c0329e5f59',NULL,NULL,NULL,NULL),('conceptDrug.dosageForm.conceptClasses',NULL,'A comma-separated list of the allowed concept classes for the dosage form field of the concept drug management form.','bb6867a2-4c2b-4026-94f6-ee28624185d3',NULL,NULL,NULL,NULL),('conceptDrug.route.conceptClasses',NULL,'A comma-separated list of the allowed concept classes for the route field of the concept drug management form.','e7602e47-9cb2-490d-9bab-1ed2f9bc6a4d',NULL,NULL,NULL,NULL),('concepts.locked','false','if true, do not allow editing concepts','f5c960e4-d88f-48bb-8224-79fb15df303e','org.openmrs.customdatatype.datatype.BooleanDatatype',NULL,NULL,NULL),('concept_map_type_management.enable','false','Enables or disables management of concept map types','5b1678ea-f778-4956-adc5-f630d4e13bd1','org.openmrs.customdatatype.datatype.BooleanDatatype',NULL,NULL,NULL),('dashboard.encounters.maximumNumberToShow',NULL,'An integer which, if specified, would determine the maximum number of encounters to display on the encounter tab of the patient dashboard.','338c4330-1ac9-457f-a816-870d467f7744',NULL,NULL,NULL,NULL),('dashboard.encounters.providerDisplayRoles',NULL,'A comma-separated list of encounter roles (by name or id). Providers with these roles in an encounter will be displayed on the encounter tab of the patient dashboard.','826637dc-55a4-4a40-b804-2749426fd110',NULL,NULL,NULL,NULL),('dashboard.encounters.showEditLink','true','true/false whether or not to show the \'Edit Encounter\' link on the patient dashboard','374322ae-5eb4-4b0c-b29f-6ba07a275894','org.openmrs.customdatatype.datatype.BooleanDatatype',NULL,NULL,NULL),('dashboard.encounters.showEmptyFields','true','true/false whether or not to show empty fields on the \'View Encounter\' window','de3433d7-6900-4142-bd7a-97ed67beef20','org.openmrs.customdatatype.datatype.BooleanDatatype',NULL,NULL,NULL),('dashboard.encounters.showViewLink','true','true/false whether or not to show the \'View Encounter\' link on the patient dashboard','66c54b5e-18f3-4164-bbd0-e85d4fcfdaca','org.openmrs.customdatatype.datatype.BooleanDatatype',NULL,NULL,NULL),('dashboard.encounters.usePages','smart','true/false/smart on how to show the pages on the \'View Encounter\' window.  \'smart\' means that if > 50% of the fields have page numbers defined, show data in pages','697601ec-9798-42e5-86ac-5e7069521226',NULL,NULL,NULL,NULL),('dashboard.header.programs_to_show',NULL,'List of programs to show Enrollment details of in the patient header. (Should be an ordered comma-separated list of program_ids or names.)','2e0931f5-7645-45b7-9718-ce549af6c4e5',NULL,NULL,NULL,NULL),('dashboard.header.workflows_to_show',NULL,'List of programs to show Enrollment details of in the patient header. List of workflows to show current status of in the patient header. These will only be displayed if they belong to a program listed above. (Should be a comma-separated list of program_workflow_ids.)','323eb37a-2d75-4548-8c30-d84f7ef9c7ce',NULL,NULL,NULL,NULL),('dashboard.overview.showConcepts',NULL,'Comma delimited list of concepts ids to show on the patient dashboard overview tab','b5cbfa12-77a2-4ce6-b0b2-c766dccd36bd',NULL,NULL,NULL,NULL),('dashboard.regimen.displayDrugSetIds','ANTIRETROVIRAL DRUGS,TUBERCULOSIS TREATMENT DRUGS','Drug sets that appear on the Patient Dashboard Regimen tab. Comma separated list of name of concepts that are defined as drug sets.','95dacdd1-c3ab-46f0-8660-c20e8aab4c35',NULL,NULL,NULL,NULL),('dashboard.regimen.displayFrequencies','7 days/week,6 days/week,5 days/week,4 days/week,3 days/week,2 days/week,1 days/week','Frequency of a drug order that appear on the Patient Dashboard. Comma separated list of name of concepts that are defined as drug frequencies.','67dcb07d-7dbf-490f-a2d1-fe5093abfaab',NULL,NULL,NULL,NULL),('dashboard.regimen.standardRegimens','<list>  <regimenSuggestion>    <drugComponents>      <drugSuggestion>        <drugId>2</drugId>        <dose>1</dose>        <units>tab(s)</units>        <frequency>2/day x 7 days/week</frequency>        <instructions></instructions>      </drugSuggestion>    </drugComponents>    <displayName>3TC + d4T(30) + NVP (Triomune-30)</displayName>    <codeName>standardTri30</codeName>    <canReplace>ANTIRETROVIRAL DRUGS</canReplace>  </regimenSuggestion>  <regimenSuggestion>    <drugComponents>      <drugSuggestion>        <drugId>3</drugId>        <dose>1</dose>        <units>tab(s)</units>        <frequency>2/day x 7 days/week</frequency>        <instructions></instructions>      </drugSuggestion>    </drugComponents>    <displayName>3TC + d4T(40) + NVP (Triomune-40)</displayName>    <codeName>standardTri40</codeName>    <canReplace>ANTIRETROVIRAL DRUGS</canReplace>  </regimenSuggestion>  <regimenSuggestion>    <drugComponents>      <drugSuggestion>        <drugId>39</drugId>        <dose>1</dose>        <units>tab(s)</units>        <frequency>2/day x 7 days/week</frequency>        <instructions></instructions>      </drugSuggestion>      <drugSuggestion>        <drugId>22</drugId>        <dose>200</dose>        <units>mg</units>        <frequency>2/day x 7 days/week</frequency>        <instructions></instructions>      </drugSuggestion>    </drugComponents>    <displayName>AZT + 3TC + NVP</displayName>    <codeName>standardAztNvp</codeName>    <canReplace>ANTIRETROVIRAL DRUGS</canReplace>  </regimenSuggestion>  <regimenSuggestion>    <drugComponents>      <drugSuggestion reference=\"../../../regimenSuggestion[3]/drugComponents/drugSuggestion\"/>      <drugSuggestion>        <drugId>11</drugId>        <dose>600</dose>        <units>mg</units>        <frequency>1/day x 7 days/week</frequency>        <instructions></instructions>      </drugSuggestion>    </drugComponents>    <displayName>AZT + 3TC + EFV(600)</displayName>    <codeName>standardAztEfv</codeName>    <canReplace>ANTIRETROVIRAL DRUGS</canReplace>  </regimenSuggestion>  <regimenSuggestion>    <drugComponents>      <drugSuggestion>        <drugId>5</drugId>        <dose>30</dose>        <units>mg</units>        <frequency>2/day x 7 days/week</frequency>        <instructions></instructions>      </drugSuggestion>      <drugSuggestion>        <drugId>42</drugId>        <dose>150</dose>        		<units>mg</units>        <frequency>2/day x 7 days/week</frequency>        <instructions></instructions>      </drugSuggestion>      <drugSuggestion reference=\"../../../regimenSuggestion[4]/drugComponents/drugSuggestion[2]\"/>    </drugComponents>    <displayName>d4T(30) + 3TC + EFV(600)</displayName>    <codeName>standardD4t30Efv</codeName>    <canReplace>ANTIRETROVIRAL DRUGS</canReplace>  </regimenSuggestion>  <regimenSuggestion>    <drugComponents>      <drugSuggestion>        <drugId>6</drugId>        <dose>40</dose>        <units>mg</units>        <frequency>2/day x 7 days/week</frequency>        <instructions></instructions>      </drugSuggestion>      <drugSuggestion reference=\"../../../regimenSuggestion[5]/drugComponents/drugSuggestion[2]\"/>      <drugSuggestion reference=\"../../../regimenSuggestion[4]/drugComponents/drugSuggestion[2]\"/>    </drugComponents>    <displayName>d4T(40) + 3TC + EFV(600)</displayName>    <codeName>standardD4t40Efv</codeName>    <canReplace>ANTIRETROVIRAL DRUGS</canReplace>  </regimenSuggestion></list>','XML description of standard drug regimens, to be shown as shortcuts on the dashboard regimen entry tab','c4057091-6a4e-4119-bd9c-dc66804d30cd',NULL,NULL,NULL,NULL),('dashboard.relationships.show_types',NULL,'Types of relationships separated by commas.  Doctor/Patient,Parent/Child','1b93cf20-ee17-4560-9db6-224f09747928',NULL,NULL,NULL,NULL),('dashboard.showPatientName','false','Whether or not to display the patient name in the patient dashboard title. Note that enabling this could be security risk if multiple users operate on the same computer.','cbc6c26e-b381-4e44-8e3a-2d866d8cc7fb','org.openmrs.customdatatype.datatype.BooleanDatatype',NULL,NULL,NULL),('default_locale','en','Specifies the default locale. You can specify both the language code(ISO-639) and the country code(ISO-3166), e.g. \'en_GB\' or just country: e.g. \'en\'','403b3922-69a3-4dd5-8b8b-22317dc49212',NULL,NULL,NULL,NULL),('default_location','Unknown Location','The name of the location to use as a system default','eabf5e37-36d1-4284-b2d8-3e5329591863',NULL,NULL,NULL,NULL),('default_theme',NULL,'Default theme for users.  OpenMRS ships with themes of \'green\', \'orange\', \'purple\', and \'legacy\'','1f941a7f-c5ec-41eb-8a34-136d9d77e0a9',NULL,NULL,NULL,NULL),('encounterForm.obsSortOrder','number','The sort order for the obs listed on the encounter edit form.  \'number\' sorts on the associated numbering from the form schema.  \'weight\' sorts on the order displayed in the form schema.','f76adecd-45f8-4b74-9b93-294c0bddfc41',NULL,NULL,NULL,NULL),('formdataexport.database_version','1.8','DO NOT MODIFY.  Current database version number for the formdataexport module.','307c18d0-c768-43b8-a528-5a1d1f6cb9c9',NULL,NULL,NULL,NULL),('formdataexport.mandatory','false','true/false whether or not the formdataexport module MUST start when openmrs starts.  This is used to make sure that mission critical modules are always running if openmrs is running.','f81ad11e-3540-45d4-8270-93e532e85f64',NULL,NULL,NULL,NULL),('formdataexport.patientIdentifierTypes',NULL,'A comma-separated list of patient identifier types by identifier name that you want to include in your data exports.','0eee8f23-6af8-4a04-9cc6-826c86f62379',NULL,NULL,NULL,NULL),('formdataexport.started','true','DO NOT MODIFY. true/false whether or not the formdataexport module has been started.  This is used to make sure modules that were running  prior to a restart are started again','0bf8befa-4a63-47d0-84a7-9aff26cc1a4d',NULL,NULL,NULL,NULL),('FormEntry.enableDashboardTab','true','true/false whether or not to show a Form Entry tab on the patient dashboard','c45112b3-7ef7-4dc9-b810-fb99b277955d','org.openmrs.customdatatype.datatype.BooleanDatatype',NULL,NULL,NULL),('FormEntry.enableOnEncounterTab','false','true/false whether or not to show a Enter Form button on the encounters tab of the patient dashboard','640142ac-e812-42df-9698-4d65c6016920','org.openmrs.customdatatype.datatype.BooleanDatatype',NULL,NULL,NULL),('graph.color.absolute','rgb(20,20,20)','Color of the \'invalid\' section of numeric graphs on the patient dashboard.','44a9b738-1495-4e69-9042-3fea4703b7b3',NULL,NULL,NULL,NULL),('graph.color.critical','rgb(200,0,0)','Color of the \'critical\' section of numeric graphs on the patient dashboard.','22c19c30-ea5b-44d2-9571-909ee977819d',NULL,NULL,NULL,NULL),('graph.color.normal','rgb(255,126,0)','Color of the \'normal\' section of numeric graphs on the patient dashboard.','1c6b3081-36c2-4269-95b2-c9bdd709b9b1',NULL,NULL,NULL,NULL),('gzip.enabled','false','Set to \'true\' to turn on OpenMRS\'s gzip filter, and have the webapp compress data before sending it to any client that supports it. Generally use this if you are running Tomcat standalone. If you are running Tomcat behind Apache, then you\'d want to use Apache to do gzip compression.','bc8d2db0-3273-487c-8eaf-d43be890981d','org.openmrs.customdatatype.datatype.BooleanDatatype',NULL,NULL,NULL),('hl7_archive.dir','hl7_archives','The default name or absolute path for the folder where to write the hl7_in_archives.','73a25a02-4275-406d-8916-1a553b34250a',NULL,NULL,NULL,NULL),('hl7_processor.ignore_missing_patient_non_local','false','If true, hl7 messages for patients that are not found and are non-local will silently be dropped/ignored','75c7cb33-2f3a-4cb4-ac1d-cc0e124b0736','org.openmrs.customdatatype.datatype.BooleanDatatype',NULL,NULL,NULL),('htmlformentry.database_version','1.2.0','DO NOT MODIFY.  Current database version number for the htmlformentry module.','f3f2075d-d37c-48b5-b2d1-6b47233bbc94',NULL,NULL,NULL,NULL),('htmlformentry.dateFormat',NULL,'Always display dates in HTML Forms in this (Java) date format. E.g. \"dd/MMM/yyyy\" for 31/Jan/2012.','32a6666a-e453-4c0c-acef-5b8034a2546a',NULL,NULL,NULL,NULL),('htmlformentry.mandatory','false','true/false whether or not the htmlformentry module MUST start when openmrs starts.  This is used to make sure that mission critical modules are always running if openmrs is running.','81ca9909-e37d-4070-8968-3e4ecd916eb7',NULL,NULL,NULL,NULL),('htmlformentry.showDateFormat','true','Set to true if you want static text for the date format to be displayed next to date widgets, else set to false.','84a5ea55-ab64-42a9-9b71-c5225a4bdcdc',NULL,NULL,NULL,NULL),('htmlformentry.started','true','DO NOT MODIFY. true/false whether or not the htmlformentry module has been started.  This is used to make sure modules that were running  prior to a restart are started again','349740bb-6f65-4526-8069-0ac48738d3e8',NULL,NULL,NULL,NULL),('htmlwidgets.mandatory','false','true/false whether or not the htmlwidgets module MUST start when openmrs starts.  This is used to make sure that mission critical modules are always running if openmrs is running.','77a46aa9-04b5-4746-b4d0-d8e96969cedf',NULL,NULL,NULL,NULL),('htmlwidgets.started','true','DO NOT MODIFY. true/false whether or not the htmlwidgets module has been started.  This is used to make sure modules that were running  prior to a restart are started again','02df37be-4d98-4ff2-8bd6-857f65f34513',NULL,NULL,NULL,NULL),('layout.address.format','<org.openmrs.layout.web.address.AddressTemplate>\n    <nameMappings class=\"properties\">\n      <property name=\"postalCode\" value=\"Location.postalCode\"/>\n      <property name=\"longitude\" value=\"Location.longitude\"/>\n      <property name=\"address2\" value=\"Location.address2\"/>\n      <property name=\"address1\" value=\"Location.address1\"/>\n      <property name=\"startDate\" value=\"PersonAddress.startDate\"/>\n      <property name=\"country\" value=\"Location.country\"/>\n      <property name=\"endDate\" value=\"personAddress.endDate\"/>\n      <property name=\"stateProvince\" value=\"Location.stateProvince\"/>\n      <property name=\"latitude\" value=\"Location.latitude\"/>\n      <property name=\"cityVillage\" value=\"Location.cityVillage\"/>\n    </nameMappings>\n    <sizeMappings class=\"properties\">\n      <property name=\"postalCode\" value=\"10\"/>\n      <property name=\"longitude\" value=\"10\"/>\n      <property name=\"address2\" value=\"40\"/>\n      <property name=\"address1\" value=\"40\"/>\n      <property name=\"startDate\" value=\"10\"/>\n      <property name=\"country\" value=\"10\"/>\n      <property name=\"endDate\" value=\"10\"/>\n      <property name=\"stateProvince\" value=\"10\"/>\n      <property name=\"latitude\" value=\"10\"/>\n      <property name=\"cityVillage\" value=\"10\"/>\n    </sizeMappings>\n    <lineByLineFormat>\n      <string>address1</string>\n      <string>address2</string>\n      <string>cityVillage stateProvince country postalCode</string>\n      <string>latitude longitude</string>\n      <string>startDate endDate</string>\n    </lineByLineFormat>\n  </org.openmrs.layout.web.address.AddressTemplate>','XML description of address formats','cdf8f955-5c21-4c4e-b64a-274ea9d90365',NULL,NULL,NULL,NULL),('layout.name.format','short','Format in which to display the person names.  Valid values are short, long','5735b57e-725e-4165-a5f4-e1006968b877',NULL,NULL,NULL,NULL),('locale.allowed.list','en, es, fr, it, pt','Comma delimited list of locales allowed for use on system','d2ba93fc-bbc1-4636-accb-c8c86d74f6a4',NULL,NULL,NULL,NULL),('location.field.style','default','Type of widget to use for location fields','7d719877-bc02-45e4-beee-080ce61627b6',NULL,NULL,NULL,NULL),('log.level','org.openmrs.api:info','Logging levels for log4j.xml. Valid format is class:level,class:level. If class not specified, \'org.openmrs.api\' presumed. Valid levels are trace, debug, info, warn, error or fatal','678df600-4e83-4cfc-9aeb-21ea36e5bdf1',NULL,NULL,NULL,NULL),('logic.default.ruleClassDirectory','logic/class','Default folder where compiled rule will be stored','1f67ec37-584f-402c-a94e-9c7124f76126',NULL,NULL,NULL,NULL),('logic.default.ruleJavaDirectory','logic/sources','Default folder where rule\'s java file will be stored','757e072c-b143-48ce-9547-4e94c17ff067',NULL,NULL,NULL,NULL),('logic.defaultTokens.conceptClasses',NULL,'When registering default tokens for logic, if you specify a comma-separated list of concept class names here, only concepts of those classes will have tokens registered. If you leave this blank, all classes will have tokens registered for their concepts.','a6fade00-ca48-4132-ba37-74e29ba09d2b',NULL,NULL,NULL,NULL),('logic.mandatory','false','true/false whether or not the logic module MUST start when openmrs starts.  This is used to make sure that mission critical modules are always running if openmrs is running.','1865759c-bf5c-4c7b-99cc-ea0ce13c4550',NULL,NULL,NULL,NULL),('logic.started','true','DO NOT MODIFY. true/false whether or not the logic module has been started.  This is used to make sure modules that were running  prior to a restart are started again','1f399734-c42e-46f7-a3bf-8a54c60c0d9c',NULL,NULL,NULL,NULL),('logmanager.alwaysRecreateSystemAppender','true','Always recreate the system appender','8a9ea8f6-dc08-464c-acd6-b3afda7aa250',NULL,NULL,NULL,NULL),('logmanager.database_version','1.0','DO NOT MODIFY.  Current database version number for the logmanager module.','30b1aa5e-378c-48a3-874c-6546922919ba',NULL,NULL,NULL,NULL),('logmanager.loadExternalConfigOnStartup','true','Load external configuration on startup','9c5379da-037c-4804-94c3-36ebfc6d93ea',NULL,NULL,NULL,NULL),('logmanager.logUncaughtExceptions','true','Log uncaught exceptions','ad173ab8-5d4b-45da-9203-a0de2a9edb61',NULL,NULL,NULL,NULL),('logmanager.mandatory','false','true/false whether or not the logmanager module MUST start when openmrs starts.  This is used to make sure that mission critical modules are always running if openmrs is running.','20d42782-ba16-4317-b6a8-e37c6f676223',NULL,NULL,NULL,NULL),('logmanager.saveExternalConfigOnShutdown','true','Save external configuration on shutdown','ea2d4411-7e9f-427f-a935-230afbc81bed',NULL,NULL,NULL,NULL),('logmanager.started','true','DO NOT MODIFY. true/false whether or not the logmanager module has been started.  This is used to make sure modules that were running  prior to a restart are started again','e8c76eae-f6ea-4c4c-9319-daae27b69ce6',NULL,NULL,NULL,NULL),('logmanager.systemAppenderName','MEMORY_APPENDER','System appender name','077b35ba-c88c-49b1-a3d0-d0fcb924e316',NULL,NULL,NULL,NULL),('mail.debug','false','true/false whether to print debugging information during mailing','bba3babd-140e-4cb8-a3e5-59c1f9ea4ff3',NULL,NULL,NULL,NULL),('mail.default_content_type','text/plain','Content type to append to the mail messages','8e7ca372-188b-4e0a-ab06-a32832880ca2',NULL,NULL,NULL,NULL),('mail.from','info@openmrs.org','Email address to use as the default from address','7163601a-1c19-4f13-81a4-7cad92dd5c25',NULL,NULL,NULL,NULL),('mail.password','test','Password for the SMTP user (if smtp_auth is enabled)','c7bb956e-caed-4922-85ff-81dbe60133b9',NULL,NULL,NULL,NULL),('mail.smtp_auth','false','true/false whether the smtp host requires authentication','c9f0b27a-4f91-4d03-8439-c3f14b98fbff',NULL,NULL,NULL,NULL),('mail.smtp_host','localhost','SMTP host name','9e9c8a37-bc35-40dc-9b72-78e9cd3afb11',NULL,NULL,NULL,NULL),('mail.smtp_port','25','SMTP port','4c173a0e-e704-4202-a4e2-a427d133c0fd',NULL,NULL,NULL,NULL),('mail.transport_protocol','smtp','Transport protocol for the messaging engine. Valid values: smtp','30683b5b-09fb-4875-82b1-5bd85c7a142c',NULL,NULL,NULL,NULL),('mail.user','test','Username of the SMTP user (if smtp_auth is enabled)','30b4bfa1-b091-4978-8558-a1b649a185f5',NULL,NULL,NULL,NULL),('minSearchCharacters','3','Number of characters user must input before searching is started.','94490b5b-41e7-4323-bfa4-0fbc2d35a1be',NULL,NULL,NULL,NULL),('module_repository_folder','modules','Name of the folder in which to store the modules','72fc91f1-2f95-4fd9-b935-37772ac2ad12',NULL,NULL,NULL,NULL),('myfirstmodule.folderPath','backup','Path to the backup folder. You can either enter an absolute path \n            (i.e. \'C:/backup\') or a relative path (i.e. like the default value \'backup\') which is relative to the\n            OpenMRS application data directory.','914034b3-c725-4377-823e-1a69bc424f40',NULL,NULL,NULL,NULL),('myfirstmodule.mandatory','false','true/false whether or not the myfirstmodule module MUST start when openmrs starts.  This is used to make sure that mission critical modules are always running if openmrs is running.','bebf5fdf-ce77-4cf9-b0f4-d48a7d6b13bf',NULL,NULL,NULL,NULL),('myfirstmodule.started','true','DO NOT MODIFY. true/false whether or not the myfirstmodule module has been started.  This is used to make sure modules that were running  prior to a restart are started again','0247674c-1ef3-4f56-a090-0ff3e3969915',NULL,NULL,NULL,NULL),('myfirstmodule.tablesExcluded','none','Enter the tables to be excluded from the backup comma separated (i.e.: hl7_in_archive, hl7_in_error) into field \'databasebackup.tablesExcluded\' or use \'all\' (default) to exclude all. If you don\'t want to exclude any tables, you could also leave it to the default value \'none\'.\nExplicitly entered table names overrule any eventual \'all\' or \'none\' entries in the opposite settings field.','9fd59fd5-0eed-4ec6-83b9-af48e4eb4881',NULL,NULL,NULL,NULL),('myfirstmodule.tablesIncluded','all','Enter the tables to be included into the backup comma separated (i.e.: cohort, concept) into field \'databasebackup.tablesIncluded\' or use \'all\' (default) to include all.\nExplicitly entered table names overrule any eventual \'all\' or \'none\' entries in the opposite settings field.','8cff7e9c-7994-47a8-8af0-2ad02f00a9d8',NULL,NULL,NULL,NULL),('newPatientForm.relationships',NULL,'Comma separated list of the RelationshipTypes to show on the new/short patient form.  The list is defined like \'3a, 4b, 7a\'.  The number is the RelationshipTypeId and the \'a\' vs \'b\' part is which side of the relationship is filled in by the user.','45cc788e-6c07-4075-8fff-6da4131d9419',NULL,NULL,NULL,NULL),('new_patient_form.showRelationships','false','true/false whether or not to show the relationship editor on the addPatient.htm screen','b5b1abb4-2f6c-415f-89ba-ec851fb0794e','org.openmrs.customdatatype.datatype.BooleanDatatype',NULL,NULL,NULL),('obs.complex_obs_dir','complex_obs','Default directory for storing complex obs.','db2d0b78-b55b-4fbf-b9fe-6dc507f024ad',NULL,NULL,NULL,NULL),('patient.defaultPatientIdentifierValidator','org.openmrs.patient.impl.LuhnIdentifierValidator','This property sets the default patient identifier validator.  The default validator is only used in a handful of (mostly legacy) instances.  For example, it\'s used to generate the isValidCheckDigit calculated column and to append the string \"(default)\" to the name of the default validator on the editPatientIdentifierType form.','010858d1-dd43-4899-9e14-2f073a40ca8d',NULL,NULL,NULL,NULL),('patient.headerAttributeTypes',NULL,'A comma delimited list of PersonAttributeType names that will be shown on the patient dashboard','0a66b4c5-d4bc-46b4-a58f-22cad00ae7df',NULL,NULL,NULL,NULL),('patient.identifierPrefix',NULL,'This property is only used if patient.identifierRegex is empty.  The string here is prepended to the sql indentifier search string.  The sql becomes \"... where identifier like \'<PREFIX><QUERY STRING><SUFFIX>\';\".  Typically this value is either a percent sign (%) or empty.','146c92bf-074d-4bab-b0fb-a2d889c7fdbb',NULL,NULL,NULL,NULL),('patient.identifierRegex',NULL,'WARNING: Using this search property can cause a drop in mysql performance with large patient sets.  A MySQL regular expression for the patient identifier search strings.  The @SEARCH@ string is replaced at runtime with the user\'s search string.  An empty regex will cause a simply \'like\' sql search to be used. Example: ^0*@SEARCH@([A-Z]+-[0-9])?$','9aaeb873-753b-4e4f-bff2-8dd63974fabf',NULL,NULL,NULL,NULL),('patient.identifierSearchPattern',NULL,'If this is empty, the regex or suffix/prefix search is used.  Comma separated list of identifiers to check.  Allows for faster searching of multiple options rather than the slow regex. e.g. @SEARCH@,0@SEARCH@,@SEARCH-1@-@CHECKDIGIT@,0@SEARCH-1@-@CHECKDIGIT@ would turn a request for \"4127\" into a search for \"in (\'4127\',\'04127\',\'412-7\',\'0412-7\')\"','1c85069b-0f97-4265-9a9c-70c5be285c1d',NULL,NULL,NULL,NULL),('patient.identifierSuffix',NULL,'This property is only used if patient.identifierRegex is empty.  The string here is prepended to the sql indentifier search string.  The sql becomes \"... where identifier like \'<PREFIX><QUERY STRING><SUFFIX>\';\".  Typically this value is either a percent sign (%) or empty.','a667c97f-8d0f-4c26-89ec-90733957b0ce',NULL,NULL,NULL,NULL),('patient.listingAttributeTypes',NULL,'A comma delimited list of PersonAttributeType names that should be displayed for patients in _lists_','8762c28c-b621-4384-866e-9242ee7a8c30',NULL,NULL,NULL,NULL),('patient.nameValidationRegex','^[a-zA-Z \\-]+$','Names of the patients must pass this regex. Eg : ^[a-zA-Z \\-]+$ contains only english alphabet letters, spaces, and hyphens. A value of .* or the empty string means no validation is done.','8bc84cf7-1973-4695-af80-2ec0b69588f7',NULL,NULL,NULL,NULL),('patient.viewingAttributeTypes',NULL,'A comma delimited list of PersonAttributeType names that should be displayed for patients when _viewing individually_','3a0ea544-7117-4e2f-9ecc-35b9410d290e',NULL,NULL,NULL,NULL),('patientflags.database_version','1.2.10','DO NOT MODIFY.  Current database version number for the patientflags module.','ea27385b-d33b-46b0-93b8-fb18c49a50f9',NULL,NULL,NULL,NULL),('patientflags.mandatory','false','true/false whether or not the patientflags module MUST start when openmrs starts.  This is used to make sure that mission critical modules are always running if openmrs is running.','55d30cd4-8e16-45ce-9c54-48b838c56b88',NULL,NULL,NULL,NULL),('patientflags.patientHeaderDisplay','true','DO NOT MODIFY HERE: use \"manage flag global properties\" to modify; true/false whether or not to display flags in the Patient Dashboard overview','de56e3a8-ea57-4c02-8ff1-15d8bd1ef751',NULL,NULL,NULL,NULL),('patientflags.patientOverviewDisplay','true','DO NOT MODIFY HERE: use \"manage flag global properties\" to modify; true/false whether or not to display flags in the Patient Dashboard header','6853208f-ebcd-46a5-a397-91870bc471e6',NULL,NULL,NULL,NULL),('patientflags.started','true','DO NOT MODIFY. true/false whether or not the patientflags module has been started.  This is used to make sure modules that were running  prior to a restart are started again','c32f821d-d39a-4664-9846-6cd6c2a1749f',NULL,NULL,NULL,NULL),('patientflags.username','admin','DO NOT MODIFY HERE: user \"manage flag global properties\" to modify; Username for the OpenMRS user that will evaluate Groovy flags','b00f4f3d-218a-40ac-8e36-e11697c6db44',NULL,NULL,NULL,NULL),('patientSearch.matchMode','START','Specifies how patient names are matched while searching patient. Valid values are \'ANYWHERE\' or \'START\'. Defaults to start if missing or invalid value is present.','34c3fd55-c8ca-4611-9e0b-125eacae9302',NULL,NULL,NULL,NULL),('patient_identifier.importantTypes',NULL,'A comma delimited list of PatientIdentifier names : PatientIdentifier locations that will be displayed on the patient dashboard.  E.g.: TRACnet ID:Rwanda,ELDID:Kenya','45ee55cd-c9af-49f4-9136-7fb4d24f3bf9',NULL,NULL,NULL,NULL),('person.searchMaxResults','1000','The maximum number of results returned by patient searches','8ac7358a-0159-4f1c-b1a9-150a2a3e2ac4',NULL,NULL,NULL,NULL),('removepatients.folderPath','backup','Path to the backup folder. You can either enter an absolute path \n            (i.e. \'C:/backup\') or a relative path (i.e. like the default value \'backup\') which is relative to the\n            OpenMRS application data directory.','cac29dbd-24cf-4814-b3fe-034563f7aae6',NULL,NULL,NULL,NULL),('removepatients.tablesExcluded','none','Enter the tables to be excluded from the backup comma separated (i.e.: hl7_in_archive, hl7_in_error) into field \'databasebackup.tablesExcluded\' or use \'all\' (default) to exclude all. If you don\'t want to exclude any tables, you could also leave it to the default value \'none\'.\nExplicitly entered table names overrule any eventual \'all\' or \'none\' entries in the opposite settings field.','111e0910-9e0a-475e-aeb7-6043251e5582',NULL,NULL,NULL,NULL),('removepatients.tablesIncluded','all','Enter the tables to be included into the backup comma separated (i.e.: cohort, concept) into field \'databasebackup.tablesIncluded\' or use \'all\' (default) to include all.\nExplicitly entered table names overrule any eventual \'all\' or \'none\' entries in the opposite settings field.','b860c1ef-4c43-4fd4-9f18-75b2cd561c40',NULL,NULL,NULL,NULL),('report.deleteReportsAgeInHours','72','Reports that are not explicitly saved are deleted automatically when they are this many hours old. (Values less than or equal to zero means do not delete automatically)','64bac745-74cf-420b-974b-71c14812ea32',NULL,NULL,NULL,NULL),('report.xmlMacros',NULL,'Macros that will be applied to Report Schema XMLs when they are interpreted. This should be java.util.properties format.','712cb43c-688c-4780-823b-4385e4e8224c',NULL,NULL,NULL,NULL),('reporting.dataEvaluationBatchSize','1000','This determines whether to run evaluators for Data in batches and what the size of those batches should be.\nA value of less than or equal to 0 indicates that no batching is desired.','7f4311c7-554c-4b70-8f5b-51839a3f3be6',NULL,NULL,NULL,NULL),('reporting.defaultDateFormat','dd/MMM/yyyy','Default date format to use when formatting report data','787462b3-7637-4942-989b-00ce5a510e5b',NULL,NULL,NULL,NULL),('reporting.defaultLocale','en','Default locale to use when formatting report data','3c3273f2-e900-44dd-b0d7-53c686332b15',NULL,NULL,NULL,NULL),('reporting.includeDataExportsAsDataSetDefinitions','false','If reportingcompatibility is installed, this indicates whether data exports should be exposed as Dataset Definitions','9be35c96-3611-4c49-97d6-51f8d4c5a2a4',NULL,NULL,NULL,NULL),('reporting.mandatory','false','true/false whether or not the reporting module MUST start when openmrs starts.  This is used to make sure that mission critical modules are always running if openmrs is running.','61e38fbb-016b-4e38-987a-8d41b46d28e9',NULL,NULL,NULL,NULL),('reporting.maxCachedReports','10','The maximum number of reports whose underlying data and output should be kept in the cache at any one time','36136c80-4c02-410f-b283-1676e2f4298b',NULL,NULL,NULL,NULL),('reporting.maxReportsToRun','1','The maximum number of reports that should be processed at any one time','90ddbe09-13e2-4865-93bc-7ca2b92fbc45',NULL,NULL,NULL,NULL),('reporting.preferredIdentifierTypes',NULL,'Pipe-separated list of patient identifier type names, which should be displayed on default patient datasets','f1234956-d38e-4934-ac92-4df50f99155a',NULL,NULL,NULL,NULL),('reporting.runReportCohortFilterMode','showIfNull','Supports the values hide,showIfNull,show which determine whether the cohort selector should be available in the run report page','cfad7d9c-ce12-4bbf-9be0-1f78b6ecd9f7',NULL,NULL,NULL,NULL),('reporting.started','true','DO NOT MODIFY. true/false whether or not the reporting module has been started.  This is used to make sure modules that were running  prior to a restart are started again','dbcdd929-e102-4e53-ae9a-f7cab2d2dd76',NULL,NULL,NULL,NULL),('reportingcompatibility.data_export_batch_size','7500','The number of patients to export at a time in a data export.  The larger this number the faster and more memory that is used.  The smaller this number the slower and less memory is used.','755b6769-bb9f-41ac-8037-c764ded0d86b',NULL,NULL,NULL,NULL),('reportingcompatibility.mandatory','false','true/false whether or not the reportingcompatibility module MUST start when openmrs starts.  This is used to make sure that mission critical modules are always running if openmrs is running.','22eeaa24-18b4-4f02-b4fb-21db0327691a',NULL,NULL,NULL,NULL),('reportingcompatibility.patientLinkUrl','patientDashboard.form','The link url for a particular patient to view from the cohort builder','7d098ba1-cb77-4447-a433-ec9c288e37c9',NULL,NULL,NULL,NULL),('reportingcompatibility.started','true','DO NOT MODIFY. true/false whether or not the reportingcompatibility module has been started.  This is used to make sure modules that were running  prior to a restart are started again','93cd36af-ee0d-4f3f-9094-0698e17fbeb0',NULL,NULL,NULL,NULL),('reportProblem.url','http://errors.openmrs.org/scrap','The openmrs url where to submit bug reports','d74299a1-76ae-44a7-af2f-2171e6cfcc59',NULL,NULL,NULL,NULL),('sana.allowEncounterConceptCreation','false','Allows encounter uploads to trigger Concept creation.','8e72fba4-b21c-4477-9b8a-2db5c1c3293e',NULL,NULL,NULL,NULL),('sana.database_version','2.0.1','DO NOT MODIFY.  Current database version number for the sana module.','b6d88e37-54d5-487e-95e0-1274f7b73627',NULL,NULL,NULL,NULL),('sana.date_format','MM/dd/yyyy','Date format string for POST request from mds.','70bbe05e-d3c6-41ac-869f-17117e64e051',NULL,NULL,NULL,NULL),('sana.DefaultDisplayCount','7','setting the default rows to be displayed in all forms','fd28c76d-2f7f-4efd-93b2-c4e10d47cc92',NULL,NULL,NULL,NULL),('sana.email_notification_server_url','http://localhost/mds/notifications/submit/email/','URI of the Sana MDS notification email service.','9bcdc0be-cd1f-463f-964c-781c71bf0b77',NULL,NULL,NULL,NULL),('sana.mandatory','false','true/false whether or not the sana module MUST start when openmrs starts.  This is used to make sure that mission critical modules are always running if openmrs is running.','afbbc365-d1b6-422c-b681-aafcff679251',NULL,NULL,NULL,NULL),('sana.maxQueueItemListSize','10','Sets the maximum number of items returned by a Queue view request.','0cc912ea-58c7-47c3-abb3-fc5f1adc4d10',NULL,NULL,NULL,NULL),('sana.mdsUri','http://localhost/mds','URI of the Sana MDS','877117de-6e1c-4709-9cf0-2879002fd669',NULL,NULL,NULL,NULL),('sana.notification_server_url','http://localhost/mds/notifications/submit/','URI of the Sana MDS notification SMS service.','43ff8d00-a27f-4fe2-90ca-87b5cb485c64',NULL,NULL,NULL,NULL),('sana.started','true','DO NOT MODIFY. true/false whether or not the sana module has been started.  This is used to make sure modules that were running  prior to a restart are started again','6e9def91-b501-4598-8262-5068c3f4bc1c',NULL,NULL,NULL,NULL),('sana.thumbnail_size','250','Default size of thumbnails to make for uploaded images.','e6d3c5fb-23a4-4b2c-b8d0-2ab0df5dd5ae',NULL,NULL,NULL,NULL),('scheduler.password','test','Password for the OpenMRS user that will perform the scheduler activities','a00c4f0c-c0ab-445b-8f64-51f4e65a8d34',NULL,NULL,NULL,NULL),('scheduler.username','admin','Username for the OpenMRS user that will perform the scheduler activities','04ef2de6-d66a-45b5-a6b6-c1979aff7874',NULL,NULL,NULL,NULL),('searchWidget.batchSize','200','The maximum number of search results that are returned by an ajax call','b04cb7a8-f858-4f42-a2f6-910f6eff64e1',NULL,NULL,NULL,NULL),('searchWidget.maximumResults','2000','Specifies the maximum number of results to return from a single search in the search widgets','ebbeeb02-4823-464b-a7c5-025bf832c578',NULL,NULL,NULL,NULL),('searchWidget.runInSerialMode','false','Specifies whether the search widgets should make ajax requests in serial or parallel order, a value of true is appropriate for implementations running on a slow network connection and vice versa','84912801-d3ff-453c-811f-beee78df8a42','org.openmrs.customdatatype.datatype.BooleanDatatype',NULL,NULL,NULL),('searchWidget.searchDelayInterval','400','Specifies time interval in milliseconds when searching, between keyboard keyup event and triggering the search off, should be higher if most users are slow when typing so as to minimise the load on the server','e5d367f3-f824-4044-8ae3-fd89ce59d4d9',NULL,NULL,NULL,NULL),('security.passwordCannotMatchUsername','true','Configure whether passwords must not match user\'s username or system id','aef56334-eeb2-4618-9143-9fa371271b86','org.openmrs.customdatatype.datatype.BooleanDatatype',NULL,NULL,NULL),('security.passwordCustomRegex',NULL,'Configure a custom regular expression that a password must match','761f135e-af48-4905-8ccc-a964378de7af',NULL,NULL,NULL,NULL),('security.passwordMinimumLength','8','Configure the minimum length required of all passwords','a98ea88d-086c-4c66-b0d7-09a0c69893e9',NULL,NULL,NULL,NULL),('security.passwordRequiresDigit','true','Configure whether passwords must contain at least one digit','980ea731-3a62-4fc4-aa84-f607a0386fd5','org.openmrs.customdatatype.datatype.BooleanDatatype',NULL,NULL,NULL),('security.passwordRequiresNonDigit','true','Configure whether passwords must contain at least one non-digit','911715cd-9e11-460c-9f64-ca31408f1b75','org.openmrs.customdatatype.datatype.BooleanDatatype',NULL,NULL,NULL),('security.passwordRequiresUpperAndLowerCase','true','Configure whether passwords must contain both upper and lower case characters','280141af-77ef-4b6f-b89b-3d175e68b818','org.openmrs.customdatatype.datatype.BooleanDatatype',NULL,NULL,NULL),('serialization.xstream.mandatory','false','true/false whether or not the serialization.xstream module MUST start when openmrs starts.  This is used to make sure that mission critical modules are always running if openmrs is running.','b82a36e7-4477-445a-a4b7-b64ef773a152',NULL,NULL,NULL,NULL),('serialization.xstream.started','true','DO NOT MODIFY. true/false whether or not the serialization.xstream module has been started.  This is used to make sure modules that were running  prior to a restart are started again','a85b6497-9f5b-4f48-b5bf-ce52c77dae15',NULL,NULL,NULL,NULL),('uiframework.formatter.dateAndTimeFormat','dd.MMM.yyyy, HH:mm:ss','Format used by UiUtils.format for dates that have a time component','41fa1999-a292-4b12-8186-7754cb5b1e79',NULL,NULL,NULL,NULL),('uiframework.formatter.dateFormat','dd.MMM.yyyy','Format used by UiUtils.format for dates that do not have a time component','62dfeea2-736f-46ce-a56d-18578e543cdb',NULL,NULL,NULL,NULL),('uiframework.mandatory','false','true/false whether or not the uiframework module MUST start when openmrs starts.  This is used to make sure that mission critical modules are always running if openmrs is running.','b4762843-a7f3-4507-85ee-368b7e72ad44',NULL,NULL,NULL,NULL),('uiframework.started','true','DO NOT MODIFY. true/false whether or not the uiframework module has been started.  This is used to make sure modules that were running  prior to a restart are started again','9ae4ba0b-c78c-4f6c-97e7-022f721739ac',NULL,NULL,NULL,NULL),('user.headerAttributeTypes',NULL,'A comma delimited list of PersonAttributeType names that will be shown on the user dashboard. (not used in v1.5)','2290cac2-36cf-4f03-a6a6-42ac5c38b9ed',NULL,NULL,NULL,NULL),('user.listingAttributeTypes',NULL,'A comma delimited list of PersonAttributeType names that should be displayed for users in _lists_','179b419f-6c7e-4e92-a123-f1ce7c34a160',NULL,NULL,NULL,NULL),('user.viewingAttributeTypes',NULL,'A comma delimited list of PersonAttributeType names that should be displayed for users when _viewing individually_','d4f07592-ef7d-4ca7-92ed-5b945aed171b',NULL,NULL,NULL,NULL),('use_patient_attribute.healthCenter','false','Indicates whether or not the \'health center\' attribute is shown when viewing/searching for patients','c0a00151-4921-4a1c-ad6f-44291aaf71eb','org.openmrs.customdatatype.datatype.BooleanDatatype',NULL,NULL,NULL),('use_patient_attribute.mothersName','false','Indicates whether or not mother\'s name is able to be added/viewed for a patient','8cdce0b4-c57c-4933-9469-9725c24c15fe','org.openmrs.customdatatype.datatype.BooleanDatatype',NULL,NULL,NULL),('visits.assignmentHandler','org.openmrs.api.handler.ExistingVisitAssignmentHandler','Set to the name of the class responsible for assigning encounters to visits.','3fa9d41a-253a-488b-9908-d70c66a168a5',NULL,NULL,NULL,NULL),('visits.enabled','true','Set to true to enable the Visits feature. This will replace the \'Encounters\' tab with a \'Visits\' tab on the dashboard.','bbf98709-10e1-4993-9421-69e8cae24829','org.openmrs.customdatatype.datatype.BooleanDatatype',NULL,NULL,NULL),('visits.encounterTypeToVisitTypeMapping',NULL,'Specifies how encounter types are mapped to visit types when automatically assigning encounters to visits. e.g 1:1, 2:1, 3:2 in the format encounterTypeId:visitTypeId','ccc17c7f-e569-4da5-ad2b-44affd0e6a04',NULL,NULL,NULL,NULL),('webservices.rest.allowedips',NULL,'A comma-separate list of IP addresses that are allowed to access the web services. An empty string allows everyone to access all ws. \n        IPs can be declared with bit masks e.g. 10.0.0.0/30 matches 10.0.0.0 - 10.0.0.3 and 10.0.0.0/24 matches 10.0.0.0 - 10.0.0.255.','d7d6f7f3-75b8-4056-b861-4760ecb792a0',NULL,NULL,NULL,NULL),('webservices.rest.mandatory','false','true/false whether or not the webservices.rest module MUST start when openmrs starts.  This is used to make sure that mission critical modules are always running if openmrs is running.','d0614a50-7423-4c02-bf5c-c66dbf450554',NULL,NULL,NULL,NULL),('webservices.rest.maxResultsAbsolute','100','The absolute max results limit. If the client requests a larger number of results, then will get an error','80e29df4-2cb6-43d3-b85d-47aecefd985c',NULL,NULL,NULL,NULL),('webservices.rest.maxResultsDefault','50','The default max results limit if the user does not provide a maximum when making the web service call.','316b5cd7-a160-46a2-9332-101fa09b632c',NULL,NULL,NULL,NULL),('webservices.rest.started','true','DO NOT MODIFY. true/false whether or not the webservices.rest module has been started.  This is used to make sure modules that were running  prior to a restart are started again','e5bb987c-764a-4324-8e52-4295691330fe',NULL,NULL,NULL,NULL),('webservices.rest.uriPrefix',NULL,'The URI prefix through which clients consuming web services will connect to the web application, should be of the form http://{ipAddress}:{port}/{contextPath}','293bc854-22f8-45bd-8cb7-8c01e6546df8',NULL,NULL,NULL,NULL),('xforms.adminEmail',NULL,'An e-mail address where notifications about failed data uploads will be sent.','833b4ce5-cad4-4030-9608-1b3843179235',NULL,NULL,NULL,NULL),('xforms.allowBindEdit','false','Set to true if you want to allow editing of question bindings when designing forms.','a3e30106-5a4a-4174-b068-2e70bf7994e4',NULL,NULL,NULL,NULL),('xforms.archive_dir','xforms/archive/%Y/%M','Directory containing the xforms archive items.  This will contain xform model xml files that have been processed and then submitted successfully into the formentry queue.','feec3417-7393-4c86-b118-87e3d3f4dd4f',NULL,NULL,NULL,NULL),('xforms.autoGeneratePatientIdentifier','false','Set to true if you want the idgen module to generate patient identifiers when creating new patients using the xforms module.','d7cffce3-59f2-4cde-8ecf-4836c41b884a',NULL,NULL,NULL,NULL),('xforms.cohortSerializer','org.openmrs.module.xforms.serialization.DefaultCohortSerializer','The patient cohort (cohort_id and name) serializer','5c96239e-4320-4226-ae77-7c864db3b1a3',NULL,NULL,NULL,NULL),('xforms.complexobs_dir','xforms/complexobs','Directory for storing complex obs used by the xforms module.','e1899c93-db37-4fc9-9a01-b4f90b06e343',NULL,NULL,NULL,NULL),('xforms.database_version','3.7.9','DO NOT MODIFY.  Current database version number for the xforms module.','288bccf5-4603-4cd4-884c-e87c2f7889bd',NULL,NULL,NULL,NULL),('xforms.dateDisplayFormat','dd/MM/yyyy','The display format of dates used by the xforms module.','cd4fdd11-12fd-46da-af76-1f4626d16d31',NULL,NULL,NULL,NULL),('xforms.dateSubmitFormat','yyyy-MM-dd','The format of the dates passed in the xml of the xforms model. Please make sure this matches with the date format of your data entry applications, else you will get wrong dates on the server.','ff3d4250-a1a6-47a8-8e7e-a5b1c3e7781b',NULL,NULL,NULL,NULL),('xforms.dateTimeDisplayFormat','dd/MM/yyyy hh:mm a','The display format of datetime used by the xforms module.','b90ca167-4a04-4643-81e4-fd1e5fe960d2',NULL,NULL,NULL,NULL),('xforms.dateTimeSubmitFormat','yyyy-MM-dd\'T\'HH:mm:ssZ','The format of the datetime passed in the xml of the xforms model. Please make sure this matches with the date format of your data entry applications, else you will get wrong dates on the server.','6f86e2b5-efd2-43c0-a9a6-540d5b7224ed',NULL,NULL,NULL,NULL),('xforms.decimalSeparators','en:.;fr:.;es:,;it:.;pt:.','The decimal separators for each locale. e.g:  en:.;fr:.;es:,;it:.;pt:.','126b64f4-5f27-47be-bbc3-14afa1e66886',NULL,NULL,NULL,NULL),('xforms.defaultFontFamily','Verdana, \'Lucida Grande\', \'Trebuchet MS\', Arial, Sans-Serif','The default font family used by the form designer.','c0e2f3c4-9b18-4698-9dda-e5a1591841b4',NULL,NULL,NULL,NULL),('xforms.defaultFontSize','16','The default font size used by the form designer.','058db2dd-a5cd-4d7c-b7b5-857878a32ae5',NULL,NULL,NULL,NULL),('xforms.emailServerConfig',NULL,'A list of e-mail server properties in a form of \'mail.smtp.host=smtp.gmail.com;mail.smtp.port=587\'. See JavaMailSender for more details.','4d40b465-84e4-4f01-8f0c-9007b42bf05c',NULL,NULL,NULL,NULL),('xforms.encounterDateIncludesTime','false','Set to true if the encounter date should include time.','23b40fa9-28bb-4f37-8a52-11f48171cd02',NULL,NULL,NULL,NULL),('xforms.error_dir','xforms/error','Directory containing the xforms error items.  This will contain xform model xml files that have not been submitted into the formentry queue because of processing errors.','c2309ba4-6fd2-4b33-95ab-5db57b269141',NULL,NULL,NULL,NULL),('xforms.includeUsersInXformsDownload','true','Set to true if you want to include users when downloading xforms, else set to false if you want to always load the users list separately.','dc571622-7dfe-4d74-a0c0-bbbf6532e37f',NULL,NULL,NULL,NULL),('xforms.isRemoteFormEntry','false','Set to true if this is a remote form entry server (Not the main server).','bb54116c-8195-4c31-a182-d528d1167865',NULL,NULL,NULL,NULL),('xforms.localeList','en:English','The list of locales supported by the form designer. e.g:  en:English,fr:French,es:Spanish,it:Italian,pt:Portuguese','c9689eb1-899b-4da6-bb6f-990453d6ab0a',NULL,NULL,NULL,NULL),('xforms.maintainOrderingOnRefresh','true','Set to true if you want to maintain the ordering of items when you refresh a form in the form designer. Else set to false.','42b3c414-638f-4e93-a3c9-2cf7130ca18d',NULL,NULL,NULL,NULL),('xforms.mandatory','false','true/false whether or not the xforms module MUST start when openmrs starts.  This is used to make sure that mission critical modules are always running if openmrs is running.','5b475b16-cad9-4692-a9c3-72da9612a85f',NULL,NULL,NULL,NULL),('xforms.multiSelectAppearance','full','The appearance of multi select input fields. Allowed values are: {full,minimal,compact}','1ba9995e-2ed5-46a8-bb08-bcba1f4822d5',NULL,NULL,NULL,NULL),('xforms.newPatientFormId',NULL,'The id of the form for creating new patients','a894cd1d-a0d6-40b9-81b1-2ead697f2f30',NULL,NULL,NULL,NULL),('xforms.new_patient_identifier_type_id','1','The id of the patient identifier type which will be used when creating new patients from forms which do not have a patient_identifier.identifier_type_id field.','f38fae50-259c-4372-8a72-cc8676924498',NULL,NULL,NULL,NULL),('xforms.overwriteValidationsOnRefresh','false','Set to true if, on refresh, you want custom validations to be replaced by those from the database concepts.','f2904bd8-8ee0-4cd9-879c-84ef03659f6b',NULL,NULL,NULL,NULL),('xforms.patientDownloadCohort',NULL,'The cohort for patients to download','b68c9b85-9b22-41af-a2f9-3891411a0bf4',NULL,NULL,NULL,NULL),('xforms.patientRegEncounterFormId','0','The id of the encounter form which will be combined with the patient registration form.','fa08a500-90e5-4332-b4f8-dd239ce13f11',NULL,NULL,NULL,NULL),('xforms.patientSerializer','org.openmrs.module.xforms.serialization.DefaultPatientSerializer','The patient set serializer','4aab65a4-66f8-4c1d-941f-fa9e3c430b22',NULL,NULL,NULL,NULL),('xforms.preferredConceptSource',NULL,'The name for preferred concept source to be used for forms that can be shared with other OpenMRS installations.','ec3b239f-167a-4271-998f-7b63bb6639ec',NULL,NULL,NULL,NULL),('xforms.queue_dir','xforms/queue','Directory containing the xforms queue items. This will contain xforms xml model files submitted and awaiting processing to be submitted into the formentry queue.','8aa32eef-6e45-42b0-9482-f8a5c63532d6',NULL,NULL,NULL,NULL),('xforms.rejectExistingPatientCreation','true','Set to true to Reject forms for patients considered new when they already exist, by virture of patient identifier. Else set to false to allow them.','1bb43833-b34a-4f5f-89e6-0f78b568e80a',NULL,NULL,NULL,NULL),('xforms.savedSearchSerializer','org.openmrs.module.xforms.serialization.DefaultSavedSearchSerializer','The patient saved search serializer','68b21d12-e5ab-48d5-a9b5-fd41bfc45ee7',NULL,NULL,NULL,NULL),('xforms.saveFormat','purcforms','The format in which the xforms will be saved. For now we support two formats: purcforms and javarosa','7ed24141-f7e9-4f9a-97ed-b2a2f822a271',NULL,NULL,NULL,NULL),('xforms.searchNewPatientAfterFormSubmission','true','Set to true if you want to search for a new patient after submitting a form, else set to false if you want to go back to the same patient.','851e4573-2ed2-46c5-bb81-6cadd9a24272',NULL,NULL,NULL,NULL),('xforms.setDefaultLocation','false','Set to true if you want to set the default location to that of the logged on user.','3c147a6b-47a7-43cd-8ed9-c0d1c4a47f4d',NULL,NULL,NULL,NULL),('xforms.setDefaultProvider','false','Set to true if you want to set the default provider to the logged on user, if he or she has the provider role.','dd0e78dd-0ac0-4eb5-9c19-51d560c4dd4e',NULL,NULL,NULL,NULL),('xforms.showDesignSurfaceTab','true','Set to true if you want to display the Design Surface tab of the form designer.','4ee33f23-938f-450b-8070-94f1616ca64b',NULL,NULL,NULL,NULL),('xforms.showJavaScriptTab','false','Set to true if you want to display the JavaScript tab of the form designer.','e32c208d-37a8-462f-b957-76bad104fd8b',NULL,NULL,NULL,NULL),('xforms.showLanguageTab','false','Set to true if you want to display the language xml tab of the form designer.','dc3c08b2-dee9-44aa-92ba-1bba17b4e07f',NULL,NULL,NULL,NULL),('xforms.showLayoutXmlTab','false','Set to true if you want to display the layout xml tab of the form designer.','3177d903-e783-4c2a-bdb8-ab1062063cc4',NULL,NULL,NULL,NULL),('xforms.showModelXmlTab','false','Set to true if you want to display the model xml tab of the form designer.','074fbffc-58c2-4f76-811a-f0c2276e614a',NULL,NULL,NULL,NULL),('xforms.showOfflineFormDesigner','false','Set to true if you want to show the form designer in off line mode.','51b8099c-8c32-4ff0-ac11-f2098b2895cd',NULL,NULL,NULL,NULL),('xforms.showPreviewTab','true','Set to true if you want to display the Preview tab of the form designer.','c00202b8-07fc-4036-9e12-6a1bb7c7333f',NULL,NULL,NULL,NULL),('xforms.showSubmitSuccessMsg','false','Set to true if you want to display the form submitted successfully message every time a form is submitted successfully.','f1f24f59-5c66-491b-a134-ea9d5e4a1986',NULL,NULL,NULL,NULL),('xforms.showXformsSourceTab','false','Set to true if you want to display the xforms source tab of the form designer.','a7320d10-2d9d-4fc0-9ead-3ead62544959',NULL,NULL,NULL,NULL),('xforms.singleSelectAppearance','minimal','The appearance of single select input fields. Allowed values are: {full,minimal,compact}','866c30f0-6589-48dd-ba7b-471a6da6f77f',NULL,NULL,NULL,NULL),('xforms.smsFieldSepChar','=','The separator between questions and answers in the sms text.','a8a560ec-fa5e-403a-a999-570dea0bfeaf',NULL,NULL,NULL,NULL),('xforms.smsSendFailureReports','true','Set to true if you want sms sender to get failure reports, else set to false.','badb23b6-78e3-4a8d-b7c0-754571cb1f8e',NULL,NULL,NULL,NULL),('xforms.smsSendSuccessReports','true','Set to true if you want sms sender to get success reports, else set to false.','ec448d35-18e4-4d09-b263-04fa9130d95d',NULL,NULL,NULL,NULL),('xforms.started','true','DO NOT MODIFY. true/false whether or not the xforms module has been started.  This is used to make sure modules that were running  prior to a restart are started again','827ea99e-e517-4e40-bc51-12259e5d0483',NULL,NULL,NULL,NULL),('xforms.timeDisplayFormat','hh:mm a','The display format of time used by the xforms module.','b444cc4e-6a5d-4daa-9362-5cb505f3d5c2',NULL,NULL,NULL,NULL),('xforms.timeSubmitFormat','HH:mm:ss','The format of the time passed in the xml of the xforms model. Please make sure this matches with the date format of your data entry applications, else you will get wrong times on the server.','3ef65ba8-7a3e-4651-a8f8-76881d8a15a1',NULL,NULL,NULL,NULL),('xforms.undoRedoBufferSize','-1','Set to the maximum number of actions you can undo or redo. The bigger the size, the more memory your browser needs. Default value is 100. Set to -1 if you do not want any limit.','2d837b50-a379-4acd-8084-a09e9dc6f192',NULL,NULL,NULL,NULL),('xforms.useAutocompleteForLocations','false','Specifies that when creating a new xform the location selection element should use autocomplete,\nNote that this only applies for OpenMRS Versions 1.8 and above','0d0b98d9-fb1a-4f9d-812c-fb21166df0e8',NULL,NULL,NULL,NULL),('xforms.useAutocompleteForProviders','false','Specifies that when creating a new xform the provider selection element should use autocomplete,\nNote that this only applies for OpenMRS Versions 1.9 and above','4620ce28-2a96-44f5-bc0e-64aec91cc777',NULL,NULL,NULL,NULL),('xforms.useConceptIdAsHint','false','Set to true if you want to display the concept Id as the default field description.','f30cf3c3-9337-4870-8f9a-3d5dbb6cd956',NULL,NULL,NULL,NULL),('xforms.useEncounterXform','true','Set to true if you want to use XForms to edit encounters instead of the default openmrs edit encounter screen, else set to false.','cae4d1c1-cc44-45e7-8308-97faa95a9d3e',NULL,NULL,NULL,NULL),('xforms.usePatientXform','false','Set to true if you want to use XForms to create new patients instead of the default openmrs create patient form, else set to false.','771ec2c1-0bec-4099-86fb-c245d93b1874',NULL,NULL,NULL,NULL),('xforms.userSerializer','org.openmrs.module.xforms.serialization.DefaultUserSerializer','The user set serializer','82715778-10a5-4fe8-bfe7-4eadeae9f4c8',NULL,NULL,NULL,NULL),('xforms.useStoredXform','true','Set to true if you want to use XForms uploaded into the database, else set to false if you want to always build an XForm on the fly from the current form definition.','84baabe4-b312-47d6-94bd-cbf5ffa5a6fc',NULL,NULL,NULL,NULL),('xforms.xformDownloadFolder',NULL,'Folder to which XForms are download','8a2ea82a-94c1-41a7-9c68-157c1a9d9010',NULL,NULL,NULL,NULL),('xforms.xformSerializer','org.fcitmuk.epihandy.EpihandyXformSerializer','The XForms serializer','a6daad51-c6b4-4025-a30b-f8961630a218',NULL,NULL,NULL,NULL),('xforms.xformUploadFolder',NULL,'Folder from which XForms data is uploaded','f5635b1d-9b04-4c2f-9eb6-dacb7ca97df6',NULL,NULL,NULL,NULL);
/*!40000 ALTER TABLE `global_property` ENABLE KEYS */;
UNLOCK TABLES;

--
-- Table structure for table `hl7_in_archive`
--

DROP TABLE IF EXISTS `hl7_in_archive`;
/*!40101 SET @saved_cs_client     = @@character_set_client */;
/*!40101 SET character_set_client = utf8 */;
CREATE TABLE `hl7_in_archive` (
  `hl7_in_archive_id` int(11) NOT NULL AUTO_INCREMENT,
  `hl7_source` int(11) NOT NULL DEFAULT '0',
  `hl7_source_key` varchar(255) DEFAULT NULL,
  `hl7_data` text NOT NULL,
  `date_created` datetime NOT NULL,
  `message_state` int(11) DEFAULT '2',
  `uuid` char(38) DEFAULT NULL,
  PRIMARY KEY (`hl7_in_archive_id`),
  UNIQUE KEY `hl7_in_archive_uuid_index` (`uuid`),
  KEY `hl7_in_archive_message_state_idx` (`message_state`)
) ENGINE=InnoDB DEFAULT CHARSET=utf8;
/*!40101 SET character_set_client = @saved_cs_client */;

--
-- Dumping data for table `hl7_in_archive`
--

LOCK TABLES `hl7_in_archive` WRITE;
/*!40000 ALTER TABLE `hl7_in_archive` DISABLE KEYS */;
/*!40000 ALTER TABLE `hl7_in_archive` ENABLE KEYS */;
UNLOCK TABLES;

--
-- Table structure for table `hl7_in_error`
--

DROP TABLE IF EXISTS `hl7_in_error`;
/*!40101 SET @saved_cs_client     = @@character_set_client */;
/*!40101 SET character_set_client = utf8 */;
CREATE TABLE `hl7_in_error` (
  `hl7_in_error_id` int(11) NOT NULL AUTO_INCREMENT,
  `hl7_source` int(11) NOT NULL DEFAULT '0',
  `hl7_source_key` text,
  `hl7_data` text NOT NULL,
  `error` varchar(255) NOT NULL DEFAULT '',
  `error_details` mediumtext,
  `date_created` datetime NOT NULL,
  `uuid` char(38) DEFAULT NULL,
  PRIMARY KEY (`hl7_in_error_id`),
  UNIQUE KEY `hl7_in_error_uuid_index` (`uuid`)
) ENGINE=InnoDB DEFAULT CHARSET=utf8;
/*!40101 SET character_set_client = @saved_cs_client */;

--
-- Dumping data for table `hl7_in_error`
--

LOCK TABLES `hl7_in_error` WRITE;
/*!40000 ALTER TABLE `hl7_in_error` DISABLE KEYS */;
/*!40000 ALTER TABLE `hl7_in_error` ENABLE KEYS */;
UNLOCK TABLES;

--
-- Table structure for table `hl7_in_queue`
--

DROP TABLE IF EXISTS `hl7_in_queue`;
/*!40101 SET @saved_cs_client     = @@character_set_client */;
/*!40101 SET character_set_client = utf8 */;
CREATE TABLE `hl7_in_queue` (
  `hl7_in_queue_id` int(11) NOT NULL AUTO_INCREMENT,
  `hl7_source` int(11) NOT NULL DEFAULT '0',
  `hl7_source_key` text,
  `hl7_data` text NOT NULL,
  `message_state` int(11) NOT NULL DEFAULT '0',
  `date_processed` datetime DEFAULT NULL,
  `error_msg` text,
  `date_created` datetime DEFAULT NULL,
  `uuid` char(38) DEFAULT NULL,
  PRIMARY KEY (`hl7_in_queue_id`),
  UNIQUE KEY `hl7_in_queue_uuid_index` (`uuid`),
  KEY `hl7_source_with_queue` (`hl7_source`),
  CONSTRAINT `hl7_source_with_queue` FOREIGN KEY (`hl7_source`) REFERENCES `hl7_source` (`hl7_source_id`)
) ENGINE=InnoDB DEFAULT CHARSET=utf8;
/*!40101 SET character_set_client = @saved_cs_client */;

--
-- Dumping data for table `hl7_in_queue`
--

LOCK TABLES `hl7_in_queue` WRITE;
/*!40000 ALTER TABLE `hl7_in_queue` DISABLE KEYS */;
/*!40000 ALTER TABLE `hl7_in_queue` ENABLE KEYS */;
UNLOCK TABLES;

--
-- Table structure for table `hl7_source`
--

DROP TABLE IF EXISTS `hl7_source`;
/*!40101 SET @saved_cs_client     = @@character_set_client */;
/*!40101 SET character_set_client = utf8 */;
CREATE TABLE `hl7_source` (
  `hl7_source_id` int(11) NOT NULL AUTO_INCREMENT,
  `name` varchar(255) NOT NULL DEFAULT '',
  `description` text,
  `creator` int(11) NOT NULL DEFAULT '0',
  `date_created` datetime NOT NULL,
  `uuid` char(38) DEFAULT NULL,
  PRIMARY KEY (`hl7_source_id`),
  UNIQUE KEY `hl7_source_uuid_index` (`uuid`),
  KEY `user_who_created_hl7_source` (`creator`),
  CONSTRAINT `user_who_created_hl7_source` FOREIGN KEY (`creator`) REFERENCES `users` (`user_id`)
) ENGINE=InnoDB AUTO_INCREMENT=2 DEFAULT CHARSET=utf8;
/*!40101 SET character_set_client = @saved_cs_client */;

--
-- Dumping data for table `hl7_source`
--

LOCK TABLES `hl7_source` WRITE;
/*!40000 ALTER TABLE `hl7_source` DISABLE KEYS */;
INSERT INTO `hl7_source` VALUES (1,'LOCAL','',1,'2006-09-01 00:00:00','8d6b8bb6-c2cc-11de-8d13-0010c6dffd0f');
/*!40000 ALTER TABLE `hl7_source` ENABLE KEYS */;
UNLOCK TABLES;

--
-- Table structure for table `htmlformentry_html_form`
--

DROP TABLE IF EXISTS `htmlformentry_html_form`;
/*!40101 SET @saved_cs_client     = @@character_set_client */;
/*!40101 SET character_set_client = utf8 */;
CREATE TABLE `htmlformentry_html_form` (
  `id` int(11) NOT NULL AUTO_INCREMENT,
  `form_id` int(11) DEFAULT NULL,
  `name` varchar(255) DEFAULT NULL,
  `xml_data` mediumtext NOT NULL,
  `creator` int(11) NOT NULL DEFAULT '0',
  `date_created` datetime NOT NULL DEFAULT '0000-00-00 00:00:00',
  `changed_by` int(11) DEFAULT NULL,
  `date_changed` datetime DEFAULT NULL,
  `retired` tinyint(1) NOT NULL DEFAULT '0',
  `uuid` char(38) NOT NULL,
  `description` varchar(1000) DEFAULT NULL,
  `retired_by` int(11) DEFAULT NULL,
  `date_retired` datetime DEFAULT NULL,
  `retire_reason` varchar(255) DEFAULT NULL,
  PRIMARY KEY (`id`),
  UNIQUE KEY `htmlformentry_html_form_uuid_index` (`uuid`),
  KEY `User who created htmlformentry_htmlform` (`creator`),
  KEY `Form with which this htmlform is related` (`form_id`),
  KEY `User who changed htmlformentry_htmlform` (`changed_by`),
  KEY `user_who_retired_html_form` (`retired_by`),
  CONSTRAINT `Form with which this htmlform is related` FOREIGN KEY (`form_id`) REFERENCES `form` (`form_id`),
  CONSTRAINT `User who changed htmlformentry_htmlform` FOREIGN KEY (`changed_by`) REFERENCES `users` (`user_id`),
  CONSTRAINT `User who created htmlformentry_htmlform` FOREIGN KEY (`creator`) REFERENCES `users` (`user_id`),
  CONSTRAINT `user_who_retired_html_form` FOREIGN KEY (`retired_by`) REFERENCES `users` (`user_id`)
) ENGINE=InnoDB DEFAULT CHARSET=utf8;
/*!40101 SET character_set_client = @saved_cs_client */;

--
-- Dumping data for table `htmlformentry_html_form`
--

LOCK TABLES `htmlformentry_html_form` WRITE;
/*!40000 ALTER TABLE `htmlformentry_html_form` DISABLE KEYS */;
/*!40000 ALTER TABLE `htmlformentry_html_form` ENABLE KEYS */;
UNLOCK TABLES;

--
-- Table structure for table `liquibasechangelog`
--

DROP TABLE IF EXISTS `liquibasechangelog`;
/*!40101 SET @saved_cs_client     = @@character_set_client */;
/*!40101 SET character_set_client = utf8 */;
CREATE TABLE `liquibasechangelog` (
  `ID` varchar(63) NOT NULL,
  `AUTHOR` varchar(63) NOT NULL,
  `FILENAME` varchar(200) NOT NULL,
  `DATEEXECUTED` datetime NOT NULL,
  `ORDEREXECUTED` int(11) NOT NULL,
  `EXECTYPE` varchar(10) NOT NULL,
  `MD5SUM` varchar(35) DEFAULT NULL,
  `DESCRIPTION` varchar(255) DEFAULT NULL,
  `COMMENTS` varchar(255) DEFAULT NULL,
  `TAG` varchar(255) DEFAULT NULL,
  `LIQUIBASE` varchar(20) DEFAULT NULL,
  PRIMARY KEY (`ID`,`AUTHOR`,`FILENAME`)
) ENGINE=InnoDB DEFAULT CHARSET=utf8;
/*!40101 SET character_set_client = @saved_cs_client */;

--
-- Dumping data for table `liquibasechangelog`
--

LOCK TABLES `liquibasechangelog` WRITE;
/*!40000 ALTER TABLE `liquibasechangelog` DISABLE KEYS */;
INSERT INTO `liquibasechangelog` VALUES ('0','bwolfe','liquibase-update-to-latest.xml','2011-09-20 00:00:00',10016,'MARK_RAN','3:ccc4741ff492cb385f44e714053920af',NULL,NULL,NULL,NULL),('02232009-1141','nribeka','liquibase-update-to-latest.xml','2014-10-29 17:19:22',10063,'EXECUTED','3:b5921fb42deb90fe52e042838d0638a0','Modify Column','Modify the password column to fit the output of SHA-512 function',NULL,'2.0.5'),('1','upul','liquibase-update-to-latest.xml','2014-10-29 17:19:21',10043,'MARK_RAN','3:7fbc03c45bb69cd497b096629d32c3f5','Add Column','Add the column to person_attribute type to connect each type to a privilege',NULL,'2.0.5'),('1-fix','sunbiz','liquibase-update-to-latest.xml','2014-10-29 17:19:21',10044,'EXECUTED','3:37a6dc66c67e8c518f9d50971387b438','Modify data type','(Fixed)Modified edit_privilege to correct column size',NULL,'2.0.5'),('1226348923233-12','ben (generated)','liquibase-core-data.xml','2014-10-29 17:19:16',10021,'EXECUTED','3:7efb7ed5267126e1e44c9f344e35dd7d','Insert Row (x12)','',NULL,'2.0.5'),('1226348923233-13','ben (generated)','liquibase-core-data.xml','2014-10-29 17:19:16',10022,'EXECUTED','3:8b9e14aa00a4382aa2623b39400c9110','Insert Row (x2)','',NULL,'2.0.5'),('1226348923233-14','ben (generated)','liquibase-core-data.xml','2014-10-29 17:19:17',10025,'EXECUTED','3:8910082a3b369438f86025e4006b7538','Insert Row (x4)','',NULL,'2.0.5'),('1226348923233-15','ben (generated)','liquibase-core-data.xml','2014-10-29 17:19:17',10026,'EXECUTED','3:8485e0ebef4dc368ab6b87de939f8e82','Insert Row (x15)','',NULL,'2.0.5'),('1226348923233-16','ben (generated)','liquibase-core-data.xml','2014-10-29 17:19:17',10027,'EXECUTED','3:5778f109b607f882cc274750590d5004','Insert Row','',NULL,'2.0.5'),('1226348923233-17','ben (generated)','liquibase-core-data.xml','2014-10-29 17:19:17',10029,'EXECUTED','3:3c324233bf1f386dcc4a9be55401c260','Insert Row (x2)','',NULL,'2.0.5'),('1226348923233-18','ben (generated)','liquibase-core-data.xml','2014-10-29 17:19:17',10030,'EXECUTED','3:40ad1a506929811955f4d7d4753d576e','Insert Row (x2)','',NULL,'2.0.5'),('1226348923233-2','ben (generated)','liquibase-core-data.xml','2014-10-29 17:19:16',10018,'EXECUTED','3:35613fc962f41ed143c46e578fd64a70','Insert Row (x5)','',NULL,'2.0.5'),('1226348923233-20','ben (generated)','liquibase-core-data.xml','2014-10-29 17:19:17',10031,'EXECUTED','3:0ce5c5b83b4754b44f4bcda8eb866f3a','Insert Row','',NULL,'2.0.5'),('1226348923233-21','ben (generated)','liquibase-core-data.xml','2014-10-29 17:19:17',10032,'EXECUTED','3:51c90534135f429c1bcde82be0f6157d','Insert Row','',NULL,'2.0.5'),('1226348923233-22','ben (generated)','liquibase-core-data.xml','2014-10-29 17:19:17',10033,'EXECUTED','3:ccf0fca99e44d670270d1aa9bc75a450','Insert Row','',NULL,'2.0.5'),('1226348923233-23','ben (generated)','liquibase-core-data.xml','2014-10-29 17:19:17',10034,'EXECUTED','3:19f78a07a33a5efc28b4712a07b02a29','Insert Row','',NULL,'2.0.5'),('1226348923233-6','ben (generated)','liquibase-core-data.xml','2014-10-29 17:19:16',10019,'EXECUTED','3:a947f43a1881ac56186039709a4a0ac8','Insert Row (x13)','',NULL,'2.0.5'),('1226348923233-8','ben (generated)','liquibase-core-data.xml','2014-10-29 17:19:16',10020,'EXECUTED','3:dceb0cc19be3545af8639db55785d66e','Insert Row (x7)','',NULL,'2.0.5'),('1226412230538-24','ben (generated)','liquibase-core-data.xml','2014-10-29 17:19:16',10023,'EXECUTED','3:0b77e92c0d1482c1bef7ca1add6b233b','Insert Row (x2)','',NULL,'2.0.5'),('1226412230538-7','ben (generated)','liquibase-core-data.xml','2014-10-29 17:19:17',10024,'EXECUTED','3:c189f41d824649ef72dc3cef74d3580b','Insert Row (x106)','',NULL,'2.0.5'),('1226412230538-9a','ben (generated)','liquibase-core-data.xml','2014-10-29 17:19:17',10035,'EXECUTED','3:73c2b426be208fb50f088ad4ee76c8d6','Insert Row (x4)','',NULL,'2.0.5'),('1227123456789-100','dkayiwa','liquibase-schema-only.xml','2014-10-29 17:19:12',178,'EXECUTED','3:24751e1218f5fff3d2abf8e281e557c5','Add Foreign Key Constraint','',NULL,'2.0.5'),('1227303685425-1','ben (generated)','liquibase-schema-only.xml','2014-10-29 17:19:09',1,'EXECUTED','3:a851046bb3eb5b0daccb6e69ef8a9a00','Create Table','',NULL,'2.0.5'),('1227303685425-10','ben (generated)','liquibase-schema-only.xml','2014-10-29 17:19:10',8,'EXECUTED','3:3fb7e78555ddf8d8014ba336bb8b5402','Create Table','',NULL,'2.0.5'),('1227303685425-100','ben (generated)','liquibase-schema-only.xml','2014-10-29 17:19:11',114,'EXECUTED','3:8d20fc37ce4266cba349eeef66951688','Create Index','',NULL,'2.0.5'),('1227303685425-101','ben (generated)','liquibase-schema-only.xml','2014-10-29 17:19:11',115,'EXECUTED','3:cc9b2ad0c2ff9ad6fcfd2f56b52d795f','Create Index','',NULL,'2.0.5'),('1227303685425-102','ben (generated)','liquibase-schema-only.xml','2014-10-29 17:19:11',116,'EXECUTED','3:97d1301e8ab7f35e109c733fdedde10f','Create Index','',NULL,'2.0.5'),('1227303685425-103','ben (generated)','liquibase-schema-only.xml','2014-10-29 17:19:11',117,'EXECUTED','3:2447e4abc7501a18f401594e4c836fff','Create Index','',NULL,'2.0.5'),('1227303685425-104','ben (generated)','liquibase-schema-only.xml','2014-10-29 17:19:11',118,'EXECUTED','3:8d6c644eaf9f696e3fee1362863c26ec','Create Index','',NULL,'2.0.5'),('1227303685425-105','ben (generated)','liquibase-schema-only.xml','2014-10-29 17:19:11',119,'EXECUTED','3:fb3838f818387718d9b4cbf410d653cd','Create Index','',NULL,'2.0.5'),('1227303685425-106','ben (generated)','liquibase-schema-only.xml','2014-10-29 17:19:11',120,'EXECUTED','3:a644de1082a85ab7a0fc520bb8fc23d7','Create Index','',NULL,'2.0.5'),('1227303685425-107','ben (generated)','liquibase-schema-only.xml','2014-10-29 17:19:11',121,'EXECUTED','3:f11eb4e4bc4a5192b7e52622965aacb2','Create Index','',NULL,'2.0.5'),('1227303685425-108','ben (generated)','liquibase-schema-only.xml','2014-10-29 17:19:11',135,'EXECUTED','3:07fc6fd2c0086f941aed0b2c95c89dc8','Add Foreign Key Constraint','',NULL,'2.0.5'),('1227303685425-109','ben (generated)','liquibase-schema-only.xml','2014-10-29 17:19:11',136,'EXECUTED','3:c2911be31587bbc868a55f13fcc3ba5e','Add Foreign Key Constraint','',NULL,'2.0.5'),('1227303685425-11','ben (generated)','liquibase-schema-only.xml','2014-10-29 17:19:10',9,'EXECUTED','3:1cef06ece4f56bfbe205ec03b75a129f','Create Table','',NULL,'2.0.5'),('1227303685425-110','ben (generated)','liquibase-schema-only.xml','2014-10-29 17:19:11',137,'EXECUTED','3:32c42fa39fe81932aa02974bb19567ed','Add Foreign Key Constraint','',NULL,'2.0.5'),('1227303685425-111','ben (generated)','liquibase-schema-only.xml','2014-10-29 17:19:11',138,'EXECUTED','3:f35c8159ca7f84ae551bdb988b833760','Add Foreign Key Constraint','',NULL,'2.0.5'),('1227303685425-112','ben (generated)','liquibase-schema-only.xml','2014-10-29 17:19:11',139,'EXECUTED','3:df0a45bc276e7484f183e3190cff8394','Add Foreign Key Constraint','',NULL,'2.0.5'),('1227303685425-115','ben (generated)','liquibase-schema-only.xml','2014-10-29 17:19:11',140,'EXECUTED','3:d3b13502ef9794718d68bd0697fd7c2b','Add Foreign Key Constraint','',NULL,'2.0.5'),('1227303685425-116','ben (generated)','liquibase-schema-only.xml','2014-10-29 17:19:11',141,'EXECUTED','3:6014d91cadbbfc05bd364619d94a4f18','Add Foreign Key Constraint','',NULL,'2.0.5'),('1227303685425-117','ben (generated)','liquibase-schema-only.xml','2014-10-29 17:19:11',142,'EXECUTED','3:0841471be0ebff9aba768017b9a9717b','Add Foreign Key Constraint','',NULL,'2.0.5'),('1227303685425-118','ben (generated)','liquibase-schema-only.xml','2014-10-29 17:19:11',143,'EXECUTED','3:c73351f905761c3cee7235b526eff1a0','Add Foreign Key Constraint','',NULL,'2.0.5'),('1227303685425-119','ben (generated)','liquibase-schema-only.xml','2014-10-29 17:19:11',144,'EXECUTED','3:cd72c79bfd3c807ba5451d8ca5cb2612','Add Foreign Key Constraint','',NULL,'2.0.5'),('1227303685425-12','ben (generated)','liquibase-schema-only.xml','2014-10-29 17:19:10',10,'EXECUTED','3:b9726f1c78d0cba40d5ee61e721350f7','Create Table','',NULL,'2.0.5'),('1227303685425-120','ben (generated)','liquibase-schema-only.xml','2014-10-29 17:19:11',145,'EXECUTED','3:b07d718d9d2b64060584d4c460ffc277','Add Foreign Key Constraint','',NULL,'2.0.5'),('1227303685425-121','ben (generated)','liquibase-schema-only.xml','2014-10-29 17:19:11',146,'EXECUTED','3:be141d71df248fba87a322b35f13b4db','Add Foreign Key Constraint','',NULL,'2.0.5'),('1227303685425-122','ben (generated)','liquibase-schema-only.xml','2014-10-29 17:19:11',147,'EXECUTED','3:7bcc45dda3aeea4ab3916701483443d3','Add Foreign Key Constraint','',NULL,'2.0.5'),('1227303685425-123','ben (generated)','liquibase-schema-only.xml','2014-10-29 17:19:11',148,'EXECUTED','3:031e4dcf20174b92bbbb07323b86d569','Add Foreign Key Constraint','',NULL,'2.0.5'),('1227303685425-124','ben (generated)','liquibase-schema-only.xml','2014-10-29 17:19:11',149,'EXECUTED','3:7d277181a4e9d5e14f9cb1220c6c4c57','Add Foreign Key Constraint','',NULL,'2.0.5'),('1227303685425-125','ben (generated)','liquibase-schema-only.xml','2014-10-29 17:19:11',150,'EXECUTED','3:7172ef61a904cd7ae765f0205d9e66dd','Add Foreign Key Constraint','',NULL,'2.0.5'),('1227303685425-126','ben (generated)','liquibase-schema-only.xml','2014-10-29 17:19:11',151,'EXECUTED','3:0d9a3ffc816c3e4e8649df3de01a8ff6','Add Foreign Key Constraint','',NULL,'2.0.5'),('1227303685425-128','ben (generated)','liquibase-schema-only.xml','2014-10-29 17:19:11',152,'EXECUTED','3:3a9357d6283b2bb97c1423825d6d57eb','Add Foreign Key Constraint','',NULL,'2.0.5'),('1227303685425-129','ben (generated)','liquibase-schema-only.xml','2014-10-29 17:19:11',153,'EXECUTED','3:e3923913d6f34e0e8bc7333834884419','Add Foreign Key Constraint','',NULL,'2.0.5'),('1227303685425-13','ben (generated)','liquibase-schema-only.xml','2014-10-29 17:19:10',11,'EXECUTED','3:982544aff0ae869f5ac9691d5c93a7e4','Create Table','',NULL,'2.0.5'),('1227303685425-130','ben (generated)','liquibase-schema-only.xml','2014-10-29 17:19:11',154,'EXECUTED','3:dae7a98f3643acfe9db5c3b4b9e8f4ea','Add Foreign Key Constraint','',NULL,'2.0.5'),('1227303685425-131','ben (generated)','liquibase-schema-only.xml','2014-10-29 17:19:11',155,'EXECUTED','3:44a4e4791a0f727fffc96b9dab0a3fa8','Add Foreign Key Constraint','',NULL,'2.0.5'),('1227303685425-132','ben (generated)','liquibase-schema-only.xml','2014-10-29 17:19:11',156,'EXECUTED','3:16dcc5a95708dbdaff07ed27507d8e29','Add Foreign Key Constraint','',NULL,'2.0.5'),('1227303685425-134','ben (generated)','liquibase-schema-only.xml','2014-10-29 17:19:11',157,'EXECUTED','3:c37757ed38ace0bb94d8455a49e3049a','Add Foreign Key Constraint','',NULL,'2.0.5'),('1227303685425-135','ben (generated)','liquibase-schema-only.xml','2014-10-29 17:19:11',158,'EXECUTED','3:ab40ab94ab2f86a0013ecbf9dd034de4','Add Foreign Key Constraint','',NULL,'2.0.5'),('1227303685425-136','ben (generated)','liquibase-schema-only.xml','2014-10-29 17:19:11',159,'EXECUTED','3:3878ab735b369d778a7feb2b92746352','Add Foreign Key Constraint','',NULL,'2.0.5'),('1227303685425-137','ben (generated)','liquibase-schema-only.xml','2014-10-29 17:19:11',160,'EXECUTED','3:a7bf99f775c2f07b534a4df4e5c5c20b','Add Foreign Key Constraint','',NULL,'2.0.5'),('1227303685425-139','ben (generated)','liquibase-schema-only.xml','2014-10-29 17:19:11',161,'EXECUTED','3:f0a1690648292d939876bdeefa74792a','Add Foreign Key Constraint','',NULL,'2.0.5'),('1227303685425-14','ben (generated)','liquibase-schema-only.xml','2014-10-29 17:19:10',12,'EXECUTED','3:0132a13f3ff3c212ad7e11a9a0890bbb','Create Table','',NULL,'2.0.5'),('1227303685425-140','ben (generated)','liquibase-schema-only.xml','2014-10-29 17:19:11',162,'EXECUTED','3:7ba4860a1e0a00ff49a93d4e86929691','Add Foreign Key Constraint','',NULL,'2.0.5'),('1227303685425-141','ben (generated)','liquibase-schema-only.xml','2014-10-29 17:19:11',163,'EXECUTED','3:5b176976d808cf8b1b8fae7d2b19e059','Add Foreign Key Constraint','',NULL,'2.0.5'),('1227303685425-142','ben (generated)','liquibase-schema-only.xml','2014-10-29 17:19:11',164,'EXECUTED','3:5538db250e63d70a79dce2c5a74ee528','Add Foreign Key Constraint','',NULL,'2.0.5'),('1227303685425-143','ben (generated)','liquibase-schema-only.xml','2014-10-29 17:19:11',165,'EXECUTED','3:a981ac9be845bf6c6098aa98cd4d8456','Add Foreign Key Constraint','',NULL,'2.0.5'),('1227303685425-144','ben (generated)','liquibase-schema-only.xml','2014-10-29 17:19:11',166,'EXECUTED','3:84428d9dce773758f73616129935d888','Add Foreign Key Constraint','',NULL,'2.0.5'),('1227303685425-145','ben (generated)','liquibase-schema-only.xml','2014-10-29 17:19:11',167,'EXECUTED','3:6b8af6c242f1d598591478897feed2d8','Add Foreign Key Constraint','',NULL,'2.0.5'),('1227303685425-146','ben (generated)','liquibase-schema-only.xml','2014-10-29 17:19:12',168,'EXECUTED','3:a8cddf3b63050686248e82a3b6de781f','Add Foreign Key Constraint','',NULL,'2.0.5'),('1227303685425-147','ben (generated)','liquibase-schema-only.xml','2014-10-29 17:19:12',169,'EXECUTED','3:e8b5350ad40fa006c088f08fae4d3141','Add Foreign Key Constraint','',NULL,'2.0.5'),('1227303685425-149','ben (generated)','liquibase-schema-only.xml','2014-10-29 17:19:12',170,'EXECUTED','3:b6c44ee5824ae261a9a87b8ac60fe23d','Add Foreign Key Constraint','',NULL,'2.0.5'),('1227303685425-15','ben (generated)','liquibase-schema-only.xml','2014-10-29 17:19:10',13,'EXECUTED','3:18dd3e507ecbe5212bcdf0a0a8012d88','Create Table','',NULL,'2.0.5'),('1227303685425-150','ben (generated)','liquibase-schema-only.xml','2014-10-29 17:19:12',171,'EXECUTED','3:f8c495d78d68c9fc701271a8e5d1f102','Add Foreign Key Constraint','',NULL,'2.0.5'),('1227303685425-151','ben (generated)','liquibase-schema-only.xml','2014-10-29 17:19:12',172,'EXECUTED','3:94dc5b8d27f275fb06cc230eb313e430','Add Foreign Key Constraint','',NULL,'2.0.5'),('1227303685425-153','ben (generated)','liquibase-schema-only.xml','2014-10-29 17:19:12',173,'EXECUTED','3:2a04930665fe64516765263d1a9b0775','Add Foreign Key Constraint','',NULL,'2.0.5'),('1227303685425-154','ben (generated)','liquibase-schema-only.xml','2014-10-29 17:19:12',174,'EXECUTED','3:adfef8b8dd7b774b268b0968b7400f42','Add Foreign Key Constraint','',NULL,'2.0.5'),('1227303685425-155','ben (generated)','liquibase-schema-only.xml','2014-10-29 17:19:12',175,'EXECUTED','3:540b0422c733b464a33ca937348d8b4c','Add Foreign Key Constraint','',NULL,'2.0.5'),('1227303685425-158','ben (generated)','liquibase-schema-only.xml','2014-10-29 17:19:12',176,'EXECUTED','3:d1d73e19bab5821f256c01a83e2d945f','Add Foreign Key Constraint','',NULL,'2.0.5'),('1227303685425-159','ben (generated)','liquibase-schema-only.xml','2014-10-29 17:19:12',177,'EXECUTED','3:c23d0cd0eec5f20385b4182af18fc835','Add Foreign Key Constraint','',NULL,'2.0.5'),('1227303685425-16','ben (generated)','liquibase-schema-only.xml','2014-10-29 17:19:10',14,'EXECUTED','3:4c19b5c980b58e54af005e1fa50359ae','Create Table','',NULL,'2.0.5'),('1227303685425-160','ben (generated)','liquibase-schema-only.xml','2014-10-29 17:19:12',179,'EXECUTED','3:cc64f6e676cb6a448f73599d8149490c','Add Foreign Key Constraint','',NULL,'2.0.5'),('1227303685425-161','ben (generated)','liquibase-schema-only.xml','2014-10-29 17:19:12',180,'EXECUTED','3:f48e300a3439d90fa2d518b3d6e145a5','Add Foreign Key Constraint','',NULL,'2.0.5'),('1227303685425-162','ben (generated)','liquibase-schema-only.xml','2014-10-29 17:19:12',181,'EXECUTED','3:467e31995c41be55426a5256d99312c4','Add Foreign Key Constraint','',NULL,'2.0.5'),('1227303685425-163','ben (generated)','liquibase-schema-only.xml','2014-10-29 17:19:12',182,'EXECUTED','3:45a4519c252f7e42d649292b022ec158','Add Foreign Key Constraint','',NULL,'2.0.5'),('1227303685425-164','ben (generated)','liquibase-schema-only.xml','2014-10-29 17:19:12',183,'EXECUTED','3:dfd51e701b716c07841c2e4ea6f59f3e','Add Foreign Key Constraint','',NULL,'2.0.5'),('1227303685425-165','ben (generated)','liquibase-schema-only.xml','2014-10-29 17:19:12',184,'EXECUTED','3:0d69b82ce833ea585e95a6887f800108','Add Foreign Key Constraint','',NULL,'2.0.5'),('1227303685425-166','ben (generated)','liquibase-schema-only.xml','2014-10-29 17:19:12',185,'EXECUTED','3:2070f44c444e1e6efdbe7dfb9f7b846d','Add Foreign Key Constraint','',NULL,'2.0.5'),('1227303685425-167','ben (generated)','liquibase-schema-only.xml','2014-10-29 17:19:12',186,'EXECUTED','3:9196c0f9792007c72233649cc7c2ac58','Add Foreign Key Constraint','',NULL,'2.0.5'),('1227303685425-168','ben (generated)','liquibase-schema-only.xml','2014-10-29 17:19:12',187,'EXECUTED','3:33d644a49e92a4bbd4cb653d6554c8d0','Add Foreign Key Constraint','',NULL,'2.0.5'),('1227303685425-169','ben (generated)','liquibase-schema-only.xml','2014-10-29 17:19:12',188,'EXECUTED','3:e75c37cbd9aa22cf95b2dc89fdb2c831','Add Foreign Key Constraint','',NULL,'2.0.5'),('1227303685425-17','ben (generated)','liquibase-schema-only.xml','2014-10-29 17:19:10',15,'EXECUTED','3:250e3f0d4bb139fa751d0875fd1d5b89','Create Table','',NULL,'2.0.5'),('1227303685425-170','ben (generated)','liquibase-schema-only.xml','2014-10-29 17:19:12',189,'EXECUTED','3:ac31515d8822caa0c87705cb0706e52f','Add Foreign Key Constraint','',NULL,'2.0.5'),('1227303685425-171','ben (generated)','liquibase-schema-only.xml','2014-10-29 17:19:12',190,'EXECUTED','3:b40823e1322acea52497f43033e72e5e','Add Foreign Key Constraint','',NULL,'2.0.5'),('1227303685425-173','ben (generated)','liquibase-schema-only.xml','2014-10-29 17:19:12',191,'EXECUTED','3:b37c0b43a23ad3b072e34055875f7dcc','Add Foreign Key Constraint','',NULL,'2.0.5'),('1227303685425-174','ben (generated)','liquibase-schema-only.xml','2014-10-29 17:19:12',192,'EXECUTED','3:f8c5737a51f0f040e9fac3060c246e46','Add Foreign Key Constraint','',NULL,'2.0.5'),('1227303685425-175','ben (generated)','liquibase-schema-only.xml','2014-10-29 17:19:12',193,'EXECUTED','3:87cc15f9622b014d01d4df512a3f835e','Add Foreign Key Constraint','',NULL,'2.0.5'),('1227303685425-176','ben (generated)','liquibase-schema-only.xml','2014-10-29 17:19:12',194,'EXECUTED','3:f57273dfbaba02ea785a0e165994f74b','Add Foreign Key Constraint','',NULL,'2.0.5'),('1227303685425-177','ben (generated)','liquibase-schema-only.xml','2014-10-29 17:19:12',195,'EXECUTED','3:1555790e99827ded259d5ec7860eb1b1','Add Foreign Key Constraint','',NULL,'2.0.5'),('1227303685425-178','ben (generated)','liquibase-schema-only.xml','2014-10-29 17:19:12',196,'EXECUTED','3:757206752885a07d1eea5585ad9e2dce','Add Foreign Key Constraint','',NULL,'2.0.5'),('1227303685425-179','ben (generated)','liquibase-schema-only.xml','2014-10-29 17:19:12',197,'EXECUTED','3:018efd7d7a5e84f7c2c9cec7299d596e','Add Foreign Key Constraint','',NULL,'2.0.5'),('1227303685425-18','ben (generated)','liquibase-schema-only.xml','2014-10-29 17:19:10',16,'EXECUTED','3:2eb2063d3e1233e7ebc23f313da5bff6','Create Table','',NULL,'2.0.5'),('1227303685425-180','ben (generated)','liquibase-schema-only.xml','2014-10-29 17:19:12',198,'EXECUTED','3:9ba52b3b7059674e881b7611a3428bde','Add Foreign Key Constraint','',NULL,'2.0.5'),('1227303685425-181','ben (generated)','liquibase-schema-only.xml','2014-10-29 17:19:12',199,'EXECUTED','3:ffee79a7426d7e41cf65889c2a5064f2','Add Foreign Key Constraint','',NULL,'2.0.5'),('1227303685425-182','ben (generated)','liquibase-schema-only.xml','2014-10-29 17:19:12',200,'EXECUTED','3:380743d4f027534180d818f5c507fae9','Add Foreign Key Constraint','',NULL,'2.0.5'),('1227303685425-183','ben (generated)','liquibase-schema-only.xml','2014-10-29 17:19:12',201,'EXECUTED','3:6882a4cf798e257af34753a8b5e7a157','Add Foreign Key Constraint','',NULL,'2.0.5'),('1227303685425-184','ben (generated)','liquibase-schema-only.xml','2014-10-29 17:19:12',202,'EXECUTED','3:93473623db4b6e7ca7813658da5b6771','Add Foreign Key Constraint','',NULL,'2.0.5'),('1227303685425-185','ben (generated)','liquibase-schema-only.xml','2014-10-29 17:19:12',203,'EXECUTED','3:f19a46800a4695266f3372aa709650b2','Add Foreign Key Constraint','',NULL,'2.0.5'),('1227303685425-186','ben (generated)','liquibase-schema-only.xml','2014-10-29 17:19:12',204,'EXECUTED','3:adfd7433de8d3b196d1166f62e497f8d','Add Foreign Key Constraint','',NULL,'2.0.5'),('1227303685425-187','ben (generated)','liquibase-schema-only.xml','2014-10-29 17:19:12',205,'EXECUTED','3:88b09239d29fbddd8bf4640df9f3e235','Add Foreign Key Constraint','',NULL,'2.0.5'),('1227303685425-188','ben (generated)','liquibase-schema-only.xml','2014-10-29 17:19:12',206,'EXECUTED','3:777e5970e09a3a1608bf7c40ef1ea1db','Add Foreign Key Constraint','',NULL,'2.0.5'),('1227303685425-189','ben (generated)','liquibase-schema-only.xml','2014-10-29 17:19:12',207,'EXECUTED','3:40dab4e434aa06340ba046fbd1382c6d','Add Foreign Key Constraint','',NULL,'2.0.5'),('1227303685425-19','ben (generated)','liquibase-schema-only.xml','2014-10-29 17:19:10',17,'EXECUTED','3:b5acf27abca6fec3533e081a6c57c415','Create Table','',NULL,'2.0.5'),('1227303685425-190','ben (generated)','liquibase-schema-only.xml','2014-10-29 17:19:12',208,'EXECUTED','3:8766098ff9779a913d5642862955eaff','Add Foreign Key Constraint','',NULL,'2.0.5'),('1227303685425-191','ben (generated)','liquibase-schema-only.xml','2014-10-29 17:19:12',209,'EXECUTED','3:2a52afd1df6dcf64ec21f3c6ffe1d022','Add Foreign Key Constraint','',NULL,'2.0.5'),('1227303685425-192','ben (generated)','liquibase-schema-only.xml','2014-10-29 17:19:12',210,'EXECUTED','3:fa5de48b1490faa157e1977529034169','Add Foreign Key Constraint','',NULL,'2.0.5'),('1227303685425-193','ben (generated)','liquibase-schema-only.xml','2014-10-29 17:19:12',211,'EXECUTED','3:1213cb90fa9bd1561a371cc53c262d0f','Add Foreign Key Constraint','',NULL,'2.0.5'),('1227303685425-194','ben (generated)','liquibase-schema-only.xml','2014-10-29 17:19:12',212,'EXECUTED','3:2eb07e7388ff8d68d36cf2f3552c1a7c','Add Foreign Key Constraint','',NULL,'2.0.5'),('1227303685425-195','ben (generated)','liquibase-schema-only.xml','2014-10-29 17:19:12',213,'EXECUTED','3:d6ec9bb7b3bab333dcea4a3c18083616','Add Foreign Key Constraint','',NULL,'2.0.5'),('1227303685425-196','ben (generated)','liquibase-schema-only.xml','2014-10-29 17:19:12',214,'EXECUTED','3:df03afd5ef34e472fd6d43ef74a859e1','Add Foreign Key Constraint','',NULL,'2.0.5'),('1227303685425-197','ben (generated)','liquibase-schema-only.xml','2014-10-29 17:19:12',215,'EXECUTED','3:a0811395501a4423ca66de08fcf53895','Add Foreign Key Constraint','',NULL,'2.0.5'),('1227303685425-198','ben (generated)','liquibase-schema-only.xml','2014-10-29 17:19:12',216,'EXECUTED','3:e46a78b95280d9082557ed991af8dbe7','Add Foreign Key Constraint','',NULL,'2.0.5'),('1227303685425-199','ben (generated)','liquibase-schema-only.xml','2014-10-29 17:19:12',217,'EXECUTED','3:e57afffae0d6a439927e45cde4393363','Add Foreign Key Constraint','',NULL,'2.0.5'),('1227303685425-2','ben (generated)','liquibase-schema-only.xml','2014-10-29 17:19:09',2,'EXECUTED','3:d90246bb4d8342608e818a872d3335f1','Create Table','',NULL,'2.0.5'),('1227303685425-20','ben (generated)','liquibase-schema-only.xml','2014-10-29 17:19:10',18,'EXECUTED','3:e0a8a4978c536423320f1ff44520169a','Create Table','',NULL,'2.0.5'),('1227303685425-200','ben (generated)','liquibase-schema-only.xml','2014-10-29 17:19:12',218,'EXECUTED','3:667c2308fcf366f47fab8d9df3a3b2ae','Add Foreign Key Constraint','',NULL,'2.0.5'),('1227303685425-201','ben (generated)','liquibase-schema-only.xml','2014-10-29 17:19:12',219,'EXECUTED','3:104750a2b7779fa43e8457071e0bc33e','Add Foreign Key Constraint','',NULL,'2.0.5'),('1227303685425-202','ben (generated)','liquibase-schema-only.xml','2014-10-29 17:19:12',220,'EXECUTED','3:4b813b03362a54d89a28ed1b10bc9069','Add Foreign Key Constraint','',NULL,'2.0.5'),('1227303685425-203','ben (generated)','liquibase-schema-only.xml','2014-10-29 17:19:12',221,'EXECUTED','3:526893ceedd67d8a26747e314a15f501','Add Foreign Key Constraint','',NULL,'2.0.5'),('1227303685425-204','ben (generated)','liquibase-schema-only.xml','2014-10-29 17:19:12',222,'EXECUTED','3:d0dbb7cc972e73f6a429b273ef63132e','Add Foreign Key Constraint','',NULL,'2.0.5'),('1227303685425-205','ben (generated)','liquibase-schema-only.xml','2014-10-29 17:19:12',223,'EXECUTED','3:44244a3065d9a5531a081d176aa4e93d','Add Foreign Key Constraint','',NULL,'2.0.5'),('1227303685425-207','ben (generated)','liquibase-schema-only.xml','2014-10-29 17:19:12',224,'EXECUTED','3:77ade071c48615dbb39cbf9f01610c0e','Add Foreign Key Constraint','',NULL,'2.0.5'),('1227303685425-208','ben (generated)','liquibase-schema-only.xml','2014-10-29 17:19:12',225,'EXECUTED','3:04495bf48c23d0fe56133da87c4e9a66','Add Foreign Key Constraint','',NULL,'2.0.5'),('1227303685425-209','ben (generated)','liquibase-schema-only.xml','2014-10-29 17:19:12',226,'EXECUTED','3:ff99d75d98ce0428a57100aeb558a529','Add Foreign Key Constraint','',NULL,'2.0.5'),('1227303685425-21','ben (generated)','liquibase-schema-only.xml','2014-10-29 17:19:10',19,'EXECUTED','3:f2353036e6382f45f91af5d8024fb04c','Create Table','',NULL,'2.0.5'),('1227303685425-210','ben (generated)','liquibase-schema-only.xml','2014-10-29 17:19:12',227,'EXECUTED','3:537b2e8f88277a6276bcdac5d1493e4e','Add Foreign Key Constraint','',NULL,'2.0.5'),('1227303685425-211','ben (generated)','liquibase-schema-only.xml','2014-10-29 17:19:12',228,'EXECUTED','3:3da39190692480b0a610b5c66fd056b8','Add Foreign Key Constraint','',NULL,'2.0.5'),('1227303685425-212','ben (generated)','liquibase-schema-only.xml','2014-10-29 17:19:12',229,'EXECUTED','3:347f20b32a463b73f0a93de13731a3a3','Add Foreign Key Constraint','',NULL,'2.0.5'),('1227303685425-213','ben (generated)','liquibase-schema-only.xml','2014-10-29 17:19:12',230,'EXECUTED','3:b89ee7f6dd678737268566b7e7d0d5d3','Add Foreign Key Constraint','',NULL,'2.0.5'),('1227303685425-214','ben (generated)','liquibase-schema-only.xml','2014-10-29 17:19:12',231,'EXECUTED','3:5f4b3400ecb50d46e04a18b6b57821c8','Add Foreign Key Constraint','',NULL,'2.0.5'),('1227303685425-215','ben (generated)','liquibase-schema-only.xml','2014-10-29 17:19:12',232,'EXECUTED','3:3dfa6664ca6b77eee492af73908f7312','Add Foreign Key Constraint','',NULL,'2.0.5'),('1227303685425-216','ben (generated)','liquibase-schema-only.xml','2014-10-29 17:19:12',233,'EXECUTED','3:7f7dbdcdaf3914e33458c0d67bc326db','Add Foreign Key Constraint','',NULL,'2.0.5'),('1227303685425-217','ben (generated)','liquibase-schema-only.xml','2014-10-29 17:19:12',234,'EXECUTED','3:1f03c97bd9b3ee1c2726656c6a0db795','Add Foreign Key Constraint','',NULL,'2.0.5'),('1227303685425-218','ben (generated)','liquibase-schema-only.xml','2014-10-29 17:19:12',235,'EXECUTED','3:e0a67bb4f3ea4b44de76fd73ca02ddb3','Add Foreign Key Constraint','',NULL,'2.0.5'),('1227303685425-219','ben (generated)','liquibase-schema-only.xml','2014-10-29 17:19:12',236,'EXECUTED','3:9a347c93be3356b84358ada2264ed201','Add Foreign Key Constraint','',NULL,'2.0.5'),('1227303685425-22','ben (generated)','liquibase-schema-only.xml','2014-10-29 17:19:10',20,'EXECUTED','3:5ff0caa8c8497fd681f111bf2842baca','Create Table','',NULL,'2.0.5'),('1227303685425-220','ben (generated)','liquibase-schema-only.xml','2014-10-29 17:19:12',237,'EXECUTED','3:8a744c0020e6c6ae519ed0a04d79f82d','Add Foreign Key Constraint','',NULL,'2.0.5'),('1227303685425-221','ben (generated)','liquibase-schema-only.xml','2014-10-29 17:19:12',238,'EXECUTED','3:cc3f5b38ea88221efe32bc99be062edf','Add Foreign Key Constraint','',NULL,'2.0.5'),('1227303685425-222','ben (generated)','liquibase-schema-only.xml','2014-10-29 17:19:12',239,'EXECUTED','3:a90ffe3cbe9ddd1704e702e71ba5a216','Add Foreign Key Constraint','',NULL,'2.0.5'),('1227303685425-223','ben (generated)','liquibase-schema-only.xml','2014-10-29 17:19:12',240,'EXECUTED','3:ee4b79223897197c46c79d6ed2e68538','Add Foreign Key Constraint','',NULL,'2.0.5'),('1227303685425-224','ben (generated)','liquibase-schema-only.xml','2014-10-29 17:19:12',241,'EXECUTED','3:56d7625e53d13008ae7a31d09ba7dab8','Add Foreign Key Constraint','',NULL,'2.0.5'),('1227303685425-225','ben (generated)','liquibase-schema-only.xml','2014-10-29 17:19:12',242,'EXECUTED','3:b94477e4e6ecf22bc973408d2d01a868','Add Foreign Key Constraint','',NULL,'2.0.5'),('1227303685425-226','ben (generated)','liquibase-schema-only.xml','2014-10-29 17:19:12',243,'EXECUTED','3:d7a0cde832f1f557f0f42710645c1b50','Add Foreign Key Constraint','',NULL,'2.0.5'),('1227303685425-227','ben (generated)','liquibase-schema-only.xml','2014-10-29 17:19:12',244,'EXECUTED','3:6873a8454254a783dbcbe608828c0bd0','Add Foreign Key Constraint','',NULL,'2.0.5'),('1227303685425-228','ben (generated)','liquibase-schema-only.xml','2014-10-29 17:19:12',245,'EXECUTED','3:6ffcdbbe70b8f8e096785a3c2fe83318','Add Foreign Key Constraint','',NULL,'2.0.5'),('1227303685425-229','ben (generated)','liquibase-schema-only.xml','2014-10-29 17:19:12',246,'EXECUTED','3:ef5d7095407e0df6a1fcaf7c3c55872b','Add Foreign Key Constraint','',NULL,'2.0.5'),('1227303685425-23','ben (generated)','liquibase-schema-only.xml','2014-10-29 17:19:10',21,'EXECUTED','3:c3aa4ad35ead35e805a99083a95a1c86','Create Table','',NULL,'2.0.5'),('1227303685425-230','ben (generated)','liquibase-schema-only.xml','2014-10-29 17:19:12',247,'EXECUTED','3:306710c2acba2e689bf1121d577f449b','Add Foreign Key Constraint','',NULL,'2.0.5'),('1227303685425-231','ben (generated)','liquibase-schema-only.xml','2014-10-29 17:19:12',248,'EXECUTED','3:71f320edc9221ce73876d80077b7b94d','Add Foreign Key Constraint','',NULL,'2.0.5'),('1227303685425-232','ben (generated)','liquibase-schema-only.xml','2014-10-29 17:19:12',249,'EXECUTED','3:8dfba47fb6719dc743b231cc645a8378','Add Foreign Key Constraint','',NULL,'2.0.5'),('1227303685425-234','ben (generated)','liquibase-schema-only.xml','2014-10-29 17:19:12',250,'EXECUTED','3:9b12808a0fe62d6951bcd61f9cbff3f8','Add Foreign Key Constraint','',NULL,'2.0.5'),('1227303685425-235','ben (generated)','liquibase-schema-only.xml','2014-10-29 17:19:12',251,'EXECUTED','3:a3e9822b106a9bb42f5b9d28dc70335c','Add Foreign Key Constraint','',NULL,'2.0.5'),('1227303685425-236','ben (generated)','liquibase-schema-only.xml','2014-10-29 17:19:12',252,'EXECUTED','3:388be0f658f8bf6df800fe3efd4dadb3','Add Foreign Key Constraint','',NULL,'2.0.5'),('1227303685425-237','ben (generated)','liquibase-schema-only.xml','2014-10-29 17:19:13',253,'EXECUTED','3:eee4cb65598835838fd6deb8e4043693','Add Foreign Key Constraint','',NULL,'2.0.5'),('1227303685425-239','ben (generated)','liquibase-schema-only.xml','2014-10-29 17:19:13',254,'EXECUTED','3:3b38e45410dd1d02530d012a12b6b03c','Add Foreign Key Constraint','',NULL,'2.0.5'),('1227303685425-24','ben (generated)','liquibase-schema-only.xml','2014-10-29 17:19:10',22,'EXECUTED','3:f4f4e3a5fa3d93bb50d2004c6976cc12','Create Table','',NULL,'2.0.5'),('1227303685425-240','ben (generated)','liquibase-schema-only.xml','2014-10-29 17:19:13',255,'EXECUTED','3:095316f05dac21b4a33a141e5781d99d','Add Foreign Key Constraint','',NULL,'2.0.5'),('1227303685425-241','ben (generated)','liquibase-schema-only.xml','2014-10-29 17:19:13',256,'EXECUTED','3:2cffae7a53d76f19e5194778cff75a4f','Add Foreign Key Constraint','',NULL,'2.0.5'),('1227303685425-242','ben (generated)','liquibase-schema-only.xml','2014-10-29 17:19:13',257,'EXECUTED','3:828732619d67fa932631e18827d74463','Add Foreign Key Constraint','',NULL,'2.0.5'),('1227303685425-243','ben (generated)','liquibase-schema-only.xml','2014-10-29 17:19:13',258,'EXECUTED','3:730166a1b0c3162e8ce882e0c8f308c5','Add Foreign Key Constraint','',NULL,'2.0.5'),('1227303685425-244','ben (generated)','liquibase-schema-only.xml','2014-10-29 17:19:13',259,'EXECUTED','3:77c03c05576961f7efebdfa10ae68119','Add Foreign Key Constraint','',NULL,'2.0.5'),('1227303685425-245','ben (generated)','liquibase-schema-only.xml','2014-10-29 17:19:13',260,'EXECUTED','3:d7d8dcaceb9793b0801c87eb2c94cd11','Add Foreign Key Constraint','',NULL,'2.0.5'),('1227303685425-246','ben (generated)','liquibase-schema-only.xml','2014-10-29 17:19:13',261,'EXECUTED','3:d395ea3ef18817dc23e750a1048cb4e1','Add Foreign Key Constraint','',NULL,'2.0.5'),('1227303685425-247','ben (generated)','liquibase-schema-only.xml','2014-10-29 17:19:13',262,'EXECUTED','3:4546bff7866082946f19e5d82ffc4d2e','Add Foreign Key Constraint','',NULL,'2.0.5'),('1227303685425-248','ben (generated)','liquibase-schema-only.xml','2014-10-29 17:19:13',263,'EXECUTED','3:4e1071a7c1047f2d3b49778ce2f8bc40','Add Foreign Key Constraint','',NULL,'2.0.5'),('1227303685425-249','ben (generated)','liquibase-schema-only.xml','2014-10-29 17:19:13',264,'EXECUTED','3:fd6b7823929af9fded1f213d319eae13','Add Foreign Key Constraint','',NULL,'2.0.5'),('1227303685425-25','ben (generated)','liquibase-schema-only.xml','2014-10-29 17:19:10',23,'EXECUTED','3:2a720a7c4302c435c06c045abcce3b4d','Create Table','',NULL,'2.0.5'),('1227303685425-250','ben (generated)','liquibase-schema-only.xml','2014-10-29 17:19:13',265,'EXECUTED','3:955129e5e6adf3723583c047eb33583d','Add Foreign Key Constraint','',NULL,'2.0.5'),('1227303685425-251','ben (generated)','liquibase-schema-only.xml','2014-10-29 17:19:13',266,'EXECUTED','3:7a12c926e69a3d1a7e31da2b8d7123e5','Add Foreign Key Constraint','',NULL,'2.0.5'),('1227303685425-252','ben (generated)','liquibase-schema-only.xml','2014-10-29 17:19:13',267,'EXECUTED','3:eb8c61b5b792346af3d3f8732278260b','Add Foreign Key Constraint','',NULL,'2.0.5'),('1227303685425-253','ben (generated)','liquibase-schema-only.xml','2014-10-29 17:19:13',268,'EXECUTED','3:761e6c7fb13a82c6ab671039e5dc5646','Add Foreign Key Constraint','',NULL,'2.0.5'),('1227303685425-254','ben (generated)','liquibase-schema-only.xml','2014-10-29 17:19:13',269,'EXECUTED','3:9a2401574c95120e1f90d18fde428d10','Add Foreign Key Constraint','',NULL,'2.0.5'),('1227303685425-255','ben (generated)','liquibase-schema-only.xml','2014-10-29 17:19:13',270,'EXECUTED','3:cda3d0c5c91b85d9f4610554eabb331e','Add Foreign Key Constraint','',NULL,'2.0.5'),('1227303685425-256','ben (generated)','liquibase-schema-only.xml','2014-10-29 17:19:13',271,'EXECUTED','3:ebf6243c66261bf0168e72ceccd0fdb8','Add Foreign Key Constraint','',NULL,'2.0.5'),('1227303685425-257','ben (generated)','liquibase-schema-only.xml','2014-10-29 17:19:13',272,'EXECUTED','3:8dc087b963a10a52a22312c3c995cec2','Add Foreign Key Constraint','',NULL,'2.0.5'),('1227303685425-258','ben (generated)','liquibase-schema-only.xml','2014-10-29 17:19:13',273,'EXECUTED','3:489d5e366070f6b2424b8e5a20d0118f','Add Foreign Key Constraint','',NULL,'2.0.5'),('1227303685425-259','ben (generated)','liquibase-schema-only.xml','2014-10-29 17:19:13',274,'EXECUTED','3:d8d2a1cfddf07123a8e6f52b1e71705d','Add Foreign Key Constraint','',NULL,'2.0.5'),('1227303685425-26','ben (generated)','liquibase-schema-only.xml','2014-10-29 17:19:10',24,'EXECUTED','3:8adbeeca3dce3d9befb7a02714d20fec','Create Table','',NULL,'2.0.5'),('1227303685425-260','ben (generated)','liquibase-schema-only.xml','2014-10-29 17:19:13',275,'EXECUTED','3:741f0c9e309b8515b713decb56ed6cb2','Add Foreign Key Constraint','',NULL,'2.0.5'),('1227303685425-261','ben (generated)','liquibase-schema-only.xml','2014-10-29 17:19:13',276,'EXECUTED','3:7034f7db7864956b7ca13ceb70cc8a92','Add Foreign Key Constraint','',NULL,'2.0.5'),('1227303685425-262','ben (generated)','liquibase-schema-only.xml','2014-10-29 17:19:13',277,'EXECUTED','3:e3a5995253a29723231b0912b971fb5a','Add Foreign Key Constraint','',NULL,'2.0.5'),('1227303685425-263','ben (generated)','liquibase-schema-only.xml','2014-10-29 17:19:13',278,'EXECUTED','3:b1d3718c15765d4a3bf89cb61376d3af','Add Foreign Key Constraint','',NULL,'2.0.5'),('1227303685425-264','ben (generated)','liquibase-schema-only.xml','2014-10-29 17:19:13',279,'EXECUTED','3:973683323e2ce886f07ef53a6836ad1e','Add Foreign Key Constraint','',NULL,'2.0.5'),('1227303685425-265','ben (generated)','liquibase-schema-only.xml','2014-10-29 17:19:13',280,'EXECUTED','3:eff44c0cd530b852864042134ebccb47','Add Foreign Key Constraint','',NULL,'2.0.5'),('1227303685425-266','ben (generated)','liquibase-schema-only.xml','2014-10-29 17:19:13',281,'EXECUTED','3:2493248589e21293811c01cdb6c2fb87','Add Foreign Key Constraint','',NULL,'2.0.5'),('1227303685425-267','ben (generated)','liquibase-schema-only.xml','2014-10-29 17:19:13',282,'EXECUTED','3:ee636bdbc5839d7de0914648e1f07431','Add Foreign Key Constraint','',NULL,'2.0.5'),('1227303685425-268','ben (generated)','liquibase-schema-only.xml','2014-10-29 17:19:13',283,'EXECUTED','3:96710f10538b24f39e74ebc13eb6a3fc','Add Foreign Key Constraint','',NULL,'2.0.5'),('1227303685425-269','ben (generated)','liquibase-schema-only.xml','2014-10-29 17:19:13',284,'EXECUTED','3:5be60bacdaf2ab2d8a3103e36b32f6b9','Add Foreign Key Constraint','',NULL,'2.0.5'),('1227303685425-27','ben (generated)','liquibase-schema-only.xml','2014-10-29 17:19:10',25,'EXECUTED','3:6d359a7595e5b9a61ac1101aa7df59e7','Create Table','',NULL,'2.0.5'),('1227303685425-270','ben (generated)','liquibase-schema-only.xml','2014-10-29 17:19:13',285,'EXECUTED','3:35a1f2d06c31af2f02df3e7aea4d05a5','Add Foreign Key Constraint','',NULL,'2.0.5'),('1227303685425-271','ben (generated)','liquibase-schema-only.xml','2014-10-29 17:19:13',286,'EXECUTED','3:64d94dfba329b70a842a09b01b952850','Add Foreign Key Constraint','',NULL,'2.0.5'),('1227303685425-272','ben (generated)','liquibase-schema-only.xml','2014-10-29 17:19:13',287,'EXECUTED','3:0e3787e31b95815106e7e051b9c4a79a','Add Foreign Key Constraint','',NULL,'2.0.5'),('1227303685425-273','ben (generated)','liquibase-schema-only.xml','2014-10-29 17:19:13',288,'EXECUTED','3:00949a7bd184ed4ee994eabf4b98a41f','Add Foreign Key Constraint','',NULL,'2.0.5'),('1227303685425-274','ben (generated)','liquibase-schema-only.xml','2014-10-29 17:19:13',289,'EXECUTED','3:b63e3786d661815d2b7c63b277796fc9','Add Foreign Key Constraint','',NULL,'2.0.5'),('1227303685425-275','ben (generated)','liquibase-schema-only.xml','2014-10-29 17:19:13',290,'EXECUTED','3:7e0ac267990b953ff9efe8fece53b4dd','Add Foreign Key Constraint','',NULL,'2.0.5'),('1227303685425-276','ben (generated)','liquibase-schema-only.xml','2014-10-29 17:19:13',291,'EXECUTED','3:d66f7691a19406c215b3b4b4c5330775','Add Foreign Key Constraint','',NULL,'2.0.5'),('1227303685425-277','ben (generated)','liquibase-schema-only.xml','2014-10-29 17:19:13',292,'EXECUTED','3:9b7c8b6ab0b9f8ffde5e7853efa40db5','Add Foreign Key Constraint','',NULL,'2.0.5'),('1227303685425-278','ben (generated)','liquibase-schema-only.xml','2014-10-29 17:19:13',293,'EXECUTED','3:e5f95724ac551e5905c604e59af444f9','Add Foreign Key Constraint','',NULL,'2.0.5'),('1227303685425-279','ben (generated)','liquibase-schema-only.xml','2014-10-29 17:19:13',294,'EXECUTED','3:6b4a4c9072a92897562aa595c27aaae4','Add Foreign Key Constraint','',NULL,'2.0.5'),('1227303685425-28','ben (generated)','liquibase-schema-only.xml','2014-10-29 17:19:10',26,'EXECUTED','3:7264098c8ccfa42b12ffb13056f77383','Create Table','',NULL,'2.0.5'),('1227303685425-280','ben (generated)','liquibase-schema-only.xml','2014-10-29 17:19:13',295,'EXECUTED','3:8fb315815532eb73c13fac2dac763f69','Add Foreign Key Constraint','',NULL,'2.0.5'),('1227303685425-281','ben (generated)','liquibase-schema-only.xml','2014-10-29 17:19:13',296,'EXECUTED','3:1bed6131408c745505800d96130d3b30','Add Foreign Key Constraint','',NULL,'2.0.5'),('1227303685425-282','ben (generated)','liquibase-schema-only.xml','2014-10-29 17:19:13',297,'EXECUTED','3:ecf4138f4fd2d1e8be720381ac401623','Add Foreign Key Constraint','',NULL,'2.0.5'),('1227303685425-283','ben (generated)','liquibase-schema-only.xml','2014-10-29 17:19:13',298,'EXECUTED','3:00b414c29dcc3be9683f28ff3f2d9b20','Add Foreign Key Constraint','',NULL,'2.0.5'),('1227303685425-284','ben (generated)','liquibase-schema-only.xml','2014-10-29 17:19:13',299,'EXECUTED','3:b71dcc206a323ffa6ac4cd658de7b435','Add Foreign Key Constraint','',NULL,'2.0.5'),('1227303685425-285','ben (generated)','liquibase-schema-only.xml','2014-10-29 17:19:13',300,'EXECUTED','3:17423acbed3db4325d48d91e9f0e7147','Add Foreign Key Constraint','',NULL,'2.0.5'),('1227303685425-286','ben (generated)','liquibase-schema-only.xml','2014-10-29 17:19:13',301,'EXECUTED','3:2d8576bdbc9dd67137ba462b563022d8','Add Foreign Key Constraint','',NULL,'2.0.5'),('1227303685425-287','ben (generated)','liquibase-schema-only.xml','2014-10-29 17:19:13',302,'EXECUTED','3:6798c27ddf8ca72952030d6005422c1e','Add Foreign Key Constraint','',NULL,'2.0.5'),('1227303685425-288','ben (generated)','liquibase-schema-only.xml','2014-10-29 17:19:13',303,'EXECUTED','3:b28ec2579454fa7a13fd3896420ad1ff','Add Foreign Key Constraint','',NULL,'2.0.5'),('1227303685425-289','ben (generated)','liquibase-schema-only.xml','2014-10-29 17:19:13',304,'EXECUTED','3:cbfff99e22305c5570cdc8fdb33f3542','Add Foreign Key Constraint','',NULL,'2.0.5'),('1227303685425-29','ben (generated)','liquibase-schema-only.xml','2014-10-29 17:19:10',27,'EXECUTED','3:750f7e9a5f0898408626a11ce7f34ee4','Create Table','',NULL,'2.0.5'),('1227303685425-290','ben (generated)','liquibase-schema-only.xml','2014-10-29 17:19:13',305,'EXECUTED','3:66957ec2b3211869a1ad777de33e7983','Add Foreign Key Constraint','',NULL,'2.0.5'),('1227303685425-291','ben (generated)','liquibase-schema-only.xml','2014-10-29 17:19:13',306,'EXECUTED','3:18b7da760f632dc6baf910fe5001212d','Add Foreign Key Constraint','',NULL,'2.0.5'),('1227303685425-292','ben (generated)','liquibase-schema-only.xml','2014-10-29 17:19:13',307,'EXECUTED','3:a1a914015e07b1637a9c655a9be3cfcd','Add Foreign Key Constraint','',NULL,'2.0.5'),('1227303685425-293','ben (generated)','liquibase-schema-only.xml','2014-10-29 17:19:13',308,'EXECUTED','3:5fedacb04729210c4a27bbfa2a3704f1','Add Foreign Key Constraint','',NULL,'2.0.5'),('1227303685425-294','ben (generated)','liquibase-schema-only.xml','2014-10-29 17:19:13',309,'EXECUTED','3:cf53101d520adb79fd1827819bcf0401','Add Foreign Key Constraint','',NULL,'2.0.5'),('1227303685425-295','ben (generated)','liquibase-schema-only.xml','2014-10-29 17:19:13',310,'EXECUTED','3:22b93c390cd6054f3dc8b62814d143cf','Add Foreign Key Constraint','',NULL,'2.0.5'),('1227303685425-296','ben (generated)','liquibase-schema-only.xml','2014-10-29 17:19:13',311,'EXECUTED','3:8b71fc2ae6be26a1ddc499cfc6e2cdba','Add Foreign Key Constraint','',NULL,'2.0.5'),('1227303685425-297','ben (generated)','liquibase-schema-only.xml','2014-10-29 17:19:13',312,'EXECUTED','3:d10fb06a37b1433a248b549ebae31e63','Add Foreign Key Constraint','',NULL,'2.0.5'),('1227303685425-298','ben (generated)','liquibase-schema-only.xml','2014-10-29 17:19:13',313,'EXECUTED','3:a3008458deed3c8c95f475395df6d788','Add Foreign Key Constraint','',NULL,'2.0.5'),('1227303685425-299','ben (generated)','liquibase-schema-only.xml','2014-10-29 17:19:13',314,'EXECUTED','3:b380ee7cce1b82a2f983d242b45c63b3','Add Foreign Key Constraint','',NULL,'2.0.5'),('1227303685425-30','ben (generated)','liquibase-schema-only.xml','2014-10-29 17:19:10',28,'EXECUTED','3:0951dbc13f8f4c6fd4ccc8a7ddb9d77c','Create Table','',NULL,'2.0.5'),('1227303685425-300','ben (generated)','liquibase-schema-only.xml','2014-10-29 17:19:13',315,'EXECUTED','3:01f02c28d4f52e712aad87873aaa40f8','Add Foreign Key Constraint','',NULL,'2.0.5'),('1227303685425-301','ben (generated)','liquibase-schema-only.xml','2014-10-29 17:19:13',316,'EXECUTED','3:adf03ccc09e8f37f827b8ffbf3afff83','Add Foreign Key Constraint','',NULL,'2.0.5'),('1227303685425-31','ben (generated)','liquibase-schema-only.xml','2014-10-29 17:19:10',29,'EXECUTED','3:5669760a2908489a63a69c3d34dd5c54','Create Table','',NULL,'2.0.5'),('1227303685425-32','ben (generated)','liquibase-schema-only.xml','2014-10-29 17:19:10',30,'EXECUTED','3:c8b2b1bb1eb7b3885c89f436210cc2d5','Create Table','',NULL,'2.0.5'),('1227303685425-33','ben (generated)','liquibase-schema-only.xml','2014-10-29 17:19:10',31,'EXECUTED','3:7b55b4b34bca59cf0d0b7271a2906568','Create Table','',NULL,'2.0.5'),('1227303685425-34','ben (generated)','liquibase-schema-only.xml','2014-10-29 17:19:10',32,'EXECUTED','3:05a6b514927868471d71b334502d0e85','Create Table','',NULL,'2.0.5'),('1227303685425-35','ben (generated)','liquibase-schema-only.xml','2014-10-29 17:19:10',33,'EXECUTED','3:528a3f364b7acce00fcc4d49153a5626','Create Table','',NULL,'2.0.5'),('1227303685425-36','ben (generated)','liquibase-schema-only.xml','2014-10-29 17:19:10',34,'EXECUTED','3:2f8eb6548a5d935d7df6f68b329b7685','Create Table','',NULL,'2.0.5'),('1227303685425-37','ben (generated)','liquibase-schema-only.xml','2014-10-29 17:19:10',35,'EXECUTED','3:fb11397b44997fe8fef33f8ae86d4044','Create Table','',NULL,'2.0.5'),('1227303685425-39','ben (generated)','liquibase-schema-only.xml','2014-10-29 17:19:10',36,'EXECUTED','3:3efa037ecd0227f935b601f0bda28692','Create Table','',NULL,'2.0.5'),('1227303685425-4','ben (generated)','liquibase-schema-only.xml','2014-10-29 17:19:10',3,'EXECUTED','3:27c254248b84b163e54161c6f14c2104','Create Table','',NULL,'2.0.5'),('1227303685425-40','ben (generated)','liquibase-schema-only.xml','2014-10-29 17:19:10',37,'EXECUTED','3:934d8b580b8b3572b3795a92496783a2','Create Table','',NULL,'2.0.5'),('1227303685425-41','ben (generated)','liquibase-schema-only.xml','2014-10-29 17:19:10',38,'EXECUTED','3:a65a25558c348c19863a0088ae031ad7','Create Table','',NULL,'2.0.5'),('1227303685425-42','ben (generated)','liquibase-schema-only.xml','2014-10-29 17:19:10',39,'EXECUTED','3:1264d39b6cb1fa81263df8f7a0819a5e','Create Table','',NULL,'2.0.5'),('1227303685425-43','ben (generated)','liquibase-schema-only.xml','2014-10-29 17:19:10',40,'EXECUTED','3:bbdbc4ae1631b83db687f4a92453ba3e','Create Table','',NULL,'2.0.5'),('1227303685425-44','ben (generated)','liquibase-schema-only.xml','2014-10-29 17:19:10',41,'EXECUTED','3:98d047deb448c37f252eca7c035bf158','Create Table','',NULL,'2.0.5'),('1227303685425-45','ben (generated)','liquibase-schema-only.xml','2014-10-29 17:19:10',42,'EXECUTED','3:a8a1d8af033a6e76c1e2060727bf4ebe','Create Table','',NULL,'2.0.5'),('1227303685425-46','ben (generated)','liquibase-schema-only.xml','2014-10-29 17:19:10',43,'EXECUTED','3:95fa512a96ab3d1d070d11614c2b5fd5','Create Table','',NULL,'2.0.5'),('1227303685425-47','ben (generated)','liquibase-schema-only.xml','2014-10-29 17:19:10',44,'EXECUTED','3:7ae5af2d7f0b3e0bfaf9f243f56851eb','Create Table','',NULL,'2.0.5'),('1227303685425-48','ben (generated)','liquibase-schema-only.xml','2014-10-29 17:19:10',45,'EXECUTED','3:fdbf71c7035399d628225af885c63114','Create Table','',NULL,'2.0.5'),('1227303685425-49','ben (generated)','liquibase-schema-only.xml','2014-10-29 17:19:10',46,'EXECUTED','3:0c00abd4429f2072f360915eb2eec3de','Create Table','',NULL,'2.0.5'),('1227303685425-5','ben (generated)','liquibase-schema-only.xml','2014-10-29 17:19:10',4,'EXECUTED','3:63b45eb5e407f1aa4e6569392ca957ca','Create Table','',NULL,'2.0.5'),('1227303685425-50','ben (generated)','liquibase-schema-only.xml','2014-10-29 17:19:10',47,'EXECUTED','3:0e2c0cecd82166846a869f8ecce32bc2','Create Table','',NULL,'2.0.5'),('1227303685425-51','ben (generated)','liquibase-schema-only.xml','2014-10-29 17:19:10',48,'EXECUTED','3:60328c8b3f8be3bc4b2d5e40691b8e58','Create Table','',NULL,'2.0.5'),('1227303685425-52','ben (generated)','liquibase-schema-only.xml','2014-10-29 17:19:10',49,'EXECUTED','3:c11b85565b591de38d518fe60411507d','Create Table','',NULL,'2.0.5'),('1227303685425-53','ben (generated)','liquibase-schema-only.xml','2014-10-29 17:19:10',50,'EXECUTED','3:2860fbf54a18e959646882325eb4dd87','Create Table','',NULL,'2.0.5'),('1227303685425-54','ben (generated)','liquibase-schema-only.xml','2014-10-29 17:19:10',51,'EXECUTED','3:350eb1d5e1f0a2db57a1487790e56769','Create Table','',NULL,'2.0.5'),('1227303685425-55','ben (generated)','liquibase-schema-only.xml','2014-10-29 17:19:10',52,'EXECUTED','3:2318a41398b0583575e358aa79813cc6','Create Table','',NULL,'2.0.5'),('1227303685425-56','ben (generated)','liquibase-schema-only.xml','2014-10-29 17:19:10',53,'EXECUTED','3:9fcb808d4c751b4d65850479558590d9','Create Table','',NULL,'2.0.5'),('1227303685425-57','ben (generated)','liquibase-schema-only.xml','2014-10-29 17:19:10',54,'EXECUTED','3:401395592f65e4216b0b0e8a756ae9b8','Create Table','',NULL,'2.0.5'),('1227303685425-58','ben (generated)','liquibase-schema-only.xml','2014-10-29 17:19:10',55,'EXECUTED','3:fcb459a88d234d6556ab5f5aff73a926','Create Table','',NULL,'2.0.5'),('1227303685425-59','ben (generated)','liquibase-schema-only.xml','2014-10-29 17:19:10',56,'EXECUTED','3:ab774554467ea7818601acb495c57e5a','Create Table','',NULL,'2.0.5'),('1227303685425-6','ben (generated)','liquibase-schema-only.xml','2014-10-29 17:19:10',5,'EXECUTED','3:570a29d5b7f6b945d80de91fce59c0f6','Create Table','',NULL,'2.0.5'),('1227303685425-60','ben (generated)','liquibase-schema-only.xml','2014-10-29 17:19:10',57,'EXECUTED','3:54282635bb2bf4218be532ed940ac4b0','Create Table','',NULL,'2.0.5'),('1227303685425-61','ben (generated)','liquibase-schema-only.xml','2014-10-29 17:19:10',58,'EXECUTED','3:920daa80f4f9db2cacee8dca6ca4f971','Create Table','',NULL,'2.0.5'),('1227303685425-62','ben (generated)','liquibase-schema-only.xml','2014-10-29 17:19:10',59,'EXECUTED','3:55daf6d077eac0ef7e30e6395bc4bc68','Create Table','',NULL,'2.0.5'),('1227303685425-63','ben (generated)','liquibase-schema-only.xml','2014-10-29 17:19:10',60,'EXECUTED','3:cdc470c39dadd7cb1a1527a82ff737d3','Create Table','',NULL,'2.0.5'),('1227303685425-64','ben (generated)','liquibase-schema-only.xml','2014-10-29 17:19:10',61,'EXECUTED','3:e3eb66044ea03e417837e9c1668f28e3','Create Table','',NULL,'2.0.5'),('1227303685425-65','ben (generated)','liquibase-schema-only.xml','2014-10-29 17:19:10',62,'EXECUTED','3:f3a2f7801224c3f3410bc9f7a1cfebff','Create Table','',NULL,'2.0.5'),('1227303685425-66','ben (generated)','liquibase-schema-only.xml','2014-10-29 17:19:10',63,'EXECUTED','3:93e2d359d5f6c38b95dfd47dce687c9c','Create Table','',NULL,'2.0.5'),('1227303685425-67','ben (generated)','liquibase-schema-only.xml','2014-10-29 17:19:10',64,'EXECUTED','3:ec491d9f71a9e334e005a4f85c9ffdc6','Create Table','',NULL,'2.0.5'),('1227303685425-68','ben (generated)','liquibase-schema-only.xml','2014-10-29 17:19:10',65,'EXECUTED','3:40096bd3e62db8377ce4f0a1fcea444e','Create Table','',NULL,'2.0.5'),('1227303685425-7','ben (generated)','liquibase-schema-only.xml','2014-10-29 17:19:10',6,'EXECUTED','3:13a412a8d9125f657594bc96f742dd1b','Create Table','',NULL,'2.0.5'),('1227303685425-70','ben (generated)','liquibase-schema-only.xml','2014-10-29 17:19:10',66,'EXECUTED','3:0df5ce250df07062c43119d18fc2a85b','Create Table','',NULL,'2.0.5'),('1227303685425-71','ben (generated)','liquibase-schema-only.xml','2014-10-29 17:19:10',67,'EXECUTED','3:06e7ba94af07838a3d2ebb98816412a3','Create Table','',NULL,'2.0.5'),('1227303685425-72','ben (generated)','liquibase-schema-only.xml','2014-10-29 17:19:10',68,'EXECUTED','3:01610d6974df470c653bc34953a31335','Create Table','',NULL,'2.0.5'),('1227303685425-73','ben (generated)','liquibase-schema-only.xml','2014-10-29 17:19:11',89,'EXECUTED','3:33d08000805c4b9d7db06556961553b1','Add Primary Key','',NULL,'2.0.5'),('1227303685425-75','ben (generated)','liquibase-schema-only.xml','2014-10-29 17:19:11',90,'EXECUTED','3:f2b0a95b4015b54d38c721906abc1fdb','Add Primary Key','',NULL,'2.0.5'),('1227303685425-77','ben (generated)','liquibase-schema-only.xml','2014-10-29 17:19:11',91,'EXECUTED','3:bdde9c0d7374a3468a94426199b0d930','Add Primary Key','',NULL,'2.0.5'),('1227303685425-78','ben (generated)','liquibase-schema-only.xml','2014-10-29 17:19:11',92,'EXECUTED','3:6fb4014a9a3ecc6ed09a896936b8342d','Add Primary Key','',NULL,'2.0.5'),('1227303685425-79','ben (generated)','liquibase-schema-only.xml','2014-10-29 17:19:11',93,'EXECUTED','3:77e1d7c49e104435d10d90cc70e006e3','Add Primary Key','',NULL,'2.0.5'),('1227303685425-81','ben (generated)','liquibase-schema-only.xml','2014-10-29 17:19:11',94,'EXECUTED','3:a5871abe4cdc3d8d9390a9b4ab0d0776','Add Primary Key','',NULL,'2.0.5'),('1227303685425-82','ben (generated)','liquibase-schema-only.xml','2014-10-29 17:19:11',95,'EXECUTED','3:2f7eab1e485fd5a653af8799a84383b4','Add Primary Key','',NULL,'2.0.5'),('1227303685425-83','ben (generated)','liquibase-schema-only.xml','2014-10-29 17:19:11',96,'EXECUTED','3:60ca763d5ac940b3bc189e2f28270bd8','Add Primary Key','',NULL,'2.0.5'),('1227303685425-84','ben (generated)','liquibase-schema-only.xml','2014-10-29 17:19:11',97,'EXECUTED','3:901f48ab4c9e3a702fc0b38c5e724a5e','Add Primary Key','',NULL,'2.0.5'),('1227303685425-85','ben (generated)','liquibase-schema-only.xml','2014-10-29 17:19:11',99,'EXECUTED','3:5544801862c8f21461acf9a22283ccab','Create Index','',NULL,'2.0.5'),('1227303685425-86','ben (generated)','liquibase-schema-only.xml','2014-10-29 17:19:11',100,'EXECUTED','3:70591fc2cd8ce2e7bda36b407bbcaa86','Create Index','',NULL,'2.0.5'),('1227303685425-87','ben (generated)','liquibase-schema-only.xml','2014-10-29 17:19:11',101,'EXECUTED','3:35c206a147d28660ffee5f87208f1f6b','Create Index','',NULL,'2.0.5'),('1227303685425-88','ben (generated)','liquibase-schema-only.xml','2014-10-29 17:19:11',102,'EXECUTED','3:d399797580e14e7d67c1c40637314476','Create Index','',NULL,'2.0.5'),('1227303685425-89','ben (generated)','liquibase-schema-only.xml','2014-10-29 17:19:11',103,'EXECUTED','3:138fa4373fe05e63fe5f923cf3c17e69','Create Index','',NULL,'2.0.5'),('1227303685425-9','ben (generated)','liquibase-schema-only.xml','2014-10-29 17:19:10',7,'EXECUTED','3:ac6886dbc0c811bda6909908fb2d30a2','Create Table','',NULL,'2.0.5'),('1227303685425-90','ben (generated)','liquibase-schema-only.xml','2014-10-29 17:19:11',104,'EXECUTED','3:4b60e13b8e209c2b5b1f981f4c28fc1b','Create Index','',NULL,'2.0.5'),('1227303685425-91','ben (generated)','liquibase-schema-only.xml','2014-10-29 17:19:11',105,'EXECUTED','3:f9c13df6f50d1e7c1fad36faa020d7a6','Create Index','',NULL,'2.0.5'),('1227303685425-92','ben (generated)','liquibase-schema-only.xml','2014-10-29 17:19:11',106,'EXECUTED','3:c24d9e0d28b3a208dbe2fc1cfaf23720','Create Index','',NULL,'2.0.5'),('1227303685425-93','ben (generated)','liquibase-schema-only.xml','2014-10-29 17:19:11',107,'EXECUTED','3:ae9beae273f9502bc01580754e0f2bdf','Create Index','',NULL,'2.0.5'),('1227303685425-94','ben (generated)','liquibase-schema-only.xml','2014-10-29 17:19:11',108,'EXECUTED','3:39d98e23d1480b677bc8f2341711756b','Create Index','',NULL,'2.0.5'),('1227303685425-95','ben (generated)','liquibase-schema-only.xml','2014-10-29 17:19:11',109,'EXECUTED','3:16ece63cd24c4c5048356cc2854235e1','Create Index','',NULL,'2.0.5'),('1227303685425-96','ben (generated)','liquibase-schema-only.xml','2014-10-29 17:19:11',110,'EXECUTED','3:de9943f6a1500bd3f94cb7e0c1d3bde7','Create Index','',NULL,'2.0.5'),('1227303685425-97','ben (generated)','liquibase-schema-only.xml','2014-10-29 17:19:11',111,'EXECUTED','3:c0fac38fa4928378abe6f47bd78926b1','Create Index','',NULL,'2.0.5'),('1227303685425-98','ben (generated)','liquibase-schema-only.xml','2014-10-29 17:19:11',112,'EXECUTED','3:4c8938f3ea457f5f4f4936e9cbaf898b','Create Index','',NULL,'2.0.5'),('1227303685425-99','ben (generated)','liquibase-schema-only.xml','2014-10-29 17:19:11',113,'EXECUTED','3:d331ce5f04aca9071c5b897396d81098','Create Index','',NULL,'2.0.5'),('2','upul','liquibase-update-to-latest.xml','2014-10-29 17:19:22',10045,'MARK_RAN','3:b1811e5e43321192b275d6e2fe2fa564','Add Foreign Key Constraint','Create the foreign key from the privilege required for to edit\n			a person attribute type and the privilege.privilege column',NULL,'2.0.5'),('200805281223','bmckown','liquibase-update-to-latest.xml','2014-10-29 17:19:22',10047,'MARK_RAN','3:b1fc37f9ec96eac9203f0808c2f4ac26','Create Table, Add Foreign Key Constraint','Create the concept_complex table',NULL,'2.0.5'),('200805281224','bmckown','liquibase-update-to-latest.xml','2014-10-29 17:19:22',10048,'MARK_RAN','3:ea32453830c2215bdb209770396002e7','Add Column','Adding the value_complex column to obs.  This may take a long time if you have a large number of observations.',NULL,'2.0.5'),('200805281225','bmckown','liquibase-update-to-latest.xml','2014-10-29 17:19:22',10049,'MARK_RAN','3:5281031bcc075df3b959e94da4adcaa9','Insert Row','Adding a \'complex\' Concept Datatype',NULL,'2.0.5'),('200805281226','bmckown','liquibase-update-to-latest.xml','2014-10-29 17:19:22',10050,'MARK_RAN','3:9a49a3d002485f3a77134d98fb7c8cd8','Drop Table (x2)','Dropping the mimetype and complex_obs tables as they aren\'t needed in the new complex obs setup',NULL,'2.0.5'),('200809191226','smbugua','liquibase-update-to-latest.xml','2014-10-29 17:19:22',10051,'MARK_RAN','3:eed0aa27b44ecf668c81e457d99fa7de','Add Column','Adding the hl7 archive message_state column so that archives can be tracked\n			(preCondition database_version check in place because this change was in the old format in trunk for a while)',NULL,'2.0.5'),('200809191927','smbugua','liquibase-update-to-latest.xml','2014-10-29 17:19:22',10052,'MARK_RAN','3:f0e4fab64749e42770e62e9330c2d288','Rename Column, Modify Column','Adding the hl7 archive message_state column so that archives can be tracked',NULL,'2.0.5'),('200811261102','bwolfe','liquibase-update-to-latest.xml','2014-10-29 17:19:22',10046,'EXECUTED','3:158dd028359ebfd4f1c9bf2e76a5e143','Update Data','Fix field property for new Tribe person attribute',NULL,'2.0.5'),('200901101524','Knoll_Frank','liquibase-update-to-latest.xml','2014-10-29 17:19:22',10053,'EXECUTED','3:feb4a087d13657164e5c3bc787b7f83f','Modify Column','Changing datatype of drug.retire_reason from DATETIME to varchar(255)',NULL,'2.0.5'),('200901130950','bwolfe','liquibase-update-to-latest.xml','2014-10-29 17:19:22',10054,'EXECUTED','3:f1e5e7124bdb4f7378866fdb691e2780','Delete Data (x2)','Remove Manage Tribes and View Tribes privileges from all roles',NULL,'2.0.5'),('200901130951','bwolfe','liquibase-update-to-latest.xml','2014-10-29 17:19:22',10055,'EXECUTED','3:54ac8683819837cc04f1a16b6311d668','Delete Data (x2)','Remove Manage Mime Types, View Mime Types, and Purge Mime Types privilege',NULL,'2.0.5'),('200901161126','bwolfe','liquibase-update-to-latest.xml','2014-10-29 17:19:22',10056,'EXECUTED','3:871b9364dd87b6bfcc0005f40b6eb399','Delete Data','Removed the database_version global property',NULL,'2.0.5'),('20090121-0949','bwolfe','liquibase-update-to-latest.xml','2014-10-29 17:19:22',10057,'EXECUTED','3:8639e35e0238019af2f9e326dd5cbc22','Custom SQL','Switched the default xslt to use PV1-19 instead of PV1-1',NULL,'2.0.5'),('20090122-0853','bwolfe','liquibase-update-to-latest.xml','2014-10-29 17:19:22',10058,'EXECUTED','3:4903c6f81f0309313013851f09a26b85','Custom SQL, Add Lookup Table, Drop Foreign Key Constraint, Delete Data (x2), Drop Table','Remove duplicate concept name tags',NULL,'2.0.5'),('20090123-0305','bwolfe','liquibase-update-to-latest.xml','2014-10-29 17:19:22',10059,'MARK_RAN','3:48cdf2b28fcad687072ac8133e46cba6','Add Unique Constraint','Add unique constraint to the tags table',NULL,'2.0.5'),('20090214-2246','isherman','liquibase-update-to-latest.xml','2014-10-29 17:19:22',10065,'EXECUTED','3:d16c607266238df425db61908e7c8745','Custom SQL','Add weight and cd4 to patientGraphConcepts user property (mysql specific)',NULL,'2.0.5'),('20090214-2247','isherman','liquibase-update-to-latest.xml','2014-10-29 17:19:22',10066,'MARK_RAN','3:e4eeb4a09c2ab695bbde832cd7b6047d','Custom SQL','Add weight and cd4 to patientGraphConcepts user property (using standard sql)',NULL,'2.0.5'),('200902142212','ewolodzko','liquibase-update-to-latest.xml','2014-10-29 17:19:42',10244,'MARK_RAN','3:df93fa2841295b29a0fcd4225c46d1a3','Add Column','Add a sortWeight field to PersonAttributeType',NULL,'2.0.5'),('200902142213','ewolodzko','liquibase-update-to-latest.xml','2014-10-29 17:19:42',10245,'EXECUTED','3:ace82a1ecb3a0c3246e39f0bebe38423','Update Data','Add default sortWeights to all current PersonAttributeTypes',NULL,'2.0.5'),('20090224-1002-create-visit_type','dkayiwa','liquibase-update-to-latest.xml','2014-10-29 17:19:48',10385,'MARK_RAN','3:ea3c0b323da2d51cf43e982177eace96','Create Table, Add Foreign Key Constraint (x3)','Create visit type table',NULL,'2.0.5'),('20090224-1229','Keelhaul+bwolfe','liquibase-update-to-latest.xml','2014-10-29 17:19:22',10060,'MARK_RAN','3:f8433194bcb29073c17c7765ce61aab2','Create Table, Add Foreign Key Constraint (x2)','Add location tags table',NULL,'2.0.5'),('20090224-1250','Keelhaul+bwolfe','liquibase-update-to-latest.xml','2014-10-29 17:19:22',10061,'MARK_RAN','3:8935a56fac2ad91275248d4675c2c090','Create Table, Add Foreign Key Constraint (x2), Add Primary Key','Add location tag map table',NULL,'2.0.5'),('20090224-1256','Keelhaul+bwolfe','liquibase-update-to-latest.xml','2014-10-29 17:19:22',10062,'MARK_RAN','3:9c0e7238dd1daad9edff381ba22a3ada','Add Column, Add Foreign Key Constraint','Add parent_location column to location table',NULL,'2.0.5'),('20090225-1551','dthomas','liquibase-update-to-latest.xml','2011-09-15 00:00:00',10001,'MARK_RAN','3:a3aed1685bd1051a8c4fae0eab925954',NULL,NULL,NULL,NULL),('20090301-1259','bwolfe','liquibase-update-to-latest.xml','2014-10-29 17:19:22',10064,'EXECUTED','3:21f2ac06dee26613b73003cd1f247ea8','Update Data (x2)','Fixes the description for name layout global property',NULL,'2.0.5'),('20090316-1008','vanand','liquibase-update-to-latest.xml','2011-09-15 00:00:00',10000,'MARK_RAN','3:baa49982f1106c65ba33c845bba149b3',NULL,NULL,NULL,NULL),('20090316-1008-fix','sunbiz','liquibase-update-to-latest.xml','2014-10-29 17:19:49',10433,'EXECUTED','3:aeeb6c14cd22ffa121a2582e04025f5a','Modify Column (x36)','(Fixed)Changing from smallint to BOOLEAN type on BOOLEAN properties',NULL,'2.0.5'),('200903210905','mseaton','liquibase-update-to-latest.xml','2014-10-29 17:19:22',10067,'MARK_RAN','3:720bb7a3f71f0c0a911d3364e55dd72f','Create Table, Add Foreign Key Constraint (x3)','Add a table to enable generic storage of serialized objects',NULL,'2.0.5'),('200903210905-fix','sunbiz','liquibase-update-to-latest.xml','2014-10-29 17:19:22',10068,'EXECUTED','3:a11519f50deeece1f9760d3fc1ac3f05','Modify Column','(Fixed)Add a table to enable generic storage of serialized objects',NULL,'2.0.5'),('20090402-1515-38-cohort','bwolfe','liquibase-update-to-latest.xml','2014-10-29 17:19:23',10073,'MARK_RAN','3:5c65821ef168d9e8296466be5990ae08','Add Column','Adding \"uuid\" column to cohort table',NULL,'2.0.5'),('20090402-1515-38-concept','bwolfe','liquibase-update-to-latest.xml','2014-10-29 17:19:23',10074,'MARK_RAN','3:8004d09d6e2a34623b8d0a13d6c38dc4','Add Column','Adding \"uuid\" column to concept table',NULL,'2.0.5'),('20090402-1515-38-concept_answer','bwolfe','liquibase-update-to-latest.xml','2014-10-29 17:19:23',10075,'MARK_RAN','3:adf3f4ebf7e0eb55eb6927dea7ce2a49','Add Column','Adding \"uuid\" column to concept_answer table',NULL,'2.0.5'),('20090402-1515-38-concept_class','bwolfe','liquibase-update-to-latest.xml','2014-10-29 17:19:23',10076,'MARK_RAN','3:f39e190a2e12c7a6163a0d8a82544228','Add Column','Adding \"uuid\" column to concept_class table',NULL,'2.0.5'),('20090402-1515-38-concept_datatype','bwolfe','liquibase-update-to-latest.xml','2014-10-29 17:19:23',10077,'MARK_RAN','3:d68b3f2323626fee7b433f873a019412','Add Column','Adding \"uuid\" column to concept_datatype table',NULL,'2.0.5'),('20090402-1515-38-concept_description','bwolfe','liquibase-update-to-latest.xml','2014-10-29 17:19:23',10078,'MARK_RAN','3:7d043672ede851c5dcd717171f953c75','Add Column','Adding \"uuid\" column to concept_description table',NULL,'2.0.5'),('20090402-1515-38-concept_map','bwolfe','liquibase-update-to-latest.xml','2011-09-15 00:00:00',10002,'MARK_RAN','3:c1884f56bd70a205b86e7c4038e6c6f9',NULL,NULL,NULL,NULL),('20090402-1515-38-concept_name','bwolfe','liquibase-update-to-latest.xml','2014-10-29 17:19:23',10079,'MARK_RAN','3:822888c5ba1132f6783fbd032c21f238','Add Column','Adding \"uuid\" column to concept_name table',NULL,'2.0.5'),('20090402-1515-38-concept_name_tag','bwolfe','liquibase-update-to-latest.xml','2014-10-29 17:19:23',10080,'MARK_RAN','3:dcb584d414ffd8133c97e42585bd34cd','Add Column','Adding \"uuid\" column to concept_name_tag table',NULL,'2.0.5'),('20090402-1515-38-concept_proposal','bwolfe','liquibase-update-to-latest.xml','2014-10-29 17:19:23',10081,'MARK_RAN','3:fe19ecccb704331741c227aa72597789','Add Column','Adding \"uuid\" column to concept_proposal table',NULL,'2.0.5'),('20090402-1515-38-concept_set','bwolfe','liquibase-update-to-latest.xml','2014-10-29 17:19:23',10082,'MARK_RAN','3:cdc72e16eaec2244c09e9e2fedf5806b','Add Column','Adding \"uuid\" column to concept_set table',NULL,'2.0.5'),('20090402-1515-38-concept_source','bwolfe','liquibase-update-to-latest.xml','2011-09-15 00:00:00',10003,'MARK_RAN','3:ad101415b93eaf653871eddd4fe4fc17',NULL,NULL,NULL,NULL),('20090402-1515-38-concept_state_conversion','bwolfe','liquibase-update-to-latest.xml','2014-10-29 17:19:23',10083,'MARK_RAN','3:5ce8a6cdbfa8742b033b0b1c12e4cd42','Add Column','Adding \"uuid\" column to concept_state_conversion table',NULL,'2.0.5'),('20090402-1515-38-drug','bwolfe','liquibase-update-to-latest.xml','2014-10-29 17:19:23',10084,'MARK_RAN','3:6869bd44f51cb7f63f758fbd8a7fe156','Add Column','Adding \"uuid\" column to drug table',NULL,'2.0.5'),('20090402-1515-38-encounter','bwolfe','liquibase-update-to-latest.xml','2014-10-29 17:19:23',10085,'MARK_RAN','3:0808491f7ec59827a0415f2949b9d90e','Add Column','Adding \"uuid\" column to encounter table',NULL,'2.0.5'),('20090402-1515-38-encounter_type','bwolfe','liquibase-update-to-latest.xml','2014-10-29 17:19:23',10086,'MARK_RAN','3:9aaac835f4d9579386990d4990ffb9d6','Add Column','Adding \"uuid\" column to encounter_type table',NULL,'2.0.5'),('20090402-1515-38-field','bwolfe','liquibase-update-to-latest.xml','2014-10-29 17:19:23',10087,'MARK_RAN','3:dfee5fe509457ef12b14254bab9e6df5','Add Column','Adding \"uuid\" column to field table',NULL,'2.0.5'),('20090402-1515-38-field_answer','bwolfe','liquibase-update-to-latest.xml','2014-10-29 17:19:23',10088,'MARK_RAN','3:c378494d6e9ae45b278c726256619cd7','Add Column','Adding \"uuid\" column to field_answer table',NULL,'2.0.5'),('20090402-1515-38-field_type','bwolfe','liquibase-update-to-latest.xml','2014-10-29 17:19:23',10089,'MARK_RAN','3:dfb47f0b85d5bdad77f3a15cc4d180ec','Add Column','Adding \"uuid\" column to field_type table',NULL,'2.0.5'),('20090402-1515-38-form','bwolfe','liquibase-update-to-latest.xml','2014-10-29 17:19:23',10090,'MARK_RAN','3:eb707ff99ed8ca2945a43175b904dea4','Add Column','Adding \"uuid\" column to form table',NULL,'2.0.5'),('20090402-1515-38-form_field','bwolfe','liquibase-update-to-latest.xml','2014-10-29 17:19:23',10091,'MARK_RAN','3:635701ccda0484966f45f0e617119100','Add Column','Adding \"uuid\" column to form_field table',NULL,'2.0.5'),('20090402-1515-38-global_property','bwolfe','liquibase-update-to-latest.xml','2014-10-29 17:19:23',10092,'MARK_RAN','3:1c62ba666b60eaa88ee3a90853f3bf59','Add Column','Adding \"uuid\" column to global_property table',NULL,'2.0.5'),('20090402-1515-38-hl7_in_archive','bwolfe','liquibase-update-to-latest.xml','2014-10-29 17:19:23',10093,'MARK_RAN','3:9c5015280eff821924416112922fd94d','Add Column','Adding \"uuid\" column to hl7_in_archive table',NULL,'2.0.5'),('20090402-1515-38-hl7_in_error','bwolfe','liquibase-update-to-latest.xml','2014-10-29 17:19:23',10094,'MARK_RAN','3:35b94fc079e6de9ada4329a7bbc55645','Add Column','Adding \"uuid\" column to hl7_in_error table',NULL,'2.0.5'),('20090402-1515-38-hl7_in_queue','bwolfe','liquibase-update-to-latest.xml','2014-10-29 17:19:23',10095,'MARK_RAN','3:494d9eaaed055d0c5af4b4d85db2095d','Add Column','Adding \"uuid\" column to hl7_in_queue table',NULL,'2.0.5'),('20090402-1515-38-hl7_source','bwolfe','liquibase-update-to-latest.xml','2014-10-29 17:19:23',10096,'MARK_RAN','3:8bc9839788ef5ab415ccf020eb04a1f7','Add Column','Adding \"uuid\" column to hl7_source table',NULL,'2.0.5'),('20090402-1515-38-location','bwolfe','liquibase-update-to-latest.xml','2014-10-29 17:19:23',10097,'MARK_RAN','3:7e6b762f813310c72026677d540dee57','Add Column','Adding \"uuid\" column to location table',NULL,'2.0.5'),('20090402-1515-38-location_tag','bwolfe','liquibase-update-to-latest.xml','2014-10-29 17:19:23',10098,'MARK_RAN','3:6a94a67e776662268d42f09cf7c66ac0','Add Column','Adding \"uuid\" column to location_tag table',NULL,'2.0.5'),('20090402-1515-38-note','bwolfe','liquibase-update-to-latest.xml','2014-10-29 17:19:23',10099,'MARK_RAN','3:f0fd7b6750d07c973aad667b170cdfa8','Add Column','Adding \"uuid\" column to note table',NULL,'2.0.5'),('20090402-1515-38-notification_alert','bwolfe','liquibase-update-to-latest.xml','2014-10-29 17:19:23',10100,'MARK_RAN','3:f2865558fb76c7584f6e86786b0ffdea','Add Column','Adding \"uuid\" column to notification_alert table',NULL,'2.0.5'),('20090402-1515-38-notification_template','bwolfe','liquibase-update-to-latest.xml','2014-10-29 17:19:23',10101,'MARK_RAN','3:c05536d99eb2479211cb10010d48a2e9','Add Column','Adding \"uuid\" column to notification_template table',NULL,'2.0.5'),('20090402-1515-38-obs','bwolfe','liquibase-update-to-latest.xml','2014-10-29 17:19:23',10102,'MARK_RAN','3:ba99d7eccba2185e9d5ebab98007e577','Add Column','Adding \"uuid\" column to obs table',NULL,'2.0.5'),('20090402-1515-38-orders','bwolfe','liquibase-update-to-latest.xml','2014-10-29 17:19:23',10104,'MARK_RAN','3:732a2d4fd91690d544f0c63bdb65819f','Add Column','Adding \"uuid\" column to orders table',NULL,'2.0.5'),('20090402-1515-38-order_type','bwolfe','liquibase-update-to-latest.xml','2014-10-29 17:19:23',10103,'MARK_RAN','3:137552884c5eb5af4c3f77c90df514cb','Add Column','Adding \"uuid\" column to order_type table',NULL,'2.0.5'),('20090402-1515-38-patient_identifier','bwolfe','liquibase-update-to-latest.xml','2014-10-29 17:19:23',10105,'MARK_RAN','3:1a9ddcd8997bcf1a9668051d397e41c1','Add Column','Adding \"uuid\" column to patient_identifier table',NULL,'2.0.5'),('20090402-1515-38-patient_identifier_type','bwolfe','liquibase-update-to-latest.xml','2014-10-29 17:19:23',10106,'MARK_RAN','3:6170d6caa73320fd2433fba0a16e8029','Add Column','Adding \"uuid\" column to patient_identifier_type table',NULL,'2.0.5'),('20090402-1515-38-patient_program','bwolfe','liquibase-update-to-latest.xml','2014-10-29 17:19:23',10107,'MARK_RAN','3:8fb284b435669717f4b5aaa66e61fc10','Add Column','Adding \"uuid\" column to patient_program table',NULL,'2.0.5'),('20090402-1515-38-patient_state','bwolfe','liquibase-update-to-latest.xml','2014-10-29 17:19:23',10108,'MARK_RAN','3:b67eb1bbd3e2912a646f56425c38631f','Add Column','Adding \"uuid\" column to patient_state table',NULL,'2.0.5'),('20090402-1515-38-person','bwolfe','liquibase-update-to-latest.xml','2014-10-29 17:19:23',10109,'MARK_RAN','3:2b89eb77976b9159717e9d7b83c34cf1','Add Column','Adding \"uuid\" column to person table',NULL,'2.0.5'),('20090402-1515-38-person_address','bwolfe','liquibase-update-to-latest.xml','2014-10-29 17:19:23',10110,'MARK_RAN','3:cfdb17b16b6d15477bc72d4d19ac3f29','Add Column','Adding \"uuid\" column to person_address table',NULL,'2.0.5'),('20090402-1515-38-person_attribute','bwolfe','liquibase-update-to-latest.xml','2014-10-29 17:19:23',10111,'MARK_RAN','3:2f6b7fa688987b32d99cda348c6f6c46','Add Column','Adding \"uuid\" column to person_attribute table',NULL,'2.0.5'),('20090402-1515-38-person_attribute_type','bwolfe','liquibase-update-to-latest.xml','2014-10-29 17:19:23',10112,'MARK_RAN','3:38d4dce320f2fc35db9dfcc2eafc093e','Add Column','Adding \"uuid\" column to person_attribute_type table',NULL,'2.0.5'),('20090402-1515-38-person_name','bwolfe','liquibase-update-to-latest.xml','2014-10-29 17:19:23',10113,'MARK_RAN','3:339f02d6797870f9e7dd704f093b088c','Add Column','Adding \"uuid\" column to person_name table',NULL,'2.0.5'),('20090402-1515-38-privilege','bwolfe','liquibase-update-to-latest.xml','2014-10-29 17:19:23',10114,'MARK_RAN','3:41f52c4340fdc9f0825ea9660edea8ec','Add Column','Adding \"uuid\" column to privilege table',NULL,'2.0.5'),('20090402-1515-38-program','bwolfe','liquibase-update-to-latest.xml','2014-10-29 17:19:23',10115,'MARK_RAN','3:a72f80159cdbd576906cd3b9069d425b','Add Column','Adding \"uuid\" column to program table',NULL,'2.0.5'),('20090402-1515-38-program_workflow','bwolfe','liquibase-update-to-latest.xml','2014-10-29 17:19:23',10116,'MARK_RAN','3:c69183f7e1614d5a338c0d0944f1e754','Add Column','Adding \"uuid\" column to program_workflow table',NULL,'2.0.5'),('20090402-1515-38-program_workflow_state','bwolfe','liquibase-update-to-latest.xml','2014-10-29 17:19:23',10117,'MARK_RAN','3:e25b0fa351bb667af3ff562855f66bb6','Add Column','Adding \"uuid\" column to program_workflow_state table',NULL,'2.0.5'),('20090402-1515-38-relationship','bwolfe','liquibase-update-to-latest.xml','2014-10-29 17:19:23',10118,'MARK_RAN','3:95407167e9f4984de1d710a83371ebd1','Add Column','Adding \"uuid\" column to relationship table',NULL,'2.0.5'),('20090402-1515-38-relationship_type','bwolfe','liquibase-update-to-latest.xml','2014-10-29 17:19:23',10119,'MARK_RAN','3:f8755b127c004d11a43bfd6558be01b7','Add Column','Adding \"uuid\" column to relationship_type table',NULL,'2.0.5'),('20090402-1515-38-report_object','bwolfe','liquibase-update-to-latest.xml','2014-10-29 17:19:23',10120,'MARK_RAN','3:b7ce0784e817be464370a3154fd4aa9c','Add Column','Adding \"uuid\" column to report_object table',NULL,'2.0.5'),('20090402-1515-38-report_schema_xml','bwolfe','liquibase-update-to-latest.xml','2014-10-29 17:19:23',10121,'MARK_RAN','3:ce7ae79a3e3ce429a56fa658c48889b5','Add Column','Adding \"uuid\" column to report_schema_xml table',NULL,'2.0.5'),('20090402-1515-38-role','bwolfe','liquibase-update-to-latest.xml','2014-10-29 17:19:23',10122,'MARK_RAN','3:f33887a0b51ab366d414e16202cf55db','Add Column','Adding \"uuid\" column to role table',NULL,'2.0.5'),('20090402-1515-38-serialized_object','bwolfe','liquibase-update-to-latest.xml','2014-10-29 17:19:23',10123,'MARK_RAN','3:341cfbdff8ebf188d526bf3348619dcc','Add Column','Adding \"uuid\" column to serialized_object table',NULL,'2.0.5'),('20090402-1516-cohort','bwolfe','liquibase-update-to-latest.xml','2014-10-29 17:19:23',10124,'EXECUTED','3:110084035197514c8d640b915230cf72','Update Data','Generating UUIDs for all rows in cohort table via built in uuid function.',NULL,'2.0.5'),('20090402-1516-concept','bwolfe','liquibase-update-to-latest.xml','2014-10-29 17:19:23',10125,'EXECUTED','3:a44bc743cb837d88f7371282f3a5871e','Update Data','Generating UUIDs for all rows in concept table via built in uuid function.',NULL,'2.0.5'),('20090402-1516-concept_answer','bwolfe','liquibase-update-to-latest.xml','2014-10-29 17:19:23',10126,'EXECUTED','3:f01d7278b153fa10a7d741607501ae1e','Update Data','Generating UUIDs for all rows in concept_answer table via built in uuid function.',NULL,'2.0.5'),('20090402-1516-concept_class','bwolfe','liquibase-update-to-latest.xml','2014-10-29 17:19:23',10127,'EXECUTED','3:786f0ec8beec453ea9487f2e77f9fb4d','Update Data','Generating UUIDs for all rows in concept_class table via built in uuid function.',NULL,'2.0.5'),('20090402-1516-concept_datatype','bwolfe','liquibase-update-to-latest.xml','2014-10-29 17:19:23',10128,'EXECUTED','3:b828e9851365ec70531dabd250374989','Update Data','Generating UUIDs for all rows in concept_datatype table via built in uuid function.',NULL,'2.0.5'),('20090402-1516-concept_description','bwolfe','liquibase-update-to-latest.xml','2014-10-29 17:19:23',10129,'EXECUTED','3:37dbfc43c73553c9c9ecf11206714cc4','Update Data','Generating UUIDs for all rows in concept_description table via built in uuid function.',NULL,'2.0.5'),('20090402-1516-concept_map','bwolfe','liquibase-update-to-latest.xml','2011-09-15 00:00:00',10004,'MARK_RAN','3:e843f99c0371aabee21ca94fcef01f39',NULL,NULL,NULL,NULL),('20090402-1516-concept_name','bwolfe','liquibase-update-to-latest.xml','2014-10-29 17:19:23',10130,'EXECUTED','3:dd414ae9367287c9c03342a79abd1d62','Update Data','Generating UUIDs for all rows in concept_name table via built in uuid function.',NULL,'2.0.5'),('20090402-1516-concept_name_tag','bwolfe','liquibase-update-to-latest.xml','2014-10-29 17:19:23',10131,'EXECUTED','3:cd7b5d0ceeb90b2254708b44c10d03e8','Update Data','Generating UUIDs for all rows in concept_name_tag table via built in uuid function.',NULL,'2.0.5'),('20090402-1516-concept_proposal','bwolfe','liquibase-update-to-latest.xml','2014-10-29 17:19:23',10132,'EXECUTED','3:fb1cfa9c5decbafc3293f3dd1d87ff2b','Update Data','Generating UUIDs for all rows in concept_proposal table via built in uuid function.',NULL,'2.0.5'),('20090402-1516-concept_set','bwolfe','liquibase-update-to-latest.xml','2014-10-29 17:19:23',10133,'EXECUTED','3:3b7f3851624014e740f89bc9a431feaa','Update Data','Generating UUIDs for all rows in concept_set table via built in uuid function.',NULL,'2.0.5'),('20090402-1516-concept_source','bwolfe','liquibase-update-to-latest.xml','2011-09-15 00:00:00',10005,'MARK_RAN','3:53da91ae3e39d7fb7ebca91df3bfd9a6',NULL,NULL,NULL,NULL),('20090402-1516-concept_state_conversion','bwolfe','liquibase-update-to-latest.xml','2014-10-29 17:19:23',10134,'EXECUTED','3:23197d24e498ad86d4e001b183cc0c6b','Update Data','Generating UUIDs for all rows in concept_state_conversion table via built in uuid function.',NULL,'2.0.5'),('20090402-1516-drug','bwolfe','liquibase-update-to-latest.xml','2014-10-29 17:19:23',10135,'EXECUTED','3:40b47df80bd425337b7bdd8b41497967','Update Data','Generating UUIDs for all rows in drug table via built in uuid function.',NULL,'2.0.5'),('20090402-1516-encounter','bwolfe','liquibase-update-to-latest.xml','2014-10-29 17:19:23',10136,'EXECUTED','3:40146708b71d86d4c8c5340767a98f5e','Update Data','Generating UUIDs for all rows in encounter table via built in uuid function.',NULL,'2.0.5'),('20090402-1516-encounter_type','bwolfe','liquibase-update-to-latest.xml','2014-10-29 17:19:23',10137,'EXECUTED','3:738c6b6244a84fc8e6d582bcd472ffe6','Update Data','Generating UUIDs for all rows in encounter_type table via built in uuid function.',NULL,'2.0.5'),('20090402-1516-field','bwolfe','liquibase-update-to-latest.xml','2014-10-29 17:19:23',10138,'EXECUTED','3:98d2a1550e867e4ef303a4cc47ed904d','Update Data','Generating UUIDs for all rows in field table via built in uuid function.',NULL,'2.0.5'),('20090402-1516-field_answer','bwolfe','liquibase-update-to-latest.xml','2014-10-29 17:19:23',10139,'EXECUTED','3:82bdfe361286d261724eef97dd89e358','Update Data','Generating UUIDs for all rows in field_answer table via built in uuid function.',NULL,'2.0.5'),('20090402-1516-field_type','bwolfe','liquibase-update-to-latest.xml','2014-10-29 17:19:23',10140,'EXECUTED','3:19a8d007f6147651240ebb9539d3303a','Update Data','Generating UUIDs for all rows in field_type table via built in uuid function.',NULL,'2.0.5'),('20090402-1516-form','bwolfe','liquibase-update-to-latest.xml','2014-10-29 17:19:23',10141,'EXECUTED','3:026ddf1c9050c7367d4eb57dd4105322','Update Data','Generating UUIDs for all rows in form table via built in uuid function.',NULL,'2.0.5'),('20090402-1516-form_field','bwolfe','liquibase-update-to-latest.xml','2014-10-29 17:19:23',10142,'EXECUTED','3:a8b0bcdb35830c2badfdcb9b1cfdd3b5','Update Data','Generating UUIDs for all rows in form_field table via built in uuid function.',NULL,'2.0.5'),('20090402-1516-global_property','bwolfe','liquibase-update-to-latest.xml','2014-10-29 17:19:23',10143,'EXECUTED','3:75a5b4a9473bc9c6bfbabf8e77b0cda7','Update Data','Generating UUIDs for all rows in global_property table via built in uuid function.',NULL,'2.0.5'),('20090402-1516-hl7_in_archive','bwolfe','liquibase-update-to-latest.xml','2014-10-29 17:19:23',10144,'EXECUTED','3:09891436d8ea0ad14f7b52fd05daa237','Update Data','Generating UUIDs for all rows in hl7_in_archive table via built in uuid function.',NULL,'2.0.5'),('20090402-1516-hl7_in_error','bwolfe','liquibase-update-to-latest.xml','2014-10-29 17:19:23',10145,'EXECUTED','3:8d276bbd8bf9d9d1c64756f37ef91ed3','Update Data','Generating UUIDs for all rows in hl7_in_error table via built in uuid function.',NULL,'2.0.5'),('20090402-1516-hl7_in_queue','bwolfe','liquibase-update-to-latest.xml','2014-10-29 17:19:23',10146,'EXECUTED','3:25e8f998171accd46860717f93690ccc','Update Data','Generating UUIDs for all rows in hl7_in_queue table via built in uuid function.',NULL,'2.0.5'),('20090402-1516-hl7_source','bwolfe','liquibase-update-to-latest.xml','2014-10-29 17:19:23',10147,'EXECUTED','3:45c06e034d7158a0d09afae60c4c83d6','Update Data','Generating UUIDs for all rows in hl7_source table via built in uuid function.',NULL,'2.0.5'),('20090402-1516-location','bwolfe','liquibase-update-to-latest.xml','2014-10-29 17:19:23',10148,'EXECUTED','3:fce0f7eaab989f2ff9664fc66d6b8419','Update Data','Generating UUIDs for all rows in location table via built in uuid function.',NULL,'2.0.5'),('20090402-1516-location_tag','bwolfe','liquibase-update-to-latest.xml','2014-10-29 17:19:23',10149,'EXECUTED','3:50f26d1376ea108bbb65fd4d0633e741','Update Data','Generating UUIDs for all rows in location_tag table via built in uuid function.',NULL,'2.0.5'),('20090402-1516-note','bwolfe','liquibase-update-to-latest.xml','2014-10-29 17:19:23',10150,'EXECUTED','3:f5a0eea2a7c59fffafa674de4356e621','Update Data','Generating UUIDs for all rows in note table via built in uuid function.',NULL,'2.0.5'),('20090402-1516-notification_alert','bwolfe','liquibase-update-to-latest.xml','2014-10-29 17:19:23',10151,'EXECUTED','3:481fbab9bd53449903ac193894adbc28','Update Data','Generating UUIDs for all rows in notification_alert table via built in uuid function.',NULL,'2.0.5'),('20090402-1516-notification_template','bwolfe','liquibase-update-to-latest.xml','2014-10-29 17:19:23',10152,'EXECUTED','3:a4a2990465c4c99747f83ea880cac46a','Update Data','Generating UUIDs for all rows in notification_template table via built in uuid function.',NULL,'2.0.5'),('20090402-1516-obs','bwolfe','liquibase-update-to-latest.xml','2014-10-29 17:19:23',10153,'EXECUTED','3:26d80fdd889922821244f84e3f8039e7','Update Data','Generating UUIDs for all rows in obs table via built in uuid function.',NULL,'2.0.5'),('20090402-1516-orders','bwolfe','liquibase-update-to-latest.xml','2014-10-29 17:19:23',10155,'EXECUTED','3:ec3bc80540d78f416e1d4eef62e8e15a','Update Data','Generating UUIDs for all rows in orders table via built in uuid function.',NULL,'2.0.5'),('20090402-1516-order_type','bwolfe','liquibase-update-to-latest.xml','2014-10-29 17:19:23',10154,'EXECUTED','3:cae66b98b889c7ee1c8d6ab270a8d0d5','Update Data','Generating UUIDs for all rows in order_type table via built in uuid function.',NULL,'2.0.5'),('20090402-1516-patient_identifier','bwolfe','liquibase-update-to-latest.xml','2014-10-29 17:19:23',10156,'EXECUTED','3:647906cc7cf1fde9b7644b8f2541664f','Update Data','Generating UUIDs for all rows in patient_identifier table via built in uuid function.',NULL,'2.0.5'),('20090402-1516-patient_identifier_type','bwolfe','liquibase-update-to-latest.xml','2014-10-29 17:19:23',10157,'EXECUTED','3:85f8db0310c15a74b17e968c7730ae12','Update Data','Generating UUIDs for all rows in patient_identifier_type table via built in uuid function.',NULL,'2.0.5'),('20090402-1516-patient_program','bwolfe','liquibase-update-to-latest.xml','2014-10-29 17:19:23',10158,'EXECUTED','3:576b7db39f0212f8e92b6f4e1844ea30','Update Data','Generating UUIDs for all rows in patient_program table via built in uuid function.',NULL,'2.0.5'),('20090402-1516-patient_state','bwolfe','liquibase-update-to-latest.xml','2014-10-29 17:19:23',10159,'EXECUTED','3:250eab0f97fc4eeb4f1a930fbccfcf08','Update Data','Generating UUIDs for all rows in patient_state table via built in uuid function.',NULL,'2.0.5'),('20090402-1516-person','bwolfe','liquibase-update-to-latest.xml','2014-10-29 17:19:23',10160,'EXECUTED','3:cedc8bcd77ade51558fb2d12916e31a4','Update Data','Generating UUIDs for all rows in person table via built in uuid function.',NULL,'2.0.5'),('20090402-1516-person_address','bwolfe','liquibase-update-to-latest.xml','2014-10-29 17:19:23',10161,'EXECUTED','3:0f817424ca41e5c5b459591d6e18b3c6','Update Data','Generating UUIDs for all rows in person_address table via built in uuid function.',NULL,'2.0.5'),('20090402-1516-person_attribute','bwolfe','liquibase-update-to-latest.xml','2014-10-29 17:19:23',10162,'EXECUTED','3:7f9e09b1267c4a787a9d3e37acfd5746','Update Data','Generating UUIDs for all rows in person_attribute table via built in uuid function.',NULL,'2.0.5'),('20090402-1516-person_attribute_type','bwolfe','liquibase-update-to-latest.xml','2014-10-29 17:19:23',10163,'EXECUTED','3:1e5f84054b7b7fdf59673e2260f48d9d','Update Data','Generating UUIDs for all rows in person_attribute_type table via built in uuid function.',NULL,'2.0.5'),('20090402-1516-person_name','bwolfe','liquibase-update-to-latest.xml','2014-10-29 17:19:23',10164,'EXECUTED','3:f827da2c097b01ca9073c258b19e9540','Update Data','Generating UUIDs for all rows in person_name table via built in uuid function.',NULL,'2.0.5'),('20090402-1516-privilege','bwolfe','liquibase-update-to-latest.xml','2014-10-29 17:19:23',10165,'EXECUTED','3:2ab150a53c91ded0c5b53fa99fde4ba2','Update Data','Generating UUIDs for all rows in privilege table via built in uuid function.',NULL,'2.0.5'),('20090402-1516-program','bwolfe','liquibase-update-to-latest.xml','2014-10-29 17:19:23',10166,'EXECUTED','3:132b63f2efcf781187602e043122e7ff','Update Data','Generating UUIDs for all rows in program table via built in uuid function.',NULL,'2.0.5'),('20090402-1516-program_workflow','bwolfe','liquibase-update-to-latest.xml','2014-10-29 17:19:23',10167,'EXECUTED','3:d945359ed4bb6cc6a21f4554a0c50a33','Update Data','Generating UUIDs for all rows in program_workflow table via built in uuid function.',NULL,'2.0.5'),('20090402-1516-program_workflow_state','bwolfe','liquibase-update-to-latest.xml','2014-10-29 17:19:23',10168,'EXECUTED','3:4bc093882ac096562d63562ac76a1ffa','Update Data','Generating UUIDs for all rows in program_workflow_state table via built in uuid function.',NULL,'2.0.5'),('20090402-1516-relationship','bwolfe','liquibase-update-to-latest.xml','2014-10-29 17:19:23',10169,'EXECUTED','3:25e22c04ada4808cc31fd48f23703333','Update Data','Generating UUIDs for all rows in relationship table via built in uuid function.',NULL,'2.0.5'),('20090402-1516-relationship_type','bwolfe','liquibase-update-to-latest.xml','2014-10-29 17:19:23',10170,'EXECUTED','3:562ad77e9453595c9cd22a2cdde3cc41','Update Data','Generating UUIDs for all rows in relationship_type table via built in uuid function.',NULL,'2.0.5'),('20090402-1516-report_object','bwolfe','liquibase-update-to-latest.xml','2014-10-29 17:19:23',10171,'EXECUTED','3:8531f740c64a0d1605225536c1be0860','Update Data','Generating UUIDs for all rows in report_object table via built in uuid function.',NULL,'2.0.5'),('20090402-1516-report_schema_xml','bwolfe','liquibase-update-to-latest.xml','2014-10-29 17:19:23',10172,'EXECUTED','3:cd9efe4d62f2754b057d2d409d6e826a','Update Data','Generating UUIDs for all rows in report_schema_xml table via built in uuid function.',NULL,'2.0.5'),('20090402-1516-role','bwolfe','liquibase-update-to-latest.xml','2014-10-29 17:19:23',10173,'EXECUTED','3:f75bfc36ad13cb9324b9520804a60141','Update Data','Generating UUIDs for all rows in role table via built in uuid function.',NULL,'2.0.5'),('20090402-1516-serialized_object','bwolfe','liquibase-update-to-latest.xml','2014-10-29 17:19:23',10174,'EXECUTED','3:c809b71d2444a8a8e2c5e5574d344c82','Update Data','Generating UUIDs for all rows in serialized_object table via built in uuid function.',NULL,'2.0.5'),('20090402-1517','bwolfe','liquibase-update-to-latest.xml','2014-10-29 17:19:25',10183,'MARK_RAN','3:4edd135921eb263d4811cf1c22ef4846','Custom Change','Adding UUIDs to all rows in all columns via a java class. (This will take a long time on large databases)',NULL,'2.0.5'),('20090402-1518','bwolfe','liquibase-update-to-latest.xml','2014-10-29 17:19:25',10184,'MARK_RAN','3:a9564fc8de85d37f4748a3fa1e69281c','Add Not-Null Constraint (x52)','Now that UUID generation is done, set the uuid columns to not \"NOT NULL\"',NULL,'2.0.5'),('20090402-1519-cohort','bwolfe','liquibase-update-to-latest.xml','2014-10-29 17:19:26',10185,'EXECUTED','3:260c435f1cf3e3f01d953d630c7a578b','Create Index','Creating unique index on cohort.uuid column',NULL,'2.0.5'),('20090402-1519-concept','bwolfe','liquibase-update-to-latest.xml','2014-10-29 17:19:26',10186,'EXECUTED','3:9e363ee4b39e7fdfb547e3a51ad187c7','Create Index','Creating unique index on concept.uuid column',NULL,'2.0.5'),('20090402-1519-concept_answer','bwolfe','liquibase-update-to-latest.xml','2014-10-29 17:19:26',10187,'EXECUTED','3:34b049a3fd545928760968beb1e98e00','Create Index','Creating unique index on concept_answer.uuid column',NULL,'2.0.5'),('20090402-1519-concept_class','bwolfe','liquibase-update-to-latest.xml','2014-10-29 17:19:27',10188,'EXECUTED','3:0fc95dccef2343850adb1fe49d60f3c3','Create Index','Creating unique index on concept_class.uuid column',NULL,'2.0.5'),('20090402-1519-concept_datatype','bwolfe','liquibase-update-to-latest.xml','2014-10-29 17:19:27',10189,'EXECUTED','3:0cf065b0f780dc2eeca994628af49a34','Create Index','Creating unique index on concept_datatype.uuid column',NULL,'2.0.5'),('20090402-1519-concept_description','bwolfe','liquibase-update-to-latest.xml','2014-10-29 17:19:27',10190,'EXECUTED','3:16ce0ad6c3e37071bbfcaad744693d0f','Create Index','Creating unique index on concept_description.uuid column',NULL,'2.0.5'),('20090402-1519-concept_map','bwolfe','liquibase-update-to-latest.xml','2011-09-15 00:00:00',10006,'MARK_RAN','3:b8a320c1d44ab94e785c9ae6c41378f3',NULL,NULL,NULL,NULL),('20090402-1519-concept_name','bwolfe','liquibase-update-to-latest.xml','2014-10-29 17:19:28',10191,'EXECUTED','3:0d5866c0d3eadc8df09b1a7c160508ca','Create Index','Creating unique index on concept_name.uuid column',NULL,'2.0.5'),('20090402-1519-concept_name_tag','bwolfe','liquibase-update-to-latest.xml','2014-10-29 17:19:28',10192,'EXECUTED','3:7ba597ec0fb5fbfba615ac97df642072','Create Index','Creating unique index on concept_name_tag.uuid column',NULL,'2.0.5'),('20090402-1519-concept_proposal','bwolfe','liquibase-update-to-latest.xml','2014-10-29 17:19:28',10193,'EXECUTED','3:79f9f4af9669c2b03511832a23db55e0','Create Index','Creating unique index on concept_proposal.uuid column',NULL,'2.0.5'),('20090402-1519-concept_set','bwolfe','liquibase-update-to-latest.xml','2014-10-29 17:19:29',10194,'EXECUTED','3:f5ba4e2d5ddd4ec66f43501b9749cf70','Create Index','Creating unique index on concept_set.uuid column',NULL,'2.0.5'),('20090402-1519-concept_source','bwolfe','liquibase-update-to-latest.xml','2011-09-15 00:00:00',10007,'MARK_RAN','3:c7c47d9c2876bfa53542885e304b21e7',NULL,NULL,NULL,NULL),('20090402-1519-concept_state_conversion','bwolfe','liquibase-update-to-latest.xml','2014-10-29 17:19:29',10195,'EXECUTED','3:cc9d9bb0d5eb9f6583cd538919b42b9a','Create Index','Creating unique index on concept_state_conversion.uuid column',NULL,'2.0.5'),('20090402-1519-drug','bwolfe','liquibase-update-to-latest.xml','2014-10-29 17:19:29',10196,'EXECUTED','3:8cac800e9f857e29698e1c80ab7e6a52','Create Index','Creating unique index on drug.uuid column',NULL,'2.0.5'),('20090402-1519-encounter','bwolfe','liquibase-update-to-latest.xml','2014-10-29 17:19:30',10197,'EXECUTED','3:8fd623411a44ffb0d4e3a4139e916585','Create Index','Creating unique index on encounter.uuid column',NULL,'2.0.5'),('20090402-1519-encounter_type','bwolfe','liquibase-update-to-latest.xml','2014-10-29 17:19:30',10198,'EXECUTED','3:71e0e1df8c290d8b6e81e281154661e0','Create Index','Creating unique index on encounter_type.uuid column',NULL,'2.0.5'),('20090402-1519-field','bwolfe','liquibase-update-to-latest.xml','2014-10-29 17:19:30',10199,'EXECUTED','3:36d9eba3e0a90061c6bf1c8aa483110e','Create Index','Creating unique index on field.uuid column',NULL,'2.0.5'),('20090402-1519-field_answer','bwolfe','liquibase-update-to-latest.xml','2014-10-29 17:19:30',10200,'EXECUTED','3:81572b572f758cac173b5d14516f600e','Create Index','Creating unique index on field_answer.uuid column',NULL,'2.0.5'),('20090402-1519-field_type','bwolfe','liquibase-update-to-latest.xml','2014-10-29 17:19:31',10201,'EXECUTED','3:a0c3927dfde900959131aeb1490a5f51','Create Index','Creating unique index on field_type.uuid column',NULL,'2.0.5'),('20090402-1519-form','bwolfe','liquibase-update-to-latest.xml','2014-10-29 17:19:31',10202,'EXECUTED','3:61147c780ce563776a1caed795661aca','Create Index','Creating unique index on form.uuid column',NULL,'2.0.5'),('20090402-1519-form_field','bwolfe','liquibase-update-to-latest.xml','2014-10-29 17:19:31',10203,'EXECUTED','3:bd9def4522865d181e42809f9dd5c116','Create Index','Creating unique index on form_field.uuid column',NULL,'2.0.5'),('20090402-1519-global_property','bwolfe','liquibase-update-to-latest.xml','2014-10-29 17:19:32',10204,'EXECUTED','3:0e6b84ad5fffa3fd49242b5475e8eb66','Create Index','Creating unique index on global_property.uuid column',NULL,'2.0.5'),('20090402-1519-hl7_in_archive','bwolfe','liquibase-update-to-latest.xml','2014-10-29 17:19:32',10205,'EXECUTED','3:d2f8921c170e416560c234aa74964346','Create Index','Creating unique index on hl7_in_archive.uuid column',NULL,'2.0.5'),('20090402-1519-hl7_in_error','bwolfe','liquibase-update-to-latest.xml','2014-10-29 17:19:32',10206,'EXECUTED','3:9ccec0729ea1b4eaa5068726f9045c25','Create Index','Creating unique index on hl7_in_error.uuid column',NULL,'2.0.5'),('20090402-1519-hl7_in_queue','bwolfe','liquibase-update-to-latest.xml','2014-10-29 17:19:33',10207,'EXECUTED','3:af537cb4134c3f2ed0357f3280ceb6fe','Create Index','Creating unique index on hl7_in_queue.uuid column',NULL,'2.0.5'),('20090402-1519-hl7_source','bwolfe','liquibase-update-to-latest.xml','2014-10-29 17:19:33',10208,'EXECUTED','3:a6d1847b6a590319206f65be9d1d3c9e','Create Index','Creating unique index on hl7_source.uuid column',NULL,'2.0.5'),('20090402-1519-location','bwolfe','liquibase-update-to-latest.xml','2014-10-29 17:19:33',10209,'EXECUTED','3:c435bd4b405d4f11d919777718aa055c','Create Index','Creating unique index on location.uuid column',NULL,'2.0.5'),('20090402-1519-location_tag','bwolfe','liquibase-update-to-latest.xml','2014-10-29 17:19:33',10210,'EXECUTED','3:33a8a54cde59b23a9cdb7740a9995e1a','Create Index','Creating unique index on location_tag.uuid column',NULL,'2.0.5'),('20090402-1519-note','bwolfe','liquibase-update-to-latest.xml','2014-10-29 17:19:34',10211,'EXECUTED','3:97279b2ce285e56613a10a77c5af32b2','Create Index','Creating unique index on note.uuid column',NULL,'2.0.5'),('20090402-1519-notification_alert','bwolfe','liquibase-update-to-latest.xml','2014-10-29 17:19:34',10212,'EXECUTED','3:a763255eddf8607f7d86afbb3099d4b5','Create Index','Creating unique index on notification_alert.uuid column',NULL,'2.0.5'),('20090402-1519-notification_template','bwolfe','liquibase-update-to-latest.xml','2014-10-29 17:19:34',10213,'EXECUTED','3:9a69bbb343077bc62acdf6a66498029a','Create Index','Creating unique index on notification_template.uuid column',NULL,'2.0.5'),('20090402-1519-obs','bwolfe','liquibase-update-to-latest.xml','2014-10-29 17:19:35',10214,'EXECUTED','3:de9a7a24e527542e6b4a73e2cd31a7f9','Create Index','Creating unique index on obs.uuid column',NULL,'2.0.5'),('20090402-1519-orders','bwolfe','liquibase-update-to-latest.xml','2014-10-29 17:19:35',10216,'EXECUTED','3:848c0a00a32c5eb25041ad058fd38263','Create Index','Creating unique index on orders.uuid column',NULL,'2.0.5'),('20090402-1519-order_type','bwolfe','liquibase-update-to-latest.xml','2014-10-29 17:19:35',10215,'EXECUTED','3:d938d263e0acf974d43ad81d2fbe05b0','Create Index','Creating unique index on order_type.uuid column',NULL,'2.0.5'),('20090402-1519-patient_identifier','bwolfe','liquibase-update-to-latest.xml','2014-10-29 17:19:35',10217,'EXECUTED','3:43389efa06408c8312d130654309d140','Create Index','Creating unique index on patient_identifier.uuid column',NULL,'2.0.5'),('20090402-1519-patient_identifier_type','bwolfe','liquibase-update-to-latest.xml','2014-10-29 17:19:36',10218,'EXECUTED','3:3ffe4f31a1c48d2545e8eed4127cc490','Create Index','Creating unique index on patient_identifier_type.uuid column',NULL,'2.0.5'),('20090402-1519-patient_program','bwolfe','liquibase-update-to-latest.xml','2014-10-29 17:19:36',10219,'EXECUTED','3:ce69defda5ba254914f2319f3a7aac02','Create Index','Creating unique index on patient_program.uuid column',NULL,'2.0.5'),('20090402-1519-patient_state','bwolfe','liquibase-update-to-latest.xml','2014-10-29 17:19:36',10220,'EXECUTED','3:a4ca15f62b3c8c43f7f47ef8b9e39cd3','Create Index','Creating unique index on patient_state.uuid column',NULL,'2.0.5'),('20090402-1519-person','bwolfe','liquibase-update-to-latest.xml','2014-10-29 17:19:37',10221,'EXECUTED','3:345a5d4e8dea4d56c1a0784e7b35a801','Create Index','Creating unique index on person.uuid column',NULL,'2.0.5'),('20090402-1519-person_address','bwolfe','liquibase-update-to-latest.xml','2014-10-29 17:19:37',10222,'EXECUTED','3:105ece744a45b624ea8990f152bb8300','Create Index','Creating unique index on person_address.uuid column',NULL,'2.0.5'),('20090402-1519-person_attribute','bwolfe','liquibase-update-to-latest.xml','2014-10-29 17:19:37',10223,'EXECUTED','3:67a8cdda8605c28f76314873d2606457','Create Index','Creating unique index on person_attribute.uuid column',NULL,'2.0.5'),('20090402-1519-person_attribute_type','bwolfe','liquibase-update-to-latest.xml','2014-10-29 17:19:38',10224,'EXECUTED','3:a234ad0ea13f32fc4529cf556151d611','Create Index','Creating unique index on person_attribute_type.uuid column',NULL,'2.0.5'),('20090402-1519-person_name','bwolfe','liquibase-update-to-latest.xml','2014-10-29 17:19:38',10225,'EXECUTED','3:d18e326ce221b4b1232ce2e355731338','Create Index','Creating unique index on person_name.uuid column',NULL,'2.0.5'),('20090402-1519-privilege','bwolfe','liquibase-update-to-latest.xml','2014-10-29 17:19:38',10226,'EXECUTED','3:47e7f70f34a213d870e2aeed795d5e3d','Create Index','Creating unique index on privilege.uuid column',NULL,'2.0.5'),('20090402-1519-program','bwolfe','liquibase-update-to-latest.xml','2014-10-29 17:19:38',10227,'EXECUTED','3:62f9d9ecd2325d5908237a769e9a8bc7','Create Index','Creating unique index on program.uuid column',NULL,'2.0.5'),('20090402-1519-program_workflow','bwolfe','liquibase-update-to-latest.xml','2014-10-29 17:19:39',10228,'EXECUTED','3:fabb3152f6055dc0071a2e5d6f573d2f','Create Index','Creating unique index on program_workflow.uuid column',NULL,'2.0.5'),('20090402-1519-program_workflow_state','bwolfe','liquibase-update-to-latest.xml','2014-10-29 17:19:39',10229,'EXECUTED','3:4fdf0c20aedcdc87b2c6058a1cc8fce7','Create Index','Creating unique index on program_workflow_state.uuid column',NULL,'2.0.5'),('20090402-1519-relationship','bwolfe','liquibase-update-to-latest.xml','2014-10-29 17:19:39',10230,'EXECUTED','3:c90617ca900b1aef3f29e71f693e8a25','Create Index','Creating unique index on relationship.uuid column',NULL,'2.0.5'),('20090402-1519-relationship_type','bwolfe','liquibase-update-to-latest.xml','2014-10-29 17:19:40',10231,'EXECUTED','3:c9f05aca70b6dad54af121b593587a29','Create Index','Creating unique index on relationship_type.uuid column',NULL,'2.0.5'),('20090402-1519-report_object','bwolfe','liquibase-update-to-latest.xml','2014-10-29 17:19:40',10232,'EXECUTED','3:6069b78580fd0d276f5dae9f3bdf21be','Create Index','Creating unique index on report_object.uuid column',NULL,'2.0.5'),('20090402-1519-report_schema_xml','bwolfe','liquibase-update-to-latest.xml','2014-10-29 17:19:40',10233,'EXECUTED','3:91499d332dda0577fd02b6a6b7b35e99','Create Index','Creating unique index on report_schema_xml.uuid column',NULL,'2.0.5'),('20090402-1519-role','bwolfe','liquibase-update-to-latest.xml','2014-10-29 17:19:41',10234,'EXECUTED','3:c535a800ceb006311bbb7a27e8bab6ea','Create Index','Creating unique index on role.uuid column',NULL,'2.0.5'),('20090402-1519-serialized_object','bwolfe','liquibase-update-to-latest.xml','2014-10-29 17:19:41',10235,'EXECUTED','3:e8f2b1c3a7a67aadc8499ebcb522c91a','Create Index','Creating unique index on serialized_object.uuid column',NULL,'2.0.5'),('20090408-1298','Cory McCarthy','liquibase-update-to-latest.xml','2014-10-29 17:19:22',10070,'EXECUTED','3:defbd13a058ba3563e232c2093cd2b37','Modify Column','Changed the datatype for encounter_type to \'text\' instead of just 50 chars',NULL,'2.0.5'),('200904091023','bwolfe','liquibase-update-to-latest.xml','2014-10-29 17:19:22',10069,'EXECUTED','3:48adc23e9c5d820a87f6c8d61dfb6b55','Delete Data (x4)','Remove Manage Tribes and View Tribes privileges from the privilege table and role_privilege table.\n			The privileges will be recreated by the Tribe module if it is installed.',NULL,'2.0.5'),('20090414-0804','bwolfe','liquibase-update-to-latest.xml','2014-10-29 17:19:24',10175,'EXECUTED','3:479b4df8e3c746b5b96eeea422799774','Drop Foreign Key Constraint','Dropping foreign key on concept_set.concept_id table',NULL,'2.0.5'),('20090414-0805','bwolfe','liquibase-update-to-latest.xml','2014-10-29 17:19:24',10176,'MARK_RAN','3:5017417439ff841eb036ceb94f3c5800','Drop Primary Key','Dropping primary key on concept set table',NULL,'2.0.5'),('20090414-0806','bwolfe','liquibase-update-to-latest.xml','2014-10-29 17:19:24',10177,'MARK_RAN','3:6b9cec59fd607569228bf87d4dffa1a5','Add Column','Adding new integer primary key to concept set table',NULL,'2.0.5'),('20090414-0807','bwolfe','liquibase-update-to-latest.xml','2014-10-29 17:19:24',10178,'MARK_RAN','3:57834f6c953f34035237e06a2dbed9c7','Create Index, Add Foreign Key Constraint','Adding index and foreign key to concept_set.concept_id column',NULL,'2.0.5'),('20090414-0808a','bwolfe','liquibase-update-to-latest.xml','2014-10-29 17:19:25',10179,'EXECUTED','3:6c9d9e6b85c1bf04fdbf9fdec316f2ea','Drop Foreign Key Constraint','Dropping foreign key on patient_identifier.patient_id column',NULL,'2.0.5'),('20090414-0808b','bwolfe','liquibase-update-to-latest.xml','2014-10-29 17:19:25',10180,'MARK_RAN','3:12e01363841135ed0dae46d71e7694cf','Drop Primary Key','Dropping non-integer primary key on patient identifier table before adding a new integer primary key',NULL,'2.0.5'),('20090414-0809','bwolfe','liquibase-update-to-latest.xml','2014-10-29 17:19:25',10181,'MARK_RAN','3:864765efa4cae1c8ffb1138d63f77017','Add Column','Adding new integer primary key to patient identifier table',NULL,'2.0.5'),('20090414-0810','bwolfe','liquibase-update-to-latest.xml','2014-10-29 17:19:25',10182,'MARK_RAN','3:4ca46ee358567e35c897a73c065e3367','Create Index, Add Foreign Key Constraint','Adding index and foreign key on patient_identifier.patient_id column',NULL,'2.0.5'),('20090414-0811a','bwolfe','liquibase-update-to-latest.xml','2014-10-29 17:19:41',10236,'EXECUTED','3:f027a0ad38c0f6302def391da78aaaee','Drop Foreign Key Constraint','Dropping foreign key on concept_word.concept_id column',NULL,'2.0.5'),('20090414-0811b','bwolfe','liquibase-update-to-latest.xml','2014-10-29 17:19:41',10238,'MARK_RAN','3:982d502e56854922542286cead4c09ce','Drop Primary Key','Dropping non-integer primary key on concept word table before adding new integer one',NULL,'2.0.5'),('20090414-0812','bwolfe','liquibase-update-to-latest.xml','2014-10-29 17:19:41',10239,'MARK_RAN','3:948e635fe3f63122856ca9b8a174352b','Add Column','Adding integer primary key to concept word table',NULL,'2.0.5'),('20090414-0812b','bwolfe','liquibase-update-to-latest.xml','2014-10-29 17:19:41',10240,'MARK_RAN','3:bd7731e58f3db9b944905597a08eb6cb','Add Foreign Key Constraint','Re-adding foreign key for concept_word.concept_name_id',NULL,'2.0.5'),('200904271042','bwolfe','liquibase-update-to-latest.xml','2014-10-29 17:19:42',10243,'MARK_RAN','3:db63ce704aff4741c52181d1c825ab62','Drop Column','Remove the now unused synonym column',NULL,'2.0.5'),('20090428-0811aa','bwolfe','liquibase-update-to-latest.xml','2014-10-29 17:19:41',10237,'MARK_RAN','3:58d8f3df1fe704714a7b4957a6c0e7f7','Drop Foreign Key Constraint','Removing concept_word.concept_name_id foreign key so that primary key can be changed to concept_word_id',NULL,'2.0.5'),('20090428-0854','bwolfe','liquibase-update-to-latest.xml','2014-10-29 17:19:42',10241,'EXECUTED','3:11086a37155507c0238c9532f66b172b','Add Foreign Key Constraint','Adding foreign key for concept_word.concept_id column',NULL,'2.0.5'),('200905071626','bwolfe','liquibase-update-to-latest.xml','2014-10-29 17:19:23',10072,'MARK_RAN','3:d29884c3ef8fd867c3c2ffbd557c14c2','Create Index','Add an index to the concept_word.concept_id column (This update may fail if it already exists)',NULL,'2.0.5'),('200905150814','bwolfe','liquibase-update-to-latest.xml','2014-10-29 17:19:22',10071,'EXECUTED','3:44c729b393232d702553e0768cf94994','Delete Data','Deleting invalid concept words',NULL,'2.0.5'),('200905150821','bwolfe','liquibase-update-to-latest.xml','2014-10-29 17:19:42',10242,'EXECUTED','3:c0b7abc7eb00f243325b4a3fb2afc614','Custom SQL','Deleting duplicate concept word keys',NULL,'2.0.5'),('200906301606','bwolfe','liquibase-update-to-latest.xml','2014-10-29 17:19:42',10246,'EXECUTED','3:de40c56c128997509d1d943ed047c5d2','Modify Column','Change person_attribute_type.sort_weight from an integer to a float',NULL,'2.0.5'),('200907161638-1','bwolfe','liquibase-update-to-latest.xml','2014-10-29 17:19:42',10247,'EXECUTED','3:dfd352bdc4c5e6c88cd040d03c782e31','Modify Column','Change obs.value_numeric from a double(22,0) to a double',NULL,'2.0.5'),('200907161638-2','bwolfe','liquibase-update-to-latest.xml','2014-10-29 17:19:42',10248,'EXECUTED','3:a8dc0bd1593e6c99a02db443bc4cb001','Modify Column','Change concept_numeric columns from a double(22,0) type to a double',NULL,'2.0.5'),('200907161638-3','bwolfe','liquibase-update-to-latest.xml','2014-10-29 17:19:42',10249,'EXECUTED','3:47b8adbcd480660765dd117020a1e085','Modify Column','Change concept_set.sort_weight from a double(22,0) to a double',NULL,'2.0.5'),('200907161638-4','bwolfe','liquibase-update-to-latest.xml','2014-10-29 17:19:42',10250,'EXECUTED','3:3ffccaa291298fea317eb7025c058492','Modify Column','Change concept_set_derived.sort_weight from a double(22,0) to a double',NULL,'2.0.5'),('200907161638-5','bwolfe','liquibase-update-to-latest.xml','2014-10-29 17:19:42',10251,'EXECUTED','3:3b31cf625830c7e37fa638dbf9625000','Modify Column','Change drug table columns from a double(22,0) to a double',NULL,'2.0.5'),('200907161638-6','bwolfe','liquibase-update-to-latest.xml','2014-10-29 17:19:42',10252,'EXECUTED','3:dc733faec1539038854c0b559b45da0e','Modify Column','Change drug_order.dose from a double(22,0) to a double',NULL,'2.0.5'),('200908291938-1','dthomas','liquibase-update-to-latest.xml','2011-09-15 00:00:00',10008,'MARK_RAN','3:b99a6d7349d367c30e8b404979e07b89',NULL,NULL,NULL,NULL),('200908291938-2a','dthomas','liquibase-update-to-latest.xml','2011-09-15 00:00:00',10009,'MARK_RAN','3:7e9e8d9bffcb6e602b155827f72a3856',NULL,NULL,NULL,NULL),('20090831-1039-38-scheduler_task_config','bwolfe','liquibase-update-to-latest.xml','2014-10-29 17:19:42',10256,'MARK_RAN','3:54e254379235d5c8b569a00ac7dc9c3f','Add Column','Adding \"uuid\" column to scheduler_task_config table',NULL,'2.0.5'),('20090831-1040-scheduler_task_config','bwolfe','liquibase-update-to-latest.xml','2014-10-29 17:19:42',10257,'EXECUTED','3:a9b26bdab35405050c052a9a3f763db0','Update Data','Generating UUIDs for all rows in scheduler_task_config table via built in uuid function.',NULL,'2.0.5'),('20090831-1041-scheduler_task_config','bwolfe','liquibase-update-to-latest.xml','2014-10-29 17:19:42',10258,'MARK_RAN','3:25127273b2d501664ce325922b0c7db2','Custom Change','Adding UUIDs to all rows in scheduler_task_config table via a java class for non mysql/oracle/mssql databases.',NULL,'2.0.5'),('20090831-1042-scheduler_task_config','bwolfe','liquibase-update-to-latest.xml','2014-10-29 17:19:42',10259,'EXECUTED','3:76d8a8b5d342fc4111034861537315cf','Add Not-Null Constraint','Now that UUID generation is done for scheduler_task_config, set the uuid column to not \"NOT NULL\"',NULL,'2.0.5'),('20090831-1043-scheduler_task_config','bwolfe','liquibase-update-to-latest.xml','2014-10-29 17:19:42',10260,'EXECUTED','3:5408ed04284c4f5d57f5160ca5393733','Create Index','Creating unique index on scheduler_task_config.uuid column',NULL,'2.0.5'),('20090907-1','Knoll_Frank','liquibase-update-to-latest.xml','2014-10-29 17:19:42',10261,'MARK_RAN','3:d6f3ed289cdbce6229b1414ec626a33c','Rename Column','Rename the concept_source.date_voided column to date_retired',NULL,'2.0.5'),('20090907-2a','Knoll_Frank','liquibase-update-to-latest.xml','2014-10-29 17:19:42',10262,'MARK_RAN','3:b71e307e4e782cc5a851f764aa7fc0d0','Drop Foreign Key Constraint','Remove the concept_source.voided_by foreign key constraint',NULL,'2.0.5'),('20090907-2b','Knoll_Frank','liquibase-update-to-latest.xml','2014-10-29 17:19:42',10263,'MARK_RAN','3:14e07ebc0a1138ee973bbb26b568d16e','Rename Column, Add Foreign Key Constraint','Rename the concept_source.voided_by column to retired_by',NULL,'2.0.5'),('20090907-3','Knoll_Frank','liquibase-update-to-latest.xml','2014-10-29 17:19:42',10264,'MARK_RAN','3:adee9ced82158f9a9f3d64245ad591c6','Rename Column','Rename the concept_source.voided column to retired',NULL,'2.0.5'),('20090907-4','Knoll_Frank','liquibase-update-to-latest.xml','2014-10-29 17:19:42',10265,'MARK_RAN','3:ad9b6ed4ef3ae43556d3e8c9e2ec0f5c','Rename Column','Rename the concept_source.void_reason column to retire_reason',NULL,'2.0.5'),('20091001-1023','rcrichton','liquibase-update-to-latest.xml','2014-10-29 17:19:43',10293,'MARK_RAN','3:2bf99392005da4e95178bd1e2c28a87b','Add Column','add retired column to relationship_type table',NULL,'2.0.5'),('20091001-1024','rcrichton','liquibase-update-to-latest.xml','2014-10-29 17:19:43',10294,'MARK_RAN','3:31b7b10f75047606406cea156bcc255f','Add Column','add retired_by column to relationship_type table',NULL,'2.0.5'),('20091001-1025','rcrichton','liquibase-update-to-latest.xml','2014-10-29 17:19:43',10295,'MARK_RAN','3:c6dd75893e5573baa0c7426ecccaa92d','Add Foreign Key Constraint','Create the foreign key from the relationship.retired_by to users.user_id.',NULL,'2.0.5'),('20091001-1026','rcrichton','liquibase-update-to-latest.xml','2014-10-29 17:19:43',10296,'MARK_RAN','3:47cfbab54a8049948784a165ffe830af','Add Column','add date_retired column to relationship_type table',NULL,'2.0.5'),('20091001-1027','rcrichton','liquibase-update-to-latest.xml','2014-10-29 17:19:43',10297,'MARK_RAN','3:2db32da70ac1e319909d692110b8654b','Add Column','add retire_reason column to relationship_type table',NULL,'2.0.5'),('200910271049-1','bwolfe','liquibase-update-to-latest.xml','2014-10-29 17:19:42',10266,'EXECUTED','3:2e54d97b9f1b9f35b77cee691c23b7a9','Update Data (x5)','Setting core field types to have standard UUIDs',NULL,'2.0.5'),('200910271049-10','bwolfe','liquibase-update-to-latest.xml','2014-10-29 17:19:42',10275,'EXECUTED','3:827070940f217296c11ce332dc8858ff','Update Data (x4)','Setting core roles to have standard UUIDs',NULL,'2.0.5'),('200910271049-2','bwolfe','liquibase-update-to-latest.xml','2014-10-29 17:19:42',10267,'EXECUTED','3:3132d4cbfaab0c0b612c3fe1c55bd0f1','Update Data (x7)','Setting core person attribute types to have standard UUIDs',NULL,'2.0.5'),('200910271049-3','bwolfe','liquibase-update-to-latest.xml','2014-10-29 17:19:42',10268,'EXECUTED','3:f4d1a9004f91b6885a86419bc02f9d0b','Update Data (x4)','Setting core encounter types to have standard UUIDs',NULL,'2.0.5'),('200910271049-4','bwolfe','liquibase-update-to-latest.xml','2014-10-29 17:19:42',10269,'EXECUTED','3:0d4f7503bf8f00cb73338bb34305333a','Update Data (x12)','Setting core concept datatypes to have standard UUIDs',NULL,'2.0.5'),('200910271049-5','bwolfe','liquibase-update-to-latest.xml','2014-10-29 17:19:42',10270,'EXECUTED','3:98d8ac75977e1b099a4e45d96c6b1d1a','Update Data (x4)','Setting core relationship types to have standard UUIDs',NULL,'2.0.5'),('200910271049-6','bwolfe','liquibase-update-to-latest.xml','2014-10-29 17:19:42',10271,'EXECUTED','3:19355a03794869edad3889ac0adbdedf','Update Data (x15)','Setting core concept classes to have standard UUIDs',NULL,'2.0.5'),('200910271049-7','bwolfe','liquibase-update-to-latest.xml','2014-10-29 17:19:42',10272,'EXECUTED','3:fe4c89654d02d74de6d8e4b265a33288','Update Data (x2)','Setting core patient identifier types to have standard UUIDs',NULL,'2.0.5'),('200910271049-8','bwolfe','liquibase-update-to-latest.xml','2014-10-29 17:19:42',10273,'EXECUTED','3:dc4462b5b4b13c2bc306506848127556','Update Data','Setting core location to have standard UUIDs',NULL,'2.0.5'),('200910271049-9','bwolfe','liquibase-update-to-latest.xml','2014-10-29 17:19:42',10274,'EXECUTED','3:de2a0ed2adafb53f025039e9e8c6719e','Update Data','Setting core hl7 source to have standard UUIDs',NULL,'2.0.5'),('200912031842','djazayeri','liquibase-update-to-latest.xml','2014-10-29 17:19:42',10279,'EXECUTED','3:b966745213bedaeeabab8a874084bb95','Drop Foreign Key Constraint, Add Foreign Key Constraint','Changing encounter.provider_id to reference person instead of users',NULL,'2.0.5'),('200912031846-1','djazayeri','liquibase-update-to-latest.xml','2014-10-29 17:19:43',10281,'MARK_RAN','3:23e728a7f214127cb91efd40ebbcc2d1','Add Column, Update Data','Adding person_id column to users table (if needed)',NULL,'2.0.5'),('200912031846-2','djazayeri','liquibase-update-to-latest.xml','2014-10-29 17:19:43',10282,'MARK_RAN','3:8d57907defa7e92e018038d57cfa78b4','Update Data, Add Not-Null Constraint','Populating users.person_id',NULL,'2.0.5'),('200912031846-3','djazayeri','liquibase-update-to-latest.xml','2014-10-29 17:19:43',10283,'EXECUTED','3:48a50742f2904682caa1bc469f5b87e3','Add Foreign Key Constraint, Set Column as Auto-Increment','Restoring foreign key constraint on users.person_id',NULL,'2.0.5'),('200912071501-1','arthurs','liquibase-update-to-latest.xml','2014-10-29 17:19:42',10276,'EXECUTED','3:d1158b8a42127d7b8a4d5ad64cc7c225','Update Data','Change name for patient.searchMaxResults global property to person.searchMaxResults',NULL,'2.0.5'),('200912091819','djazayeri','liquibase-update-to-latest.xml','2014-10-29 17:19:43',10284,'MARK_RAN','3:8c0b2b02a94b9c6c9529e1b29207464b','Add Column, Add Foreign Key Constraint','Adding retired metadata columns to users table',NULL,'2.0.5'),('200912091819-fix','sunbiz','liquibase-update-to-latest.xml','2014-10-29 17:19:43',10285,'EXECUTED','3:fd5fd1d2e6884662824bb78c8348fadf','Modify Column','(Fixed)users.retired to BOOLEAN',NULL,'2.0.5'),('200912091820','djazayeri','liquibase-update-to-latest.xml','2014-10-29 17:19:43',10286,'MARK_RAN','3:cba73499d1c4d09b0e4ae3b55ecc7d84','Update Data','Migrating voided metadata to retired metadata for users table',NULL,'2.0.5'),('200912091821','djazayeri','liquibase-update-to-latest.xml','2011-09-15 00:00:00',10012,'MARK_RAN','3:9b38d31ebfe427d1f8d6e8530687f29c',NULL,NULL,NULL,NULL),('200912140038','djazayeri','liquibase-update-to-latest.xml','2014-10-29 17:19:43',10287,'MARK_RAN','3:be3aaa8da16b8a8841509faaeff070b4','Add Column','Adding \"uuid\" column to users table',NULL,'2.0.5'),('200912140039','djazayeri','liquibase-update-to-latest.xml','2014-10-29 17:19:43',10288,'EXECUTED','3:5b2a81ac1efba5495962bfb86e51546d','Update Data','Generating UUIDs for all rows in users table via built in uuid function.',NULL,'2.0.5'),('200912140040','djazayeri','liquibase-update-to-latest.xml','2014-10-29 17:19:43',10289,'MARK_RAN','3:c422b96e5b88eeae4f343d4f988cc4b2','Custom Change','Adding UUIDs to users table via a java class. (This will take a long time on large databases)',NULL,'2.0.5'),('200912141000-drug-add-date-changed','dkayiwa','liquibase-update-to-latest.xml','2014-10-29 17:19:50',10470,'MARK_RAN','3:9c9a75e3a78104e72de078ac217b0972','Add Column','Add date_changed column to drug table',NULL,'2.0.5'),('200912141001-drug-add-changed-by','dkayiwa','liquibase-update-to-latest.xml','2014-10-29 17:19:50',10471,'MARK_RAN','3:196629c722f52df68b5040e5266ac20f','Add Column, Add Foreign Key Constraint','Add changed_by column to drug table',NULL,'2.0.5'),('200912141552','madanmohan','liquibase-update-to-latest.xml','2014-10-29 17:19:42',10277,'MARK_RAN','3:835b6b98a7a437d959255ac666c12759','Add Column, Add Foreign Key Constraint','Add changed_by column to encounter table',NULL,'2.0.5'),('200912141553','madanmohan','liquibase-update-to-latest.xml','2014-10-29 17:19:42',10278,'MARK_RAN','3:7f768aa879beac091501ac9bb47ece4d','Add Column','Add date_changed column to encounter table',NULL,'2.0.5'),('20091215-0208','sunbiz','liquibase-update-to-latest.xml','2014-10-29 17:19:43',10298,'EXECUTED','3:1c818a60d8ebc36f4b7911051c1f6764','Custom SQL','Prune concepts rows orphaned in concept_numeric tables',NULL,'2.0.5'),('20091215-0209','jmiranda','liquibase-update-to-latest.xml','2014-10-29 17:19:43',10299,'EXECUTED','3:adeadc55e4dd484b1d63cf123e299371','Custom SQL','Prune concepts rows orphaned in concept_complex tables',NULL,'2.0.5'),('20091215-0210','jmiranda','liquibase-update-to-latest.xml','2011-09-15 00:00:00',10011,'MARK_RAN','3:08e8550629e4d5938494500f61d10961',NULL,NULL,NULL,NULL),('200912151032','n.nehete','liquibase-update-to-latest.xml','2014-10-29 17:19:43',10291,'EXECUTED','3:d7d8fededde8a27384ca1eb3f87f7914','Add Not-Null Constraint','Encounter Type should not be null when saving an Encounter',NULL,'2.0.5'),('200912211118','nribeka','liquibase-update-to-latest.xml','2011-09-15 00:00:00',10010,'MARK_RAN','3:1f976b4eedf537d887451246d49db043',NULL,NULL,NULL,NULL),('201001072007','upul','liquibase-update-to-latest.xml','2014-10-29 17:19:43',10292,'MARK_RAN','3:d5d60060fae8e9c30843b16b23bed9db','Add Column','Add last execution time column to scheduler_task_config table',NULL,'2.0.5'),('20100111-0111-associating-daemon-user-with-person','dkayiwa','liquibase-update-to-latest.xml','2014-10-29 17:19:50',10463,'MARK_RAN','3:bebb5c508bb53e7d5be6fb3aa259bd2f','Custom SQL','Associating daemon user with a person',NULL,'2.0.5'),('20100128-1','djazayeri','liquibase-update-to-latest.xml','2014-10-29 17:19:42',10253,'MARK_RAN','3:eaa1b8e62aa32654480e7a476dc14a4a','Insert Row','Adding \'System Developer\' role again (see ticket #1499)',NULL,'2.0.5'),('20100128-2','djazayeri','liquibase-update-to-latest.xml','2014-10-29 17:19:42',10254,'MARK_RAN','3:3c486c2ea731dfad7905518cac8d6e70','Update Data','Switching users back from \'Administrator\' to \'System Developer\' (see ticket #1499)',NULL,'2.0.5'),('20100128-3','djazayeri','liquibase-update-to-latest.xml','2014-10-29 17:19:42',10255,'MARK_RAN','3:9acf8cae5d210f88006191e79b76532c','Delete Data','Deleting \'Administrator\' role (see ticket #1499)',NULL,'2.0.5'),('20100306-095513a','thilini.hg','liquibase-update-to-latest.xml','2014-10-29 17:19:44',10300,'MARK_RAN','3:b7a60c3c33a05a71dde5a26f35d85851','Drop Foreign Key Constraint','Dropping unused foreign key from notification alert table',NULL,'2.0.5'),('20100306-095513b','thilini.hg','liquibase-update-to-latest.xml','2014-10-29 17:19:44',10301,'MARK_RAN','3:8a6ebb6aefe04b470d5b3878485f9cc3','Drop Column','Dropping unused user_id column from notification alert table',NULL,'2.0.5'),('20100322-0908','syhaas','liquibase-update-to-latest.xml','2014-10-29 17:19:44',10302,'MARK_RAN','3:94a8aae1d463754d7125cd546b4c590c','Add Column, Update Data','Adding sort_weight column to concept_answers table and initially sets the sort_weight to the concept_answer_id',NULL,'2.0.5'),('20100323-192043','ricardosbarbosa','liquibase-update-to-latest.xml','2014-10-29 17:19:44',10319,'EXECUTED','3:c294c84ac7ff884d1e618f4eb74b0c52','Update Data, Delete Data (x2)','Removing the duplicate privilege \'Add Concept Proposal\' in favor of \'Add Concept Proposals\'',NULL,'2.0.5'),('20100330-190413','ricardosbarbosa','liquibase-update-to-latest.xml','2014-10-29 17:19:44',10320,'EXECUTED','3:d706294defdfb73af9b44db7d37069d0','Update Data, Delete Data (x2)','Removing the duplicate privilege \'Edit Concept Proposal\' in favor of \'Edit Concept Proposals\'',NULL,'2.0.5'),('20100412-2217','bwolfe','liquibase-update-to-latest.xml','2014-10-29 17:19:44',10303,'MARK_RAN','3:0c3a3ea15adefa620ab62145f412d0b6','Add Column','Adding \"uuid\" column to notification_alert_recipient table',NULL,'2.0.5'),('20100412-2218','bwolfe','liquibase-update-to-latest.xml','2014-10-29 17:19:44',10304,'EXECUTED','3:6fae383b5548c214d2ad2c76346e32e3','Update Data','Generating UUIDs for all rows in notification_alert_recipient table via built in uuid function.',NULL,'2.0.5'),('20100412-2219','bwolfe','liquibase-update-to-latest.xml','2014-10-29 17:19:44',10305,'MARK_RAN','3:1401fe5f2d0c6bc23afa70b162e15346','Custom Change','Adding UUIDs to notification_alert_recipient table via a java class (if needed).',NULL,'2.0.5'),('20100412-2220','bwolfe','liquibase-update-to-latest.xml','2014-10-29 17:19:44',10306,'EXECUTED','3:bf4474dd5700b570e158ddc8250c470b','Add Not-Null Constraint','Now that UUID generation is done, set the notification_alert_recipient.uuid column to not \"NOT NULL\"',NULL,'2.0.5'),('20100413-1509','djazayeri','liquibase-update-to-latest.xml','2014-10-29 17:19:44',10307,'MARK_RAN','3:7a3ee61077e4dee1ceb4fe127afc835f','Rename Column','Change location_tag.tag to location_tag.name',NULL,'2.0.5'),('20100415-forgotten-from-before','djazayeri','liquibase-update-to-latest.xml','2014-10-29 17:19:43',10290,'EXECUTED','3:d17699fbec80bd035ecb348ae5382754','Add Not-Null Constraint','Adding not null constraint to users.uuid',NULL,'2.0.5'),('20100419-1209','wyclif','liquibase-update-to-latest.xml','2014-10-29 17:19:48',10386,'MARK_RAN','3:f87b773f9a8e05892fdbe8740042abb5','Create Table, Add Foreign Key Constraint (x7), Create Index','Create the visit table and add the foreign key for visit_type',NULL,'2.0.5'),('20100419-1209-fix','sunbiz','liquibase-update-to-latest.xml','2014-10-29 17:19:48',10387,'EXECUTED','3:cb5970216f918522df3a059e29506c27','Modify Column','(Fixed)Changed visit.voided to BOOLEAN',NULL,'2.0.5'),('20100423-1402','slorenz','liquibase-update-to-latest.xml','2014-10-29 17:19:44',10309,'MARK_RAN','3:3534020f1c68f70b0e9851d47a4874d6','Create Index','Add an index to the encounter.encounter_datetime column to speed up statistical\n			analysis.',NULL,'2.0.5'),('20100423-1406','slorenz','liquibase-update-to-latest.xml','2014-10-29 17:19:44',10310,'MARK_RAN','3:f058162398862f0bdebc12d7eb54551b','Create Index','Add an index to the obs.obs_datetime column to speed up statistical analysis.',NULL,'2.0.5'),('20100426-1111-add-not-null-personid-contraint','dkayiwa','liquibase-update-to-latest.xml','2014-10-29 17:19:50',10464,'EXECUTED','3:a0b90b98be85aabbdebd957744ab805a','Add Not-Null Constraint','Add the not null person id contraint',NULL,'2.0.5'),('20100426-1111-remove-not-null-personid-contraint','dkayiwa','liquibase-update-to-latest.xml','2014-10-29 17:19:44',10311,'EXECUTED','3:5bc2abe108ab2765e36294ff465c63a0','Drop Not-Null Constraint','Drop the not null person id contraint',NULL,'2.0.5'),('20100426-1947','syhaas','liquibase-update-to-latest.xml','2014-10-29 17:19:44',10312,'MARK_RAN','3:09adbdc9cb72dee82e67080b01d6578e','Insert Row','Adding daemon user to users table',NULL,'2.0.5'),('20100512-1400','djazayeri','liquibase-update-to-latest.xml','2014-10-29 17:19:44',10314,'MARK_RAN','3:0fbfb53e2e194543d7b3eaa59834e1e6','Insert Row','Create core order_type for drug orders',NULL,'2.0.5'),('20100513-1947','syhaas','liquibase-update-to-latest.xml','2014-10-29 17:19:44',10313,'EXECUTED','3:068c2bd55d9c731941fe9ef66f0011fb','Delete Data (x2)','Removing scheduler.username and scheduler.password global properties',NULL,'2.0.5'),('20100517-1545','wyclif and djazayeri','liquibase-update-to-latest.xml','2014-10-29 17:19:44',10315,'EXECUTED','3:39a68e6b1954a0954d0f8d0c660a7aff','Custom Change','Switch boolean concepts/observations to be stored as coded',NULL,'2.0.5'),('20100525-818-1','syhaas','liquibase-update-to-latest.xml','2014-10-29 17:19:44',10321,'MARK_RAN','3:ed9dcb5bd0d7312db3123825f9bb4347','Create Table, Add Foreign Key Constraint (x2)','Create active list type table.',NULL,'2.0.5'),('20100525-818-1-fix','sunbiz','liquibase-update-to-latest.xml','2014-10-29 17:19:44',10322,'EXECUTED','3:4a648a54797fef2222764a7ee0b5e05a','Modify Column','(Fixed)Change active_list_type.retired to BOOLEAN',NULL,'2.0.5'),('20100525-818-2','syhaas','liquibase-update-to-latest.xml','2014-10-29 17:19:44',10323,'MARK_RAN','3:bc5a86f0245f6f822a0d343b2fcf8dc6','Create Table, Add Foreign Key Constraint (x7)','Create active list table',NULL,'2.0.5'),('20100525-818-2-fix','sunbiz','liquibase-update-to-latest.xml','2014-10-29 17:19:44',10324,'EXECUTED','3:0a2879b368319f6d1e16d0d4417f4492','Modify Column','(Fixed)Change active_list_type.retired to BOOLEAN',NULL,'2.0.5'),('20100525-818-3','syhaas','liquibase-update-to-latest.xml','2014-10-29 17:19:44',10325,'MARK_RAN','3:d382e7b9e23cdcc33ccde2d3f0473c41','Create Table, Add Foreign Key Constraint','Create allergen table',NULL,'2.0.5'),('20100525-818-4','syhaas','liquibase-update-to-latest.xml','2014-10-29 17:19:44',10326,'MARK_RAN','3:1d6f1abd297c8da5a49d4885d0d34dfb','Create Table','Create problem table',NULL,'2.0.5'),('20100525-818-5','syhaas','liquibase-update-to-latest.xml','2014-10-29 17:19:44',10327,'MARK_RAN','3:2ac51b2e8813d61428367bad9fadaa33','Insert Row (x2)','Inserting default active list types',NULL,'2.0.5'),('20100526-1025','Harsha.cse','liquibase-update-to-latest.xml','2014-10-29 17:19:44',10316,'EXECUTED','3:66ec6553564d30fd63df7c2de41c674f','Drop Not-Null Constraint (x2)','Drop Not-Null constraint from location column in Encounter and Obs table',NULL,'2.0.5'),('20100603-1625-1-person_address','sapna','liquibase-update-to-latest.xml','2014-10-29 17:19:47',10367,'MARK_RAN','3:6048aa2c393c1349de55a5003199fb81','Add Column','Adding \"date_changed\" column to person_address table',NULL,'2.0.5'),('20100603-1625-2-person_address','sapna','liquibase-update-to-latest.xml','2014-10-29 17:19:47',10368,'MARK_RAN','3:5194e3b45b70b003e33d7ab0495f3015','Add Column, Add Foreign Key Constraint','Adding \"changed_by\" column to person_address table',NULL,'2.0.5'),('20100604-0933a','wyclif','liquibase-update-to-latest.xml','2014-10-29 17:19:44',10317,'EXECUTED','3:9b51b236846a8940de581e199cd76cb2','Add Default Value','Changing the default value to 2 for \'message_state\' column in \'hl7_in_archive\' table',NULL,'2.0.5'),('20100604-0933b','wyclif','liquibase-update-to-latest.xml','2014-10-29 17:19:44',10318,'EXECUTED','3:67fc4c12418b500aaf3723e8845429e3','Update Data','Converting 0 and 1 to 2 for \'message_state\' column in \'hl7_in_archive\' table',NULL,'2.0.5'),('20100607-1550a','wyclif','liquibase-update-to-latest.xml','2014-10-29 17:19:44',10328,'MARK_RAN','3:bfb6250277efd8c81326fe8c3dbdfe35','Add Column','Adding \'concept_name_type\' column to concept_name table',NULL,'2.0.5'),('20100607-1550b','wyclif','liquibase-update-to-latest.xml','2014-10-29 17:19:44',10329,'MARK_RAN','3:3d43124d8265fbf05f1ef4839f14bece','Add Column','Adding \'locale_preferred\' column to concept_name table',NULL,'2.0.5'),('20100607-1550b-fix','sunbiz','liquibase-update-to-latest.xml','2014-10-29 17:19:44',10330,'EXECUTED','3:d0dc8dfe3ac629aecee81ccc11dec9c2','Modify Column','(Fixed)Change concept_name.locale_preferred to BOOLEAN',NULL,'2.0.5'),('20100607-1550c','wyclif','liquibase-update-to-latest.xml','2014-10-29 17:19:45',10331,'EXECUTED','3:b6573617d37609ae7195fd7a495e2776','Drop Foreign Key Constraint','Dropping foreign key constraint on concept_name_tag_map.concept_name_tag_id',NULL,'2.0.5'),('20100607-1550d','wyclif','liquibase-update-to-latest.xml','2014-10-29 17:19:45',10333,'EXECUTED','3:f30fd17874ac8294389ee2a44ca7d6ab','Update Data, Delete Data (x2)','Setting the concept name type for short names',NULL,'2.0.5'),('20100607-1550e','wyclif','liquibase-update-to-latest.xml','2014-10-29 17:19:45',10332,'EXECUTED','3:0788cd1c32391234a8f0c655897fca24','Update Data, Delete Data (x2)','Converting preferred names to FULLY_SPECIFIED names',NULL,'2.0.5'),('20100607-1550f','wyclif','liquibase-update-to-latest.xml','2014-10-29 17:19:45',10334,'MARK_RAN','3:b57c0f651ed477457fd16e503eaf51a4','Update Data, Delete Data (x2)','Converting concept names with country specific concept name tags to preferred names',NULL,'2.0.5'),('20100607-1550g','wyclif','liquibase-update-to-latest.xml','2014-10-29 17:19:45',10335,'EXECUTED','3:c3c0a17e0a21d36f38bb2af8f0939da7','Delete Data (x2)','Deleting \'default\' and \'synonym\' concept name tags',NULL,'2.0.5'),('20100607-1550h','wyclif','liquibase-update-to-latest.xml','2014-10-29 17:19:45',10336,'EXECUTED','3:be7b967ed0e7006373bb616b63726144','Custom Change','Validating and attempting to fix invalid concepts and ConceptNames',NULL,'2.0.5'),('20100607-1550i','wyclif','liquibase-update-to-latest.xml','2014-10-29 17:19:45',10337,'EXECUTED','3:b6260c13bf055f7917c155596502a24b','Add Foreign Key Constraint','Restoring foreign key constraint on concept_name_tag_map.concept_name_tag_id',NULL,'2.0.5'),('20100621-1443','jkeiper','liquibase-update-to-latest.xml','2014-10-29 17:19:45',10338,'EXECUTED','3:16b4bc3512029cf8d3b3c6bee86ed712','Modify Column','Modify the error_details column of hl7_in_error to hold\n			stacktraces',NULL,'2.0.5'),('201008021047','bwolfe','liquibase-update-to-latest.xml','2014-10-29 17:19:45',10339,'MARK_RAN','3:8612ede2553aab53950fa43d2f8def32','Create Index','Add an index to the person_name.family_name2 to speed up patient and person searches',NULL,'2.0.5'),('201008201345','mseaton','liquibase-update-to-latest.xml','2014-10-29 17:19:45',10340,'EXECUTED','3:5fbbb6215e66847c86483ee7177c3682','Custom Change','Validates Program Workflow States for possible configuration problems and reports warnings',NULL,'2.0.5'),('201008242121','misha680','liquibase-update-to-latest.xml','2014-10-29 17:19:45',10341,'EXECUTED','3:2319aed08c4f6dcd43d4ace5cdf94650','Modify Column','Make person_name.person_id not NULLable',NULL,'2.0.5'),('20100924-1110','mseaton','liquibase-update-to-latest.xml','2014-10-29 17:19:45',10342,'MARK_RAN','3:05ea5f3b806ba47f4a749d3a348c59f7','Add Column, Add Foreign Key Constraint','Add location_id column to patient_program table',NULL,'2.0.5'),('201009281047','misha680','liquibase-update-to-latest.xml','2014-10-29 17:19:45',10343,'MARK_RAN','3:02b5b9a183729968cd4189798ca034bd','Drop Column','Remove the now unused default_charge column',NULL,'2.0.5'),('201010051745','wyclif','liquibase-update-to-latest.xml','2014-10-29 17:19:45',10344,'EXECUTED','3:04ba6f526a71fc0a2b016fd77eaf9ff5','Update Data','Setting the global property \'patient.identifierRegex\' to an empty string',NULL,'2.0.5'),('201010051746','wyclif','liquibase-update-to-latest.xml','2014-10-29 17:19:45',10345,'EXECUTED','3:cb12dfc563d82529de170ffedf948f90','Update Data','Setting the global property \'patient.identifierSuffix\' to an empty string',NULL,'2.0.5'),('201010151054','bwolfe','liquibase-update-to-latest.xml','2014-10-29 17:19:46',10346,'MARK_RAN','3:26c8ae0c53225f82d4c2a85c09ad9785','Create Index','Adding index to form.published column',NULL,'2.0.5'),('201010151055','bwolfe','liquibase-update-to-latest.xml','2014-10-29 17:19:46',10347,'MARK_RAN','3:1efabdfd082ff2b0a34f570831f74ce5','Create Index','Adding index to form.retired column',NULL,'2.0.5'),('201010151056','bwolfe','liquibase-update-to-latest.xml','2014-10-29 17:19:46',10348,'MARK_RAN','3:00273104184bb4d2bb7155befc77efc3','Create Index','Adding multi column index on form.published and form.retired columns',NULL,'2.0.5'),('201010261143','crecabarren','liquibase-update-to-latest.xml','2014-10-29 17:19:46',10349,'MARK_RAN','3:c02de7e2726893f80ecd1f3ae778cba5','Rename Column','Rename neighborhood_cell column to address3 and increase the size to 255 characters',NULL,'2.0.5'),('201010261145','crecabarren','liquibase-update-to-latest.xml','2014-10-29 17:19:46',10350,'MARK_RAN','3:2d053c2e9b604403df8a408a6bb4f3f8','Rename Column','Rename township_division column to address4 and increase the size to 255 characters',NULL,'2.0.5'),('201010261147','crecabarren','liquibase-update-to-latest.xml','2014-10-29 17:19:46',10351,'MARK_RAN','3:592eee2241fdb1039ba08be07b54a422','Rename Column','Rename subregion column to address5 and increase the size to 255 characters',NULL,'2.0.5'),('201010261149','crecabarren','liquibase-update-to-latest.xml','2014-10-29 17:19:46',10352,'MARK_RAN','3:059e5bf4092d930304f9f0fc305939d9','Rename Column','Rename region column to address6 and increase the size to 255 characters',NULL,'2.0.5'),('201010261151','crecabarren','liquibase-update-to-latest.xml','2014-10-29 17:19:46',10353,'MARK_RAN','3:8756b20f505f8981a43ece7233ce3e2f','Rename Column','Rename neighborhood_cell column to address3 and increase the size to 255 characters',NULL,'2.0.5'),('201010261153','crecabarren','liquibase-update-to-latest.xml','2014-10-29 17:19:46',10354,'MARK_RAN','3:9805b9a214fca5a3509a82864274678e','Rename Column','Rename township_division column to address4 and increase the size to 255 characters',NULL,'2.0.5'),('201010261156','crecabarren','liquibase-update-to-latest.xml','2014-10-29 17:19:46',10355,'MARK_RAN','3:894f4e47fbdc74be94e6ebc9d6fce91e','Rename Column','Rename subregion column to address5 and increase the size to 255 characters',NULL,'2.0.5'),('201010261159','crecabarren','liquibase-update-to-latest.xml','2014-10-29 17:19:46',10356,'MARK_RAN','3:b1827790c63813e6a73d83e2b2d36504','Rename Column','Rename region column to address6 and increase the size to 255 characters',NULL,'2.0.5'),('20101029-1016','gobi/prasann','liquibase-update-to-latest.xml','2014-10-29 17:19:47',10369,'MARK_RAN','3:714ad65f5d84bdcd4d944a4d5583e4d3','Create Table, Add Unique Constraint','Create table to store concept stop words to avoid in search key indexing',NULL,'2.0.5'),('20101029-1026','gobi/prasann','liquibase-update-to-latest.xml','2014-10-29 17:19:47',10370,'MARK_RAN','3:83534d43a9a9cc1ea3a80f1d5f5570af','Insert Row (x10)','Inserting the initial concept stop words',NULL,'2.0.5'),('201011011600','jkeiper','liquibase-update-to-latest.xml','2014-10-29 17:19:47',10358,'MARK_RAN','3:29b35d66dc4168e03e1844296e309327','Create Index','Adding index to message_state column in HL7 archive table',NULL,'2.0.5'),('201011011605','jkeiper','liquibase-update-to-latest.xml','2014-10-29 17:19:47',10359,'EXECUTED','3:c604bc0967765f50145f76e80a4bbc99','Custom Change','Moving \"deleted\" HL7s from HL7 archive table to queue table',NULL,'2.0.5'),('201011051300','bwolfe','liquibase-update-to-latest.xml','2014-10-29 17:19:47',10366,'MARK_RAN','3:fea4ad8ce44911eeaab8ac8c1cc9122d','Create Index','Adding index on notification_alert.date_to_expire column',NULL,'2.0.5'),('201012081716','nribeka','liquibase-update-to-latest.xml','2014-10-29 17:19:47',10364,'MARK_RAN','3:4a97a93f2632fc0c3b088b24535ee481','Delete Data','Removing concept that are concept derived and the datatype',NULL,'2.0.5'),('201012081717','nribeka','liquibase-update-to-latest.xml','2014-10-29 17:19:47',10365,'MARK_RAN','3:ad3d0a18bda7e4869d264c70b8cd8d1d','Drop Table','Removing concept derived tables',NULL,'2.0.5'),('20101209-10000-encounter-add-visit-id-column','dkayiwa','liquibase-update-to-latest.xml','2014-10-29 17:19:48',10388,'MARK_RAN','3:7045a94731ef25e04724c77fc97494b4','Add Column, Add Foreign Key Constraint','Adding visit_id column to encounter table',NULL,'2.0.5'),('20101209-1721','wyclif','liquibase-update-to-latest.xml','2014-10-29 17:19:47',10360,'MARK_RAN','3:351460e0f822555b77acff1a89bec267','Add Column','Add \'weight\' column to concept_word table',NULL,'2.0.5'),('20101209-1722','wyclif','liquibase-update-to-latest.xml','2014-10-29 17:19:47',10361,'MARK_RAN','3:d63107017bdcef0e28d7ad5e4df21ae5','Create Index','Adding index to concept_word.weight column',NULL,'2.0.5'),('20101209-1723','wyclif','liquibase-update-to-latest.xml','2014-10-29 17:19:47',10362,'MARK_RAN','3:25d45d7d5bbff4b24bcc8ff8d34d70d2','Insert Row','Insert a row into the schedule_task_config table for the ConceptIndexUpdateTask',NULL,'2.0.5'),('20101209-1731','wyclif','liquibase-update-to-latest.xml','2014-10-29 17:19:47',10363,'MARK_RAN','3:6de3e859f77856fe939d3ae6a73b4752','Update Data','Setting the value of \'start_on_startup\' to trigger off conceptIndexUpdateTask on startup',NULL,'2.0.5'),('201012092009','djazayeri','liquibase-update-to-latest.xml','2014-10-29 17:19:46',10357,'EXECUTED','3:15a029c4ffe65710a56d402e608d319a','Modify Column (x10)','Increasing length of address fields in person_address and location to 255',NULL,'2.0.5'),('2011-07-12-1947-add-outcomesConcept-to-program','grwarren','liquibase-update-to-latest.xml','2014-10-29 17:19:48',10399,'MARK_RAN','3:ea2bb0a2ddeade662f956ef113d020ab','Add Column, Add Foreign Key Constraint','Adding the outcomesConcept property to Program',NULL,'2.0.5'),('2011-07-12-2005-add-outcome-to-patientprogram','grwarren','liquibase-update-to-latest.xml','2014-10-29 17:19:48',10400,'MARK_RAN','3:57baf47f9b09b3df649742d69be32015','Add Column, Add Foreign Key Constraint','Adding the outcome property to PatientProgram',NULL,'2.0.5'),('201101121434','gbalaji,gobi','liquibase-update-to-latest.xml','2014-10-29 17:19:47',10379,'MARK_RAN','3:96320c51e6e296e9dc65866a61268e45','Drop Column','Dropping unused date_started column from obs table',NULL,'2.0.5'),('201101221453','suho','liquibase-update-to-latest.xml','2014-10-29 17:19:47',10378,'EXECUTED','3:4088d4906026cc1430fa98e04d294b13','Modify Column','Increasing the serialized_data column of serialized_object to hold mediumtext',NULL,'2.0.5'),('20110124-1030','surangak','liquibase-update-to-latest.xml','2014-10-29 17:19:48',10381,'MARK_RAN','3:e17eee5b8c4bb236a0ea6e6ade5abed7','Add Foreign Key Constraint','Adding correct foreign key for concept_answer.answer_drug',NULL,'2.0.5'),('20110125-1435','wyclif','liquibase-update-to-latest.xml','2014-10-29 17:19:47',10372,'MARK_RAN','3:dadd9da1dad5f2863f8f6bb24b29d598','Add Column','Adding \'start_date\' column to person_address table',NULL,'2.0.5'),('20110125-1436','wyclif','liquibase-update-to-latest.xml','2014-10-29 17:19:47',10373,'MARK_RAN','3:68cec89409d2419fe9439f4753a23036','Add Column','Adding \'end_date\' column to person_address table',NULL,'2.0.5'),('201101271456-add-enddate-to-relationship','misha680','liquibase-update-to-latest.xml','2014-10-29 17:19:48',10390,'MARK_RAN','3:b593b864d4a870e3b7ba6b61fda57c8d','Add Column','Adding the end_date column to relationship.',NULL,'2.0.5'),('201101271456-add-startdate-to-relationship','misha680','liquibase-update-to-latest.xml','2014-10-29 17:19:48',10389,'MARK_RAN','3:82020a9f33747f58274196619439781e','Add Column','Adding the start_date column to relationship.',NULL,'2.0.5'),('20110201-1625-1','arahulkmit','liquibase-update-to-latest.xml','2014-10-29 17:19:47',10374,'MARK_RAN','3:4f1b23efba67de1917e312942fe7e744','Add Column','Adding \"date_changed\" column to patient_identifier table',NULL,'2.0.5'),('20110201-1625-2','arahulkmit','liquibase-update-to-latest.xml','2014-10-29 17:19:47',10375,'MARK_RAN','3:01467a1db56ef3db87dc537d40ab22eb','Add Column, Add Foreign Key Constraint','Adding \"changed_by\" column to patient_identifier table',NULL,'2.0.5'),('20110201-1626-1','arahulkmit','liquibase-update-to-latest.xml','2014-10-29 17:19:47',10376,'MARK_RAN','3:63397ce933d1c78309648425fba66a17','Add Column','Adding \"date_changed\" column to relationship table',NULL,'2.0.5'),('20110201-1626-2','arahulkmit','liquibase-update-to-latest.xml','2014-10-29 17:19:47',10377,'MARK_RAN','3:21dae026e42d05b2ebc8fe51408c147f','Add Column, Add Foreign Key Constraint','Adding \"changed_by\" column to relationship table',NULL,'2.0.5'),('201102081800','gbalaji,gobi','liquibase-update-to-latest.xml','2014-10-29 17:19:47',10380,'MARK_RAN','3:779ca58f39b4e3a14a313f8fc416c242','Drop Column','Dropping unused date_stopped column from obs table',NULL,'2.0.5'),('20110218-1206','rubailly','liquibase-update-to-latest.xml','2011-09-15 00:00:00',10013,'MARK_RAN','3:8be61726cd3fed87215557efd284434f',NULL,NULL,NULL,NULL),('20110218-1210','rubailly','liquibase-update-to-latest.xml','2011-09-15 00:00:00',10013,'MARK_RAN','3:4f8818ba08f3a9ce2e2ededfdf5b6fcd',NULL,NULL,NULL,NULL),('201102280948','bwolfe','liquibase-update-to-latest.xml','2014-10-29 17:19:43',10280,'EXECUTED','3:98e1075808582c97377651d02faf8f46','Drop Foreign Key Constraint','Removing the foreign key from users.user_id to person.person_id if it still exists',NULL,'2.0.5'),('20110301-1030a','wyclif','liquibase-update-to-latest.xml','2014-10-29 17:19:48',10414,'MARK_RAN','3:5256e8010fb4c375e2a1ef502176cc2f','Rename Table','Renaming the concept_source table to concept_reference_source',NULL,'2.0.5'),('20110301-1030b','wyclif','liquibase-update-to-latest.xml','2014-10-29 17:19:48',10415,'MARK_RAN','3:6fc5f514cd9c2ee14481a7f0b10a0c7c','Create Table, Add Foreign Key Constraint (x4)','Adding concept_reference_term table',NULL,'2.0.5'),('20110301-1030b-fix','sunbiz','liquibase-update-to-latest.xml','2014-10-29 17:19:48',10416,'EXECUTED','3:3cf3ba141e6571b900e695b49b6c48a9','Modify Column','(Fixed)Change concept_reference_term.retired to BOOLEAN',NULL,'2.0.5'),('20110301-1030c','wyclif','liquibase-update-to-latest.xml','2014-10-29 17:19:48',10417,'MARK_RAN','3:d8407baf728a1db5ad5db7c138cb59cb','Create Table, Add Foreign Key Constraint (x3)','Adding concept_map_type table',NULL,'2.0.5'),('20110301-1030c-fix','sunbiz','liquibase-update-to-latest.xml','2011-09-19 00:00:00',10014,'MARK_RAN','3:c02f2825633f1a43fc9303ac21ba2c02',NULL,NULL,NULL,NULL),('20110301-1030d','wyclif','liquibase-update-to-latest.xml','2014-10-29 17:19:48',10418,'MARK_RAN','3:222ef47c65625a17c268a8f68edaa16e','Rename Table','Renaming the concept_map table to concept_reference_map',NULL,'2.0.5'),('20110301-1030e','wyclif','liquibase-update-to-latest.xml','2014-10-29 17:19:48',10419,'MARK_RAN','3:50be921cf53ce4a357afc0bac8928495','Add Column','Adding concept_reference_term_id column to concept_reference_map table',NULL,'2.0.5'),('20110301-1030f','wyclif','liquibase-update-to-latest.xml','2014-10-29 17:19:48',10420,'MARK_RAN','3:5faead5506cbcde69490fef985711d66','Custom Change','Inserting core concept map types',NULL,'2.0.5'),('20110301-1030g','wyclif','liquibase-update-to-latest.xml','2014-10-29 17:19:48',10421,'MARK_RAN','3:affc4d2a4e3143046cfb75b583c7399a','Add Column, Add Foreign Key Constraint','Adding concept_map_type_id column and a foreign key constraint to concept_reference_map table',NULL,'2.0.5'),('20110301-1030h','wyclif','liquibase-update-to-latest.xml','2014-10-29 17:19:48',10422,'MARK_RAN','3:4bf584dc7b25a180cc82edb56e1b0e5b','Add Column, Add Foreign Key Constraint','Adding changed_by column and a foreign key constraint to concept_reference_map table',NULL,'2.0.5'),('20110301-1030i','wyclif','liquibase-update-to-latest.xml','2014-10-29 17:19:48',10423,'MARK_RAN','3:f4d0468db79007d0355f6f461603b2f7','Add Column','Adding date_changed column and a foreign key constraint to concept_reference_map table',NULL,'2.0.5'),('20110301-1030j','wyclif','liquibase-update-to-latest.xml','2014-10-29 17:19:48',10424,'MARK_RAN','3:a7dc8b89e37fe36263072b43670d7f11','Create Table, Add Foreign Key Constraint (x5)','Adding concept_reference_term_map table',NULL,'2.0.5'),('20110301-1030m','wyclif','liquibase-update-to-latest.xml','2014-10-29 17:19:48',10425,'MARK_RAN','3:b286407bfcdf3853512cb15009c816f1','Custom Change','Creating concept reference terms from existing rows in the concept_reference_map table',NULL,'2.0.5'),('20110301-1030n','wyclif','liquibase-update-to-latest.xml','2014-10-29 17:19:48',10426,'MARK_RAN','3:01868c1383e5c9c409282b50e67e878c','Add Foreign Key Constraint','Adding foreign key constraint to concept_reference_map.concept_reference_term_id column',NULL,'2.0.5'),('20110301-1030o','wyclif','liquibase-update-to-latest.xml','2014-10-29 17:19:49',10427,'MARK_RAN','3:eea9343959864edea569d5a2a2358469','Drop Foreign Key Constraint','Dropping foreign key constraint on concept_reference_map.source column',NULL,'2.0.5'),('20110301-1030p','wyclif','liquibase-update-to-latest.xml','2014-10-29 17:19:49',10428,'MARK_RAN','3:01bf8c07a05f22df2286a4ee27a7acb4','Drop Column','Dropping concept_reference_map.source column',NULL,'2.0.5'),('20110301-1030q','wyclif','liquibase-update-to-latest.xml','2014-10-29 17:19:49',10429,'MARK_RAN','3:f45caaf1c7daa7f2cb036f46a20aa4b1','Drop Column','Dropping concept_reference_map.source_code column',NULL,'2.0.5'),('20110301-1030r','wyclif','liquibase-update-to-latest.xml','2014-10-29 17:19:49',10430,'MARK_RAN','3:23fd6bc96ee0a497cf330ed24ec0075b','Drop Column','Dropping concept_reference_map.comment column',NULL,'2.0.5'),('201103011751','abbas','liquibase-update-to-latest.xml','2014-10-29 17:19:48',10382,'EXECUTED','3:4857dcbefa75784da912bca5caba21b5','Create Table, Add Foreign Key Constraint (x3)','Create the person_merge_log table',NULL,'2.0.5'),('20110326-1','Knoll_Frank','liquibase-update-to-latest.xml','2014-10-29 17:19:50',10457,'EXECUTED','3:3376a34edf88bf2868fd75ba2fb0f6c3','Add Column, Add Foreign Key Constraint','Add obs.previous_version column (TRUNK-420)',NULL,'2.0.5'),('20110326-2','Knoll_Frank','liquibase-update-to-latest.xml','2014-10-29 17:19:50',10460,'EXECUTED','3:7c068bfe918b9d87fefa9f8508e92f58','Custom SQL','Fix all the old void_reason content and add in the new previous_version to the matching obs row (POTENTIALLY VERY SLOW FOR LARGE OBS TABLES)',NULL,'2.0.5'),('20110329-2317','wyclif','liquibase-update-to-latest.xml','2014-10-29 17:19:48',10383,'EXECUTED','3:371be45e2a3616ce17b6f50862ca196d','Delete Data','Removing \'View Encounters\' privilege from Anonymous user',NULL,'2.0.5'),('20110329-2318','wyclif','liquibase-update-to-latest.xml','2014-10-29 17:19:48',10384,'EXECUTED','3:eb2ece117d8508e843d11eeed7676b21','Delete Data','Removing \'View Observations\' privilege from Anonymous user',NULL,'2.0.5'),('20110425-1600-create-visit-attribute-type-table','djazayeri','liquibase-update-to-latest.xml','2014-10-29 17:19:48',10391,'MARK_RAN','3:3cf419ea9657f9a072881cafb2543d77','Create Table, Add Foreign Key Constraint (x3)','Creating visit_attribute_type table',NULL,'2.0.5'),('20110425-1600-create-visit-attribute-type-table-fix','sunbiz','liquibase-update-to-latest.xml','2014-10-29 17:19:48',10392,'EXECUTED','3:e4b62b99750c9ee4c213a7bc3101f8a6','Modify Column','(Fixed)Change visit_attribute_type.retired to BOOLEAN',NULL,'2.0.5'),('20110425-1700-create-visit-attribute-table','djazayeri','liquibase-update-to-latest.xml','2014-10-29 17:19:48',10394,'MARK_RAN','3:24e1e30a41f9f5d92f337444fb45402a','Create Table, Add Foreign Key Constraint (x5)','Creating visit_attribute table',NULL,'2.0.5'),('20110425-1700-create-visit-attribute-table-fix','sunbiz','liquibase-update-to-latest.xml','2014-10-29 17:19:48',10395,'EXECUTED','3:8ab9102da66058c326c0a5089de053e8','Modify Column','(Fixed)Change visit_attribute.voided to BOOLEAN',NULL,'2.0.5'),('20110426-11701','zabil','liquibase-update-to-latest.xml','2014-10-29 17:19:49',10436,'MARK_RAN','3:56caae006a3af14242e2ea57627004c7','Create Table, Add Foreign Key Constraint (x4)','Create provider table',NULL,'2.0.5'),('20110426-11701-create-provider-table','dkayiwa','liquibase-schema-only.xml','2014-10-29 17:19:11',87,'EXECUTED','3:56caae006a3af14242e2ea57627004c7','Create Table, Add Foreign Key Constraint (x4)','Create provider table',NULL,'2.0.5'),('20110426-11701-fix','sunbiz','liquibase-update-to-latest.xml','2014-10-29 17:19:49',10437,'EXECUTED','3:f222ec7d41ce0255c667fd79b70bffd2','Modify Column','(Fixed)Change provider.retired to BOOLEAN',NULL,'2.0.5'),('20110510-11702-create-provider-attribute-type-table','zabil','liquibase-update-to-latest.xml','2014-10-29 17:19:49',10438,'EXECUTED','3:7478ac84804d46a4f2b3daa63efe99be','Create Table, Add Foreign Key Constraint (x3)','Creating provider_attribute_type table',NULL,'2.0.5'),('20110510-11702-create-provider-attribute-type-table-fix','sunbiz','liquibase-update-to-latest.xml','2014-10-29 17:19:49',10439,'EXECUTED','3:479636c7572a649889527f670eaff533','Modify Column','(Fixed)Change provider_attribute_type.retired to BOOLEAN',NULL,'2.0.5'),('20110628-1400-create-provider-attribute-table','kishoreyekkanti','liquibase-update-to-latest.xml','2014-10-29 17:19:49',10441,'EXECUTED','3:298aaacafd48547be294f4c9b7c40d35','Create Table, Add Foreign Key Constraint (x5)','Creating provider_attribute table',NULL,'2.0.5'),('20110628-1400-create-provider-attribute-table-fix','sunbiz','liquibase-update-to-latest.xml','2014-10-29 17:19:49',10442,'EXECUTED','3:14d85967e968d0bcd7a49ddeb6f3e540','Modify Column','(Fixed)Change provider_attribute.voided to BOOLEAN',NULL,'2.0.5'),('20110705-2300-create-encounter-role-table','kishoreyekkanti','liquibase-update-to-latest.xml','2014-10-29 17:19:49',10443,'MARK_RAN','3:a381ef81f10e4f7443b4d4c8d6231de8','Create Table, Add Foreign Key Constraint (x3)','Creating encounter_role table',NULL,'2.0.5'),('20110705-2300-create-encounter-role-table-fix','sunbiz','liquibase-update-to-latest.xml','2014-10-29 17:19:49',10444,'EXECUTED','3:bed2af9d6c3d49eacbdaf2174e682671','Modify Column','(Fixed)Change encounter_role.retired to BOOLEAN',NULL,'2.0.5'),('20110705-2311-create-encounter-role-table','dkayiwa','liquibase-schema-only.xml','2014-10-29 17:19:11',88,'EXECUTED','3:a381ef81f10e4f7443b4d4c8d6231de8','Create Table, Add Foreign Key Constraint (x3)','Creating encounter_role table',NULL,'2.0.5'),('20110708-2105','cta','liquibase-update-to-latest.xml','2014-10-29 17:19:48',10398,'MARK_RAN','3:a20e9bb27a1aca73a646ad81ef2b9deb','Add Unique Constraint','Add unique constraint to the concept_source table',NULL,'2.0.5'),('201107192313-change-length-of-regex-column','jtellez','liquibase-update-to-latest.xml','2014-10-29 17:19:48',10396,'EXECUTED','3:db001544cc0f5a1ff42524a9292b028b','Modify Column','Increasing maximum length of patient identifier type regex format',NULL,'2.0.5'),('20110811-1205-create-encounter-provider-table','sree/vishnu','liquibase-update-to-latest.xml','2014-10-29 17:19:49',10445,'EXECUTED','3:e20ca5412e37df98c58a39552aafb5ad','Create Table, Add Foreign Key Constraint (x3)','Creating encounter_provider table',NULL,'2.0.5'),('20110811-1205-create-encounter-provider-table-fix','sunbiz','liquibase-update-to-latest.xml','2014-10-29 17:19:50',10446,'EXECUTED','3:8decefa15168e68297f5f2782991c552','Modify Column','(Fixed)Change encounter_provider.voided to BOOLEAN',NULL,'2.0.5'),('20110817-1544-create-location-attribute-type-table','djazayeri','liquibase-update-to-latest.xml','2014-10-29 17:19:48',10401,'MARK_RAN','3:41fa30c01ec2d1107beccb8126146464','Create Table, Add Foreign Key Constraint (x3)','Creating location_attribute_type table',NULL,'2.0.5'),('20110817-1544-create-location-attribute-type-table-fix','sunbiz','liquibase-update-to-latest.xml','2014-10-29 17:19:48',10402,'EXECUTED','3:53aff6217c6a9a8f1ca414703b1a8720','Modify Column','(Fixed)Change visit_attribute.retired to BOOLEAN',NULL,'2.0.5'),('20110817-1601-create-location-attribute-table','djazayeri','liquibase-update-to-latest.xml','2014-10-29 17:19:48',10404,'MARK_RAN','3:c7cb1b35d68451d10badeb445df599b9','Create Table, Add Foreign Key Constraint (x5)','Creating location_attribute table',NULL,'2.0.5'),('20110817-1601-create-location-attribute-table-fix','sunbiz','liquibase-update-to-latest.xml','2014-10-29 17:19:48',10405,'EXECUTED','3:2450e230f3eda291203485bca6904377','Modify Column','(Fixed)Change visit_attribute.retired to BOOLEAN',NULL,'2.0.5'),('20110819-1455-insert-unknown-encounter-role','raff','liquibase-update-to-latest.xml','2014-10-29 17:19:50',10447,'EXECUTED','3:bfe0b994a3c0a62d0d4c8f7d941991c7','Insert Row','Inserting the unknown encounter role into the encounter_role table',NULL,'2.0.5'),('20110825-1000-creating-providers-for-persons-from-encounter','raff','liquibase-update-to-latest.xml','2014-10-29 17:19:50',10448,'EXECUTED','3:216ab5057dca5471de69124e93953d96','Custom SQL','Creating providers for persons from the encounter table',NULL,'2.0.5'),('20110825-1000-drop-provider-id-column-from-encounter-table','raff','liquibase-update-to-latest.xml','2014-10-29 17:19:50',10450,'EXECUTED','3:2137e4b5198aa5f12059ee0e8837fb04','Drop Foreign Key Constraint, Drop Column','Dropping the provider_id column from the encounter table',NULL,'2.0.5'),('20110825-1000-migrating-providers-to-encounter-provider','raff','liquibase-update-to-latest.xml','2014-10-29 17:19:50',10449,'EXECUTED','3:e7c39080453e862d5a4013c48c9225fc','Custom SQL','Migrating providers from the encounter table to the encounter_provider table',NULL,'2.0.5'),('2011091-0749','sunbiz','liquibase-schema-only.xml','2014-10-29 17:19:11',125,'EXECUTED','3:3534020f1c68f70b0e9851d47a4874d6','Create Index','',NULL,'2.0.5'),('2011091-0750','sunbiz','liquibase-schema-only.xml','2014-10-29 17:19:11',126,'EXECUTED','3:f058162398862f0bdebc12d7eb54551b','Create Index','',NULL,'2.0.5'),('20110913-0300','sunbiz','liquibase-update-to-latest.xml','2014-10-29 17:19:49',10431,'MARK_RAN','3:7ad8f362e4cc6df6e37135cc37546d0d','Drop Foreign Key Constraint, Add Foreign Key Constraint','Remove ON DELETE CASCADE from relationship table for person_a',NULL,'2.0.5'),('20110913-0300b','sunbiz','liquibase-update-to-latest.xml','2014-10-29 17:19:49',10432,'MARK_RAN','3:2486028ce670bdea2a5ced509a335170','Drop Foreign Key Constraint, Add Foreign Key Constraint','Remove ON DELETE CASCADE from relationship table for person_b',NULL,'2.0.5'),('20110914-0104','sunbiz','liquibase-schema-only.xml','2014-10-29 17:19:13',317,'EXECUTED','3:b1811e5e43321192b275d6e2fe2fa564','Add Foreign Key Constraint','',NULL,'2.0.5'),('20110914-0114','sunbiz','liquibase-schema-only.xml','2014-10-29 17:19:10',69,'EXECUTED','3:dac2ff60a4f99315d68948e9582af011','Create Table','',NULL,'2.0.5'),('20110914-0117','sunbiz','liquibase-schema-only.xml','2014-10-29 17:19:13',318,'EXECUTED','3:5b7f746286a955da60c9fec8d663a0e3','Add Foreign Key Constraint','',NULL,'2.0.5'),('20110914-0228','sunbiz','liquibase-core-data.xml','2014-10-29 17:19:17',10036,'EXECUTED','3:4abd556e3f3d1f366e24aeabd58a4f32','Custom SQL','Switched the default xslt to use PV1-19 instead of PV1-1',NULL,'2.0.5'),('20110914-0245','sunbiz','liquibase-schema-only.xml','2014-10-29 17:19:13',319,'EXECUTED','3:48cdf2b28fcad687072ac8133e46cba6','Add Unique Constraint','',NULL,'2.0.5'),('20110914-0306','sunbiz','liquibase-schema-only.xml','2014-10-29 17:19:10',70,'EXECUTED','3:037f98fda886cde764171990d168e97d','Create Table','',NULL,'2.0.5'),('20110914-0308','sunbiz','liquibase-schema-only.xml','2014-10-29 17:19:13',320,'EXECUTED','3:6309ad633777b0faf1d9fa394699a789','Add Foreign Key Constraint','',NULL,'2.0.5'),('20110914-0310','sunbiz','liquibase-schema-only.xml','2014-10-29 17:19:13',321,'EXECUTED','3:8c53c44af44d75aadf6cedfc9d13ded1','Add Foreign Key Constraint','',NULL,'2.0.5'),('20110914-0312','sunbiz','liquibase-schema-only.xml','2014-10-29 17:19:10',71,'EXECUTED','3:2a39901427c9e7b84c8578ff7b3099bb','Create Table','',NULL,'2.0.5'),('20110914-0314','sunbiz','liquibase-schema-only.xml','2014-10-29 17:19:14',322,'EXECUTED','3:9cbe2e14482f88864f94d5e630a88b62','Add Foreign Key Constraint','',NULL,'2.0.5'),('20110914-0315','sunbiz','liquibase-schema-only.xml','2014-10-29 17:19:14',323,'EXECUTED','3:18cd917d56887ad924dad367470a8461','Add Foreign Key Constraint','',NULL,'2.0.5'),('20110914-0317','sunbiz','liquibase-schema-only.xml','2014-10-29 17:19:11',98,'EXECUTED','3:cffbf258ca090d095401957df4168175','Add Primary Key','',NULL,'2.0.5'),('20110914-0321','sunbiz','liquibase-schema-only.xml','2014-10-29 17:19:14',324,'EXECUTED','3:67723ac8a4583366b78c9edc413f89eb','Add Foreign Key Constraint','',NULL,'2.0.5'),('20110914-0434','sunbiz','liquibase-schema-only.xml','2014-10-29 17:19:14',326,'EXECUTED','3:081831e316a82683102f298a91116e92','Add Foreign Key Constraint','',NULL,'2.0.5'),('20110914-0435','sunbiz','liquibase-schema-only.xml','2014-10-29 17:19:14',327,'EXECUTED','3:03fa6c6a37a61480c95d5b75e30d4846','Add Foreign Key Constraint','',NULL,'2.0.5'),('20110914-0448','sunbiz','liquibase-schema-only.xml','2014-10-29 17:19:10',72,'EXECUTED','3:ffa1ef2b17d77f87dccbdea0c51249de','Create Table','',NULL,'2.0.5'),('20110914-0453','sunbiz','liquibase-schema-only.xml','2014-10-29 17:19:14',325,'EXECUTED','3:ea43c7690888a7fd47aa7ba39f8006e2','Add Foreign Key Constraint','',NULL,'2.0.5'),('20110914-0509','sunbiz','liquibase-schema-only.xml','2014-10-29 17:19:11',122,'EXECUTED','3:d29884c3ef8fd867c3c2ffbd557c14c2','Create Index','',NULL,'2.0.5'),('20110914-0943','sunbiz','liquibase-schema-only.xml','2014-10-29 17:19:11',123,'EXECUTED','3:c48f2441d83f121db30399d9cd5f7f8b','Create Index','',NULL,'2.0.5'),('20110914-0945','sunbiz','liquibase-schema-only.xml','2014-10-29 17:19:14',328,'EXECUTED','3:ea1fbb819a84a853b4a97f93bd5b8600','Add Foreign Key Constraint','',NULL,'2.0.5'),('20110914-0956','sunbiz','liquibase-schema-only.xml','2014-10-29 17:19:11',124,'EXECUTED','3:719aa7e4120c11889d91214196acfd4c','Create Index','',NULL,'2.0.5'),('20110914-0958','sunbiz','liquibase-schema-only.xml','2014-10-29 17:19:14',329,'EXECUTED','3:ad98b3c7ae60001d0e0a7b927177fb72','Add Foreign Key Constraint','',NULL,'2.0.5'),('20110915-0258','sunbiz','liquibase-schema-only.xml','2014-10-29 17:19:14',330,'EXECUTED','3:bd7731e58f3db9b944905597a08eb6cb','Add Foreign Key Constraint','',NULL,'2.0.5'),('20110915-0259','sunbiz','liquibase-schema-only.xml','2014-10-29 17:19:14',331,'EXECUTED','3:11086a37155507c0238c9532f66b172b','Add Foreign Key Constraint','',NULL,'2.0.5'),('20110915-0357','sunbiz','liquibase-schema-only.xml','2014-10-29 17:19:14',332,'EXECUTED','3:05d531e66cbc42e1eb2d42c8bcf20bc8','Add Foreign Key Constraint','',NULL,'2.0.5'),('20110915-0547','sunbiz','liquibase-schema-only.xml','2014-10-29 17:19:14',333,'EXECUTED','3:f3b0fc223476060082626b3849ee20ad','Add Foreign Key Constraint','',NULL,'2.0.5'),('20110915-0552','sunbiz','liquibase-schema-only.xml','2014-10-29 17:19:14',334,'EXECUTED','3:46e5067fb13cefd224451b25abbd03ae','Add Foreign Key Constraint','',NULL,'2.0.5'),('20110915-0603','sunbiz','liquibase-schema-only.xml','2014-10-29 17:19:14',335,'EXECUTED','3:ca4f567e4d75ede0553e8b32012e4141','Add Foreign Key Constraint','',NULL,'2.0.5'),('20110915-0610','sunbiz','liquibase-schema-only.xml','2014-10-29 17:19:14',336,'EXECUTED','3:d6c6a22571e304640b2ff1be52c76977','Add Foreign Key Constraint','',NULL,'2.0.5'),('20110915-0634','sunbiz','liquibase-schema-only.xml','2014-10-29 17:19:14',337,'EXECUTED','3:c6dd75893e5573baa0c7426ecccaa92d','Add Foreign Key Constraint','',NULL,'2.0.5'),('20110915-0751','sunbiz','liquibase-core-data.xml','2014-10-29 17:19:17',10028,'EXECUTED','3:010949e257976520a6e8c87e419c9435','Insert Row','',NULL,'2.0.5'),('20110915-0803','sunbiz','liquibase-core-data.xml','2014-10-29 17:19:17',10037,'EXECUTED','3:4a09e1959df71d38fa77b249bf032edc','Insert Row','',NULL,'2.0.5'),('20110915-0823','sunbiz','liquibase-schema-only.xml','2014-10-29 17:19:14',338,'EXECUTED','3:beb831615b748a06a8b21dcaeba8c40d','Add Foreign Key Constraint','',NULL,'2.0.5'),('20110915-0824','sunbiz','liquibase-schema-only.xml','2014-10-29 17:19:14',339,'EXECUTED','3:90f1a69f5cae1d2b3b3a2fa8cb1bace2','Add Foreign Key Constraint','',NULL,'2.0.5'),('20110915-0825','sunbiz','liquibase-schema-only.xml','2014-10-29 17:19:10',74,'EXECUTED','3:17eab4b1c4c36b54d8cf8ca26083105c','Create Table','',NULL,'2.0.5'),('20110915-0836','sunbiz','liquibase-schema-only.xml','2014-10-29 17:19:14',340,'EXECUTED','3:53f76b5f2c20d5940518a1b14ebab33e','Add Foreign Key Constraint','',NULL,'2.0.5'),('20110915-0837','sunbiz','liquibase-schema-only.xml','2014-10-29 17:19:14',341,'EXECUTED','3:936ecde7ac26efdd1a4c29260183609c','Add Foreign Key Constraint','',NULL,'2.0.5'),('20110915-0838','sunbiz','liquibase-schema-only.xml','2014-10-29 17:19:14',342,'EXECUTED','3:fc1e68e753194b2f83e014daa0f7cb3e','Add Foreign Key Constraint','',NULL,'2.0.5'),('20110915-0839','sunbiz','liquibase-schema-only.xml','2014-10-29 17:19:14',343,'EXECUTED','3:90bfb3d0edfcfc8091a2ffd943a54e88','Add Foreign Key Constraint','',NULL,'2.0.5'),('20110915-0840','sunbiz','liquibase-schema-only.xml','2014-10-29 17:19:14',344,'EXECUTED','3:9af8eca0bc6b58c3816f871d9f6d5af8','Add Foreign Key Constraint','',NULL,'2.0.5'),('20110915-0841','sunbiz','liquibase-schema-only.xml','2014-10-29 17:19:14',345,'EXECUTED','3:2ca812616a13bac6b0463bf26b9a0fe3','Add Foreign Key Constraint','',NULL,'2.0.5'),('20110915-0842','sunbiz','liquibase-schema-only.xml','2014-10-29 17:19:14',346,'EXECUTED','3:4fd619ffdedac0cf141a7dd1b6e92f9b','Add Foreign Key Constraint','',NULL,'2.0.5'),('20110915-0845','sunbiz','liquibase-schema-only.xml','2014-10-29 17:19:10',75,'EXECUTED','3:4e799d7e5a15e823116caa01ab7ed808','Create Table','',NULL,'2.0.5'),('20110915-0846','sunbiz','liquibase-schema-only.xml','2014-10-29 17:19:14',347,'EXECUTED','3:a41f6272aa79f3259ba24f0a31c51e72','Add Foreign Key Constraint','',NULL,'2.0.5'),('20110915-0847','sunbiz','liquibase-schema-only.xml','2014-10-29 17:19:10',76,'EXECUTED','3:8c1e49cd3d6402648ee7732ba9948785','Create Table','',NULL,'2.0.5'),('20110915-0848','sunbiz','liquibase-core-data.xml','2014-10-29 17:19:17',10038,'EXECUTED','3:cf7989886ae2624508fdf64b7b656727','Insert Row (x2)','',NULL,'2.0.5'),('20110915-0848','sunbiz','liquibase-schema-only.xml','2014-10-29 17:19:10',77,'EXECUTED','3:071de39e44036bd8adb2b24b011b7369','Create Table','',NULL,'2.0.5'),('20110915-0903','sunbiz','liquibase-schema-only.xml','2014-10-29 17:19:14',348,'EXECUTED','3:b6260c13bf055f7917c155596502a24b','Add Foreign Key Constraint','',NULL,'2.0.5'),('20110915-1045','sunbiz','liquibase-schema-only.xml','2014-10-29 17:19:11',127,'EXECUTED','3:8612ede2553aab53950fa43d2f8def32','Create Index','',NULL,'2.0.5'),('20110915-1049','sunbiz','liquibase-schema-only.xml','2014-10-29 17:19:14',349,'EXECUTED','3:b71f1caa3d14aa6282ef58e2a002f999','Add Foreign Key Constraint','',NULL,'2.0.5'),('20110915-1051','sunbiz','liquibase-schema-only.xml','2014-10-29 17:19:11',128,'EXECUTED','3:26c8ae0c53225f82d4c2a85c09ad9785','Create Index','',NULL,'2.0.5'),('20110915-1052','sunbiz','liquibase-schema-only.xml','2014-10-29 17:19:11',129,'EXECUTED','3:1efabdfd082ff2b0a34f570831f74ce5','Create Index','',NULL,'2.0.5'),('20110915-1053','sunbiz','liquibase-schema-only.xml','2014-10-29 17:19:11',130,'EXECUTED','3:00273104184bb4d2bb7155befc77efc3','Create Index','',NULL,'2.0.5'),('20110915-1103','sunbiz','liquibase-schema-only.xml','2014-10-29 17:19:11',131,'EXECUTED','3:29b35d66dc4168e03e1844296e309327','Create Index','',NULL,'2.0.5'),('20110915-1104','sunbiz','liquibase-schema-only.xml','2014-10-29 17:19:11',132,'EXECUTED','3:d63107017bdcef0e28d7ad5e4df21ae5','Create Index','',NULL,'2.0.5'),('20110915-1107','sunbiz','liquibase-core-data.xml','2014-10-29 17:19:17',10039,'EXECUTED','3:18eb4edef88534b45b384e6bc3ccce75','Insert Row','',NULL,'2.0.5'),('20110915-1133','sunbiz','liquibase-schema-only.xml','2014-10-29 17:19:11',133,'EXECUTED','3:fea4ad8ce44911eeaab8ac8c1cc9122d','Create Index','',NULL,'2.0.5'),('20110915-1135','sunbiz','liquibase-schema-only.xml','2014-10-29 17:19:14',350,'EXECUTED','3:f0bc11508a871044f5a572b7f8103d52','Add Foreign Key Constraint','',NULL,'2.0.5'),('20110915-1148','sunbiz','liquibase-schema-only.xml','2014-10-29 17:19:14',351,'EXECUTED','3:a5ef601dc184a85e988eded2f1f82dcb','Add Unique Constraint','',NULL,'2.0.5'),('20110915-1149','sunbiz','liquibase-core-data.xml','2014-10-29 17:19:17',10040,'EXECUTED','3:83534d43a9a9cc1ea3a80f1d5f5570af','Insert Row (x10)','',NULL,'2.0.5'),('20110915-1202','sunbiz','liquibase-schema-only.xml','2014-10-29 17:19:14',352,'EXECUTED','3:2c58f7f1e2450c60898bffe6933c9b34','Add Foreign Key Constraint','',NULL,'2.0.5'),('20110915-1203','sunbiz','liquibase-schema-only.xml','2014-10-29 17:19:14',353,'EXECUTED','3:5bce62082a32d3624854a198d3fa35b7','Add Foreign Key Constraint','',NULL,'2.0.5'),('20110915-1210','sunbiz','liquibase-schema-only.xml','2014-10-29 17:19:14',354,'EXECUTED','3:e17eee5b8c4bb236a0ea6e6ade5abed7','Add Foreign Key Constraint','',NULL,'2.0.5'),('20110915-1215','sunbiz','liquibase-schema-only.xml','2014-10-29 17:19:10',73,'EXECUTED','3:d772a6a8adedbb1c012dac58ffb221c3','Create Table','',NULL,'2.0.5'),('20110915-1222','sunbiz','liquibase-schema-only.xml','2014-10-29 17:19:10',78,'EXECUTED','3:25ce4e3219f2b8c85e06d47dfc097382','Create Table','',NULL,'2.0.5'),('20110915-1225','sunbiz','liquibase-schema-only.xml','2014-10-29 17:19:14',355,'EXECUTED','3:2d4f77176fd59955ff719c46ae8b0cfc','Add Foreign Key Constraint','',NULL,'2.0.5'),('20110915-1226','sunbiz','liquibase-schema-only.xml','2014-10-29 17:19:14',356,'EXECUTED','3:66155de3997745548dbca510649cd09d','Add Foreign Key Constraint','',NULL,'2.0.5'),('20110915-1227','sunbiz','liquibase-schema-only.xml','2014-10-29 17:19:14',357,'EXECUTED','3:6700b07595d6060269b86903d08bb2a5','Add Foreign Key Constraint','',NULL,'2.0.5'),('20110915-1231','sunbiz','liquibase-schema-only.xml','2014-10-29 17:19:10',79,'EXECUTED','3:e9f6104a25d8b37146b27e568b6e3d3f','Create Table','',NULL,'2.0.5'),('20110915-1240','sunbiz','liquibase-schema-only.xml','2014-10-29 17:19:14',358,'EXECUTED','3:5a30b62738cf57a4804310add8f71b6a','Add Foreign Key Constraint','',NULL,'2.0.5'),('20110915-1241','sunbiz','liquibase-schema-only.xml','2014-10-29 17:19:14',359,'EXECUTED','3:a48aa09c19549e43fc538a70380ae61f','Add Foreign Key Constraint','',NULL,'2.0.5'),('20110915-1242','sunbiz','liquibase-schema-only.xml','2014-10-29 17:19:14',360,'EXECUTED','3:e0e23621fabe23f3f04c4d13105d528c','Add Foreign Key Constraint','',NULL,'2.0.5'),('20110915-1243','sunbiz','liquibase-schema-only.xml','2014-10-29 17:19:14',361,'EXECUTED','3:1d15d848cefc39090e90f3ea78f3cedc','Add Foreign Key Constraint','',NULL,'2.0.5'),('20110915-1244','sunbiz','liquibase-schema-only.xml','2014-10-29 17:19:14',362,'EXECUTED','3:6c5b2018afd741a3c7e39c563212df57','Add Foreign Key Constraint','',NULL,'2.0.5'),('20110915-1245','sunbiz','liquibase-schema-only.xml','2014-10-29 17:19:14',363,'EXECUTED','3:9b5b112797deb6eddc9f0fc01254e378','Add Foreign Key Constraint','',NULL,'2.0.5'),('20110915-1246','sunbiz','liquibase-schema-only.xml','2014-10-29 17:19:14',364,'EXECUTED','3:290a8c07c70dd6a5fe85be2d747ff0d8','Add Foreign Key Constraint','',NULL,'2.0.5'),('20110915-1247','sunbiz','liquibase-schema-only.xml','2014-10-29 17:19:11',134,'EXECUTED','3:0644f13c7f4bb764d3b17ad160bd8d41','Create Index','',NULL,'2.0.5'),('20110915-1248','sunbiz','liquibase-schema-only.xml','2014-10-29 17:19:14',365,'EXECUTED','3:5b42d27a7c7edfeb021e1dcfed0f33b3','Add Foreign Key Constraint','',NULL,'2.0.5'),('20110915-1258','sunbiz','liquibase-schema-only.xml','2014-10-29 17:19:10',80,'EXECUTED','3:07687ca4ba9b942a862a41dd9026bc9d','Create Table','',NULL,'2.0.5'),('20110915-1301','sunbiz','liquibase-schema-only.xml','2014-10-29 17:19:14',366,'EXECUTED','3:ef3a47a3fdd809ef4269e9643add2abd','Add Foreign Key Constraint','',NULL,'2.0.5'),('20110915-1302','sunbiz','liquibase-schema-only.xml','2014-10-29 17:19:14',367,'EXECUTED','3:e36c12350ebfbd624bdc6a6599410c85','Add Foreign Key Constraint','',NULL,'2.0.5'),('20110915-1303','sunbiz','liquibase-schema-only.xml','2014-10-29 17:19:14',368,'EXECUTED','3:5917c5e09a3f6077b728a576cd9bacb3','Add Foreign Key Constraint','',NULL,'2.0.5'),('20110915-1307','sunbiz','liquibase-schema-only.xml','2014-10-29 17:19:11',81,'EXECUTED','3:957d888738541ed76dda53e222079fa3','Create Table','',NULL,'2.0.5'),('20110915-1311','sunbiz','liquibase-schema-only.xml','2014-10-29 17:19:15',392,'EXECUTED','3:e88c86892fafb2f897f72a85c66954c0','Add Foreign Key Constraint','',NULL,'2.0.5'),('20110915-1312','sunbiz','liquibase-schema-only.xml','2014-10-29 17:19:14',369,'EXECUTED','3:fe2641c56b27b429c1c4a150e1b9af18','Add Foreign Key Constraint','',NULL,'2.0.5'),('20110915-1313','sunbiz','liquibase-schema-only.xml','2014-10-29 17:19:14',370,'EXECUTED','3:5c7ab96d3967d1ce4e00ebe23f4c4f6e','Add Foreign Key Constraint','',NULL,'2.0.5'),('20110915-1314','sunbiz','liquibase-schema-only.xml','2014-10-29 17:19:14',371,'EXECUTED','3:22902323fcd541f18ca0cb4f38299cb4','Add Foreign Key Constraint','',NULL,'2.0.5'),('20110915-1315','sunbiz','liquibase-schema-only.xml','2014-10-29 17:19:14',372,'EXECUTED','3:dd0d198da3d5d01f93d9acc23e89d51c','Add Foreign Key Constraint','',NULL,'2.0.5'),('20110915-1316','sunbiz','liquibase-schema-only.xml','2014-10-29 17:19:14',373,'EXECUTED','3:f22027f3fc0b1a3a826dc5d810fcd936','Add Foreign Key Constraint','',NULL,'2.0.5'),('20110915-1317','sunbiz','liquibase-schema-only.xml','2014-10-29 17:19:14',374,'EXECUTED','3:68aa00c9f2faa61031d0b4544f4cb31b','Add Unique Constraint','',NULL,'2.0.5'),('20110915-1320','sunbiz','liquibase-schema-only.xml','2014-10-29 17:19:14',375,'EXECUTED','3:5d6a55ee33c33414cccc8b46776a36a4','Add Foreign Key Constraint','',NULL,'2.0.5'),('20110915-1323','sunbiz','liquibase-schema-only.xml','2014-10-29 17:19:14',376,'EXECUTED','3:4c3b84570d45b23d363f6ee76acd966f','Add Foreign Key Constraint','',NULL,'2.0.5'),('20110915-1325','sunbiz','liquibase-schema-only.xml','2014-10-29 17:19:11',82,'EXECUTED','3:0813953451c461376a6ab5a13e4654dd','Create Table','',NULL,'2.0.5'),('20110915-1327','sunbiz','liquibase-schema-only.xml','2014-10-29 17:19:15',377,'EXECUTED','3:3c8aaca28033c8a01e4bceb7421f8e8e','Add Foreign Key Constraint','',NULL,'2.0.5'),('20110915-1328','sunbiz','liquibase-schema-only.xml','2014-10-29 17:19:15',378,'EXECUTED','3:05b6e994f2a09b23826264d31f275b5e','Add Foreign Key Constraint','',NULL,'2.0.5'),('20110915-1329','sunbiz','liquibase-schema-only.xml','2014-10-29 17:19:15',379,'EXECUTED','3:40729ae012b9ed8bd55439b233ec10cc','Add Foreign Key Constraint','',NULL,'2.0.5'),('20110915-1337','sunbiz','liquibase-schema-only.xml','2014-10-29 17:19:11',83,'EXECUTED','3:06fd47a34713fad9678463bba9675496','Create Table','',NULL,'2.0.5'),('20110915-1342','sunbiz','liquibase-schema-only.xml','2014-10-29 17:19:15',380,'EXECUTED','3:bb52caf0ec6e80e24d6fc0c7f2c95631','Add Foreign Key Constraint','',NULL,'2.0.5'),('20110915-1343','sunbiz','liquibase-schema-only.xml','2014-10-29 17:19:15',381,'EXECUTED','3:b36c3436facfe7c9371f7780ebb8701d','Add Foreign Key Constraint','',NULL,'2.0.5'),('20110915-1344','sunbiz','liquibase-schema-only.xml','2014-10-29 17:19:15',382,'EXECUTED','3:010fa7bc125bcb8caa320d38a38a7e3f','Add Foreign Key Constraint','',NULL,'2.0.5'),('20110915-1345','sunbiz','liquibase-schema-only.xml','2014-10-29 17:19:15',383,'EXECUTED','3:e3cdd84f2e6632a4dd8c526cf9ff476e','Add Foreign Key Constraint','',NULL,'2.0.5'),('20110915-1346','sunbiz','liquibase-schema-only.xml','2014-10-29 17:19:15',384,'EXECUTED','3:7f6420b23addd5b33320e04adbc134a3','Add Foreign Key Constraint','',NULL,'2.0.5'),('20110915-1435','sunbiz','liquibase-schema-only.xml','2014-10-29 17:19:11',84,'EXECUTED','3:511f99d7cb13e5fc1112ccb4633e0e45','Create Table','',NULL,'2.0.5'),('20110915-1440','sunbiz','liquibase-schema-only.xml','2014-10-29 17:19:15',385,'EXECUTED','3:2cb254be6daeeebb74fc0e1d64728a62','Add Foreign Key Constraint','',NULL,'2.0.5'),('20110915-1441','sunbiz','liquibase-schema-only.xml','2014-10-29 17:19:15',386,'EXECUTED','3:8bd11d5102eff3b52b1d925e44627a48','Add Foreign Key Constraint','',NULL,'2.0.5'),('20110915-1442','sunbiz','liquibase-schema-only.xml','2014-10-29 17:19:15',387,'EXECUTED','3:4cf7afc33839c19f830e996e8546ea72','Add Foreign Key Constraint','',NULL,'2.0.5'),('20110915-1443','sunbiz','liquibase-schema-only.xml','2014-10-29 17:19:15',388,'EXECUTED','3:cf41f73f64c11150062b2e2254a56908','Add Foreign Key Constraint','',NULL,'2.0.5'),('20110915-1450','sunbiz','liquibase-schema-only.xml','2014-10-29 17:19:11',85,'EXECUTED','3:f9348bf7337d32ebbf98545857b5c8cc','Create Table','',NULL,'2.0.5'),('20110915-1451','sunbiz','liquibase-schema-only.xml','2014-10-29 17:19:15',389,'EXECUTED','3:d98c8bdaacf99764ab3319db03b48542','Add Foreign Key Constraint','',NULL,'2.0.5'),('20110915-1452','sunbiz','liquibase-schema-only.xml','2014-10-29 17:19:15',390,'EXECUTED','3:3a2e67fd1f0215b49711e7e8dccd370d','Add Foreign Key Constraint','',NULL,'2.0.5'),('20110915-1453','sunbiz','liquibase-schema-only.xml','2014-10-29 17:19:15',391,'EXECUTED','3:6b1b7fb75fedc196cf833f04e216b9b2','Add Foreign Key Constraint','',NULL,'2.0.5'),('20110915-1459','sunbiz','liquibase-core-data.xml','2014-10-29 17:19:17',10041,'EXECUTED','3:5faead5506cbcde69490fef985711d66','Custom Change','Inserting core concept map types',NULL,'2.0.5'),('20110915-1524','sunbiz','liquibase-schema-only.xml','2014-10-29 17:19:15',393,'EXECUTED','3:8d609018e78b744ce30e8907ead0bec0','Add Foreign Key Constraint','',NULL,'2.0.5'),('20110915-1528','sunbiz','liquibase-schema-only.xml','2014-10-29 17:19:11',86,'EXECUTED','3:e8a5555a214d7bb6f17eb2466f59d12b','Create Table','',NULL,'2.0.5'),('20110915-1530','sunbiz','liquibase-schema-only.xml','2014-10-29 17:19:15',394,'EXECUTED','3:ddc26a0bb350b6c744ed6ff813b5c108','Add Foreign Key Constraint','',NULL,'2.0.5'),('20110915-1531','sunbiz','liquibase-schema-only.xml','2014-10-29 17:19:15',395,'EXECUTED','3:e9fa5722ba00d9b55d813f0fc8e5f9f9','Add Foreign Key Constraint','',NULL,'2.0.5'),('20110915-1532','sunbiz','liquibase-schema-only.xml','2014-10-29 17:19:15',396,'EXECUTED','3:72f0f61a12a3eead113be1fdcabadb6f','Add Foreign Key Constraint','',NULL,'2.0.5'),('20110915-1533','sunbiz','liquibase-schema-only.xml','2014-10-29 17:19:15',397,'EXECUTED','3:0430d8eecce280786a66713abd0b3439','Add Foreign Key Constraint','',NULL,'2.0.5'),('20110915-1534','sunbiz','liquibase-schema-only.xml','2014-10-29 17:19:15',398,'EXECUTED','3:21b6cde828dbe885059ea714cda4f470','Add Foreign Key Constraint','',NULL,'2.0.5'),('20110915-1536','sunbiz','liquibase-schema-only.xml','2014-10-29 17:19:15',399,'EXECUTED','3:01868c1383e5c9c409282b50e67e878c','Add Foreign Key Constraint','',NULL,'2.0.5'),('20110915-1700','sunbiz','liquibase-schema-only.xml','2014-10-29 17:19:15',400,'EXECUTED','3:ba5b74aeacacec55a49d31074b7e5023','Insert Row (x18)','',NULL,'2.0.5'),('201109152336','bwolfe','liquibase-update-to-latest.xml','2014-10-29 17:19:49',10434,'MARK_RAN','3:a84f855a1db7201e08900f8c7a3d7c5f','Update Data','Updating logging level global property',NULL,'2.0.5'),('20110919-0638','sunbiz','liquibase-update-to-latest.xml','2011-09-19 00:00:00',10015,'MARK_RAN','3:5e540b763c3a16e9d37aa6423b7f798f',NULL,NULL,NULL,NULL),('20110919-0639-void_empty_attributes','dkayiwa','liquibase-update-to-latest.xml','2014-10-29 17:19:49',10435,'EXECUTED','3:ccdbab987b09073fc146f3a4a5a9aee4','Custom SQL','Void all attributes that have empty string values.',NULL,'2.0.5'),('20110922-0551','sunbiz','liquibase-update-to-latest.xml','2014-10-29 17:19:44',10308,'MARK_RAN','3:ab9b55e5104645690a4e1c5e35124258','Modify Column','Changing global_property.property from varbinary to varchar',NULL,'2.0.5'),('20110926-1200','raff','liquibase-update-to-latest.xml','2014-10-29 17:19:48',10397,'MARK_RAN','3:bf884233110a210b6ffcef826093cf9d','Custom SQL','Change all empty concept_source.hl7_code to NULL',NULL,'2.0.5'),('201109301703','suho','liquibase-update-to-latest.xml','2014-10-29 17:19:48',10406,'MARK_RAN','3:11456d3e6867f3b521fb35e6f51ebe5a','Update Data','Converting general address format (if applicable)',NULL,'2.0.5'),('201109301704','suho','liquibase-update-to-latest.xml','2014-10-29 17:19:48',10407,'MARK_RAN','3:d64afe121c9355f6bbe46258876ce759','Update Data','Converting Spain address format (if applicable)',NULL,'2.0.5'),('201109301705','suho','liquibase-update-to-latest.xml','2014-10-29 17:19:48',10408,'MARK_RAN','3:d3b0c8265ee27456dc0491ff5fe8ca01','Update Data','Converting Rwanda address format (if applicable)',NULL,'2.0.5'),('201109301706','suho','liquibase-update-to-latest.xml','2014-10-29 17:19:48',10409,'MARK_RAN','3:17d3a0900ca751d8ce775a12444c75bf','Update Data','Converting USA address format (if applicable)',NULL,'2.0.5'),('201109301707','suho','liquibase-update-to-latest.xml','2014-10-29 17:19:48',10410,'MARK_RAN','3:afbd6428d0007325426f3c4446de2e38','Update Data','Converting Kenya address format (if applicable)',NULL,'2.0.5'),('201109301708','suho','liquibase-update-to-latest.xml','2014-10-29 17:19:48',10411,'MARK_RAN','3:570c9234597b477e4feffbaac0469495','Update Data','Converting Lesotho address format (if applicable)',NULL,'2.0.5'),('201109301709','suho','liquibase-update-to-latest.xml','2014-10-29 17:19:48',10412,'MARK_RAN','3:20c95ae336f437b4e0c91be5919b7a2b','Update Data','Converting Malawi address format (if applicable)',NULL,'2.0.5'),('201109301710','suho','liquibase-update-to-latest.xml','2014-10-29 17:19:48',10413,'MARK_RAN','3:b06d71b4c220c7feed9c5a6459bea98a','Update Data','Converting Tanzania address format (if applicable)',NULL,'2.0.5'),('201110051353-fix-visit-attribute-type-columns','djazayeri','liquibase-update-to-latest.xml','2014-10-29 17:19:48',10393,'MARK_RAN','3:d779b41ab27dca879d593aa606016bf6','Add Column (x2)','Refactoring visit_attribute_type table (devs only)',NULL,'2.0.5'),('201110072042-fix-location-attribute-type-columns','djazayeri','liquibase-update-to-latest.xml','2014-10-29 17:19:48',10403,'MARK_RAN','3:2e32ce0f25391341c8855604f4f40654','Add Column (x2)','Refactoring location_attribute_type table (devs only)',NULL,'2.0.5'),('201110072043-fix-provider-attribute-type-columns','djazayeri','liquibase-update-to-latest.xml','2014-10-29 17:19:49',10440,'MARK_RAN','3:31aa196adfe1689c1098c5f36d490902','Add Column (x2)','Refactoring provider_attribute_type table (devs only)',NULL,'2.0.5'),('20111008-0938-1','djazayeri','liquibase-update-to-latest.xml','2014-10-29 17:19:50',10451,'EXECUTED','3:fe6d462ba1a7bd81f4865e472cc223ce','Add Column','Allow Global Properties to be typed',NULL,'2.0.5'),('20111008-0938-2','djazayeri','liquibase-update-to-latest.xml','2014-10-29 17:19:50',10452,'EXECUTED','3:f831d92c11eb6cd6b334d86160db0b95','Add Column','Allow Global Properties to be typed',NULL,'2.0.5'),('20111008-0938-3','djazayeri','liquibase-update-to-latest.xml','2014-10-29 17:19:50',10453,'EXECUTED','3:f7bd79dfed90d56053dc376b6b8ee7e3','Add Column','Allow Global Properties to be typed',NULL,'2.0.5'),('20111008-0938-4','djazayeri','liquibase-update-to-latest.xml','2014-10-29 17:19:50',10454,'EXECUTED','3:65003bd1bf99ff0aa8e2947978c58053','Add Column','Allow Global Properties to be typed',NULL,'2.0.5'),('201110091820-a','jkeiper','liquibase-update-to-latest.xml','2014-10-29 17:19:50',10455,'MARK_RAN','3:364a0c70d2adbff31babab6f60ed72e7','Add Column','Add xslt column back to the form table',NULL,'2.0.5'),('201110091820-b','jkeiper','liquibase-update-to-latest.xml','2014-10-29 17:19:50',10456,'MARK_RAN','3:0b792bf39452f2e81e502a7a98f9f3df','Add Column','Add template column back to the form table',NULL,'2.0.5'),('201110091820-c','jkeiper','liquibase-update-to-latest.xml','2014-10-29 17:19:50',10458,'MARK_RAN','3:f71680d95ecf870619671fb7f416e457','Rename Table','Rename form_resource table to preserve data; 20111010-1515 reference is for bleeding-edge developers and can be generally ignored',NULL,'2.0.5'),('20111010-1515','jkeiper','liquibase-update-to-latest.xml','2014-10-29 17:19:50',10459,'EXECUTED','3:3ccdc9a3ecf811382a0c12825c0aeeb3','Create Table, Add Foreign Key Constraint, Add Unique Constraint','Creating form_resource table',NULL,'2.0.5'),('20111128-1601','wyclif','liquibase-update-to-latest.xml','2014-10-29 17:19:50',10461,'EXECUTED','3:12fa4687d149a2f17251e546d47369d6','Insert Row','Inserting Auto Close Visits Task into \'schedule_task_config\' table',NULL,'2.0.5'),('20111209-1400-deleting-non-existing-roles-from-role-role-table','raff','liquibase-update-to-latest.xml','2014-10-29 17:19:50',10462,'EXECUTED','3:3d74c1dd987a12d916218d68032d726d','Custom SQL','Deleting non-existing roles from the role_role table',NULL,'2.0.5'),('20111214-1500-setting-super-user-gender','raff','liquibase-update-to-latest.xml','2014-10-29 17:19:50',10465,'EXECUTED','3:2c281abfe7beb51983db13c187c072f3','Custom SQL','Setting super user gender',NULL,'2.0.5'),('20111218-1830','abbas','liquibase-update-to-latest.xml','2014-10-29 17:19:50',10466,'EXECUTED','3:5f096b88988f19d9d3e596c03fba2b90','Add Unique Constraint, Add Column (x6), Add Foreign Key Constraint (x2)','Add unique uuid constraint and attributes inherited from BaseOpenmrsData to the person_merge_log table',NULL,'2.0.5'),('20111219-1404','bwolfe','liquibase-update-to-latest.xml','2014-10-29 17:19:50',10467,'EXECUTED','3:3f8cfa9c088a103788bcf70de3ffaa8b','Update Data','Fix empty descriptions on relationship types',NULL,'2.0.5'),('20111222-1659','djazayeri','liquibase-update-to-latest.xml','2014-10-29 17:19:50',10469,'EXECUTED','3:990b494647720b680efeefbab2c502de','Create Table, Create Index','Create clob_datatype_storage table',NULL,'2.0.5'),('201118012301','lkellett','liquibase-update-to-latest.xml','2014-10-29 17:19:47',10371,'MARK_RAN','3:0d96c10c52335339b1003e6dd933ccc2','Add Column','Adding the discontinued_reason_non_coded column to orders.',NULL,'2.0.5'),('201202020847','abbas','liquibase-update-to-latest.xml','2014-10-29 17:19:50',10468,'EXECUTED','3:35bf2f2481ee34975e57f08d933583be','Modify data type, Add Not-Null Constraint','Change merged_data column type to CLOB in person_merge_log table',NULL,'2.0.5'),('20120316-1300','mseaton','liquibase.xml','2014-10-29 17:34:43',10481,'EXECUTED','3:0cbaf0a89ef629563c90deccbd82429f','Create Table','Adding calculation_registration table',NULL,'2.0.5'),('20120330-0954','jkeiper','liquibase-update-to-latest.xml','2014-10-29 17:19:50',10472,'EXECUTED','3:9c6084b4407395205fa39b34630d3522','Modify data type','Increase size of drug name column to 255 characters',NULL,'2.0.5'),('20120613-0930','wyclif','liquibase-update-to-latest.xml','2014-10-29 17:19:50',10473,'EXECUTED','3:fe6387773a70b574b106b37686a8e8d3','Drop Not-Null Constraint','Dropping not null constraint from provider.identifier column',NULL,'2.0.5'),('create-logic-rule-definition','mseaton','liquibase.xml','2014-10-29 17:20:05',10478,'EXECUTED','3:5327271907425ea8182024723912460c','Create Table, Create Index (x3), Add Foreign Key Constraint (x3)','',NULL,'2.0.5'),('create-logic-rule-token-tag','nribeka','liquibase.xml','2014-10-29 17:20:05',10477,'EXECUTED','3:0d0c10ea14371337b4b2a8da0972d768','Create Table, Add Foreign Key Constraint','',NULL,'2.0.5'),('create-logic_token_registration','djazayeri','liquibase.xml','2014-10-29 17:20:05',10479,'EXECUTED','3:fba04de00a55b2d5478aed1653df7007','Create Table, Add Foreign Key Constraint (x2)','',NULL,'2.0.5'),('create-logic_token_registration_tag','djazayeri','liquibase.xml','2014-10-29 17:20:05',10480,'EXECUTED','3:e941337ae6d3dfb33bf3ff92aeb63b89','Create Table, Add Foreign Key Constraint','',NULL,'2.0.5'),('create_logic_rule_token','nribeka','liquibase.xml','2014-10-29 17:20:05',10476,'EXECUTED','3:5c95d01a824456e85a6729745a0e814d','Create Table, Add Foreign Key Constraint (x2)','',NULL,'2.0.5'),('disable-foreign-key-checks','ben','liquibase-core-data.xml','2014-10-29 17:19:16',10017,'EXECUTED','3:cc124077cda1cfb0c70c1ec823551223','Custom SQL','',NULL,'2.0.5'),('drop_logic_rule_token','nribeka','liquibase.xml','2014-10-29 17:20:05',10475,'MARK_RAN','3:4bfc38917a898cfc54c440e045cd655c','Drop Table','',NULL,'2.0.5'),('drop_logic_rule_token_tag','nribeka','liquibase.xml','2014-10-29 17:20:05',10474,'MARK_RAN','3:4ba9ee4a3873ff8c847a3d5fb7275732','Drop Table','',NULL,'2.0.5'),('enable-foreign-key-checks','ben','liquibase-core-data.xml','2014-10-29 17:19:17',10042,'EXECUTED','3:fcfe4902a8f3eda10332567a1a51cb49','Custom SQL','',NULL,'2.0.5'),('reporting_migration_1','mseaton','liquibase.xml','2014-10-29 18:00:26',10497,'EXECUTED','3:f6ea0df533cc324ea0d6275d72980c78','Custom SQL (x2)','Remove OpenMRS scheduled tasks produced by the reporting module',NULL,'2.0.5'),('reporting_migration_2','mseaton','liquibase.xml','2014-10-29 18:00:26',10498,'EXECUTED','3:4fb91f1875cf874314393aa47c71ca83','Custom SQL','Rename the default web renderer',NULL,'2.0.5'),('reporting_report_design_1','mseaton','liquibase.xml','2014-10-29 18:00:25',10483,'EXECUTED','3:482e8981e0dce9476eaf481167719579','Create Table, Add Foreign Key Constraint (x4)','Create table to persist report design specifications',NULL,'2.0.5'),('reporting_report_design_2','mseaton','liquibase.xml','2014-10-29 18:00:25',10484,'EXECUTED','3:027dbe5aeecbd08ecb7b5986a25307de','Add Column, Custom SQL','',NULL,'2.0.5'),('reporting_report_design_3','mseaton','liquibase.xml','2014-10-29 18:00:25',10485,'EXECUTED','3:8cac36c2cf24b842b8add2a5cfbb0df1','Custom SQL','',NULL,'2.0.5'),('reporting_report_design_4','mseaton','liquibase.xml','2014-10-29 18:00:25',10486,'EXECUTED','3:bddba97d81d6daa7fd6fbb478897fd84','Drop Foreign Key Constraint','',NULL,'2.0.5'),('reporting_report_design_5','mseaton','liquibase.xml','2014-10-29 18:00:26',10487,'EXECUTED','3:e7dbeb93443f14c60ed2e7cd6aa1e94f','Create Index','',NULL,'2.0.5'),('reporting_report_design_6','mseaton','liquibase.xml','2014-10-29 18:00:26',10488,'EXECUTED','3:e37eef4a9c8063b4abdb8481dd8fe5f8','Drop Column','Step 4 in changing reporting_report_design to reference report definition\n			by uuid rather than id, in order to not tie it directly to the serialized object table\n			Drop report_definition_id column',NULL,'2.0.5'),('reporting_report_design_resource_1','mseaton','liquibase.xml','2014-10-29 18:00:26',10489,'EXECUTED','3:9b1f111c165c213fa2cecc37d87ed843','Create Table, Add Foreign Key Constraint (x4)','Create table to persist report design resources',NULL,'2.0.5'),('reporting_report_processor_1','mseaton','liquibase.xml','2014-10-29 18:00:26',10493,'EXECUTED','3:bc9b147af791381ff5a98a7786f7d638','Create Table, Add Foreign Key Constraint (x3)','Create tables to persist report processors',NULL,'2.0.5'),('reporting_report_processor_2','mseaton','liquibase.xml','2014-10-29 18:00:26',10494,'MARK_RAN','3:9060cd2b9fc7c9a24155302d97123fc8','Drop Table','Drop the reporting_report_request_processor table (creation of this table was done\n			in the old sqldiff and not ported over to liquibase, as it is not needed.  this\n			changeset serves only to clean it up and delete it if is still exists',NULL,'2.0.5'),('reporting_report_processor_3','mseaton','liquibase.xml','2014-10-29 18:00:26',10495,'EXECUTED','3:2a2278e80933adb538d8c308eb812337','Add Column, Add Foreign Key Constraint','Update reporting_report_processor table to have report_design_id column',NULL,'2.0.5'),('reporting_report_processor_4','mseaton','liquibase.xml','2014-10-29 18:00:26',10496,'EXECUTED','3:3073b9e397f194eb5f16906f36e9c474','Add Column, Custom SQL','Update reporting_report_processor table to have processor_mode column\n			and set the value to automatic for all processors that were previously created',NULL,'2.0.5'),('reporting_report_request_1','mseaton','liquibase.xml','2014-10-29 18:00:26',10490,'EXECUTED','3:4d336ce27e1366ee39ea2b0c069e4491','Create Table, Add Foreign Key Constraint','Create tables to persist a report request and save reports',NULL,'2.0.5'),('reporting_report_request_2','mseaton','liquibase.xml','2014-10-29 18:00:26',10491,'EXECUTED','3:90834d1a3dc8b3c1f4109579c9a5b954','Add Column','Add a schedule property to ReportRequest',NULL,'2.0.5'),('reporting_report_request_3','mseaton','liquibase.xml','2014-10-29 18:00:26',10492,'EXECUTED','3:8e88f53150534221e9c32cd0e2c94706','Add Column','Add processAutomatically boolean to ReportRequest',NULL,'2.0.5'),('uiframework-20120913-2055','wyclif','liquibase.xml','2014-10-29 17:56:56',10482,'EXECUTED','3:af5797791243753415f969b558c9a917','Create Table','Adding uiframework_page_view table',NULL,'2.0.5');
/*!40000 ALTER TABLE `liquibasechangelog` ENABLE KEYS */;
UNLOCK TABLES;

--
-- Table structure for table `liquibasechangeloglock`
--

DROP TABLE IF EXISTS `liquibasechangeloglock`;
/*!40101 SET @saved_cs_client     = @@character_set_client */;
/*!40101 SET character_set_client = utf8 */;
CREATE TABLE `liquibasechangeloglock` (
  `ID` int(11) NOT NULL,
  `LOCKED` tinyint(1) NOT NULL,
  `LOCKGRANTED` datetime DEFAULT NULL,
  `LOCKEDBY` varchar(255) DEFAULT NULL,
  PRIMARY KEY (`ID`)
) ENGINE=InnoDB DEFAULT CHARSET=utf8;
/*!40101 SET character_set_client = @saved_cs_client */;

--
-- Dumping data for table `liquibasechangeloglock`
--

LOCK TABLES `liquibasechangeloglock` WRITE;
/*!40000 ALTER TABLE `liquibasechangeloglock` DISABLE KEYS */;
INSERT INTO `liquibasechangeloglock` VALUES (1,0,NULL,NULL);
/*!40000 ALTER TABLE `liquibasechangeloglock` ENABLE KEYS */;
UNLOCK TABLES;

--
-- Table structure for table `location`
--

DROP TABLE IF EXISTS `location`;
/*!40101 SET @saved_cs_client     = @@character_set_client */;
/*!40101 SET character_set_client = utf8 */;
CREATE TABLE `location` (
  `location_id` int(11) NOT NULL AUTO_INCREMENT,
  `name` varchar(255) NOT NULL DEFAULT '',
  `description` varchar(255) DEFAULT NULL,
  `address1` varchar(255) DEFAULT NULL,
  `address2` varchar(255) DEFAULT NULL,
  `city_village` varchar(255) DEFAULT NULL,
  `state_province` varchar(255) DEFAULT NULL,
  `postal_code` varchar(50) DEFAULT NULL,
  `country` varchar(50) DEFAULT NULL,
  `latitude` varchar(50) DEFAULT NULL,
  `longitude` varchar(50) DEFAULT NULL,
  `creator` int(11) NOT NULL DEFAULT '0',
  `date_created` datetime NOT NULL,
  `county_district` varchar(255) DEFAULT NULL,
  `address3` varchar(255) DEFAULT NULL,
  `address4` varchar(255) DEFAULT NULL,
  `address5` varchar(255) DEFAULT NULL,
  `address6` varchar(255) DEFAULT NULL,
  `retired` tinyint(1) NOT NULL DEFAULT '0',
  `retired_by` int(11) DEFAULT NULL,
  `date_retired` datetime DEFAULT NULL,
  `retire_reason` varchar(255) DEFAULT NULL,
  `parent_location` int(11) DEFAULT NULL,
  `uuid` char(38) DEFAULT NULL,
  PRIMARY KEY (`location_id`),
  UNIQUE KEY `location_uuid_index` (`uuid`),
  KEY `name_of_location` (`name`),
  KEY `location_retired_status` (`retired`),
  KEY `user_who_created_location` (`creator`),
  KEY `user_who_retired_location` (`retired_by`),
  KEY `parent_location` (`parent_location`),
  CONSTRAINT `parent_location` FOREIGN KEY (`parent_location`) REFERENCES `location` (`location_id`),
  CONSTRAINT `user_who_created_location` FOREIGN KEY (`creator`) REFERENCES `users` (`user_id`),
  CONSTRAINT `user_who_retired_location` FOREIGN KEY (`retired_by`) REFERENCES `users` (`user_id`)
) ENGINE=InnoDB AUTO_INCREMENT=2 DEFAULT CHARSET=utf8;
/*!40101 SET character_set_client = @saved_cs_client */;

--
-- Dumping data for table `location`
--

LOCK TABLES `location` WRITE;
/*!40000 ALTER TABLE `location` DISABLE KEYS */;
INSERT INTO `location` VALUES (1,'Unknown Location',NULL,'','','','','','',NULL,NULL,1,'2005-09-22 00:00:00',NULL,NULL,NULL,NULL,NULL,0,NULL,NULL,NULL,NULL,'8d6c993e-c2cc-11de-8d13-0010c6dffd0f');
/*!40000 ALTER TABLE `location` ENABLE KEYS */;
UNLOCK TABLES;

--
-- Table structure for table `location_attribute`
--

DROP TABLE IF EXISTS `location_attribute`;
/*!40101 SET @saved_cs_client     = @@character_set_client */;
/*!40101 SET character_set_client = utf8 */;
CREATE TABLE `location_attribute` (
  `location_attribute_id` int(11) NOT NULL AUTO_INCREMENT,
  `location_id` int(11) NOT NULL,
  `attribute_type_id` int(11) NOT NULL,
  `value_reference` text NOT NULL,
  `uuid` char(38) NOT NULL,
  `creator` int(11) NOT NULL,
  `date_created` datetime NOT NULL,
  `changed_by` int(11) DEFAULT NULL,
  `date_changed` datetime DEFAULT NULL,
  `voided` tinyint(1) NOT NULL DEFAULT '0',
  `voided_by` int(11) DEFAULT NULL,
  `date_voided` datetime DEFAULT NULL,
  `void_reason` varchar(255) DEFAULT NULL,
  PRIMARY KEY (`location_attribute_id`),
  UNIQUE KEY `uuid` (`uuid`),
  KEY `location_attribute_location_fk` (`location_id`),
  KEY `location_attribute_attribute_type_id_fk` (`attribute_type_id`),
  KEY `location_attribute_creator_fk` (`creator`),
  KEY `location_attribute_changed_by_fk` (`changed_by`),
  KEY `location_attribute_voided_by_fk` (`voided_by`),
  CONSTRAINT `location_attribute_attribute_type_id_fk` FOREIGN KEY (`attribute_type_id`) REFERENCES `location_attribute_type` (`location_attribute_type_id`),
  CONSTRAINT `location_attribute_changed_by_fk` FOREIGN KEY (`changed_by`) REFERENCES `users` (`user_id`),
  CONSTRAINT `location_attribute_creator_fk` FOREIGN KEY (`creator`) REFERENCES `users` (`user_id`),
  CONSTRAINT `location_attribute_location_fk` FOREIGN KEY (`location_id`) REFERENCES `location` (`location_id`),
  CONSTRAINT `location_attribute_voided_by_fk` FOREIGN KEY (`voided_by`) REFERENCES `users` (`user_id`)
) ENGINE=InnoDB DEFAULT CHARSET=utf8;
/*!40101 SET character_set_client = @saved_cs_client */;

--
-- Dumping data for table `location_attribute`
--

LOCK TABLES `location_attribute` WRITE;
/*!40000 ALTER TABLE `location_attribute` DISABLE KEYS */;
/*!40000 ALTER TABLE `location_attribute` ENABLE KEYS */;
UNLOCK TABLES;

--
-- Table structure for table `location_attribute_type`
--

DROP TABLE IF EXISTS `location_attribute_type`;
/*!40101 SET @saved_cs_client     = @@character_set_client */;
/*!40101 SET character_set_client = utf8 */;
CREATE TABLE `location_attribute_type` (
  `location_attribute_type_id` int(11) NOT NULL AUTO_INCREMENT,
  `name` varchar(255) NOT NULL,
  `description` varchar(1024) DEFAULT NULL,
  `datatype` varchar(255) DEFAULT NULL,
  `datatype_config` text,
  `preferred_handler` varchar(255) DEFAULT NULL,
  `handler_config` text,
  `min_occurs` int(11) NOT NULL,
  `max_occurs` int(11) DEFAULT NULL,
  `creator` int(11) NOT NULL,
  `date_created` datetime NOT NULL,
  `changed_by` int(11) DEFAULT NULL,
  `date_changed` datetime DEFAULT NULL,
  `retired` tinyint(1) NOT NULL DEFAULT '0',
  `retired_by` int(11) DEFAULT NULL,
  `date_retired` datetime DEFAULT NULL,
  `retire_reason` varchar(255) DEFAULT NULL,
  `uuid` char(38) NOT NULL,
  PRIMARY KEY (`location_attribute_type_id`),
  UNIQUE KEY `uuid` (`uuid`),
  KEY `location_attribute_type_creator_fk` (`creator`),
  KEY `location_attribute_type_changed_by_fk` (`changed_by`),
  KEY `location_attribute_type_retired_by_fk` (`retired_by`),
  CONSTRAINT `location_attribute_type_changed_by_fk` FOREIGN KEY (`changed_by`) REFERENCES `users` (`user_id`),
  CONSTRAINT `location_attribute_type_creator_fk` FOREIGN KEY (`creator`) REFERENCES `users` (`user_id`),
  CONSTRAINT `location_attribute_type_retired_by_fk` FOREIGN KEY (`retired_by`) REFERENCES `users` (`user_id`)
) ENGINE=InnoDB DEFAULT CHARSET=utf8;
/*!40101 SET character_set_client = @saved_cs_client */;

--
-- Dumping data for table `location_attribute_type`
--

LOCK TABLES `location_attribute_type` WRITE;
/*!40000 ALTER TABLE `location_attribute_type` DISABLE KEYS */;
/*!40000 ALTER TABLE `location_attribute_type` ENABLE KEYS */;
UNLOCK TABLES;

--
-- Table structure for table `location_tag`
--

DROP TABLE IF EXISTS `location_tag`;
/*!40101 SET @saved_cs_client     = @@character_set_client */;
/*!40101 SET character_set_client = utf8 */;
CREATE TABLE `location_tag` (
  `location_tag_id` int(11) NOT NULL AUTO_INCREMENT,
  `name` varchar(50) NOT NULL,
  `description` varchar(255) DEFAULT NULL,
  `creator` int(11) NOT NULL,
  `date_created` datetime NOT NULL,
  `retired` tinyint(1) NOT NULL DEFAULT '0',
  `retired_by` int(11) DEFAULT NULL,
  `date_retired` datetime DEFAULT NULL,
  `retire_reason` varchar(255) DEFAULT NULL,
  `uuid` char(38) DEFAULT NULL,
  PRIMARY KEY (`location_tag_id`),
  UNIQUE KEY `location_tag_uuid_index` (`uuid`),
  KEY `location_tag_creator` (`creator`),
  KEY `location_tag_retired_by` (`retired_by`),
  CONSTRAINT `location_tag_creator` FOREIGN KEY (`creator`) REFERENCES `users` (`user_id`),
  CONSTRAINT `location_tag_retired_by` FOREIGN KEY (`retired_by`) REFERENCES `users` (`user_id`)
) ENGINE=InnoDB DEFAULT CHARSET=utf8;
/*!40101 SET character_set_client = @saved_cs_client */;

--
-- Dumping data for table `location_tag`
--

LOCK TABLES `location_tag` WRITE;
/*!40000 ALTER TABLE `location_tag` DISABLE KEYS */;
/*!40000 ALTER TABLE `location_tag` ENABLE KEYS */;
UNLOCK TABLES;

--
-- Table structure for table `location_tag_map`
--

DROP TABLE IF EXISTS `location_tag_map`;
/*!40101 SET @saved_cs_client     = @@character_set_client */;
/*!40101 SET character_set_client = utf8 */;
CREATE TABLE `location_tag_map` (
  `location_id` int(11) NOT NULL,
  `location_tag_id` int(11) NOT NULL,
  PRIMARY KEY (`location_id`,`location_tag_id`),
  KEY `location_tag_map_tag` (`location_tag_id`),
  CONSTRAINT `location_tag_map_location` FOREIGN KEY (`location_id`) REFERENCES `location` (`location_id`),
  CONSTRAINT `location_tag_map_tag` FOREIGN KEY (`location_tag_id`) REFERENCES `location_tag` (`location_tag_id`)
) ENGINE=InnoDB DEFAULT CHARSET=utf8;
/*!40101 SET character_set_client = @saved_cs_client */;

--
-- Dumping data for table `location_tag_map`
--

LOCK TABLES `location_tag_map` WRITE;
/*!40000 ALTER TABLE `location_tag_map` DISABLE KEYS */;
/*!40000 ALTER TABLE `location_tag_map` ENABLE KEYS */;
UNLOCK TABLES;

--
-- Table structure for table `logic_rule_definition`
--

DROP TABLE IF EXISTS `logic_rule_definition`;
/*!40101 SET @saved_cs_client     = @@character_set_client */;
/*!40101 SET character_set_client = utf8 */;
CREATE TABLE `logic_rule_definition` (
  `id` int(11) NOT NULL AUTO_INCREMENT,
  `uuid` char(38) NOT NULL,
  `name` varchar(255) NOT NULL,
  `description` varchar(1000) DEFAULT NULL,
  `rule_content` varchar(2048) NOT NULL,
  `language` varchar(255) NOT NULL,
  `creator` int(11) NOT NULL DEFAULT '0',
  `date_created` datetime NOT NULL DEFAULT '0002-11-30 00:00:00',
  `changed_by` int(11) DEFAULT NULL,
  `date_changed` datetime DEFAULT NULL,
  `retired` smallint(6) NOT NULL DEFAULT '0',
  `retired_by` int(11) DEFAULT NULL,
  `date_retired` datetime DEFAULT NULL,
  `retire_reason` varchar(255) DEFAULT NULL,
  PRIMARY KEY (`id`),
  UNIQUE KEY `name` (`name`),
  KEY `creator_idx` (`creator`),
  KEY `changed_by_idx` (`changed_by`),
  KEY `retired_by_idx` (`retired_by`),
  CONSTRAINT `changed_by_for_rule_definition` FOREIGN KEY (`changed_by`) REFERENCES `users` (`user_id`),
  CONSTRAINT `creator_for_rule_definition` FOREIGN KEY (`creator`) REFERENCES `users` (`user_id`),
  CONSTRAINT `retired_by_for_rule_definition` FOREIGN KEY (`retired_by`) REFERENCES `users` (`user_id`)
) ENGINE=InnoDB DEFAULT CHARSET=utf8;
/*!40101 SET character_set_client = @saved_cs_client */;

--
-- Dumping data for table `logic_rule_definition`
--

LOCK TABLES `logic_rule_definition` WRITE;
/*!40000 ALTER TABLE `logic_rule_definition` DISABLE KEYS */;
/*!40000 ALTER TABLE `logic_rule_definition` ENABLE KEYS */;
UNLOCK TABLES;

--
-- Table structure for table `logic_rule_token`
--

DROP TABLE IF EXISTS `logic_rule_token`;
/*!40101 SET @saved_cs_client     = @@character_set_client */;
/*!40101 SET character_set_client = utf8 */;
CREATE TABLE `logic_rule_token` (
  `logic_rule_token_id` int(11) NOT NULL AUTO_INCREMENT,
  `creator` int(11) NOT NULL,
  `date_created` datetime NOT NULL DEFAULT '0002-11-30 00:00:00',
  `changed_by` int(11) DEFAULT NULL,
  `date_changed` datetime DEFAULT NULL,
  `token` varchar(512) NOT NULL,
  `class_name` varchar(512) NOT NULL,
  `state` varchar(512) DEFAULT NULL,
  `uuid` char(38) NOT NULL,
  PRIMARY KEY (`logic_rule_token_id`),
  UNIQUE KEY `uuid` (`uuid`),
  KEY `token_creator` (`creator`),
  KEY `token_changed_by` (`changed_by`),
  CONSTRAINT `token_changed_by` FOREIGN KEY (`changed_by`) REFERENCES `person` (`person_id`),
  CONSTRAINT `token_creator` FOREIGN KEY (`creator`) REFERENCES `person` (`person_id`)
) ENGINE=InnoDB DEFAULT CHARSET=utf8;
/*!40101 SET character_set_client = @saved_cs_client */;

--
-- Dumping data for table `logic_rule_token`
--

LOCK TABLES `logic_rule_token` WRITE;
/*!40000 ALTER TABLE `logic_rule_token` DISABLE KEYS */;
/*!40000 ALTER TABLE `logic_rule_token` ENABLE KEYS */;
UNLOCK TABLES;

--
-- Table structure for table `logic_rule_token_tag`
--

DROP TABLE IF EXISTS `logic_rule_token_tag`;
/*!40101 SET @saved_cs_client     = @@character_set_client */;
/*!40101 SET character_set_client = utf8 */;
CREATE TABLE `logic_rule_token_tag` (
  `logic_rule_token_id` int(11) NOT NULL,
  `tag` varchar(512) NOT NULL,
  KEY `token_tag` (`logic_rule_token_id`),
  CONSTRAINT `token_tag` FOREIGN KEY (`logic_rule_token_id`) REFERENCES `logic_rule_token` (`logic_rule_token_id`)
) ENGINE=InnoDB DEFAULT CHARSET=utf8;
/*!40101 SET character_set_client = @saved_cs_client */;

--
-- Dumping data for table `logic_rule_token_tag`
--

LOCK TABLES `logic_rule_token_tag` WRITE;
/*!40000 ALTER TABLE `logic_rule_token_tag` DISABLE KEYS */;
/*!40000 ALTER TABLE `logic_rule_token_tag` ENABLE KEYS */;
UNLOCK TABLES;

--
-- Table structure for table `logic_token_registration`
--

DROP TABLE IF EXISTS `logic_token_registration`;
/*!40101 SET @saved_cs_client     = @@character_set_client */;
/*!40101 SET character_set_client = utf8 */;
CREATE TABLE `logic_token_registration` (
  `token_registration_id` int(11) NOT NULL AUTO_INCREMENT,
  `creator` int(11) NOT NULL,
  `date_created` datetime NOT NULL DEFAULT '0002-11-30 00:00:00',
  `changed_by` int(11) DEFAULT NULL,
  `date_changed` datetime DEFAULT NULL,
  `token` varchar(512) NOT NULL,
  `provider_class_name` varchar(512) NOT NULL,
  `provider_token` varchar(512) NOT NULL,
  `configuration` varchar(2000) DEFAULT NULL,
  `uuid` char(38) NOT NULL,
  PRIMARY KEY (`token_registration_id`),
  UNIQUE KEY `uuid` (`uuid`),
  KEY `token_registration_creator` (`creator`),
  KEY `token_registration_changed_by` (`changed_by`),
  CONSTRAINT `token_registration_changed_by` FOREIGN KEY (`changed_by`) REFERENCES `users` (`user_id`),
  CONSTRAINT `token_registration_creator` FOREIGN KEY (`creator`) REFERENCES `users` (`user_id`)
) ENGINE=InnoDB AUTO_INCREMENT=18 DEFAULT CHARSET=utf8;
/*!40101 SET character_set_client = @saved_cs_client */;

--
-- Dumping data for table `logic_token_registration`
--

LOCK TABLES `logic_token_registration` WRITE;
/*!40000 ALTER TABLE `logic_token_registration` DISABLE KEYS */;
INSERT INTO `logic_token_registration` VALUES (1,2,'2014-10-29 17:20:12',NULL,NULL,'encounterLocation','org.openmrs.logic.datasource.EncounterDataSource','encounterLocation','encounterLocation','08457c7e-ce32-409e-af19-13b84e19179e'),(2,2,'2014-10-29 17:20:12',NULL,NULL,'encounterProvider','org.openmrs.logic.datasource.EncounterDataSource','encounterProvider','encounterProvider','1b92c168-fd6d-4842-a7f1-e3af8a0c9f5d'),(3,2,'2014-10-29 17:20:12',NULL,NULL,'encounter','org.openmrs.logic.datasource.EncounterDataSource','encounter','encounter','910a62f3-5746-4df3-a833-2d6292f2a385'),(4,2,'2014-10-29 17:20:12',NULL,NULL,'identifier','org.openmrs.logic.datasource.PatientDataSource','identifier','identifier','4ee2057a-9180-4388-aa58-2d423f06003c'),(5,2,'2014-10-29 17:20:12',NULL,NULL,'family name','org.openmrs.logic.datasource.PersonDataSource','family name','family name','ba06bdaa-efa1-42d4-9d0a-7a197437c814'),(6,2,'2014-10-29 17:20:12',NULL,NULL,'middle name','org.openmrs.logic.datasource.PersonDataSource','middle name','middle name','8d0d4b09-e1a3-4a3c-a60f-3f50d2a78005'),(7,2,'2014-10-29 17:20:12',NULL,NULL,'death date','org.openmrs.logic.datasource.PersonDataSource','death date','death date','854d8be4-3b83-4d55-9d01-116246896b1b'),(8,2,'2014-10-29 17:20:12',NULL,NULL,'birthdate','org.openmrs.logic.datasource.PersonDataSource','birthdate','birthdate','1f901867-7ae4-4adf-95d2-85944cd998f7'),(9,2,'2014-10-29 17:20:12',NULL,NULL,'cause of death','org.openmrs.logic.datasource.PersonDataSource','cause of death','cause of death','cc62f67e-af12-4658-9fb1-28c3f66b9731'),(10,2,'2014-10-29 17:20:12',NULL,NULL,'birthdate estimated','org.openmrs.logic.datasource.PersonDataSource','birthdate estimated','birthdate estimated','5efb814b-015b-4793-b9e0-3e3d7560a603'),(11,2,'2014-10-29 17:20:12',NULL,NULL,'gender','org.openmrs.logic.datasource.PersonDataSource','gender','gender','4896f14f-ad87-4fa8-8ee7-1c4202657577'),(12,2,'2014-10-29 17:20:12',NULL,NULL,'family name2','org.openmrs.logic.datasource.PersonDataSource','family name2','family name2','77b61311-4de1-4090-b0d5-b7348120c8b3'),(13,2,'2014-10-29 17:20:12',NULL,NULL,'dead','org.openmrs.logic.datasource.PersonDataSource','dead','dead','a90d6ab0-2840-486d-a8d5-fcc6d3cb8287'),(14,2,'2014-10-29 17:20:12',NULL,NULL,'given name','org.openmrs.logic.datasource.PersonDataSource','given name','given name','c2ca78bf-91f0-44e6-afe6-10032e9c386d'),(15,2,'2014-10-29 17:20:12',NULL,NULL,'CURRENT STATE','org.openmrs.logic.datasource.ProgramDataSource','CURRENT STATE','CURRENT STATE','250cbbb6-a0c2-4566-a000-d123120eded6'),(16,2,'2014-10-29 17:20:12',NULL,NULL,'PROGRAM ENROLLMENT','org.openmrs.logic.datasource.ProgramDataSource','PROGRAM ENROLLMENT','PROGRAM ENROLLMENT','0414fe36-5834-4c40-9880-0ce1beb1386e'),(17,2,'2014-10-29 17:20:12',NULL,NULL,'PROGRAM COMPLETION','org.openmrs.logic.datasource.ProgramDataSource','PROGRAM COMPLETION','PROGRAM COMPLETION','096787a8-80c7-4169-b2c4-5066ea6906a9');
/*!40000 ALTER TABLE `logic_token_registration` ENABLE KEYS */;
UNLOCK TABLES;

--
-- Table structure for table `logic_token_registration_tag`
--

DROP TABLE IF EXISTS `logic_token_registration_tag`;
/*!40101 SET @saved_cs_client     = @@character_set_client */;
/*!40101 SET character_set_client = utf8 */;
CREATE TABLE `logic_token_registration_tag` (
  `token_registration_id` int(11) NOT NULL,
  `tag` varchar(512) NOT NULL,
  KEY `token_registration_tag` (`token_registration_id`),
  CONSTRAINT `token_registration_tag` FOREIGN KEY (`token_registration_id`) REFERENCES `logic_token_registration` (`token_registration_id`)
) ENGINE=InnoDB DEFAULT CHARSET=utf8;
/*!40101 SET character_set_client = @saved_cs_client */;

--
-- Dumping data for table `logic_token_registration_tag`
--

LOCK TABLES `logic_token_registration_tag` WRITE;
/*!40000 ALTER TABLE `logic_token_registration_tag` DISABLE KEYS */;
/*!40000 ALTER TABLE `logic_token_registration_tag` ENABLE KEYS */;
UNLOCK TABLES;

--
-- Table structure for table `logmanager_preset`
--

DROP TABLE IF EXISTS `logmanager_preset`;
/*!40101 SET @saved_cs_client     = @@character_set_client */;
/*!40101 SET character_set_client = utf8 */;
CREATE TABLE `logmanager_preset` (
  `preset_id` int(10) unsigned NOT NULL AUTO_INCREMENT,
  `name` varchar(50) NOT NULL,
  PRIMARY KEY (`preset_id`)
) ENGINE=InnoDB AUTO_INCREMENT=3 DEFAULT CHARSET=utf8;
/*!40101 SET character_set_client = @saved_cs_client */;

--
-- Dumping data for table `logmanager_preset`
--

LOCK TABLES `logmanager_preset` WRITE;
/*!40000 ALTER TABLE `logmanager_preset` DISABLE KEYS */;
INSERT INTO `logmanager_preset` VALUES (1,'Production'),(2,'Development');
/*!40000 ALTER TABLE `logmanager_preset` ENABLE KEYS */;
UNLOCK TABLES;

--
-- Table structure for table `logmanager_preset_logger`
--

DROP TABLE IF EXISTS `logmanager_preset_logger`;
/*!40101 SET @saved_cs_client     = @@character_set_client */;
/*!40101 SET character_set_client = utf8 */;
CREATE TABLE `logmanager_preset_logger` (
  `preset_id` int(10) unsigned NOT NULL,
  `logger` varchar(255) NOT NULL,
  `level` int(10) unsigned DEFAULT NULL,
  PRIMARY KEY (`preset_id`,`logger`),
  KEY `FK_logmanager_logger_preset` (`preset_id`),
  CONSTRAINT `FK_logmanager_logger_preset` FOREIGN KEY (`preset_id`) REFERENCES `logmanager_preset` (`preset_id`) ON DELETE CASCADE
) ENGINE=InnoDB DEFAULT CHARSET=utf8;
/*!40101 SET character_set_client = @saved_cs_client */;

--
-- Dumping data for table `logmanager_preset_logger`
--

LOCK TABLES `logmanager_preset_logger` WRITE;
/*!40000 ALTER TABLE `logmanager_preset_logger` DISABLE KEYS */;
INSERT INTO `logmanager_preset_logger` VALUES (1,'net.sf.ehcache',40000),(1,'org.apache',30000),(1,'org.apache.fop',40000),(1,'org.hibernate',40000),(1,'org.openmrs',30000),(1,'org.openmrs.api',20000),(1,'org.springframework',30000),(1,'org.springframework.context.support.ResourceBundleMessageSource',40000),(1,'ROOT',30000),(2,'net.sf.ehcache',30000),(2,'org.apache',30000),(2,'org.apache.fop',30000),(2,'org.hibernate',30000),(2,'org.openmrs',20000),(2,'org.openmrs.api',20000),(2,'org.springframework',30000),(2,'org.springframework.context.support.ResourceBundleMessageSource',40000),(2,'ROOT',20000);
/*!40000 ALTER TABLE `logmanager_preset_logger` ENABLE KEYS */;
UNLOCK TABLES;

--
-- Table structure for table `moca_queue_item`
--

DROP TABLE IF EXISTS `moca_queue_item`;
/*!40101 SET @saved_cs_client     = @@character_set_client */;
/*!40101 SET character_set_client = utf8 */;
CREATE TABLE `moca_queue_item` (
  `id` int(11) NOT NULL AUTO_INCREMENT,
  `status` tinyint(4) NOT NULL,
  `phone_identifier` varchar(50) NOT NULL,
  `procedure_title` text NOT NULL,
  `case_identifier` text NOT NULL,
  `date_uploaded` datetime NOT NULL,
  `creator` int(11) NOT NULL,
  `date_created` datetime NOT NULL,
  `changed_by` int(11) NOT NULL,
  `date_changed` datetime NOT NULL,
  `patient_id` int(11) NOT NULL,
  `encounter_id` int(11) NOT NULL,
  `archived` int(11) DEFAULT '0',
  `archived_date` date DEFAULT NULL,
  `archived_by` varchar(50) DEFAULT NULL,
  PRIMARY KEY (`id`),
  KEY `creator` (`creator`),
  KEY `changed_by` (`changed_by`),
  KEY `patient_id` (`patient_id`),
  KEY `encounter_id` (`encounter_id`),
  CONSTRAINT `moca_queue_item_ibfk_1` FOREIGN KEY (`creator`) REFERENCES `person` (`person_id`),
  CONSTRAINT `moca_queue_item_ibfk_2` FOREIGN KEY (`changed_by`) REFERENCES `person` (`person_id`),
  CONSTRAINT `moca_queue_item_ibfk_3` FOREIGN KEY (`patient_id`) REFERENCES `patient` (`patient_id`),
  CONSTRAINT `moca_queue_item_ibfk_4` FOREIGN KEY (`encounter_id`) REFERENCES `encounter` (`encounter_id`)
) ENGINE=InnoDB AUTO_INCREMENT=103 DEFAULT CHARSET=utf8;
/*!40101 SET character_set_client = @saved_cs_client */;

--
-- Dumping data for table `moca_queue_item`
--

LOCK TABLES `moca_queue_item` WRITE;
/*!40000 ALTER TABLE `moca_queue_item` DISABLE KEYS */;
INSERT INTO `moca_queue_item` VALUES (8,1,'352423062688088','SH_CVD_ASHA_SCREENING_1','60f7eeb2-bab0-48ba-8d33-c85239d83b39','2017-03-01 09:28:34',5,'2017-03-01 09:28:34',4,'2018-02-16 12:07:46',14,8,0,NULL,NULL),(9,0,'352423062688088','SH_CVD_ASHA_SCREENING_1','5580c726-aeb8-4a88-bf62-df51fcacbf0c','2017-03-01 09:53:13',5,'2017-03-01 09:53:13',5,'2017-03-01 09:53:13',15,9,0,NULL,NULL),(10,0,'359940061103788','SH_CVD_ASHA_SCREENING_1','fecf4dfb-f5ab-4e48-a9b4-611520d82dda','2017-05-11 11:35:47',9,'2017-05-11 11:35:47',9,'2017-05-11 11:35:47',15,10,0,NULL,NULL),(11,0,'359940061103788','SH_CVD_ASHA_SCREENING_1','8699ac33-4fed-4c7b-8f50-61085b73e2d8','2017-05-11 11:35:53',9,'2017-05-11 11:35:53',9,'2017-05-11 11:35:53',16,11,0,NULL,NULL),(12,0,'352423062688088','SH_CVD_ASHA_SCREENING_1','ed68dc5e-f5fd-4c1a-be03-909869eef3ad','2017-07-20 14:32:17',5,'2017-07-20 14:32:17',5,'2017-07-20 14:32:17',18,12,0,NULL,NULL),(13,0,'352423063228793','SH_CVD_ASHA_SCREENING_1','931b5399-9de2-4779-a6aa-d0455f5ed839','2017-09-06 15:50:59',5,'2017-09-06 15:50:59',5,'2017-09-06 15:50:59',18,13,0,NULL,NULL),(14,0,'352423063228793','SH_CVD_ASHA_SCREENING_1','c00e7ad4-89e5-4772-8d25-ed698cfec194','2017-09-06 15:51:09',5,'2017-09-06 15:51:09',5,'2017-09-06 15:51:09',20,14,0,NULL,NULL),(15,0,'352423063228793','SH_CVD_ASHA_SCREENING_1','329640de-a7d4-4d9f-95c8-a8c179e4d3bf','2017-09-06 15:51:16',5,'2017-09-06 15:51:16',5,'2017-09-06 15:51:16',21,15,0,NULL,NULL),(16,0,'352423063228793','SH_CVD_ASHA_SCREENING_1','2bdaae39-1672-4c5d-8eac-8aead51baa09','2017-09-06 15:51:35',5,'2017-09-06 15:51:35',5,'2017-09-06 15:51:35',22,16,0,NULL,NULL),(17,0,'352423063228793','SH_CVD_ASHA_SCREENING_1','260f7a87-e9a8-4dca-859a-fe1a4d3ebc51','2017-09-06 15:51:44',5,'2017-09-06 15:51:44',5,'2017-09-06 15:51:44',23,17,0,NULL,NULL),(18,0,'352423063228793','SH_CVD_ASHA_SCREENING_1','7d254445-6ef5-40f8-b699-6444d245d2e4','2017-09-06 15:51:53',5,'2017-09-06 15:51:53',5,'2017-09-06 15:51:53',24,18,0,NULL,NULL),(19,0,'352423063228793','SH_CVD_ASHA_SCREENING_1','5cefebf6-9685-48ef-8fc0-fc5a6080e940','2017-09-06 15:51:57',5,'2017-09-06 15:51:57',5,'2017-09-06 15:51:57',25,19,0,NULL,NULL),(20,0,'352423063228793','SH_CVD_ASHA_SCREENING_1','48b0d719-ce76-4768-af05-77275027bdbd','2017-09-06 15:52:59',5,'2017-09-06 15:52:59',5,'2017-09-06 15:52:59',26,20,0,NULL,NULL),(21,0,'352423063228793','SH_CVD_ASHA_SCREENING_1','a0c21f60-d023-4276-b5ac-f2a007058d30','2017-09-06 15:53:08',5,'2017-09-06 15:53:08',5,'2017-09-06 15:53:08',27,21,0,NULL,NULL),(22,0,'359940061108225','SH_CVD_ASHA_SCREENING_1','cad9b23e-17c8-4d85-8127-30dcd7c3edcdGGJ','2018-02-06 15:27:46',5,'2018-02-06 15:27:46',5,'2018-02-06 15:27:46',29,22,0,NULL,NULL),(23,0,'359940061108225','SH_CVD_ASHA_FOLLOWUP_1','734834ac-b3d6-45bf-bfc9-732be6ac5996','2018-02-06 15:32:18',5,'2018-02-06 15:32:18',5,'2018-02-06 15:32:18',29,23,0,NULL,NULL),(24,0,'359940061108225','SH_CVD_ASHA_FOLLOWUP_1','734834ac-b3d6-45bf-bfc9-732be6ac599612','2018-02-06 15:35:27',5,'2018-02-06 15:35:27',5,'2018-02-06 15:35:27',29,24,0,NULL,NULL),(25,0,'359940061108225','SH_CVD_ASHA_SCREENING_1','734834fgac-b3d6-45bf-bfc9-732be6ac599612','2018-02-06 16:34:20',5,'2018-02-06 16:34:20',5,'2018-02-06 16:34:20',29,25,0,NULL,NULL),(26,0,'359940061108225','SH_CVD_DOCTOR_FOLLOWUP_1','hyjuy734834fgac-b3d6-45bf-bfc9-732be6ac599612','2018-02-06 16:34:51',5,'2018-02-06 16:34:51',5,'2018-02-06 16:34:51',29,26,0,NULL,NULL),(27,0,'352423062688088','SH_CVD_ASHA_SCREENING_1','3a751c78-3f68-4e4a-a696-2a0408f0a688','2018-02-06 17:49:23',5,'2018-02-06 17:49:23',5,'2018-02-06 17:49:23',29,27,0,NULL,NULL),(28,0,'352423062688088','SH_CVD_ASHA_SCREENING_1','9ec9b3c9-60b3-4811-9e69-437d977386fd','2018-02-07 11:55:49',5,'2018-02-07 11:55:49',5,'2018-02-07 11:55:49',30,28,0,NULL,NULL),(29,0,'352423062688088','SH_CVD_ASHA_SCREENING_1','52b67c45-13ac-4f27-949b-51477d78d0f1','2018-02-07 12:30:47',5,'2018-02-07 12:30:47',5,'2018-02-07 12:30:47',31,29,0,NULL,NULL),(30,0,'352423062688088','SH_CVD_ASHA_SCREENING_1','aa038b4d-88a9-4057-b901-e4299743ddeb','2018-02-07 12:30:51',5,'2018-02-07 12:30:51',5,'2018-02-07 12:30:51',32,30,0,NULL,NULL),(31,0,'352423062688088','SH_CVD_DOCTOR_FOLLOWUP_2','d0c48c77-520a-4093-9adf-ffd074c79130','2018-02-07 12:30:54',5,'2018-02-07 12:30:54',5,'2018-02-07 12:30:54',30,31,0,NULL,NULL),(32,0,'352423062688088','SH_CVD_ASHA_SCREENING_1','63bd8faa-5113-4086-bb1f-06c6f0494532','2018-02-07 17:29:08',5,'2018-02-07 17:29:08',5,'2018-02-07 17:29:08',29,32,0,NULL,NULL),(33,0,'352423062688088','SH_CVD_ASHA_SCREENING_1','db9c8440-03da-4737-a88c-6063dcdae931','2018-02-07 17:29:12',5,'2018-02-07 17:29:12',5,'2018-02-07 17:29:12',30,33,0,NULL,NULL),(34,0,'352423062688088','SH_CVD_ASHA_SCREENING_1','a2d84554-327c-4be2-b190-597c13996ed2','2018-02-07 17:29:15',5,'2018-02-07 17:29:15',5,'2018-02-07 17:29:15',31,34,0,NULL,NULL),(35,0,'352423062688088','SH_CVD_ASHA_SCREENING_1','36a225ff-9bbd-4705-b193-690242c18da9','2018-02-07 17:29:19',5,'2018-02-07 17:29:19',5,'2018-02-07 17:29:19',32,35,0,NULL,NULL),(36,0,'352423062688088','SH_CVD_ASHA_SCREENING_1','02129c29-c0a4-43d8-b00a-7d2ce02d3ebe','2018-02-07 17:29:23',5,'2018-02-07 17:29:23',5,'2018-02-07 17:29:23',33,36,0,NULL,NULL),(37,0,'352423062688088','SH_CVD_ASHA_SCREENING_1','7f630689-8f3c-41f8-a264-d017e26ab86c','2018-02-07 17:53:26',5,'2018-02-07 17:53:26',5,'2018-02-07 17:53:26',29,37,0,NULL,NULL),(38,0,'352423062688088','SH_CVD_ASHA_SCREENING_1','5a93e465-af1a-49a5-87e3-9dab1b71e778','2018-02-07 17:53:30',5,'2018-02-07 17:53:30',5,'2018-02-07 17:53:30',30,38,0,NULL,NULL),(39,0,'352423062688088','SH_CVD_ASHA_SCREENING_1','e6487875-b141-4c07-afff-18ba5909b0af','2018-02-07 17:53:34',5,'2018-02-07 17:53:34',5,'2018-02-07 17:53:34',34,39,0,NULL,NULL),(40,0,'352423062688088','SH_CVD_ASHA_SCREENING_1','03f2a32d-f40d-4d7d-8511-7ded19a77e3e','2018-02-08 14:46:04',5,'2018-02-08 14:46:04',5,'2018-02-08 14:46:04',29,40,0,NULL,NULL),(41,0,'352423062688088','SH_CVD_ASHA_SCREENING_1','555f0323-fb8c-4d31-84ff-db781e494651','2018-02-08 15:36:01',5,'2018-02-08 15:36:01',5,'2018-02-08 15:36:01',29,41,0,NULL,NULL),(42,0,'352423062688088','SH_CVD_DOCTOR_FOLLOWUP_2','029f9ac0-c952-4c1d-91fd-8a4dcf30884b','2018-02-08 15:43:10',5,'2018-02-08 15:43:10',5,'2018-02-08 15:43:10',29,42,0,NULL,NULL),(43,0,'352423062688088','SH_CVD_DOCTOR_FOLLOWUP_3','1f697189-6d02-4f21-9273-9f29e6a70662','2018-02-08 15:45:36',5,'2018-02-08 15:45:36',5,'2018-02-08 15:45:36',29,43,0,NULL,NULL),(44,0,'352423062688088','SH_CVD_ASHA_SCREENING_1','4232a748-8320-4057-97d2-1204cd378a2f','2018-02-08 16:20:51',5,'2018-02-08 16:20:51',5,'2018-02-08 16:20:51',29,44,0,NULL,NULL),(45,0,'352423062688088','SH_CVD_ASHA_SCREENING_1','a79aa6bf-dc29-411b-8129-f55539b58e97','2018-02-08 16:20:55',5,'2018-02-08 16:20:55',5,'2018-02-08 16:20:55',30,45,0,NULL,NULL),(46,0,'352423062688088','SH_CVD_ASHA_SCREENING_1','bac38824-0fa7-453e-8aab-77ce01316c45','2018-02-08 16:20:59',5,'2018-02-08 16:20:59',5,'2018-02-08 16:20:59',34,46,0,NULL,NULL),(47,0,'352423062688088','SH_CVD_ASHA_SCREENING_1','278f44f7-5e31-4c05-8ae0-a555aeefdf97','2018-02-08 16:24:42',5,'2018-02-08 16:24:42',5,'2018-02-08 16:24:42',36,47,0,NULL,NULL),(48,0,'352423062688088','SH_CVD_ASHA_SCREENING_1','367308b3-37f4-4d95-934a-ec2e14e88d08','2018-02-08 16:51:12',5,'2018-02-08 16:51:12',5,'2018-02-08 16:51:12',29,48,0,NULL,NULL),(49,0,'352423062688088','SH_CVD_ASHA_SCREENING_1','e0ef4cf8-a0f5-48e3-b521-022eb96d985b','2018-02-08 17:01:27',5,'2018-02-08 17:01:27',5,'2018-02-08 17:01:27',29,49,0,NULL,NULL),(50,0,'352423062688088','SH_CVD_ASHA_SCREENING_1','8da1854a-e207-42d0-a1de-e0a1d84f1cd4','2018-02-08 17:01:30',5,'2018-02-08 17:01:30',5,'2018-02-08 17:01:30',37,50,0,NULL,NULL),(51,0,'352423062688088','SH_CVD_ASHA_SCREENING_1','7b3caf1b-5c4a-4a1d-8d79-cde43c34d407','2018-02-08 17:09:18',5,'2018-02-08 17:09:18',5,'2018-02-08 17:09:18',38,51,0,NULL,NULL),(52,0,'352423062688088','SH_CVD_ASHA_FOLLOWUP_1','6bd06fb7-fc5f-41e1-97af-906df0f23b7d','2018-02-08 17:23:07',5,'2018-02-08 17:23:07',5,'2018-02-08 17:23:07',38,52,0,NULL,NULL),(53,0,'352423062688088','SH_CVD_ASHA_SCREENING_1','029abbae-70ed-4258-a822-bb4b388e6371','2018-02-09 10:00:39',5,'2018-02-09 10:00:39',5,'2018-02-09 10:00:39',39,53,0,NULL,NULL),(54,0,'352423062688088','SH_CVD_ASHA_SCREENING_1','ee00e09c-1952-4f33-a627-619cc78bc0c8','2018-02-09 10:32:42',5,'2018-02-09 10:32:42',5,'2018-02-09 10:32:42',29,54,0,NULL,NULL),(55,0,'352423062688088','SH_CVD_ASHA_SCREENING_1','e3846f56-c399-4351-b85e-f07ecdbbe64a','2018-02-09 10:32:46',5,'2018-02-09 10:32:46',5,'2018-02-09 10:32:46',30,55,0,NULL,NULL),(56,0,'352423062688088','SH_CVD_ASHA_SCREENING_1','b235cb62-b41f-4a9c-b1c4-811eea1abaae','2018-02-09 10:32:49',5,'2018-02-09 10:32:49',5,'2018-02-09 10:32:49',31,56,0,NULL,NULL),(57,0,'352423062688088','SH_CVD_ASHA_SCREENING_1','653db481-92c8-422e-b68a-1ba9c662d72d','2018-02-09 10:37:00',5,'2018-02-09 10:37:00',5,'2018-02-09 10:37:00',32,57,0,NULL,NULL),(58,0,'352423062688088','SH_CVD_ASHA_FOLLOWUP_1','04bd69d6-69f1-47ac-aa7e-f38825d763f5','2018-02-09 10:38:49',5,'2018-02-09 10:38:49',5,'2018-02-09 10:38:49',32,58,0,NULL,NULL),(59,0,'352423062688088','SH_CVD_ASHA_FOLLOWUP_2','fece3cc6-5447-430d-b43f-f5cd04a12364','2018-02-09 10:40:16',5,'2018-02-09 10:40:16',5,'2018-02-09 10:40:16',32,59,0,NULL,NULL),(60,0,'356586061892616','SH_CVD_ASHA_SCREENING_1','f454cee8-4f6e-4a69-9356-00be99f6e238','2018-02-14 12:32:02',11,'2018-02-14 12:32:02',11,'2018-02-14 12:32:02',38,60,0,NULL,NULL),(61,0,'356586061892616','SH_CVD_ASHA_SCREENING_1','41ccb311-13a7-47c7-a8dc-c8513ddb33cf','2018-02-14 12:32:06',11,'2018-02-14 12:32:06',11,'2018-02-14 12:32:06',41,61,0,NULL,NULL),(62,0,'356586061892616','SH_CVD_DOCTOR_FOLLOWUP_4','c74a5786-36e2-4e2d-8514-2493b2064dbd','2018-02-14 12:40:34',11,'2018-02-14 12:40:34',11,'2018-02-14 12:40:34',29,62,0,NULL,NULL),(63,0,'356586061892616','SH_CVD_ASHA_SCREENING_1','ac57bd57-aedd-4bb9-8709-714fc44f4c01','2018-02-14 12:43:05',11,'2018-02-14 12:43:05',11,'2018-02-14 12:43:05',42,63,0,NULL,NULL),(64,0,'356586061892616','SH_CVD_ASHA_SCREENING_1','7cc1c383-8291-4846-abbe-5683779739e5','2018-02-14 16:22:58',11,'2018-02-14 16:22:58',11,'2018-02-14 16:22:58',29,64,0,NULL,NULL),(65,0,'356586061892616','SH_CVD_ASHA_SCREENING_1','506c59c0-39f7-4272-972a-4e71775a832f','2018-02-14 16:23:02',11,'2018-02-14 16:23:02',11,'2018-02-14 16:23:02',30,65,0,NULL,NULL),(66,0,'356586061892616','SH_CVD_DOCTOR_FOLLOWUP_2','b64a62bb-422b-4c3a-b989-ee96c21eb814','2018-02-15 09:17:24',11,'2018-02-15 09:17:24',11,'2018-02-15 09:17:24',44,66,0,NULL,NULL),(67,0,'356586061892616','SH_CVD_DOCTOR_FOLLOWUP_3','23f8ee31-2aa9-4eca-aa2b-b0d8f0bf56d1','2018-02-15 09:18:35',11,'2018-02-15 09:18:35',11,'2018-02-15 09:18:35',44,67,0,NULL,NULL),(68,0,'352423062688088','SH_CVD_ASHA_SCREENING_1','f3380edb-8413-412c-892d-cc5499ba550d','2018-02-15 09:49:05',5,'2018-02-15 09:49:05',5,'2018-02-15 09:49:05',34,68,0,NULL,NULL),(69,0,'352423062688088','SH_CVD_DOCTOR_FOLLOWUP_1','d0c18315-e5c2-4080-b329-b8792cebb691','2018-02-15 09:53:12',5,'2018-02-15 09:53:12',5,'2018-02-15 09:53:12',34,69,0,NULL,NULL),(70,0,'356586061892616','SH_CVD_ASHA_SCREENING_1','630775be-8c79-4740-a71e-0e1958cfb016','2018-02-16 10:24:08',11,'2018-02-16 10:24:08',11,'2018-02-16 10:24:08',29,70,0,NULL,NULL),(71,0,'356586061892616','SH_CVD_ASHA_SCREENING_1','d289f716-24f0-4a09-99d6-96c490a7bbb4','2018-02-16 10:24:12',11,'2018-02-16 10:24:12',11,'2018-02-16 10:24:12',37,71,0,NULL,NULL),(72,0,'356586061892616','SH_CVD_ASHA_SCREENING_1','0ba0df00-6e94-45af-a144-281d3ae4db36','2018-02-16 10:24:16',11,'2018-02-16 10:24:16',11,'2018-02-16 10:24:16',45,72,0,NULL,NULL),(73,0,'356586061892616','SH_CVD_ASHA_SCREENING_1','773e6176-186f-46a9-88d2-22b3b1946c00','2018-02-16 10:24:20',11,'2018-02-16 10:24:20',11,'2018-02-16 10:24:20',46,73,0,NULL,NULL),(74,0,'356586061892616','SH_CVD_ASHA_SCREENING_1','6f5ef1cd-527e-4bfc-aa84-709ec4af4a54','2018-02-16 10:24:24',11,'2018-02-16 10:24:24',11,'2018-02-16 10:24:24',47,74,0,NULL,NULL),(75,0,'352423062688088','SH_CVD_ASHA_SCREENING_1','470f99f1-5059-4f8b-90a6-aa00b4b3b4cd','2018-02-16 11:09:20',5,'2018-02-16 11:09:20',5,'2018-02-16 11:09:20',29,75,0,NULL,NULL),(76,1,'352423062688088','SH_CVD_ASHA_SCREENING_1','34e3f627-3ce9-4a3e-b003-9c0f331766cd','2018-02-16 11:14:03',5,'2018-02-16 11:14:03',4,'2018-02-16 12:08:13',29,76,0,NULL,NULL),(77,0,'352423062688088','SH_CVD_DOCTOR_FOLLOWUP_1','3a0db73e-ed23-4357-bbf3-4ace9b82496f','2018-02-16 12:02:59',5,'2018-02-16 12:02:59',5,'2018-02-16 12:02:59',29,77,0,NULL,NULL),(78,0,'356586061853857','SH_CVD_ASHA_SCREENING_1','9651a7a7-6db2-4b55-a390-273beba2777c','2018-02-16 14:39:15',13,'2018-02-16 14:39:15',13,'2018-02-16 14:39:15',50,78,0,NULL,NULL),(79,0,'356586061892616','SH_CVD_ASHA_SCREENING_1','47646342-1559-4740-a816-729fa85c7bb2','2018-02-16 15:03:50',11,'2018-02-16 15:03:50',11,'2018-02-16 15:03:50',51,79,0,NULL,NULL),(80,0,'356586061892616','SH_CVD_ASHA_SCREENING_1','fd23e7e2-8a63-45b2-a6c7-384cca8fc34f','2018-02-16 15:03:54',11,'2018-02-16 15:03:54',11,'2018-02-16 15:03:54',52,80,0,NULL,NULL),(81,0,'356586061892616','SH_CVD_ASHA_SCREENING_1','a1fb0f0d-7601-420b-a115-a5af30598e6e','2018-02-16 15:03:57',11,'2018-02-16 15:03:57',11,'2018-02-16 15:03:57',53,81,0,NULL,NULL),(82,0,'356586061892616','SH_CVD_ASHA_SCREENING_1','eb4afaeb-5253-46ac-b51e-4d4cda1521f1','2018-02-16 15:04:01',11,'2018-02-16 15:04:01',11,'2018-02-16 15:04:01',54,82,0,NULL,NULL),(83,0,'356586061892616','SH_CVD_ASHA_SCREENING_1','69f36d62-b092-4a7a-8797-e00241a66f3a','2018-02-16 15:04:04',11,'2018-02-16 15:04:04',11,'2018-02-16 15:04:04',55,83,0,NULL,NULL),(84,0,'352423062688088','SH_CVD_ASHA_SCREENING_1','03da38fb-edef-444d-97e5-fc0eac74cae4','2018-02-16 15:24:45',5,'2018-02-16 15:24:45',5,'2018-02-16 15:24:45',50,84,0,NULL,NULL),(85,0,'352423062688088','SH_CVD_ASHA_SCREENING_1','1a412367-ef99-473b-bdbf-45650bfd879e','2018-02-16 15:24:49',5,'2018-02-16 15:24:49',5,'2018-02-16 15:24:49',57,85,0,NULL,NULL),(86,0,'352423062688088','SH_CVD_ASHA_SCREENING_1','406a1bf0-a5e0-439e-a24e-2227d03f07b2','2018-02-16 15:24:53',5,'2018-02-16 15:24:53',5,'2018-02-16 15:24:53',58,86,0,NULL,NULL),(87,0,'352423062688088','SH_CVD_ASHA_SCREENING_1','0e5a1a36-d056-481e-b776-adbd02dcc6ce','2018-02-16 15:24:57',5,'2018-02-16 15:24:57',5,'2018-02-16 15:24:57',59,87,0,NULL,NULL),(88,0,'356586061892616','SH_CVD_DOCTOR_FOLLOWUP_1','9c4d73c8-c640-418e-a66e-41e1ba05d4cf','2018-02-16 15:48:06',11,'2018-02-16 15:48:06',11,'2018-02-16 15:48:06',50,88,0,NULL,NULL),(89,0,'356586061853857','SH_CVD_ASHA_SCREENING_1','988b61e5-c385-4c90-a46b-be4d2c2a1f76','2018-02-17 10:19:16',13,'2018-02-17 10:19:16',13,'2018-02-17 10:19:16',29,89,0,NULL,NULL),(90,0,'356586061853857','SH_CVD_ASHA_SCREENING_1','bce2ca32-7cdd-4a3b-9471-182da6a8f7fd','2018-02-19 09:36:34',13,'2018-02-19 09:36:34',13,'2018-02-19 09:36:34',60,90,0,NULL,NULL),(91,0,'356586061853857','SH_CVD_ASHA_SCREENING_1','92792895-c92f-4c46-bbe7-83997b1f6c0b','2018-02-19 09:36:39',13,'2018-02-19 09:36:39',13,'2018-02-19 09:36:39',61,91,0,NULL,NULL),(92,0,'356586061853857','SH_CVD_ASHA_SCREENING_1','c956b205-74a8-4397-8b3a-20e046cc9410','2018-02-19 09:36:42',13,'2018-02-19 09:36:42',13,'2018-02-19 09:36:42',62,92,0,NULL,NULL),(93,0,'356586061853857','SH_CVD_ASHA_SCREENING_1','ea2825ee-19af-460e-9325-83174bb256b1','2018-02-19 09:36:46',13,'2018-02-19 09:36:46',13,'2018-02-19 09:36:46',63,93,0,NULL,NULL),(94,0,'356586061853857','SH_CVD_ASHA_SCREENING_1','4e8592e4-255e-4c7c-842d-ed684b8604e4','2018-02-19 09:36:50',13,'2018-02-19 09:36:50',13,'2018-02-19 09:36:50',64,94,0,NULL,NULL),(95,0,'356586062114390','SH_CVD_ASHA_SCREENING_1','80a4c8f4-7418-458c-9ab8-2f107207da25','2018-02-19 14:30:46',20,'2018-02-19 14:30:46',20,'2018-02-19 14:30:46',73,95,0,NULL,NULL),(96,0,'356586062114390','SH_CVD_DOCTOR_FOLLOWUP_1','5cfb6d4a-5a07-421a-a221-0605beed0fd4','2018-02-19 14:42:09',20,'2018-02-19 14:42:09',20,'2018-02-19 14:42:09',60,96,0,NULL,NULL),(97,0,'356586062114390','SH_CVD_DOCTOR_FOLLOWUP_1','ef6e84c9-f24e-46a9-8198-903e52a2ea0c','2018-02-19 14:52:34',20,'2018-02-19 14:52:34',20,'2018-02-19 14:52:34',61,97,0,NULL,NULL),(98,0,'356586061853857','SH_CVD_ASHA_FOLLOWUP_1','fd51be1f-ccc3-490e-af4c-7adf9044e078','2018-02-19 14:57:08',13,'2018-02-19 14:57:08',13,'2018-02-19 14:57:08',60,98,0,NULL,NULL),(99,0,'356586062114390','SH_CVD_DOCTOR_FOLLOWUP_2','4da679f0-448a-4b15-862f-cf028e868c06','2018-02-19 14:59:20',20,'2018-02-19 14:59:20',20,'2018-02-19 14:59:20',60,99,0,NULL,NULL),(100,0,'356586061853857','SH_CVD_ASHA_FOLLOWUP_2','061a0777-2a54-4a1f-ba79-11d363061e37','2018-02-19 15:22:42',13,'2018-02-19 15:22:42',13,'2018-02-19 15:22:42',60,100,0,NULL,NULL),(101,0,'356586061853857','SH_CVD_ASHA_FOLLOWUP_3','dab4d814-7a3e-4959-9ef9-56d139712bac','2018-02-20 09:24:30',13,'2018-02-20 09:24:30',13,'2018-02-20 09:24:30',60,101,0,NULL,NULL),(102,0,'356586062114390','SH_CVD_DOCTOR_FOLLOWUP_3','0b6369ff-485c-49f5-8c24-96908cdde5ae','2018-02-20 09:45:15',20,'2018-02-20 09:45:15',20,'2018-02-20 09:45:15',60,102,0,NULL,NULL);
/*!40000 ALTER TABLE `moca_queue_item` ENABLE KEYS */;
UNLOCK TABLES;

--
-- Table structure for table `note`
--

DROP TABLE IF EXISTS `note`;
/*!40101 SET @saved_cs_client     = @@character_set_client */;
/*!40101 SET character_set_client = utf8 */;
CREATE TABLE `note` (
  `note_id` int(11) NOT NULL DEFAULT '0',
  `note_type` varchar(50) DEFAULT NULL,
  `patient_id` int(11) DEFAULT NULL,
  `obs_id` int(11) DEFAULT NULL,
  `encounter_id` int(11) DEFAULT NULL,
  `text` text NOT NULL,
  `priority` int(11) DEFAULT NULL,
  `parent` int(11) DEFAULT NULL,
  `creator` int(11) NOT NULL DEFAULT '0',
  `date_created` datetime NOT NULL,
  `changed_by` int(11) DEFAULT NULL,
  `date_changed` datetime DEFAULT NULL,
  `uuid` char(38) DEFAULT NULL,
  PRIMARY KEY (`note_id`),
  UNIQUE KEY `note_uuid_index` (`uuid`),
  KEY `user_who_changed_note` (`changed_by`),
  KEY `user_who_created_note` (`creator`),
  KEY `encounter_note` (`encounter_id`),
  KEY `obs_note` (`obs_id`),
  KEY `note_hierarchy` (`parent`),
  KEY `patient_note` (`patient_id`),
  CONSTRAINT `encounter_note` FOREIGN KEY (`encounter_id`) REFERENCES `encounter` (`encounter_id`),
  CONSTRAINT `note_hierarchy` FOREIGN KEY (`parent`) REFERENCES `note` (`note_id`),
  CONSTRAINT `obs_note` FOREIGN KEY (`obs_id`) REFERENCES `obs` (`obs_id`),
  CONSTRAINT `patient_note` FOREIGN KEY (`patient_id`) REFERENCES `patient` (`patient_id`) ON UPDATE CASCADE,
  CONSTRAINT `user_who_changed_note` FOREIGN KEY (`changed_by`) REFERENCES `users` (`user_id`),
  CONSTRAINT `user_who_created_note` FOREIGN KEY (`creator`) REFERENCES `users` (`user_id`)
) ENGINE=InnoDB DEFAULT CHARSET=utf8;
/*!40101 SET character_set_client = @saved_cs_client */;

--
-- Dumping data for table `note`
--

LOCK TABLES `note` WRITE;
/*!40000 ALTER TABLE `note` DISABLE KEYS */;
/*!40000 ALTER TABLE `note` ENABLE KEYS */;
UNLOCK TABLES;

--
-- Table structure for table `notification_alert`
--

DROP TABLE IF EXISTS `notification_alert`;
/*!40101 SET @saved_cs_client     = @@character_set_client */;
/*!40101 SET character_set_client = utf8 */;
CREATE TABLE `notification_alert` (
  `alert_id` int(11) NOT NULL AUTO_INCREMENT,
  `text` varchar(512) NOT NULL,
  `satisfied_by_any` tinyint(1) NOT NULL DEFAULT '0',
  `alert_read` tinyint(1) NOT NULL DEFAULT '0',
  `date_to_expire` datetime DEFAULT NULL,
  `creator` int(11) NOT NULL,
  `date_created` datetime NOT NULL,
  `changed_by` int(11) DEFAULT NULL,
  `date_changed` datetime DEFAULT NULL,
  `uuid` char(38) DEFAULT NULL,
  PRIMARY KEY (`alert_id`),
  UNIQUE KEY `notification_alert_uuid_index` (`uuid`),
  KEY `alert_date_to_expire_idx` (`date_to_expire`),
  KEY `user_who_changed_alert` (`changed_by`),
  KEY `alert_creator` (`creator`),
  CONSTRAINT `alert_creator` FOREIGN KEY (`creator`) REFERENCES `users` (`user_id`),
  CONSTRAINT `user_who_changed_alert` FOREIGN KEY (`changed_by`) REFERENCES `users` (`user_id`)
) ENGINE=InnoDB AUTO_INCREMENT=10 DEFAULT CHARSET=utf8;
/*!40101 SET character_set_client = @saved_cs_client */;

--
-- Dumping data for table `notification_alert`
--

LOCK TABLES `notification_alert` WRITE;
/*!40000 ALTER TABLE `notification_alert` DISABLE KEYS */;
INSERT INTO `notification_alert` VALUES (1,'There was an error starting the module: Form Data Export Module',1,1,NULL,1,'2014-10-29 17:35:20',4,'2014-10-29 17:36:53','01121c6e-4b4b-47fe-a905-ef365233cd92'),(2,'There was an error starting the module: Sana Queue Module',1,1,NULL,1,'2014-10-29 17:38:03',3,'2014-10-29 17:58:41','e7a0d926-f824-4a0b-87a5-94b89d33dedb'),(3,'There was an error starting the module: Reporting',1,1,NULL,1,'2014-10-29 17:41:49',3,'2014-10-29 17:58:42','baa91a31-15f3-4498-8283-e407f67cdaf4'),(4,'There was an error starting the module: Reporting',1,1,NULL,1,'2014-10-29 17:43:24',3,'2014-10-29 17:58:42','2263e794-c19a-41c4-b06d-004c265671c4'),(5,'There was an error starting the module: Form Data Export Module',1,1,NULL,1,'2014-10-29 17:43:24',3,'2014-10-29 17:58:42','28c43f2a-5de5-4b89-b1fb-d4610a9f1432'),(6,'There was an error starting the module: Form Data Export Module',1,1,NULL,1,'2014-10-29 17:47:04',3,'2014-10-29 17:58:42','80f98574-6baa-4728-bfa4-fe6c567856ab'),(7,'There was an error starting the module: Reporting',1,1,NULL,1,'2014-10-29 17:47:08',3,'2014-10-29 17:58:43','364b93da-cf89-40b6-b370-05e582f86b6b'),(8,'There was an error starting the module: Form Data Export Module',1,1,NULL,1,'2014-10-29 17:59:01',3,'2014-10-29 17:59:13','7a5da708-92bd-4ec1-bd8e-7d0bef5b312d'),(9,'There was an error starting the module: Reporting',1,1,NULL,1,'2014-10-29 17:59:14',3,'2014-10-29 17:59:20','8b24ed5c-7fb1-4736-8960-2588f3d5ecf0');
/*!40000 ALTER TABLE `notification_alert` ENABLE KEYS */;
UNLOCK TABLES;

--
-- Table structure for table `notification_alert_recipient`
--

DROP TABLE IF EXISTS `notification_alert_recipient`;
/*!40101 SET @saved_cs_client     = @@character_set_client */;
/*!40101 SET character_set_client = utf8 */;
CREATE TABLE `notification_alert_recipient` (
  `alert_id` int(11) NOT NULL,
  `user_id` int(11) NOT NULL,
  `alert_read` tinyint(1) NOT NULL DEFAULT '0',
  `date_changed` timestamp NOT NULL DEFAULT CURRENT_TIMESTAMP ON UPDATE CURRENT_TIMESTAMP,
  `uuid` char(38) NOT NULL,
  PRIMARY KEY (`alert_id`,`user_id`),
  KEY `alert_read_by_user` (`user_id`),
  CONSTRAINT `alert_read_by_user` FOREIGN KEY (`user_id`) REFERENCES `users` (`user_id`),
  CONSTRAINT `id_of_alert` FOREIGN KEY (`alert_id`) REFERENCES `notification_alert` (`alert_id`)
) ENGINE=InnoDB DEFAULT CHARSET=utf8;
/*!40101 SET character_set_client = @saved_cs_client */;

--
-- Dumping data for table `notification_alert_recipient`
--

LOCK TABLES `notification_alert_recipient` WRITE;
/*!40000 ALTER TABLE `notification_alert_recipient` DISABLE KEYS */;
INSERT INTO `notification_alert_recipient` VALUES (1,1,0,'2014-10-29 12:05:20','d4cf0952-b2e1-4aa5-b8f6-994c3c653d7b'),(1,3,0,'2014-10-29 12:05:20','67c29560-572f-4b93-ab6d-acc21e894e6e'),(1,4,1,'2014-10-29 12:06:53','4c1c51f3-d322-45ff-974f-d83763d13c92'),(2,1,0,'2014-10-29 12:08:03','87c45b05-5b2d-4b52-93ff-f5fe91964b25'),(2,3,1,'2014-10-29 12:28:41','5292eba0-ad65-49ed-8b4d-a221435882ad'),(2,4,0,'2014-10-29 12:08:03','02aa32d3-0749-49aa-b239-000942256fb0'),(3,1,0,'2014-10-29 12:11:49','fe753ab7-f310-4b38-8dfc-ee1150b26d1c'),(3,3,1,'2014-10-29 12:28:42','70acee63-d587-4ec5-8f04-98216dcd9a2b'),(3,4,0,'2014-10-29 12:11:49','0d941780-2b22-4a2a-b02c-a31a9e921c64'),(4,1,0,'2014-10-29 12:13:24','3dec62a3-558f-44e6-a8f0-4ad0e721e9ab'),(4,3,1,'2014-10-29 12:28:42','4efde14e-d4a5-46c5-bbb8-a03116192f3c'),(4,4,0,'2014-10-29 12:13:24','6a0262aa-bf33-4bfb-9df5-42cd42ff0f02'),(5,1,0,'2014-10-29 12:13:24','ae3cb8fa-6358-4015-8443-133d33793c69'),(5,3,1,'2014-10-29 12:28:42','183ff368-a360-4260-9795-617bab367113'),(5,4,0,'2014-10-29 12:13:24','1fb241c6-f32a-433a-870e-dc5782120a58'),(6,1,0,'2014-10-29 12:17:04','da2502a0-eadb-4bc7-856b-88ec737b90d3'),(6,3,1,'2014-10-29 12:28:42','08799e26-5d16-447f-b228-7141036177e7'),(6,4,0,'2014-10-29 12:17:04','5ca53d36-296f-4bda-ae21-6cf7cf252868'),(7,1,0,'2014-10-29 12:17:08','3ddeeb9e-a29b-4607-9f14-5874eb7e1df6'),(7,3,1,'2014-10-29 12:28:43','b26f3034-9c45-4fb7-88be-a5a3f060d059'),(7,4,0,'2014-10-29 12:17:08','2207a549-35f8-4694-92e2-ffa0be38cf70'),(8,1,0,'2014-10-29 12:29:01','d6e105de-7eb6-4ea9-86a0-58c40425e28d'),(8,3,1,'2014-10-29 12:29:13','05f95166-3da9-4389-bc0f-22ca5a0870d0'),(8,4,0,'2014-10-29 12:29:01','eff7399a-811f-478d-9e4b-c5b6c614fd02'),(9,1,0,'2014-10-29 12:29:14','be935c1f-1282-4c8c-ad6a-7d1397f274bb'),(9,3,1,'2014-10-29 12:29:20','24aa9bf1-9bd0-4616-aa5d-8454ee1086e6'),(9,4,0,'2014-10-29 12:29:14','3281b1db-2f18-4cf7-ba5e-84e11fc2e876');
/*!40000 ALTER TABLE `notification_alert_recipient` ENABLE KEYS */;
UNLOCK TABLES;

--
-- Table structure for table `notification_template`
--

DROP TABLE IF EXISTS `notification_template`;
/*!40101 SET @saved_cs_client     = @@character_set_client */;
/*!40101 SET character_set_client = utf8 */;
CREATE TABLE `notification_template` (
  `template_id` int(11) NOT NULL AUTO_INCREMENT,
  `name` varchar(50) DEFAULT NULL,
  `template` text,
  `subject` varchar(100) DEFAULT NULL,
  `sender` varchar(255) DEFAULT NULL,
  `recipients` varchar(512) DEFAULT NULL,
  `ordinal` int(11) DEFAULT '0',
  `uuid` char(38) DEFAULT NULL,
  PRIMARY KEY (`template_id`),
  UNIQUE KEY `notification_template_uuid_index` (`uuid`)
) ENGINE=InnoDB DEFAULT CHARSET=utf8;
/*!40101 SET character_set_client = @saved_cs_client */;

--
-- Dumping data for table `notification_template`
--

LOCK TABLES `notification_template` WRITE;
/*!40000 ALTER TABLE `notification_template` DISABLE KEYS */;
/*!40000 ALTER TABLE `notification_template` ENABLE KEYS */;
UNLOCK TABLES;

--
-- Table structure for table `obs`
--

DROP TABLE IF EXISTS `obs`;
/*!40101 SET @saved_cs_client     = @@character_set_client */;
/*!40101 SET character_set_client = utf8 */;
CREATE TABLE `obs` (
  `obs_id` int(11) NOT NULL AUTO_INCREMENT,
  `person_id` int(11) NOT NULL,
  `concept_id` int(11) NOT NULL DEFAULT '0',
  `encounter_id` int(11) DEFAULT NULL,
  `order_id` int(11) DEFAULT NULL,
  `obs_datetime` datetime NOT NULL,
  `location_id` int(11) DEFAULT NULL,
  `obs_group_id` int(11) DEFAULT NULL,
  `accession_number` varchar(255) DEFAULT NULL,
  `value_group_id` int(11) DEFAULT NULL,
  `value_boolean` tinyint(1) DEFAULT NULL,
  `value_coded` int(11) DEFAULT NULL,
  `value_coded_name_id` int(11) DEFAULT NULL,
  `value_drug` int(11) DEFAULT NULL,
  `value_datetime` datetime DEFAULT NULL,
  `value_numeric` double DEFAULT NULL,
  `value_modifier` varchar(2) DEFAULT NULL,
  `value_text` text,
  `value_complex` varchar(255) DEFAULT NULL,
  `comments` varchar(255) DEFAULT NULL,
  `creator` int(11) NOT NULL DEFAULT '0',
  `date_created` datetime NOT NULL,
  `voided` tinyint(1) NOT NULL DEFAULT '0',
  `voided_by` int(11) DEFAULT NULL,
  `date_voided` datetime DEFAULT NULL,
  `void_reason` varchar(255) DEFAULT NULL,
  `uuid` char(38) DEFAULT NULL,
  `previous_version` int(11) DEFAULT NULL,
  PRIMARY KEY (`obs_id`),
  UNIQUE KEY `obs_uuid_index` (`uuid`),
  KEY `obs_datetime_idx` (`obs_datetime`),
  KEY `obs_concept` (`concept_id`),
  KEY `obs_enterer` (`creator`),
  KEY `encounter_observations` (`encounter_id`),
  KEY `obs_location` (`location_id`),
  KEY `obs_grouping_id` (`obs_group_id`),
  KEY `obs_order` (`order_id`),
  KEY `person_obs` (`person_id`),
  KEY `answer_concept` (`value_coded`),
  KEY `obs_name_of_coded_value` (`value_coded_name_id`),
  KEY `answer_concept_drug` (`value_drug`),
  KEY `user_who_voided_obs` (`voided_by`),
  KEY `previous_version` (`previous_version`),
  CONSTRAINT `answer_concept` FOREIGN KEY (`value_coded`) REFERENCES `concept` (`concept_id`),
  CONSTRAINT `answer_concept_drug` FOREIGN KEY (`value_drug`) REFERENCES `drug` (`drug_id`),
  CONSTRAINT `encounter_observations` FOREIGN KEY (`encounter_id`) REFERENCES `encounter` (`encounter_id`),
  CONSTRAINT `obs_concept` FOREIGN KEY (`concept_id`) REFERENCES `concept` (`concept_id`),
  CONSTRAINT `obs_enterer` FOREIGN KEY (`creator`) REFERENCES `users` (`user_id`),
  CONSTRAINT `obs_grouping_id` FOREIGN KEY (`obs_group_id`) REFERENCES `obs` (`obs_id`),
  CONSTRAINT `obs_location` FOREIGN KEY (`location_id`) REFERENCES `location` (`location_id`),
  CONSTRAINT `obs_name_of_coded_value` FOREIGN KEY (`value_coded_name_id`) REFERENCES `concept_name` (`concept_name_id`),
  CONSTRAINT `obs_order` FOREIGN KEY (`order_id`) REFERENCES `orders` (`order_id`),
  CONSTRAINT `person_obs` FOREIGN KEY (`person_id`) REFERENCES `person` (`person_id`) ON UPDATE CASCADE,
  CONSTRAINT `previous_version` FOREIGN KEY (`previous_version`) REFERENCES `obs` (`obs_id`),
  CONSTRAINT `user_who_voided_obs` FOREIGN KEY (`voided_by`) REFERENCES `users` (`user_id`)
) ENGINE=InnoDB AUTO_INCREMENT=3035 DEFAULT CHARSET=utf8;
/*!40101 SET character_set_client = @saved_cs_client */;

--
-- Dumping data for table `obs`
--

LOCK TABLES `obs` WRITE;
/*!40000 ALTER TABLE `obs` DISABLE KEYS */;
INSERT INTO `obs` VALUES (1,44,175,66,NULL,'2018-02-15 09:17:24',1,NULL,NULL,NULL,NULL,NULL,NULL,NULL,NULL,NULL,NULL,'15-2-2018',NULL,NULL,11,'2018-02-15 09:17:24',0,NULL,NULL,NULL,'6a661819-2fba-47bd-9bf6-342d213233cc',NULL),(2,44,174,66,NULL,'2018-02-15 09:17:24',1,NULL,NULL,NULL,NULL,NULL,NULL,NULL,NULL,NULL,NULL,'bazaar st,',NULL,NULL,11,'2018-02-15 09:17:24',0,NULL,NULL,NULL,'9e519fac-63c2-469c-8be9-09e9085e2061',NULL),(3,44,128,66,NULL,'2018-02-15 09:17:24',1,NULL,NULL,NULL,NULL,NULL,NULL,NULL,NULL,NULL,NULL,'123695478965',NULL,NULL,11,'2018-02-15 09:17:24',0,NULL,NULL,NULL,'249a456e-1e79-4286-b637-9186e271ef51',NULL),(4,44,22,66,NULL,'2018-02-15 09:17:24',1,NULL,NULL,NULL,NULL,NULL,NULL,NULL,NULL,NULL,NULL,'F',NULL,NULL,11,'2018-02-15 09:17:24',0,NULL,NULL,NULL,'187086ff-479f-4a31-807d-4fde7b2cdece',NULL),(5,44,21,66,NULL,'2018-02-15 09:17:24',1,NULL,NULL,NULL,NULL,NULL,NULL,NULL,NULL,NULL,NULL,'53',NULL,NULL,11,'2018-02-15 09:17:24',0,NULL,NULL,NULL,'323d2653-db5d-4585-9494-40d6b76f8135',NULL),(6,44,16,66,NULL,'2018-02-15 09:17:24',1,NULL,NULL,NULL,NULL,NULL,NULL,NULL,NULL,NULL,NULL,'8523674588',NULL,NULL,11,'2018-02-15 09:17:24',0,NULL,NULL,NULL,'612bf7ce-6b58-4ff2-9d45-56135e8913f4',NULL),(7,44,5,66,NULL,'2018-02-15 09:17:24',1,NULL,NULL,NULL,NULL,NULL,NULL,NULL,NULL,NULL,NULL,'3',NULL,NULL,11,'2018-02-15 09:17:24',0,NULL,NULL,NULL,'f5b0e105-1604-4a51-800d-a21b432730f0',NULL),(8,44,6,66,NULL,'2018-02-15 09:17:24',1,NULL,NULL,NULL,NULL,NULL,NULL,NULL,NULL,NULL,NULL,'thuthithangal',NULL,NULL,11,'2018-02-15 09:17:24',0,NULL,NULL,NULL,'76bba493-1aba-4d78-a31e-775d09347513',NULL),(9,44,150,66,NULL,'2018-02-15 09:17:24',1,NULL,NULL,NULL,NULL,NULL,NULL,NULL,NULL,NULL,NULL,'0',NULL,NULL,11,'2018-02-15 09:17:24',0,NULL,NULL,NULL,'48a33194-1ed4-4e2b-8942-a1d80e7508d2',NULL),(10,44,149,66,NULL,'2018-02-15 09:17:24',1,NULL,NULL,NULL,NULL,NULL,NULL,NULL,NULL,NULL,NULL,'1',NULL,NULL,11,'2018-02-15 09:17:24',0,NULL,NULL,NULL,'8257e4b8-d063-4184-96a5-bf2443b2cb08',NULL),(11,44,160,66,NULL,'2018-02-15 09:17:24',1,NULL,NULL,NULL,NULL,NULL,NULL,NULL,NULL,NULL,NULL,'0',NULL,NULL,11,'2018-02-15 09:17:24',0,NULL,NULL,NULL,'b25b76ed-9d19-4435-9ae2-7b2724d2f09d',NULL),(12,44,161,66,NULL,'2018-02-15 09:17:24',1,NULL,NULL,NULL,NULL,NULL,NULL,NULL,NULL,NULL,NULL,'1',NULL,NULL,11,'2018-02-15 09:17:24',0,NULL,NULL,NULL,'ff6f7668-56c0-4ade-a11b-167f127b3ec3',NULL),(13,44,146,66,NULL,'2018-02-15 09:17:24',1,NULL,NULL,NULL,NULL,NULL,NULL,NULL,NULL,NULL,NULL,'53.53',NULL,NULL,11,'2018-02-15 09:17:24',0,NULL,NULL,NULL,'b48ad9b2-7743-4970-ab7c-c31c0cc28538',NULL),(14,44,145,66,NULL,'2018-02-15 09:17:24',1,NULL,NULL,NULL,NULL,NULL,NULL,NULL,NULL,NULL,NULL,'23.08',NULL,NULL,11,'2018-02-15 09:17:24',0,NULL,NULL,NULL,'f70ddfa7-dd96-4ebb-98d9-f2b6b5a3faef',NULL),(15,44,148,66,NULL,'2018-02-15 09:17:24',1,NULL,NULL,NULL,NULL,NULL,NULL,NULL,NULL,NULL,NULL,'0',NULL,NULL,11,'2018-02-15 09:17:24',0,NULL,NULL,NULL,'e52ba93f-7432-4085-9fc7-2744a6a126a9',NULL),(16,44,147,66,NULL,'2018-02-15 09:17:24',1,NULL,NULL,NULL,NULL,NULL,NULL,NULL,NULL,NULL,NULL,'152.3',NULL,NULL,11,'2018-02-15 09:17:24',0,NULL,NULL,NULL,'79109c78-684a-47fd-b891-0bca4db913c8',NULL),(17,44,144,66,NULL,'2018-02-15 09:17:24',1,NULL,NULL,NULL,NULL,NULL,NULL,NULL,NULL,NULL,NULL,'0',NULL,NULL,11,'2018-02-15 09:17:24',0,NULL,NULL,NULL,'1b84c3f9-7329-44b1-bdae-9c1964e3a6e6',NULL),(18,44,143,66,NULL,'2018-02-15 09:17:24',1,NULL,NULL,NULL,NULL,NULL,NULL,NULL,NULL,NULL,NULL,'0',NULL,NULL,11,'2018-02-15 09:17:24',0,NULL,NULL,NULL,'f852fe73-2fc8-44eb-bedc-04c3a9df00d1',NULL),(19,44,171,66,NULL,'2018-02-15 09:17:24',1,NULL,NULL,NULL,NULL,NULL,NULL,NULL,NULL,NULL,NULL,'5',NULL,NULL,11,'2018-02-15 09:17:24',0,NULL,NULL,NULL,'23a5445d-ee9d-408d-a959-4a9d0a6a21f2',NULL),(20,44,170,66,NULL,'2018-02-15 09:17:24',1,NULL,NULL,NULL,NULL,NULL,NULL,NULL,NULL,NULL,NULL,'1',NULL,NULL,11,'2018-02-15 09:17:24',0,NULL,NULL,NULL,'f0822dd6-bd13-4f81-880d-00f50c0b25df',NULL),(21,44,183,66,NULL,'2018-02-15 09:17:24',1,NULL,NULL,NULL,NULL,NULL,NULL,NULL,NULL,NULL,NULL,'0',NULL,NULL,11,'2018-02-15 09:17:24',0,NULL,NULL,NULL,'0c2d1090-56fd-44af-897b-219c7b4e6dd4',NULL),(22,44,184,66,NULL,'2018-02-15 09:17:24',1,NULL,NULL,NULL,NULL,NULL,NULL,NULL,NULL,NULL,NULL,'0',NULL,NULL,11,'2018-02-15 09:17:25',0,NULL,NULL,NULL,'e1503910-2f68-41c1-8e86-413f217b6596',NULL),(23,44,167,66,NULL,'2018-02-15 09:17:24',1,NULL,NULL,NULL,NULL,NULL,NULL,NULL,NULL,NULL,NULL,'1236585',NULL,NULL,11,'2018-02-15 09:17:25',0,NULL,NULL,NULL,'b59e87ac-f50c-4249-8daf-38b7fee31952',NULL),(24,44,166,66,NULL,'2018-02-15 09:17:24',1,NULL,NULL,NULL,NULL,NULL,NULL,NULL,NULL,NULL,NULL,'236568',NULL,NULL,11,'2018-02-15 09:17:25',0,NULL,NULL,NULL,'127443f4-bf0f-416b-9b0d-e8cfd17e1a0a',NULL),(25,44,169,66,NULL,'2018-02-15 09:17:24',1,NULL,NULL,NULL,NULL,NULL,NULL,NULL,NULL,NULL,NULL,'106',NULL,NULL,11,'2018-02-15 09:17:25',0,NULL,NULL,NULL,'47500faa-6052-4585-bcb2-c7f9cc4ccb9c',NULL),(26,44,168,66,NULL,'2018-02-15 09:17:24',1,NULL,NULL,NULL,NULL,NULL,NULL,NULL,NULL,NULL,NULL,'2',NULL,NULL,11,'2018-02-15 09:17:25',0,NULL,NULL,NULL,'700a7194-e3b8-4ad5-aba9-82c838d7e34d',NULL),(27,44,116,66,NULL,'2018-02-15 09:17:24',1,NULL,NULL,NULL,NULL,NULL,NULL,NULL,NULL,NULL,NULL,'ruhsa_1',NULL,NULL,11,'2018-02-15 09:17:25',0,NULL,NULL,NULL,'86a7e653-64bf-480c-8c17-076ca9ba8770',NULL),(28,44,173,66,NULL,'2018-02-15 09:17:24',1,NULL,NULL,NULL,NULL,NULL,NULL,NULL,NULL,NULL,NULL,'4',NULL,NULL,11,'2018-02-15 09:17:25',0,NULL,NULL,NULL,'54ef880e-a43f-41d0-8524-d7f4ad32e11e',NULL),(29,44,165,66,NULL,'2018-02-15 09:17:24',1,NULL,NULL,NULL,NULL,NULL,NULL,NULL,NULL,NULL,NULL,'H',NULL,NULL,11,'2018-02-15 09:17:25',0,NULL,NULL,NULL,'96694564-f8b5-41f8-b9a8-164dfdeba668',NULL),(30,44,164,66,NULL,'2018-02-15 09:17:24',1,NULL,NULL,NULL,NULL,NULL,NULL,NULL,NULL,NULL,NULL,'raja',NULL,NULL,11,'2018-02-15 09:17:25',0,NULL,NULL,NULL,'ef62b294-d53d-4e79-81b3-acfd32e7a029',NULL),(31,44,137,66,NULL,'2018-02-15 09:17:24',1,NULL,NULL,NULL,NULL,NULL,NULL,NULL,NULL,NULL,NULL,'NA',NULL,NULL,11,'2018-02-15 09:17:25',0,NULL,NULL,NULL,'4e7fe00f-1716-4215-beed-410b51d5d339',NULL),(32,44,138,66,NULL,'2018-02-15 09:17:24',1,NULL,NULL,NULL,NULL,NULL,NULL,NULL,NULL,NULL,NULL,'1',NULL,NULL,11,'2018-02-15 09:17:25',0,NULL,NULL,NULL,'b2ac8811-9a81-454c-9b68-ed0b9881ab92',NULL),(33,44,133,66,NULL,'2018-02-15 09:17:24',1,NULL,NULL,NULL,NULL,NULL,NULL,NULL,NULL,NULL,NULL,'1',NULL,NULL,11,'2018-02-15 09:17:25',0,NULL,NULL,NULL,'3691c8fe-93fc-4161-9b7b-9a4ecfd08040',NULL),(34,44,134,66,NULL,'2018-02-15 09:17:24',1,NULL,NULL,NULL,NULL,NULL,NULL,NULL,NULL,NULL,NULL,'140',NULL,NULL,11,'2018-02-15 09:17:25',0,NULL,NULL,NULL,'fff94ef3-2c6d-45ec-858f-948c663da6b4',NULL),(35,44,139,66,NULL,'2018-02-15 09:17:24',1,NULL,NULL,NULL,NULL,NULL,NULL,NULL,NULL,NULL,NULL,'85',NULL,NULL,11,'2018-02-15 09:17:25',0,NULL,NULL,NULL,'86ebb27d-07cf-4be5-878c-7cdfe52c39cf',NULL),(36,44,140,66,NULL,'2018-02-15 09:17:24',1,NULL,NULL,NULL,NULL,NULL,NULL,NULL,NULL,NULL,NULL,'11.3',NULL,NULL,11,'2018-02-15 09:17:25',0,NULL,NULL,NULL,'39ce8c1b-dbde-4f06-a54e-11f8ed23de41',NULL),(37,44,152,66,NULL,'2018-02-15 09:17:24',1,NULL,NULL,NULL,NULL,NULL,NULL,NULL,NULL,NULL,NULL,'1',NULL,NULL,11,'2018-02-15 09:17:25',0,NULL,NULL,NULL,'35ce63d9-cc9c-4d18-95bd-9193277c7d4f',NULL),(38,44,151,66,NULL,'2018-02-15 09:17:24',1,NULL,NULL,NULL,NULL,NULL,NULL,NULL,NULL,NULL,NULL,'1',NULL,NULL,11,'2018-02-15 09:17:25',0,NULL,NULL,NULL,'68b1acc7-765e-4fa4-9007-621a2a0fc205',NULL),(39,44,135,66,NULL,'2018-02-15 09:17:24',1,NULL,NULL,NULL,NULL,NULL,NULL,NULL,NULL,NULL,NULL,'1',NULL,NULL,11,'2018-02-15 09:17:25',0,NULL,NULL,NULL,'22c027a4-3f07-4862-b389-14aa0b665c6d',NULL),(40,44,136,66,NULL,'2018-02-15 09:17:24',1,NULL,NULL,NULL,NULL,NULL,NULL,NULL,NULL,NULL,NULL,'1',NULL,NULL,11,'2018-02-15 09:17:25',0,NULL,NULL,NULL,'6fb597bd-884b-4cb3-a948-adf218741eb9',NULL),(41,44,19,66,NULL,'2018-02-15 09:17:24',1,NULL,NULL,NULL,NULL,NULL,NULL,NULL,NULL,NULL,NULL,'NA',NULL,NULL,11,'2018-02-15 09:17:25',0,NULL,NULL,NULL,'ac738f89-fbe6-4763-8158-936efef6a782',NULL),(42,44,119,66,NULL,'2018-02-15 09:17:24',1,NULL,NULL,NULL,NULL,NULL,NULL,NULL,NULL,NULL,NULL,'SH_CVD_DOCTOR_FOLLOWUP_2',NULL,NULL,11,'2018-02-15 09:17:25',0,NULL,NULL,NULL,'9d40c43c-7021-4d79-b87c-d044838ad0d8',NULL),(43,44,114,66,NULL,'2018-02-15 09:17:24',1,NULL,NULL,NULL,NULL,NULL,NULL,NULL,NULL,NULL,NULL,'15-02-2018 09:05:24',NULL,NULL,11,'2018-02-15 09:17:25',0,NULL,NULL,NULL,'fd276068-ff8b-450e-b57d-0b12f710e0df',NULL),(44,44,7,66,NULL,'2018-02-15 09:17:24',1,NULL,NULL,NULL,NULL,NULL,NULL,NULL,NULL,NULL,NULL,'ruhsa_1',NULL,NULL,11,'2018-02-15 09:17:25',0,NULL,NULL,NULL,'0790a860-4fcd-4bd8-bd26-3a275e47e63a',NULL),(45,44,118,66,NULL,'2018-02-15 09:17:24',1,NULL,NULL,NULL,NULL,NULL,NULL,NULL,NULL,NULL,NULL,'SH_CVD_DOCTOR_FOLLOWUP_1',NULL,NULL,11,'2018-02-15 09:17:25',0,NULL,NULL,NULL,'18d3ca72-41a8-4980-b6fb-3c9b510ba091',NULL),(46,44,8,66,NULL,'2018-02-15 09:17:24',1,NULL,NULL,NULL,NULL,NULL,NULL,NULL,NULL,NULL,NULL,'SH_CVD_DOCTOR_FOLLOWUP_2',NULL,NULL,11,'2018-02-15 09:17:25',0,NULL,NULL,NULL,'6a29f93f-feaf-480d-99ba-9ce79062f9f9',NULL),(47,44,9,66,NULL,'2018-02-15 09:17:24',1,NULL,NULL,NULL,NULL,NULL,NULL,NULL,NULL,NULL,NULL,'15-02-2018 09:05:24',NULL,NULL,11,'2018-02-15 09:17:25',0,NULL,NULL,NULL,'b7c91385-19a9-4329-b17d-838899c98b42',NULL),(48,44,20,66,NULL,'2018-02-15 09:17:24',1,NULL,NULL,NULL,NULL,NULL,NULL,NULL,NULL,NULL,NULL,'15-2-2018',NULL,NULL,11,'2018-02-15 09:17:25',0,NULL,NULL,NULL,'9d0888dc-c341-498a-82fb-8105fd00c06d',NULL),(49,44,18,66,NULL,'2018-02-15 09:17:24',1,NULL,NULL,NULL,NULL,NULL,NULL,NULL,NULL,NULL,NULL,'1-1-1965',NULL,NULL,11,'2018-02-15 09:17:25',0,NULL,NULL,NULL,'60cd10ea-fd65-421f-90b0-7c91bb83f00a',NULL),(50,44,12,66,NULL,'2018-02-15 09:17:24',1,NULL,NULL,NULL,NULL,NULL,NULL,NULL,NULL,NULL,NULL,'1040030001',NULL,NULL,11,'2018-02-15 09:17:25',0,NULL,NULL,NULL,'e5267f55-2c34-488a-83e9-7369f88d2732',NULL),(51,44,22,66,NULL,'2018-02-15 09:17:24',1,NULL,NULL,NULL,NULL,NULL,NULL,NULL,NULL,NULL,NULL,'F',NULL,NULL,11,'2018-02-15 09:17:25',0,NULL,NULL,NULL,'edff7ba3-ca59-4e4f-94f5-9bdf1dd6336e',NULL),(52,44,80,66,NULL,'2018-02-15 09:17:24',1,NULL,NULL,NULL,NULL,NULL,NULL,NULL,NULL,NULL,NULL,'107.8',NULL,NULL,11,'2018-02-15 09:17:25',0,NULL,NULL,NULL,'ec3872c3-e0f8-47bd-9c8f-7dac4b78c5bc',NULL),(53,44,179,66,NULL,'2018-02-15 09:17:24',1,NULL,NULL,NULL,NULL,NULL,NULL,NULL,NULL,NULL,NULL,'1',NULL,NULL,11,'2018-02-15 09:17:25',0,NULL,NULL,NULL,'3c851606-9383-45b4-b586-13ef85ba13d3',NULL),(54,44,178,66,NULL,'2018-02-15 09:17:24',1,NULL,NULL,NULL,NULL,NULL,NULL,NULL,NULL,NULL,NULL,'100',NULL,NULL,11,'2018-02-15 09:17:25',0,NULL,NULL,NULL,'afb22abb-9b8e-4705-970f-af7047a39e5f',NULL),(55,44,79,66,NULL,'2018-02-15 09:17:24',1,NULL,NULL,NULL,NULL,NULL,NULL,NULL,NULL,NULL,NULL,'105.8',NULL,NULL,11,'2018-02-15 09:17:25',0,NULL,NULL,NULL,'83a201d7-1708-41f8-8d25-829d319a83a4',NULL),(56,44,176,66,NULL,'2018-02-15 09:17:24',1,NULL,NULL,NULL,NULL,NULL,NULL,NULL,NULL,NULL,NULL,'14',NULL,NULL,11,'2018-02-15 09:17:25',0,NULL,NULL,NULL,'5ecb2a24-aa3e-4d0e-92db-7229f7a7f840',NULL),(57,44,177,66,NULL,'2018-02-15 09:17:24',1,NULL,NULL,NULL,NULL,NULL,NULL,NULL,NULL,NULL,NULL,'200',NULL,NULL,11,'2018-02-15 09:17:25',0,NULL,NULL,NULL,'4c34b0ac-5e75-489b-bed9-8c12e14e4b71',NULL),(58,44,172,66,NULL,'2018-02-15 09:17:24',1,NULL,NULL,NULL,NULL,NULL,NULL,NULL,NULL,NULL,NULL,'0.8',NULL,NULL,11,'2018-02-15 09:17:25',0,NULL,NULL,NULL,'ba06cce3-05e7-4bd5-bf27-98774d39917a',NULL),(59,44,180,66,NULL,'2018-02-15 09:17:24',1,NULL,NULL,NULL,NULL,NULL,NULL,NULL,NULL,NULL,NULL,'68',NULL,NULL,11,'2018-02-15 09:17:25',0,NULL,NULL,NULL,'770d90ac-af91-497f-badd-d307b9dfbc68',NULL),(60,44,117,66,NULL,'2018-02-15 09:17:24',1,NULL,NULL,NULL,NULL,NULL,NULL,NULL,NULL,NULL,NULL,'doctor',NULL,NULL,11,'2018-02-15 09:17:25',0,NULL,NULL,NULL,'3b0cbd1c-dc6b-4b3d-b231-7dc604911b72',NULL),(61,44,115,66,NULL,'2018-02-15 09:17:24',1,NULL,NULL,NULL,NULL,NULL,NULL,NULL,NULL,NULL,NULL,'15-02-2018 09:05:24',NULL,NULL,11,'2018-02-15 09:17:25',0,NULL,NULL,NULL,'dbcd7026-dd9f-4ea8-ac60-9f8b5c1bfb83',NULL),(62,44,15,66,NULL,'2018-02-15 09:17:24',1,NULL,NULL,NULL,NULL,NULL,NULL,NULL,NULL,NULL,NULL,'jothi',NULL,NULL,11,'2018-02-15 09:17:25',0,NULL,NULL,NULL,'dd14229c-86a5-4f8d-8d57-299b1b416f5e',NULL),(63,44,14,66,NULL,'2018-02-15 09:17:24',1,NULL,NULL,NULL,NULL,NULL,NULL,NULL,NULL,NULL,NULL,'jothi',NULL,NULL,11,'2018-02-15 09:17:25',0,NULL,NULL,NULL,'4895469d-d5bf-4623-abb4-3af5a58a7584',NULL),(64,44,116,66,NULL,'2018-02-15 09:17:24',1,NULL,NULL,NULL,NULL,NULL,NULL,NULL,NULL,NULL,NULL,'ruhsa_1',NULL,NULL,11,'2018-02-15 09:17:25',0,NULL,NULL,NULL,'f03fcd2e-9cac-4789-bf70-3628f8afaeb8',NULL),(65,44,181,66,NULL,'2018-02-15 09:17:24',1,NULL,NULL,NULL,NULL,NULL,NULL,NULL,NULL,NULL,NULL,'3',NULL,NULL,11,'2018-02-15 09:17:25',0,NULL,NULL,NULL,'2347ca87-c1e1-45a3-816d-ace9d37e2e52',NULL),(66,44,182,66,NULL,'2018-02-15 09:17:24',1,NULL,NULL,NULL,NULL,NULL,NULL,NULL,NULL,NULL,NULL,'1',NULL,NULL,11,'2018-02-15 09:17:25',0,NULL,NULL,NULL,'a39dc475-8c10-430c-b37e-c2e4fccab558',NULL),(67,44,187,66,NULL,'2018-02-15 09:17:24',1,NULL,NULL,NULL,NULL,NULL,NULL,NULL,NULL,NULL,NULL,'6',NULL,NULL,11,'2018-02-15 09:17:25',0,NULL,NULL,NULL,'ea2b76a8-2bc0-4865-97c1-30af51939faf',NULL),(68,44,188,66,NULL,'2018-02-15 09:17:24',1,NULL,NULL,NULL,NULL,NULL,NULL,NULL,NULL,NULL,NULL,'1',NULL,NULL,11,'2018-02-15 09:17:25',0,NULL,NULL,NULL,'8d60839a-0ac4-46f1-8a3c-02d487c0a058',NULL),(69,44,185,66,NULL,'2018-02-15 09:17:24',1,NULL,NULL,NULL,NULL,NULL,NULL,NULL,NULL,NULL,NULL,'5',NULL,NULL,11,'2018-02-15 09:17:25',0,NULL,NULL,NULL,'7c2b0faa-e458-4a7a-866d-fe0dac3e0631',NULL),(70,44,186,66,NULL,'2018-02-15 09:17:24',1,NULL,NULL,NULL,NULL,NULL,NULL,NULL,NULL,NULL,NULL,'1',NULL,NULL,11,'2018-02-15 09:17:25',0,NULL,NULL,NULL,'342dde6f-7554-4bf1-976a-e0380e54da23',NULL),(71,44,142,66,NULL,'2018-02-15 09:17:24',1,NULL,NULL,NULL,NULL,NULL,NULL,NULL,NULL,NULL,NULL,'Rectruited',NULL,NULL,11,'2018-02-15 09:17:26',0,NULL,NULL,NULL,'5a90d62f-b915-4ddd-96e7-457d4cc49f21',NULL),(72,44,141,66,NULL,'2018-02-15 09:17:24',1,NULL,NULL,NULL,NULL,NULL,NULL,NULL,NULL,NULL,NULL,'done',NULL,NULL,11,'2018-02-15 09:17:26',0,NULL,NULL,NULL,'9ff206c6-241e-441b-95fc-25e91eae0d12',NULL),(73,44,155,66,NULL,'2018-02-15 09:17:24',1,NULL,NULL,NULL,NULL,NULL,NULL,NULL,NULL,NULL,NULL,'0',NULL,NULL,11,'2018-02-15 09:17:26',0,NULL,NULL,NULL,'a50b7dae-e5b0-435c-887d-ee5bf34165fe',NULL),(74,44,154,66,NULL,'2018-02-15 09:17:24',1,NULL,NULL,NULL,NULL,NULL,NULL,NULL,NULL,NULL,NULL,'0',NULL,NULL,11,'2018-02-15 09:17:26',0,NULL,NULL,NULL,'f2d7070d-f978-499d-9432-e702c4f3ce2c',NULL),(75,44,159,66,NULL,'2018-02-15 09:17:24',1,NULL,NULL,NULL,NULL,NULL,NULL,NULL,NULL,NULL,NULL,'1',NULL,NULL,11,'2018-02-15 09:17:26',0,NULL,NULL,NULL,'204c2394-b55b-4a00-954a-542f7eb1917b',NULL),(76,44,158,66,NULL,'2018-02-15 09:17:24',1,NULL,NULL,NULL,NULL,NULL,NULL,NULL,NULL,NULL,NULL,'15-2-2018',NULL,NULL,11,'2018-02-15 09:17:26',0,NULL,NULL,NULL,'7106fab1-7486-49e3-8ed9-fdcba4480ac2',NULL),(77,44,153,66,NULL,'2018-02-15 09:17:24',1,NULL,NULL,NULL,NULL,NULL,NULL,NULL,NULL,NULL,NULL,'2',NULL,NULL,11,'2018-02-15 09:17:26',0,NULL,NULL,NULL,'34b3f3fb-2d0a-4ea0-91e3-cf82748a8990',NULL),(78,44,35,66,NULL,'2018-02-15 09:17:24',1,NULL,NULL,NULL,NULL,NULL,NULL,NULL,NULL,NULL,NULL,'3',NULL,NULL,11,'2018-02-15 09:17:26',0,NULL,NULL,NULL,'94422ca6-f676-4fcd-9839-6c7e7c9b53fd',NULL),(79,44,162,66,NULL,'2018-02-15 09:17:24',1,NULL,NULL,NULL,NULL,NULL,NULL,NULL,NULL,NULL,NULL,'150',NULL,NULL,11,'2018-02-15 09:17:26',0,NULL,NULL,NULL,'fc0a3107-7f53-4545-bb43-c56571b86269',NULL),(80,44,163,66,NULL,'2018-02-15 09:17:24',1,NULL,NULL,NULL,NULL,NULL,NULL,NULL,NULL,NULL,NULL,'2',NULL,NULL,11,'2018-02-15 09:17:26',0,NULL,NULL,NULL,'66b1eff4-c989-413e-a2df-a55209182263',NULL),(81,44,157,66,NULL,'2018-02-15 09:17:24',1,NULL,NULL,NULL,NULL,NULL,NULL,NULL,NULL,NULL,NULL,'11.3',NULL,NULL,11,'2018-02-15 09:17:26',0,NULL,NULL,NULL,'aaf3eb76-6961-489a-b876-e12908a75cb2',NULL),(82,44,156,66,NULL,'2018-02-15 09:17:24',1,NULL,NULL,NULL,NULL,NULL,NULL,NULL,NULL,NULL,NULL,'15-2-2018',NULL,NULL,11,'2018-02-15 09:17:26',0,NULL,NULL,NULL,'af8d0dde-7ed4-4246-84db-f4a495809eb0',NULL),(83,44,153,67,NULL,'2018-02-15 09:18:35',1,NULL,NULL,NULL,NULL,NULL,NULL,NULL,NULL,NULL,NULL,'2',NULL,NULL,11,'2018-02-15 09:18:36',0,NULL,NULL,NULL,'5d6d4bc2-4d95-46fc-b1d7-96d636329c1c',NULL),(84,44,154,67,NULL,'2018-02-15 09:18:35',1,NULL,NULL,NULL,NULL,NULL,NULL,NULL,NULL,NULL,NULL,'0',NULL,NULL,11,'2018-02-15 09:18:36',0,NULL,NULL,NULL,'ca2707d3-d2bd-448f-98a8-124aa7b92064',NULL),(85,44,162,67,NULL,'2018-02-15 09:18:35',1,NULL,NULL,NULL,NULL,NULL,NULL,NULL,NULL,NULL,NULL,'150',NULL,NULL,11,'2018-02-15 09:18:36',0,NULL,NULL,NULL,'8eac6b0d-58bc-40ce-95e6-22dc8e34e508',NULL),(86,44,156,67,NULL,'2018-02-15 09:18:35',1,NULL,NULL,NULL,NULL,NULL,NULL,NULL,NULL,NULL,NULL,'15-2-2018',NULL,NULL,11,'2018-02-15 09:18:36',0,NULL,NULL,NULL,'743fe9ea-68ee-4611-bd12-9cbdbacbddb4',NULL),(87,44,170,67,NULL,'2018-02-15 09:18:35',1,NULL,NULL,NULL,NULL,NULL,NULL,NULL,NULL,NULL,NULL,'1',NULL,NULL,11,'2018-02-15 09:18:36',0,NULL,NULL,NULL,'ab1de2e8-17d4-4ba9-a9c1-b305c6f88e80',NULL),(88,44,163,67,NULL,'2018-02-15 09:18:35',1,NULL,NULL,NULL,NULL,NULL,NULL,NULL,NULL,NULL,NULL,'2',NULL,NULL,11,'2018-02-15 09:18:36',0,NULL,NULL,NULL,'eee59ee8-d23d-4874-bfcc-60c80da4bf69',NULL),(89,44,159,67,NULL,'2018-02-15 09:18:35',1,NULL,NULL,NULL,NULL,NULL,NULL,NULL,NULL,NULL,NULL,'1',NULL,NULL,11,'2018-02-15 09:18:36',0,NULL,NULL,NULL,'d5b827d6-8977-4a3e-b580-78a21c4d6cf4',NULL),(90,44,35,67,NULL,'2018-02-15 09:18:35',1,NULL,NULL,NULL,NULL,NULL,NULL,NULL,NULL,NULL,NULL,'3',NULL,NULL,11,'2018-02-15 09:18:36',0,NULL,NULL,NULL,'efc899f7-f05d-4c5d-a819-c12fe7f2c144',NULL),(91,44,157,67,NULL,'2018-02-15 09:18:35',1,NULL,NULL,NULL,NULL,NULL,NULL,NULL,NULL,NULL,NULL,'11.3',NULL,NULL,11,'2018-02-15 09:18:36',0,NULL,NULL,NULL,'fb3ff304-ff3e-40a5-9a19-99d8a31bddb9',NULL),(92,44,158,67,NULL,'2018-02-15 09:18:35',1,NULL,NULL,NULL,NULL,NULL,NULL,NULL,NULL,NULL,NULL,'15-2-2018',NULL,NULL,11,'2018-02-15 09:18:36',0,NULL,NULL,NULL,'1c55aada-bbac-4fb6-8459-896b066a54e8',NULL),(93,44,20,67,NULL,'2018-02-15 09:18:35',1,NULL,NULL,NULL,NULL,NULL,NULL,NULL,NULL,NULL,NULL,'15-2-2018',NULL,NULL,11,'2018-02-15 09:18:36',0,NULL,NULL,NULL,'91afd542-92f4-4d62-84b0-c46db7f4084a',NULL),(94,44,22,67,NULL,'2018-02-15 09:18:35',1,NULL,NULL,NULL,NULL,NULL,NULL,NULL,NULL,NULL,NULL,'F',NULL,NULL,11,'2018-02-15 09:18:36',0,NULL,NULL,NULL,'899ca9bd-598d-41aa-b3b4-e7dd6a832df2',NULL),(95,44,115,67,NULL,'2018-02-15 09:18:35',1,NULL,NULL,NULL,NULL,NULL,NULL,NULL,NULL,NULL,NULL,'15-02-2018 09:07:01',NULL,NULL,11,'2018-02-15 09:18:36',0,NULL,NULL,NULL,'d7660cd2-03b5-4fce-8e15-4e3b7e353fb2',NULL),(96,44,114,67,NULL,'2018-02-15 09:18:35',1,NULL,NULL,NULL,NULL,NULL,NULL,NULL,NULL,NULL,NULL,'15-02-2018 09:07:01',NULL,NULL,11,'2018-02-15 09:18:36',0,NULL,NULL,NULL,'c7ad3b19-caa8-4581-a958-be9e3e4502c7',NULL),(97,44,119,67,NULL,'2018-02-15 09:18:35',1,NULL,NULL,NULL,NULL,NULL,NULL,NULL,NULL,NULL,NULL,'SH_CVD_DOCTOR_FOLLOWUP_3',NULL,NULL,11,'2018-02-15 09:18:36',0,NULL,NULL,NULL,'9f38c094-63a2-43b5-90c6-69e02d0190dc',NULL),(98,44,118,67,NULL,'2018-02-15 09:18:35',1,NULL,NULL,NULL,NULL,NULL,NULL,NULL,NULL,NULL,NULL,'SH_CVD_DOCTOR_FOLLOWUP_2',NULL,NULL,11,'2018-02-15 09:18:36',0,NULL,NULL,NULL,'699ef605-84da-4d72-b5c5-deeec3ad651c',NULL),(99,44,7,67,NULL,'2018-02-15 09:18:35',1,NULL,NULL,NULL,NULL,NULL,NULL,NULL,NULL,NULL,NULL,'ruhsa_1',NULL,NULL,11,'2018-02-15 09:18:36',0,NULL,NULL,NULL,'700f044f-c2af-4196-82a8-71590603a436',NULL),(100,44,9,67,NULL,'2018-02-15 09:18:35',1,NULL,NULL,NULL,NULL,NULL,NULL,NULL,NULL,NULL,NULL,'15-02-2018 09:07:01',NULL,NULL,11,'2018-02-15 09:18:36',0,NULL,NULL,NULL,'e0d1a6a8-2029-4820-a3c9-9584a8cb139b',NULL),(101,44,8,67,NULL,'2018-02-15 09:18:35',1,NULL,NULL,NULL,NULL,NULL,NULL,NULL,NULL,NULL,NULL,'SH_CVD_DOCTOR_FOLLOWUP_3',NULL,NULL,11,'2018-02-15 09:18:36',0,NULL,NULL,NULL,'5dd0bbd7-16c6-46c9-a17c-598c3636d34a',NULL),(102,44,18,67,NULL,'2018-02-15 09:18:35',1,NULL,NULL,NULL,NULL,NULL,NULL,NULL,NULL,NULL,NULL,'1-1-1965',NULL,NULL,11,'2018-02-15 09:18:36',0,NULL,NULL,NULL,'c2b11c42-860a-409b-84c0-245b42f858bd',NULL),(103,44,15,67,NULL,'2018-02-15 09:18:35',1,NULL,NULL,NULL,NULL,NULL,NULL,NULL,NULL,NULL,NULL,'jothi',NULL,NULL,11,'2018-02-15 09:18:36',0,NULL,NULL,NULL,'e4bfc5b1-e737-4b01-ab85-48082b22320d',NULL),(104,44,12,67,NULL,'2018-02-15 09:18:35',1,NULL,NULL,NULL,NULL,NULL,NULL,NULL,NULL,NULL,NULL,'1040030001',NULL,NULL,11,'2018-02-15 09:18:36',0,NULL,NULL,NULL,'0a2c75b6-5518-47d8-ab95-11838864840c',NULL),(105,44,116,67,NULL,'2018-02-15 09:18:35',1,NULL,NULL,NULL,NULL,NULL,NULL,NULL,NULL,NULL,NULL,'ruhsa_1',NULL,NULL,11,'2018-02-15 09:18:36',0,NULL,NULL,NULL,'755d40cf-093d-4ef3-973e-0e52e5c22223',NULL),(106,44,14,67,NULL,'2018-02-15 09:18:35',1,NULL,NULL,NULL,NULL,NULL,NULL,NULL,NULL,NULL,NULL,'jothi',NULL,NULL,11,'2018-02-15 09:18:36',0,NULL,NULL,NULL,'c4a39f28-fe13-4a9a-961b-f49fa1ceeb45',NULL),(107,44,182,67,NULL,'2018-02-15 09:18:35',1,NULL,NULL,NULL,NULL,NULL,NULL,NULL,NULL,NULL,NULL,'0',NULL,NULL,11,'2018-02-15 09:18:36',0,NULL,NULL,NULL,'a8ae3217-8ec1-46ac-a62c-8e7a4a50b097',NULL),(108,44,187,67,NULL,'2018-02-15 09:18:35',1,NULL,NULL,NULL,NULL,NULL,NULL,NULL,NULL,NULL,NULL,'NA',NULL,NULL,11,'2018-02-15 09:18:36',0,NULL,NULL,NULL,'ed903a3c-835e-4948-a8d7-855fc77bf9d5',NULL),(109,44,188,67,NULL,'2018-02-15 09:18:35',1,NULL,NULL,NULL,NULL,NULL,NULL,NULL,NULL,NULL,NULL,'0',NULL,NULL,11,'2018-02-15 09:18:36',0,NULL,NULL,NULL,'d8f30291-f5b6-4f18-8e87-196008ad8922',NULL),(110,44,185,67,NULL,'2018-02-15 09:18:35',1,NULL,NULL,NULL,NULL,NULL,NULL,NULL,NULL,NULL,NULL,'NA',NULL,NULL,11,'2018-02-15 09:18:36',0,NULL,NULL,NULL,'149bcace-32f4-4c33-a14b-290aaaf2e1e0',NULL),(111,44,186,67,NULL,'2018-02-15 09:18:35',1,NULL,NULL,NULL,NULL,NULL,NULL,NULL,NULL,NULL,NULL,'0',NULL,NULL,11,'2018-02-15 09:18:36',0,NULL,NULL,NULL,'5a967a9c-3e4c-4c1c-9d44-2bbaeb6b83dc',NULL),(112,44,142,67,NULL,'2018-02-15 09:18:35',1,NULL,NULL,NULL,NULL,NULL,NULL,NULL,NULL,NULL,NULL,'Rectruited',NULL,NULL,11,'2018-02-15 09:18:36',0,NULL,NULL,NULL,'c3bfbd8c-b165-4ed5-b9a0-3595cee1c921',NULL),(113,44,141,67,NULL,'2018-02-15 09:18:35',1,NULL,NULL,NULL,NULL,NULL,NULL,NULL,NULL,NULL,NULL,'done',NULL,NULL,11,'2018-02-15 09:18:36',0,NULL,NULL,NULL,'05e2a4de-178a-4271-b58b-868dd1b8d586',NULL),(114,44,138,67,NULL,'2018-02-15 09:18:35',1,NULL,NULL,NULL,NULL,NULL,NULL,NULL,NULL,NULL,NULL,'1',NULL,NULL,11,'2018-02-15 09:18:36',0,NULL,NULL,NULL,'86d81c4f-1a0c-4579-bce0-63410fa32ba9',NULL),(115,44,184,67,NULL,'2018-02-15 09:18:35',1,NULL,NULL,NULL,NULL,NULL,NULL,NULL,NULL,NULL,NULL,'0',NULL,NULL,11,'2018-02-15 09:18:36',0,NULL,NULL,NULL,'ff981797-3930-4cb2-8243-8640d6d99d2f',NULL),(116,44,181,67,NULL,'2018-02-15 09:18:35',1,NULL,NULL,NULL,NULL,NULL,NULL,NULL,NULL,NULL,NULL,'0',NULL,NULL,11,'2018-02-15 09:18:36',0,NULL,NULL,NULL,'1f5c9b1c-fa03-4ad1-a141-f7289761e4c9',NULL),(117,44,136,67,NULL,'2018-02-15 09:18:35',1,NULL,NULL,NULL,NULL,NULL,NULL,NULL,NULL,NULL,NULL,'1',NULL,NULL,11,'2018-02-15 09:18:36',0,NULL,NULL,NULL,'ae57e118-31fc-44e3-a231-286680841e9d',NULL),(118,44,133,67,NULL,'2018-02-15 09:18:35',1,NULL,NULL,NULL,NULL,NULL,NULL,NULL,NULL,NULL,NULL,'1',NULL,NULL,11,'2018-02-15 09:18:36',0,NULL,NULL,NULL,'ff0bea12-31db-41e8-840f-a6f1ac576eeb',NULL),(119,44,134,67,NULL,'2018-02-15 09:18:35',1,NULL,NULL,NULL,NULL,NULL,NULL,NULL,NULL,NULL,NULL,'140',NULL,NULL,11,'2018-02-15 09:18:36',0,NULL,NULL,NULL,'b4c755fb-5b4d-4ff6-aaaa-cd6d379019a7',NULL),(120,44,139,67,NULL,'2018-02-15 09:18:35',1,NULL,NULL,NULL,NULL,NULL,NULL,NULL,NULL,NULL,NULL,'85',NULL,NULL,11,'2018-02-15 09:18:36',0,NULL,NULL,NULL,'3f5a38fb-e7b8-452c-950a-627a63199526',NULL),(121,44,143,67,NULL,'2018-02-15 09:18:35',1,NULL,NULL,NULL,NULL,NULL,NULL,NULL,NULL,NULL,NULL,'0',NULL,NULL,11,'2018-02-15 09:18:36',0,NULL,NULL,NULL,'a518651c-c30b-4bff-9eed-33b81ae939de',NULL),(122,44,152,67,NULL,'2018-02-15 09:18:35',1,NULL,NULL,NULL,NULL,NULL,NULL,NULL,NULL,NULL,NULL,'1',NULL,NULL,11,'2018-02-15 09:18:36',0,NULL,NULL,NULL,'53aba233-9617-4dc9-b174-d7a9e2cbd0ee',NULL),(123,44,151,67,NULL,'2018-02-15 09:18:35',1,NULL,NULL,NULL,NULL,NULL,NULL,NULL,NULL,NULL,NULL,'1',NULL,NULL,11,'2018-02-15 09:18:36',0,NULL,NULL,NULL,'68624970-bb55-4ca8-b2fe-73fc673b7e83',NULL),(124,44,135,67,NULL,'2018-02-15 09:18:35',1,NULL,NULL,NULL,NULL,NULL,NULL,NULL,NULL,NULL,NULL,'1',NULL,NULL,11,'2018-02-15 09:18:36',0,NULL,NULL,NULL,'95304f1d-bd4b-40e0-9fac-cfa7aaa05441',NULL),(125,44,140,67,NULL,'2018-02-15 09:18:35',1,NULL,NULL,NULL,NULL,NULL,NULL,NULL,NULL,NULL,NULL,'11.3',NULL,NULL,11,'2018-02-15 09:18:36',0,NULL,NULL,NULL,'c814b29a-00db-4747-8461-b5aa5af03eeb',NULL),(126,44,137,67,NULL,'2018-02-15 09:18:35',1,NULL,NULL,NULL,NULL,NULL,NULL,NULL,NULL,NULL,NULL,'NA',NULL,NULL,11,'2018-02-15 09:18:36',0,NULL,NULL,NULL,'fedc2441-9250-46f1-9e7b-53cd91a49c57',NULL),(127,44,16,67,NULL,'2018-02-15 09:18:35',1,NULL,NULL,NULL,NULL,NULL,NULL,NULL,NULL,NULL,NULL,'8523674588',NULL,NULL,11,'2018-02-15 09:18:36',0,NULL,NULL,NULL,'1b235a79-237a-423a-8285-a4a7fe8b3d2d',NULL),(128,44,19,67,NULL,'2018-02-15 09:18:35',1,NULL,NULL,NULL,NULL,NULL,NULL,NULL,NULL,NULL,NULL,'NA',NULL,NULL,11,'2018-02-15 09:18:37',0,NULL,NULL,NULL,'f2f876f5-e853-49b9-a648-bc2388845fda',NULL),(129,44,165,67,NULL,'2018-02-15 09:18:35',1,NULL,NULL,NULL,NULL,NULL,NULL,NULL,NULL,NULL,NULL,'H',NULL,NULL,11,'2018-02-15 09:18:37',0,NULL,NULL,NULL,'39b8b014-a41d-449a-b1b7-3c4c49d6fc1c',NULL),(130,44,173,67,NULL,'2018-02-15 09:18:35',1,NULL,NULL,NULL,NULL,NULL,NULL,NULL,NULL,NULL,NULL,'4',NULL,NULL,11,'2018-02-15 09:18:37',0,NULL,NULL,NULL,'63552ad4-a7be-4af1-a556-ae75efcab3c1',NULL),(131,44,116,67,NULL,'2018-02-15 09:18:35',1,NULL,NULL,NULL,NULL,NULL,NULL,NULL,NULL,NULL,NULL,'ruhsa_1',NULL,NULL,11,'2018-02-15 09:18:37',0,NULL,NULL,NULL,'57d541eb-1c42-4ac9-b5e7-7f7808d65132',NULL),(132,44,175,67,NULL,'2018-02-15 09:18:35',1,NULL,NULL,NULL,NULL,NULL,NULL,NULL,NULL,NULL,NULL,'15-2-2018',NULL,NULL,11,'2018-02-15 09:18:37',0,NULL,NULL,NULL,'afcf800b-77fe-4c5b-b919-4a8566762807',NULL),(133,44,169,67,NULL,'2018-02-15 09:18:35',1,NULL,NULL,NULL,NULL,NULL,NULL,NULL,NULL,NULL,NULL,'106',NULL,NULL,11,'2018-02-15 09:18:37',0,NULL,NULL,NULL,'4a7a5ca5-b1b8-4d06-989f-e1e0809bbdef',NULL),(134,44,166,67,NULL,'2018-02-15 09:18:35',1,NULL,NULL,NULL,NULL,NULL,NULL,NULL,NULL,NULL,NULL,'236568',NULL,NULL,11,'2018-02-15 09:18:37',0,NULL,NULL,NULL,'66d4a9d0-a6a9-48dd-9135-5642199e8f0b',NULL),(135,44,167,67,NULL,'2018-02-15 09:18:35',1,NULL,NULL,NULL,NULL,NULL,NULL,NULL,NULL,NULL,NULL,'1236585',NULL,NULL,11,'2018-02-15 09:18:37',0,NULL,NULL,NULL,'df0df07b-7f50-4e34-9568-eb0d76a56ef8',NULL),(136,44,164,67,NULL,'2018-02-15 09:18:35',1,NULL,NULL,NULL,NULL,NULL,NULL,NULL,NULL,NULL,NULL,'raja',NULL,NULL,11,'2018-02-15 09:18:37',0,NULL,NULL,NULL,'0c816dcb-d07f-4d44-9018-05ce90cabcec',NULL),(137,44,171,67,NULL,'2018-02-15 09:18:35',1,NULL,NULL,NULL,NULL,NULL,NULL,NULL,NULL,NULL,NULL,'5',NULL,NULL,11,'2018-02-15 09:18:37',0,NULL,NULL,NULL,'23b49a97-76b1-4f5c-a1c1-fb5bc00f5f34',NULL),(138,44,168,67,NULL,'2018-02-15 09:18:35',1,NULL,NULL,NULL,NULL,NULL,NULL,NULL,NULL,NULL,NULL,'2',NULL,NULL,11,'2018-02-15 09:18:37',0,NULL,NULL,NULL,'29e93a55-a6fd-4a15-8bb2-8cc04a55c4e0',NULL),(139,44,6,67,NULL,'2018-02-15 09:18:35',1,NULL,NULL,NULL,NULL,NULL,NULL,NULL,NULL,NULL,NULL,'thuthithangal',NULL,NULL,11,'2018-02-15 09:18:37',0,NULL,NULL,NULL,'eef8c1c9-de12-49c7-a27a-93be44776fec',NULL),(140,44,5,67,NULL,'2018-02-15 09:18:35',1,NULL,NULL,NULL,NULL,NULL,NULL,NULL,NULL,NULL,NULL,'3',NULL,NULL,11,'2018-02-15 09:18:37',0,NULL,NULL,NULL,'8ec76a13-6f93-42d7-a2f7-9ad4be72ad68',NULL),(141,44,21,67,NULL,'2018-02-15 09:18:35',1,NULL,NULL,NULL,NULL,NULL,NULL,NULL,NULL,NULL,NULL,'53',NULL,NULL,11,'2018-02-15 09:18:37',0,NULL,NULL,NULL,'d30439a7-b0c4-4a60-bb9b-695fb68aec3e',NULL),(142,44,22,67,NULL,'2018-02-15 09:18:35',1,NULL,NULL,NULL,NULL,NULL,NULL,NULL,NULL,NULL,NULL,'F',NULL,NULL,11,'2018-02-15 09:18:37',0,NULL,NULL,NULL,'b67212e6-96df-45ba-8215-156dfea86cac',NULL),(143,44,128,67,NULL,'2018-02-15 09:18:35',1,NULL,NULL,NULL,NULL,NULL,NULL,NULL,NULL,NULL,NULL,'123695478965',NULL,NULL,11,'2018-02-15 09:18:37',0,NULL,NULL,NULL,'61c15b3f-d955-4849-8b94-bd9ccc0cb435',NULL),(144,44,174,67,NULL,'2018-02-15 09:18:35',1,NULL,NULL,NULL,NULL,NULL,NULL,NULL,NULL,NULL,NULL,'bazaar st,',NULL,NULL,11,'2018-02-15 09:18:37',0,NULL,NULL,NULL,'f04cfffc-8211-44b2-b5bf-49dd89225ffa',NULL),(145,44,148,67,NULL,'2018-02-15 09:18:35',1,NULL,NULL,NULL,NULL,NULL,NULL,NULL,NULL,NULL,NULL,'0',NULL,NULL,11,'2018-02-15 09:18:37',0,NULL,NULL,NULL,'4f8b8c0b-287c-4701-b7a7-543c34be831f',NULL),(146,44,149,67,NULL,'2018-02-15 09:18:35',1,NULL,NULL,NULL,NULL,NULL,NULL,NULL,NULL,NULL,NULL,'1',NULL,NULL,11,'2018-02-15 09:18:37',0,NULL,NULL,NULL,'aa282d6f-35c3-4e38-b1a7-6ea2f61f62c8',NULL),(147,44,146,67,NULL,'2018-02-15 09:18:35',1,NULL,NULL,NULL,NULL,NULL,NULL,NULL,NULL,NULL,NULL,'53.53',NULL,NULL,11,'2018-02-15 09:18:37',0,NULL,NULL,NULL,'dd0a92c9-46c5-4a9f-a233-20d5795d75c7',NULL),(148,44,147,67,NULL,'2018-02-15 09:18:35',1,NULL,NULL,NULL,NULL,NULL,NULL,NULL,NULL,NULL,NULL,'152.3',NULL,NULL,11,'2018-02-15 09:18:37',0,NULL,NULL,NULL,'70d007e8-90d8-4b7e-93ec-298c525ac696',NULL),(149,44,160,67,NULL,'2018-02-15 09:18:35',1,NULL,NULL,NULL,NULL,NULL,NULL,NULL,NULL,NULL,NULL,'0',NULL,NULL,11,'2018-02-15 09:18:37',0,NULL,NULL,NULL,'434001ae-1e4d-4eda-af82-4c9e7542bf11',NULL),(150,44,155,67,NULL,'2018-02-15 09:18:35',1,NULL,NULL,NULL,NULL,NULL,NULL,NULL,NULL,NULL,NULL,'0',NULL,NULL,11,'2018-02-15 09:18:37',0,NULL,NULL,NULL,'cfe5ec69-8dee-422d-a2ef-691f49eb332d',NULL),(151,44,150,67,NULL,'2018-02-15 09:18:35',1,NULL,NULL,NULL,NULL,NULL,NULL,NULL,NULL,NULL,NULL,'0',NULL,NULL,11,'2018-02-15 09:18:37',0,NULL,NULL,NULL,'d6cba0e1-ba99-4d62-9ed6-c8da5aaa608b',NULL),(152,44,161,67,NULL,'2018-02-15 09:18:35',1,NULL,NULL,NULL,NULL,NULL,NULL,NULL,NULL,NULL,NULL,'1',NULL,NULL,11,'2018-02-15 09:18:37',0,NULL,NULL,NULL,'2f768f5b-faa7-4c46-881d-b5eab5f532cd',NULL),(153,44,144,67,NULL,'2018-02-15 09:18:35',1,NULL,NULL,NULL,NULL,NULL,NULL,NULL,NULL,NULL,NULL,'0',NULL,NULL,11,'2018-02-15 09:18:37',0,NULL,NULL,NULL,'f63be534-69ae-45ce-bd44-0081fd5f8b8b',NULL),(154,44,145,67,NULL,'2018-02-15 09:18:35',1,NULL,NULL,NULL,NULL,NULL,NULL,NULL,NULL,NULL,NULL,'23.08',NULL,NULL,11,'2018-02-15 09:18:37',0,NULL,NULL,NULL,'6c8ab753-6f0f-4da1-afd7-47bc88e1b964',NULL),(155,44,117,67,NULL,'2018-02-15 09:18:35',1,NULL,NULL,NULL,NULL,NULL,NULL,NULL,NULL,NULL,NULL,'doctor',NULL,NULL,11,'2018-02-15 09:18:37',0,NULL,NULL,NULL,'8c0afaaf-d148-47b0-adc7-45aa60236de6',NULL),(156,44,179,67,NULL,'2018-02-15 09:18:35',1,NULL,NULL,NULL,NULL,NULL,NULL,NULL,NULL,NULL,NULL,'1',NULL,NULL,11,'2018-02-15 09:18:37',0,NULL,NULL,NULL,'e7c709bb-0ff7-4cd6-a12d-ad67c9d6bc10',NULL),(157,44,176,67,NULL,'2018-02-15 09:18:35',1,NULL,NULL,NULL,NULL,NULL,NULL,NULL,NULL,NULL,NULL,'5',NULL,NULL,11,'2018-02-15 09:18:37',0,NULL,NULL,NULL,'e6bed3ac-156c-44ca-8da1-007eea565439',NULL),(158,44,180,67,NULL,'2018-02-15 09:18:35',1,NULL,NULL,NULL,NULL,NULL,NULL,NULL,NULL,NULL,NULL,'109',NULL,NULL,11,'2018-02-15 09:18:37',0,NULL,NULL,NULL,'ed7d217f-a3af-4374-882a-488be233c408',NULL),(159,44,172,67,NULL,'2018-02-15 09:18:35',1,NULL,NULL,NULL,NULL,NULL,NULL,NULL,NULL,NULL,NULL,'0.5',NULL,NULL,11,'2018-02-15 09:18:37',0,NULL,NULL,NULL,'d5287f90-8784-4cde-9191-a447f205022d',NULL),(160,44,183,67,NULL,'2018-02-15 09:18:35',1,NULL,NULL,NULL,NULL,NULL,NULL,NULL,NULL,NULL,NULL,'0',NULL,NULL,11,'2018-02-15 09:18:37',0,NULL,NULL,NULL,'2f38df8a-a8cd-4ac9-accf-fa94b3093ce7',NULL),(161,44,80,67,NULL,'2018-02-15 09:18:35',1,NULL,NULL,NULL,NULL,NULL,NULL,NULL,NULL,NULL,NULL,'80',NULL,NULL,11,'2018-02-15 09:18:37',0,NULL,NULL,NULL,'5410c637-78d2-4c92-ae09-bb9bdd206520',NULL),(162,44,79,67,NULL,'2018-02-15 09:18:35',1,NULL,NULL,NULL,NULL,NULL,NULL,NULL,NULL,NULL,NULL,'58',NULL,NULL,11,'2018-02-15 09:18:37',0,NULL,NULL,NULL,'a38cd413-ba54-42f5-9b5d-5c33004333c4',NULL),(163,44,178,67,NULL,'2018-02-15 09:18:35',1,NULL,NULL,NULL,NULL,NULL,NULL,NULL,NULL,NULL,NULL,'800',NULL,NULL,11,'2018-02-15 09:18:37',0,NULL,NULL,NULL,'15a7c16c-321c-4cbc-b680-685807f7729f',NULL),(164,44,177,67,NULL,'2018-02-15 09:18:35',1,NULL,NULL,NULL,NULL,NULL,NULL,NULL,NULL,NULL,NULL,'500',NULL,NULL,11,'2018-02-15 09:18:37',0,NULL,NULL,NULL,'7e149db8-c157-41a8-9286-3b0f19e993d0',NULL),(165,34,133,68,NULL,'2018-02-15 09:49:05',1,NULL,NULL,NULL,NULL,NULL,NULL,NULL,NULL,NULL,NULL,'1',NULL,NULL,5,'2018-02-15 09:49:05',0,NULL,NULL,NULL,'493ede91-dc07-42cd-8688-ce1f137707df',NULL),(166,34,134,68,NULL,'2018-02-15 09:49:05',1,NULL,NULL,NULL,NULL,NULL,NULL,NULL,NULL,NULL,NULL,'130',NULL,NULL,5,'2018-02-15 09:49:05',0,NULL,NULL,NULL,'40441033-c88b-4c45-8d55-f91957d07ab5',NULL),(167,34,135,68,NULL,'2018-02-15 09:49:05',1,NULL,NULL,NULL,NULL,NULL,NULL,NULL,NULL,NULL,NULL,'1',NULL,NULL,5,'2018-02-15 09:49:05',0,NULL,NULL,NULL,'920613e9-cf55-4bc0-95ac-2d598b5e04e9',NULL),(168,34,136,68,NULL,'2018-02-15 09:49:05',1,NULL,NULL,NULL,NULL,NULL,NULL,NULL,NULL,NULL,NULL,'1',NULL,NULL,5,'2018-02-15 09:49:05',0,NULL,NULL,NULL,'55b1a7f9-bd30-46dd-ba37-3130c81409b0',NULL),(169,34,137,68,NULL,'2018-02-15 09:49:05',1,NULL,NULL,NULL,NULL,NULL,NULL,NULL,NULL,NULL,NULL,'NA',NULL,NULL,5,'2018-02-15 09:49:05',0,NULL,NULL,NULL,'c38f6f7a-f166-4c35-88f2-b48548552b87',NULL),(170,34,138,68,NULL,'2018-02-15 09:49:05',1,NULL,NULL,NULL,NULL,NULL,NULL,NULL,NULL,NULL,NULL,'1',NULL,NULL,5,'2018-02-15 09:49:05',0,NULL,NULL,NULL,'cf439fbb-5f8d-419b-b03b-df9d0315de00',NULL),(171,34,139,68,NULL,'2018-02-15 09:49:05',1,NULL,NULL,NULL,NULL,NULL,NULL,NULL,NULL,NULL,NULL,'80',NULL,NULL,5,'2018-02-15 09:49:05',0,NULL,NULL,NULL,'15238f43-37c9-4589-b1ac-0a1a1bec2b19',NULL),(172,34,140,68,NULL,'2018-02-15 09:49:05',1,NULL,NULL,NULL,NULL,NULL,NULL,NULL,NULL,NULL,NULL,'11.5',NULL,NULL,5,'2018-02-15 09:49:05',0,NULL,NULL,NULL,'f4e81408-72a4-4fb1-8a13-3a49794b5a27',NULL),(173,34,141,68,NULL,'2018-02-15 09:49:05',1,NULL,NULL,NULL,NULL,NULL,NULL,NULL,NULL,NULL,NULL,'done',NULL,NULL,5,'2018-02-15 09:49:05',0,NULL,NULL,NULL,'32654611-71ac-4a8c-9425-1ed3921245e5',NULL),(174,34,142,68,NULL,'2018-02-15 09:49:05',1,NULL,NULL,NULL,NULL,NULL,NULL,NULL,NULL,NULL,NULL,'Rectruited',NULL,NULL,5,'2018-02-15 09:49:05',0,NULL,NULL,NULL,'ee723913-10b1-4d10-a6c2-50ac051daac2',NULL),(175,34,143,68,NULL,'2018-02-15 09:49:05',1,NULL,NULL,NULL,NULL,NULL,NULL,NULL,NULL,NULL,NULL,'0',NULL,NULL,5,'2018-02-15 09:49:05',0,NULL,NULL,NULL,'4befcd87-fe20-4495-9c4e-2790194e4200',NULL),(176,34,144,68,NULL,'2018-02-15 09:49:05',1,NULL,NULL,NULL,NULL,NULL,NULL,NULL,NULL,NULL,NULL,'1',NULL,NULL,5,'2018-02-15 09:49:05',0,NULL,NULL,NULL,'163f77b2-e713-411a-8534-8f49329851b0',NULL),(177,34,145,68,NULL,'2018-02-15 09:49:05',1,NULL,NULL,NULL,NULL,NULL,NULL,NULL,NULL,NULL,NULL,'24.61',NULL,NULL,5,'2018-02-15 09:49:05',0,NULL,NULL,NULL,'eeccf8a1-05a5-4aca-bcbd-2f226a87eec1',NULL),(178,34,146,68,NULL,'2018-02-15 09:49:05',1,NULL,NULL,NULL,NULL,NULL,NULL,NULL,NULL,NULL,NULL,'59.5',NULL,NULL,5,'2018-02-15 09:49:05',0,NULL,NULL,NULL,'0a295ef2-b3ad-4112-b742-fa033efd1941',NULL),(179,34,147,68,NULL,'2018-02-15 09:49:05',1,NULL,NULL,NULL,NULL,NULL,NULL,NULL,NULL,NULL,NULL,'155.5',NULL,NULL,5,'2018-02-15 09:49:05',0,NULL,NULL,NULL,'91c5ca4e-26bc-4f23-bf6b-06f7b7ef8762',NULL),(180,34,148,68,NULL,'2018-02-15 09:49:05',1,NULL,NULL,NULL,NULL,NULL,NULL,NULL,NULL,NULL,NULL,'1',NULL,NULL,5,'2018-02-15 09:49:05',0,NULL,NULL,NULL,'104a2100-8dfc-40cd-a01d-6c866095f5a0',NULL),(181,34,149,68,NULL,'2018-02-15 09:49:05',1,NULL,NULL,NULL,NULL,NULL,NULL,NULL,NULL,NULL,NULL,'2',NULL,NULL,5,'2018-02-15 09:49:05',0,NULL,NULL,NULL,'5780b707-3edf-4fbb-bb87-5f586d5ba04f',NULL),(182,34,150,68,NULL,'2018-02-15 09:49:05',1,NULL,NULL,NULL,NULL,NULL,NULL,NULL,NULL,NULL,NULL,'0',NULL,NULL,5,'2018-02-15 09:49:05',0,NULL,NULL,NULL,'a54d849f-dfb0-4e20-8593-24d124502fcb',NULL),(183,34,151,68,NULL,'2018-02-15 09:49:05',1,NULL,NULL,NULL,NULL,NULL,NULL,NULL,NULL,NULL,NULL,'1',NULL,NULL,5,'2018-02-15 09:49:05',0,NULL,NULL,NULL,'e6920f2a-3dd3-4b6b-b5ac-2414796f71b0',NULL),(184,34,152,68,NULL,'2018-02-15 09:49:05',1,NULL,NULL,NULL,NULL,NULL,NULL,NULL,NULL,NULL,NULL,'0',NULL,NULL,5,'2018-02-15 09:49:05',0,NULL,NULL,NULL,'d0cdd1aa-a0fd-480e-a72f-fa4778d41267',NULL),(185,34,35,68,NULL,'2018-02-15 09:49:05',1,NULL,NULL,NULL,NULL,NULL,NULL,NULL,NULL,NULL,NULL,'6',NULL,NULL,5,'2018-02-15 09:49:05',0,NULL,NULL,NULL,'adf3b787-3458-4355-95b3-6165d5d22aeb',NULL),(186,34,153,68,NULL,'2018-02-15 09:49:05',1,NULL,NULL,NULL,NULL,NULL,NULL,NULL,NULL,NULL,NULL,'1',NULL,NULL,5,'2018-02-15 09:49:05',0,NULL,NULL,NULL,'dc129fb6-fb07-4128-a01a-7d546c09de3c',NULL),(187,34,154,68,NULL,'2018-02-15 09:49:05',1,NULL,NULL,NULL,NULL,NULL,NULL,NULL,NULL,NULL,NULL,'1',NULL,NULL,5,'2018-02-15 09:49:05',0,NULL,NULL,NULL,'03b23de3-e2ca-4dee-a118-594d8118ce5f',NULL),(188,34,155,68,NULL,'2018-02-15 09:49:05',1,NULL,NULL,NULL,NULL,NULL,NULL,NULL,NULL,NULL,NULL,'0',NULL,NULL,5,'2018-02-15 09:49:05',0,NULL,NULL,NULL,'ca4ae8d6-74cc-4ac6-a8c0-89a2f9a04da6',NULL),(189,34,156,68,NULL,'2018-02-15 09:49:05',1,NULL,NULL,NULL,NULL,NULL,NULL,NULL,NULL,NULL,NULL,'15-2-2018',NULL,NULL,5,'2018-02-15 09:49:05',0,NULL,NULL,NULL,'348570c7-9036-4fff-8892-682a26d24e15',NULL),(190,34,157,68,NULL,'2018-02-15 09:49:05',1,NULL,NULL,NULL,NULL,NULL,NULL,NULL,NULL,NULL,NULL,'7.3',NULL,NULL,5,'2018-02-15 09:49:06',0,NULL,NULL,NULL,'7e08f695-d97f-432e-bde6-fbb6c6a32ca5',NULL),(191,34,158,68,NULL,'2018-02-15 09:49:05',1,NULL,NULL,NULL,NULL,NULL,NULL,NULL,NULL,NULL,NULL,'15-2-2018',NULL,NULL,5,'2018-02-15 09:49:06',0,NULL,NULL,NULL,'2fccc550-6e43-4653-8e59-25366c8c3e24',NULL),(192,34,159,68,NULL,'2018-02-15 09:49:05',1,NULL,NULL,NULL,NULL,NULL,NULL,NULL,NULL,NULL,NULL,'1',NULL,NULL,5,'2018-02-15 09:49:06',0,NULL,NULL,NULL,'efdf190e-4519-4b80-9b0f-e225fbdabf8b',NULL),(193,34,160,68,NULL,'2018-02-15 09:49:05',1,NULL,NULL,NULL,NULL,NULL,NULL,NULL,NULL,NULL,NULL,'0',NULL,NULL,5,'2018-02-15 09:49:06',0,NULL,NULL,NULL,'29e65931-0d12-4ea4-b90b-c79d7c69a040',NULL),(194,34,161,68,NULL,'2018-02-15 09:49:05',1,NULL,NULL,NULL,NULL,NULL,NULL,NULL,NULL,NULL,NULL,'2',NULL,NULL,5,'2018-02-15 09:49:06',0,NULL,NULL,NULL,'798ce685-f8c1-4f33-8ace-ae741ddef08c',NULL),(195,34,116,68,NULL,'2018-02-15 09:49:05',1,NULL,NULL,NULL,NULL,NULL,NULL,NULL,NULL,NULL,NULL,'ha_1',NULL,NULL,5,'2018-02-15 09:49:06',0,NULL,NULL,NULL,'a3c4a424-d045-4948-90d9-d8739cb04403',NULL),(196,34,162,68,NULL,'2018-02-15 09:49:05',1,NULL,NULL,NULL,NULL,NULL,NULL,NULL,NULL,NULL,NULL,'190',NULL,NULL,5,'2018-02-15 09:49:06',0,NULL,NULL,NULL,'9f0f6e0f-7a3b-4040-aaf7-031fb169237d',NULL),(197,34,163,68,NULL,'2018-02-15 09:49:05',1,NULL,NULL,NULL,NULL,NULL,NULL,NULL,NULL,NULL,NULL,'2,4',NULL,NULL,5,'2018-02-15 09:49:06',0,NULL,NULL,NULL,'0003f617-afed-4475-9927-ca68fbde9bd8',NULL),(198,34,164,68,NULL,'2018-02-15 09:49:05',1,NULL,NULL,NULL,NULL,NULL,NULL,NULL,NULL,NULL,NULL,'h5',NULL,NULL,5,'2018-02-15 09:49:06',0,NULL,NULL,NULL,'fe81f9bb-ccf3-4322-adbc-4fe6aa940a45',NULL),(199,34,165,68,NULL,'2018-02-15 09:49:05',1,NULL,NULL,NULL,NULL,NULL,NULL,NULL,NULL,NULL,NULL,'H',NULL,NULL,5,'2018-02-15 09:49:06',0,NULL,NULL,NULL,'87d5da14-7b6d-4ce9-bd95-c91496c78f91',NULL),(200,34,166,68,NULL,'2018-02-15 09:49:05',1,NULL,NULL,NULL,NULL,NULL,NULL,NULL,NULL,NULL,NULL,'623514',NULL,NULL,5,'2018-02-15 09:49:06',0,NULL,NULL,NULL,'0b806dc7-c605-491c-b733-53ed47e0f0b6',NULL),(201,34,167,68,NULL,'2018-02-15 09:49:05',1,NULL,NULL,NULL,NULL,NULL,NULL,NULL,NULL,NULL,NULL,'55555',NULL,NULL,5,'2018-02-15 09:49:06',0,NULL,NULL,NULL,'96f1b851-fad8-4a77-909c-62fd911f9003',NULL),(202,34,168,68,NULL,'2018-02-15 09:49:05',1,NULL,NULL,NULL,NULL,NULL,NULL,NULL,NULL,NULL,NULL,'3',NULL,NULL,5,'2018-02-15 09:49:06',0,NULL,NULL,NULL,'924fcec3-758c-4759-bd95-75846afb0d4b',NULL),(203,34,169,68,NULL,'2018-02-15 09:49:05',1,NULL,NULL,NULL,NULL,NULL,NULL,NULL,NULL,NULL,NULL,'45\\/4',NULL,NULL,5,'2018-02-15 09:49:06',0,NULL,NULL,NULL,'b14c9bd4-7ab7-448e-b06d-1b9ddda2612b',NULL),(204,34,170,68,NULL,'2018-02-15 09:49:05',1,NULL,NULL,NULL,NULL,NULL,NULL,NULL,NULL,NULL,NULL,'4',NULL,NULL,5,'2018-02-15 09:49:06',0,NULL,NULL,NULL,'f67a84de-2a39-4b67-955e-1c0bad305c56',NULL),(205,34,171,68,NULL,'2018-02-15 09:49:05',1,NULL,NULL,NULL,NULL,NULL,NULL,NULL,NULL,NULL,NULL,'5',NULL,NULL,5,'2018-02-15 09:49:06',0,NULL,NULL,NULL,'50107ed6-91b6-45c8-b45d-dab29c428c48',NULL),(206,34,14,68,NULL,'2018-02-15 09:49:05',1,NULL,NULL,NULL,NULL,NULL,NULL,NULL,NULL,NULL,NULL,'asha5',NULL,NULL,5,'2018-02-15 09:49:06',0,NULL,NULL,NULL,'7d1a7b4e-f0d4-4002-870b-d97777564279',NULL),(207,34,15,68,NULL,'2018-02-15 09:49:05',1,NULL,NULL,NULL,NULL,NULL,NULL,NULL,NULL,NULL,NULL,'asha5',NULL,NULL,5,'2018-02-15 09:49:06',0,NULL,NULL,NULL,'8729837a-1700-4607-90a8-127a75008583',NULL),(208,34,8,68,NULL,'2018-02-15 09:49:05',1,NULL,NULL,NULL,NULL,NULL,NULL,NULL,NULL,NULL,NULL,'SH_CVD_ASHA_SCREENING_1',NULL,NULL,5,'2018-02-15 09:49:06',0,NULL,NULL,NULL,'3b50c8fa-30b7-4a8b-9838-3be2b090d537',NULL),(209,34,9,68,NULL,'2018-02-15 09:49:05',1,NULL,NULL,NULL,NULL,NULL,NULL,NULL,NULL,NULL,NULL,'15-02-2018 09:48:08',NULL,NULL,5,'2018-02-15 09:49:06',0,NULL,NULL,NULL,'0a4ccc63-2f8f-4b2e-8e99-d954eae8a412',NULL),(210,34,7,68,NULL,'2018-02-15 09:49:05',1,NULL,NULL,NULL,NULL,NULL,NULL,NULL,NULL,NULL,NULL,'ha_1',NULL,NULL,5,'2018-02-15 09:49:06',0,NULL,NULL,NULL,'8f64b434-88d5-47ae-9c6e-c0ba4f9fc380',NULL),(211,34,118,68,NULL,'2018-02-15 09:49:05',1,NULL,NULL,NULL,NULL,NULL,NULL,NULL,NULL,NULL,NULL,'NA',NULL,NULL,5,'2018-02-15 09:49:06',0,NULL,NULL,NULL,'df8f7d87-730d-4d4d-ae9c-b9c447106aa3',NULL),(212,34,12,68,NULL,'2018-02-15 09:49:05',1,NULL,NULL,NULL,NULL,NULL,NULL,NULL,NULL,NULL,NULL,'1020010001',NULL,NULL,5,'2018-02-15 09:49:06',0,NULL,NULL,NULL,'653a82d4-df12-487c-8b51-d95b7717d791',NULL),(213,34,22,68,NULL,'2018-02-15 09:49:05',1,NULL,NULL,NULL,NULL,NULL,NULL,NULL,NULL,NULL,NULL,'F',NULL,NULL,5,'2018-02-15 09:49:06',0,NULL,NULL,NULL,'3fd04de7-8da3-4c1a-805a-8a8357c40ee8',NULL),(214,34,20,68,NULL,'2018-02-15 09:49:05',1,NULL,NULL,NULL,NULL,NULL,NULL,NULL,NULL,NULL,NULL,'15-2-2018',NULL,NULL,5,'2018-02-15 09:49:06',0,NULL,NULL,NULL,'73aeeb57-4cd8-456c-8db6-3466d3af3665',NULL),(215,34,18,68,NULL,'2018-02-15 09:49:05',1,NULL,NULL,NULL,NULL,NULL,NULL,NULL,NULL,NULL,NULL,'1-1-1963',NULL,NULL,5,'2018-02-15 09:49:06',0,NULL,NULL,NULL,'af1b5841-aca0-4f8e-a0f7-d9143dedf349',NULL),(216,34,172,68,NULL,'2018-02-15 09:49:05',1,NULL,NULL,NULL,NULL,NULL,NULL,NULL,NULL,NULL,NULL,'NA',NULL,NULL,5,'2018-02-15 09:49:06',0,NULL,NULL,NULL,'ba43374a-3f42-47f8-a3c8-522863e788e5',NULL),(217,34,19,68,NULL,'2018-02-15 09:49:05',1,NULL,NULL,NULL,NULL,NULL,NULL,NULL,NULL,NULL,NULL,'NA',NULL,NULL,5,'2018-02-15 09:49:06',0,NULL,NULL,NULL,'a3134641-3079-45ba-a67c-83888c2e9912',NULL),(218,34,116,68,NULL,'2018-02-15 09:49:05',1,NULL,NULL,NULL,NULL,NULL,NULL,NULL,NULL,NULL,NULL,'ha_1',NULL,NULL,5,'2018-02-15 09:49:06',0,NULL,NULL,NULL,'23810016-fe81-4824-831a-b249fddecccd',NULL),(219,34,173,68,NULL,'2018-02-15 09:49:05',1,NULL,NULL,NULL,NULL,NULL,NULL,NULL,NULL,NULL,NULL,'2',NULL,NULL,5,'2018-02-15 09:49:06',0,NULL,NULL,NULL,'3db6b34d-0dfb-4bb5-b8ab-1244ebf262a3',NULL),(220,34,174,68,NULL,'2018-02-15 09:49:05',1,NULL,NULL,NULL,NULL,NULL,NULL,NULL,NULL,NULL,NULL,'ghjj',NULL,NULL,5,'2018-02-15 09:49:06',0,NULL,NULL,NULL,'da004c7e-9d3c-496e-97fa-ffc5715a37ae',NULL),(221,34,175,68,NULL,'2018-02-15 09:49:05',1,NULL,NULL,NULL,NULL,NULL,NULL,NULL,NULL,NULL,NULL,'15-2-2018',NULL,NULL,5,'2018-02-15 09:49:06',0,NULL,NULL,NULL,'c293d9e8-37e3-440f-9d34-617a3a5a5a2f',NULL),(222,34,22,68,NULL,'2018-02-15 09:49:05',1,NULL,NULL,NULL,NULL,NULL,NULL,NULL,NULL,NULL,NULL,'F',NULL,NULL,5,'2018-02-15 09:49:06',0,NULL,NULL,NULL,'fd93b8dd-d7b6-4e15-ad01-4c161d02c2cc',NULL),(223,34,128,68,NULL,'2018-02-15 09:49:05',1,NULL,NULL,NULL,NULL,NULL,NULL,NULL,NULL,NULL,NULL,'566859596598',NULL,NULL,5,'2018-02-15 09:49:06',0,NULL,NULL,NULL,'ff18045b-121d-4688-8aea-ec13a3662057',NULL),(224,34,16,68,NULL,'2018-02-15 09:49:05',1,NULL,NULL,NULL,NULL,NULL,NULL,NULL,NULL,NULL,NULL,'6562655425',NULL,NULL,5,'2018-02-15 09:49:06',0,NULL,NULL,NULL,'43a59111-5820-40dd-9084-78b6fad80452',NULL),(225,34,21,68,NULL,'2018-02-15 09:49:05',1,NULL,NULL,NULL,NULL,NULL,NULL,NULL,NULL,NULL,NULL,'55',NULL,NULL,5,'2018-02-15 09:49:06',0,NULL,NULL,NULL,'4b244865-9e93-484c-9fc5-4b33ef40d415',NULL),(226,34,6,68,NULL,'2018-02-15 09:49:05',1,NULL,NULL,NULL,NULL,NULL,NULL,NULL,NULL,NULL,NULL,'machanur',NULL,NULL,5,'2018-02-15 09:49:06',0,NULL,NULL,NULL,'c14e3d34-8194-45e7-8fb0-6a2a363d8031',NULL),(227,34,5,68,NULL,'2018-02-15 09:49:05',1,NULL,NULL,NULL,NULL,NULL,NULL,NULL,NULL,NULL,NULL,'3',NULL,NULL,5,'2018-02-15 09:49:06',0,NULL,NULL,NULL,'417bb56e-75d7-4e49-ba6e-5e4877da8b3a',NULL),(228,34,114,68,NULL,'2018-02-15 09:49:05',1,NULL,NULL,NULL,NULL,NULL,NULL,NULL,NULL,NULL,NULL,'15-02-2018 09:48:08',NULL,NULL,5,'2018-02-15 09:49:06',0,NULL,NULL,NULL,'ebf0ba66-b5be-4f86-be30-8319f4878230',NULL),(229,34,119,68,NULL,'2018-02-15 09:49:05',1,NULL,NULL,NULL,NULL,NULL,NULL,NULL,NULL,NULL,NULL,'SH_CVD_ASHA_SCREENING_1',NULL,NULL,5,'2018-02-15 09:49:06',0,NULL,NULL,NULL,'6246ca7d-cf4f-459b-8172-efad8e0c421a',NULL),(230,34,176,68,NULL,'2018-02-15 09:49:05',1,NULL,NULL,NULL,NULL,NULL,NULL,NULL,NULL,NULL,NULL,'NA',NULL,NULL,5,'2018-02-15 09:49:06',0,NULL,NULL,NULL,'32d5b222-c6c4-4499-a0e7-e6b09f13acc6',NULL),(231,34,177,68,NULL,'2018-02-15 09:49:05',1,NULL,NULL,NULL,NULL,NULL,NULL,NULL,NULL,NULL,NULL,'NA',NULL,NULL,5,'2018-02-15 09:49:06',0,NULL,NULL,NULL,'7bb4c960-9f24-4ad4-9dfb-f85f06a91b13',NULL),(232,34,178,68,NULL,'2018-02-15 09:49:05',1,NULL,NULL,NULL,NULL,NULL,NULL,NULL,NULL,NULL,NULL,'NA',NULL,NULL,5,'2018-02-15 09:49:07',0,NULL,NULL,NULL,'1ba45cc4-f8c7-4e27-9a9f-c2ec2d2943b0',NULL),(233,34,79,68,NULL,'2018-02-15 09:49:05',1,NULL,NULL,NULL,NULL,NULL,NULL,NULL,NULL,NULL,NULL,'NA',NULL,NULL,5,'2018-02-15 09:49:07',0,NULL,NULL,NULL,'c1d13af7-5b78-4232-9e62-62b2869b580c',NULL),(234,34,80,68,NULL,'2018-02-15 09:49:05',1,NULL,NULL,NULL,NULL,NULL,NULL,NULL,NULL,NULL,NULL,'NA',NULL,NULL,5,'2018-02-15 09:49:07',0,NULL,NULL,NULL,'a4567e19-3703-41eb-bf2e-f4fba843f161',NULL),(235,34,179,68,NULL,'2018-02-15 09:49:05',1,NULL,NULL,NULL,NULL,NULL,NULL,NULL,NULL,NULL,NULL,'NA',NULL,NULL,5,'2018-02-15 09:49:07',0,NULL,NULL,NULL,'ace8b04b-7cef-4bb6-b15e-d9e7a860c8ec',NULL),(236,34,117,68,NULL,'2018-02-15 09:49:05',1,NULL,NULL,NULL,NULL,NULL,NULL,NULL,NULL,NULL,NULL,'asha',NULL,NULL,5,'2018-02-15 09:49:07',0,NULL,NULL,NULL,'2c3182e1-50ad-4b6d-bce3-58c91bb15835',NULL),(237,34,115,68,NULL,'2018-02-15 09:49:05',1,NULL,NULL,NULL,NULL,NULL,NULL,NULL,NULL,NULL,NULL,'15-02-2018 09:48:08',NULL,NULL,5,'2018-02-15 09:49:07',0,NULL,NULL,NULL,'f19cb243-5dce-4e6e-8aa8-bd31fe8ecd50',NULL),(238,34,180,68,NULL,'2018-02-15 09:49:05',1,NULL,NULL,NULL,NULL,NULL,NULL,NULL,NULL,NULL,NULL,'NA',NULL,NULL,5,'2018-02-15 09:49:07',0,NULL,NULL,NULL,'5b646b5f-8069-44d0-afff-b1e69310dc99',NULL),(239,34,181,68,NULL,'2018-02-15 09:49:05',1,NULL,NULL,NULL,NULL,NULL,NULL,NULL,NULL,NULL,NULL,'NA',NULL,NULL,5,'2018-02-15 09:49:07',0,NULL,NULL,NULL,'2da15bf8-dbf7-4454-80a8-ef0eb4bd6195',NULL),(240,34,182,68,NULL,'2018-02-15 09:49:05',1,NULL,NULL,NULL,NULL,NULL,NULL,NULL,NULL,NULL,NULL,'NA',NULL,NULL,5,'2018-02-15 09:49:07',0,NULL,NULL,NULL,'23dafc8b-4eea-4ab5-ab01-e2ab9c2325cc',NULL),(241,34,183,68,NULL,'2018-02-15 09:49:05',1,NULL,NULL,NULL,NULL,NULL,NULL,NULL,NULL,NULL,NULL,'NA',NULL,NULL,5,'2018-02-15 09:49:07',0,NULL,NULL,NULL,'638ded20-ed83-483e-8f8f-491842a66e23',NULL),(242,34,184,68,NULL,'2018-02-15 09:49:05',1,NULL,NULL,NULL,NULL,NULL,NULL,NULL,NULL,NULL,NULL,'NA',NULL,NULL,5,'2018-02-15 09:49:07',0,NULL,NULL,NULL,'13233f0e-5d8d-48b4-9de3-498d9c73334f',NULL),(243,34,185,68,NULL,'2018-02-15 09:49:05',1,NULL,NULL,NULL,NULL,NULL,NULL,NULL,NULL,NULL,NULL,'NA',NULL,NULL,5,'2018-02-15 09:49:07',0,NULL,NULL,NULL,'e795e3df-a25a-47bd-9a4d-f2a3d6daee4d',NULL),(244,34,186,68,NULL,'2018-02-15 09:49:05',1,NULL,NULL,NULL,NULL,NULL,NULL,NULL,NULL,NULL,NULL,'NA',NULL,NULL,5,'2018-02-15 09:49:07',0,NULL,NULL,NULL,'33cdace3-36ed-47ba-89e1-ffd6ca8ac6f5',NULL),(245,34,187,68,NULL,'2018-02-15 09:49:05',1,NULL,NULL,NULL,NULL,NULL,NULL,NULL,NULL,NULL,NULL,'NA',NULL,NULL,5,'2018-02-15 09:49:07',0,NULL,NULL,NULL,'6fdef79e-7f56-4fcb-9714-72151882b8ce',NULL),(246,34,188,68,NULL,'2018-02-15 09:49:05',1,NULL,NULL,NULL,NULL,NULL,NULL,NULL,NULL,NULL,NULL,'NA',NULL,NULL,5,'2018-02-15 09:49:07',0,NULL,NULL,NULL,'dad2997b-a8b6-4ce3-a8a9-fda57313cd12',NULL),(247,34,116,69,NULL,'2018-02-15 09:53:12',1,NULL,NULL,NULL,NULL,NULL,NULL,NULL,NULL,NULL,NULL,'ruhsa_1',NULL,NULL,5,'2018-02-15 09:53:12',0,NULL,NULL,NULL,'62d4d3eb-e3f9-49d8-809a-ad6a4d464eca',NULL),(248,34,14,69,NULL,'2018-02-15 09:53:12',1,NULL,NULL,NULL,NULL,NULL,NULL,NULL,NULL,NULL,NULL,'asha5',NULL,NULL,5,'2018-02-15 09:53:12',0,NULL,NULL,NULL,'f453d902-02b3-4624-a672-5df20063f298',NULL),(249,34,165,69,NULL,'2018-02-15 09:53:12',1,NULL,NULL,NULL,NULL,NULL,NULL,NULL,NULL,NULL,NULL,'H',NULL,NULL,5,'2018-02-15 09:53:12',0,NULL,NULL,NULL,'c2cd6e37-22a1-4091-8d23-892af50a89bf',NULL),(250,34,173,69,NULL,'2018-02-15 09:53:12',1,NULL,NULL,NULL,NULL,NULL,NULL,NULL,NULL,NULL,NULL,'2',NULL,NULL,5,'2018-02-15 09:53:12',0,NULL,NULL,NULL,'8fefcb2d-881a-49a6-8a81-895114641c99',NULL),(251,34,167,69,NULL,'2018-02-15 09:53:12',1,NULL,NULL,NULL,NULL,NULL,NULL,NULL,NULL,NULL,NULL,'55555',NULL,NULL,5,'2018-02-15 09:53:12',0,NULL,NULL,NULL,'424904bd-5728-4599-88b3-5a9322982d2a',NULL),(252,34,164,69,NULL,'2018-02-15 09:53:12',1,NULL,NULL,NULL,NULL,NULL,NULL,NULL,NULL,NULL,NULL,'h5',NULL,NULL,5,'2018-02-15 09:53:12',0,NULL,NULL,NULL,'6e2e092c-8a96-429c-a3a7-9f872b6b2164',NULL),(253,34,169,69,NULL,'2018-02-15 09:53:12',1,NULL,NULL,NULL,NULL,NULL,NULL,NULL,NULL,NULL,NULL,'45\\\\/4',NULL,NULL,5,'2018-02-15 09:53:12',0,NULL,NULL,NULL,'3a1cd9fc-4cd4-42c8-9a82-4b134c6bd6e1',NULL),(254,34,166,69,NULL,'2018-02-15 09:53:12',1,NULL,NULL,NULL,NULL,NULL,NULL,NULL,NULL,NULL,NULL,'623514',NULL,NULL,5,'2018-02-15 09:53:12',0,NULL,NULL,NULL,'893733f9-8f13-4d69-8a46-9c5abe3f189a',NULL),(255,34,171,69,NULL,'2018-02-15 09:53:12',1,NULL,NULL,NULL,NULL,NULL,NULL,NULL,NULL,NULL,NULL,'5',NULL,NULL,5,'2018-02-15 09:53:12',0,NULL,NULL,NULL,'10f7a88a-d3a5-4249-97ab-6e946bd48c38',NULL),(256,34,168,69,NULL,'2018-02-15 09:53:12',1,NULL,NULL,NULL,NULL,NULL,NULL,NULL,NULL,NULL,NULL,'3',NULL,NULL,5,'2018-02-15 09:53:13',0,NULL,NULL,NULL,'6d3762de-68ca-497a-9b18-b95c4cb5802b',NULL),(257,34,163,69,NULL,'2018-02-15 09:53:12',1,NULL,NULL,NULL,NULL,NULL,NULL,NULL,NULL,NULL,NULL,'2,4',NULL,NULL,5,'2018-02-15 09:53:13',0,NULL,NULL,NULL,'8b93946a-03fd-47cc-bfb7-8191cf506fcc',NULL),(258,34,170,69,NULL,'2018-02-15 09:53:12',1,NULL,NULL,NULL,NULL,NULL,NULL,NULL,NULL,NULL,NULL,'4',NULL,NULL,5,'2018-02-15 09:53:13',0,NULL,NULL,NULL,'641e6f34-8ed9-4c0b-b240-33ac9bc733ef',NULL),(259,34,128,69,NULL,'2018-02-15 09:53:12',1,NULL,NULL,NULL,NULL,NULL,NULL,NULL,NULL,NULL,NULL,'566859596598',NULL,NULL,5,'2018-02-15 09:53:13',0,NULL,NULL,NULL,'efd21086-b314-4681-b4f0-39730e374222',NULL),(260,34,174,69,NULL,'2018-02-15 09:53:12',1,NULL,NULL,NULL,NULL,NULL,NULL,NULL,NULL,NULL,NULL,'ghjj',NULL,NULL,5,'2018-02-15 09:53:13',0,NULL,NULL,NULL,'387567ad-5068-4844-94af-d8554a57eeae',NULL),(261,34,21,69,NULL,'2018-02-15 09:53:12',1,NULL,NULL,NULL,NULL,NULL,NULL,NULL,NULL,NULL,NULL,'55',NULL,NULL,5,'2018-02-15 09:53:13',0,NULL,NULL,NULL,'4b9c51d7-dda3-444a-82e1-d4145ee70ac5',NULL),(262,34,22,69,NULL,'2018-02-15 09:53:12',1,NULL,NULL,NULL,NULL,NULL,NULL,NULL,NULL,NULL,NULL,'F',NULL,NULL,5,'2018-02-15 09:53:13',0,NULL,NULL,NULL,'31a81b46-1048-4fa4-8168-0d7d1f2208b3',NULL),(263,34,5,69,NULL,'2018-02-15 09:53:12',1,NULL,NULL,NULL,NULL,NULL,NULL,NULL,NULL,NULL,NULL,'3',NULL,NULL,5,'2018-02-15 09:53:13',0,NULL,NULL,NULL,'9be01d6b-ff52-4185-b01f-e8d3be0a4c7e',NULL),(264,34,16,69,NULL,'2018-02-15 09:53:12',1,NULL,NULL,NULL,NULL,NULL,NULL,NULL,NULL,NULL,NULL,'6562655425',NULL,NULL,5,'2018-02-15 09:53:13',0,NULL,NULL,NULL,'04af0b96-60cb-4e8f-b25a-f46f0b0caae7',NULL),(265,34,6,69,NULL,'2018-02-15 09:53:12',1,NULL,NULL,NULL,NULL,NULL,NULL,NULL,NULL,NULL,NULL,'machanur',NULL,NULL,5,'2018-02-15 09:53:13',0,NULL,NULL,NULL,'78716239-5756-4ab4-af4f-082cbbb6766a',NULL),(266,34,175,69,NULL,'2018-02-15 09:53:12',1,NULL,NULL,NULL,NULL,NULL,NULL,NULL,NULL,NULL,NULL,'15-2-2018',NULL,NULL,5,'2018-02-15 09:53:13',0,NULL,NULL,NULL,'292187a1-80f8-4093-9429-65247ad57f1f',NULL),(267,34,116,69,NULL,'2018-02-15 09:53:12',1,NULL,NULL,NULL,NULL,NULL,NULL,NULL,NULL,NULL,NULL,'ruhsa_1',NULL,NULL,5,'2018-02-15 09:53:13',0,NULL,NULL,NULL,'909034c2-dd06-4d3e-b7c6-2b56b8a40c85',NULL),(268,34,176,69,NULL,'2018-02-15 09:53:12',1,NULL,NULL,NULL,NULL,NULL,NULL,NULL,NULL,NULL,NULL,'5',NULL,NULL,5,'2018-02-15 09:53:13',0,NULL,NULL,NULL,'535ea05e-735a-483f-ba3f-561ffce18dd9',NULL),(269,34,180,69,NULL,'2018-02-15 09:53:12',1,NULL,NULL,NULL,NULL,NULL,NULL,NULL,NULL,NULL,NULL,'66',NULL,NULL,5,'2018-02-15 09:53:13',0,NULL,NULL,NULL,'db405224-5811-4481-865b-add2fc4f4c98',NULL),(270,34,178,69,NULL,'2018-02-15 09:53:12',1,NULL,NULL,NULL,NULL,NULL,NULL,NULL,NULL,NULL,NULL,'80',NULL,NULL,5,'2018-02-15 09:53:13',0,NULL,NULL,NULL,'1150d4d5-0bb6-4ce4-b114-c385921ac168',NULL),(271,34,177,69,NULL,'2018-02-15 09:53:12',1,NULL,NULL,NULL,NULL,NULL,NULL,NULL,NULL,NULL,NULL,'150',NULL,NULL,5,'2018-02-15 09:53:13',0,NULL,NULL,NULL,'ee502cef-6154-4af7-93cb-40b0d1fff8a5',NULL),(272,34,80,69,NULL,'2018-02-15 09:53:12',1,NULL,NULL,NULL,NULL,NULL,NULL,NULL,NULL,NULL,NULL,'85',NULL,NULL,5,'2018-02-15 09:53:13',0,NULL,NULL,NULL,'92ed4ca1-ad59-4063-9176-27215a395c1b',NULL),(273,34,79,69,NULL,'2018-02-15 09:53:12',1,NULL,NULL,NULL,NULL,NULL,NULL,NULL,NULL,NULL,NULL,'58',NULL,NULL,5,'2018-02-15 09:53:13',0,NULL,NULL,NULL,'325a86ef-ad2d-474f-b274-9f641287a79f',NULL),(274,34,117,69,NULL,'2018-02-15 09:53:12',1,NULL,NULL,NULL,NULL,NULL,NULL,NULL,NULL,NULL,NULL,'doctor',NULL,NULL,5,'2018-02-15 09:53:13',0,NULL,NULL,NULL,'13273f85-b96d-4704-82ae-471c8b3ebbec',NULL),(275,34,179,69,NULL,'2018-02-15 09:53:12',1,NULL,NULL,NULL,NULL,NULL,NULL,NULL,NULL,NULL,NULL,'1',NULL,NULL,5,'2018-02-15 09:53:13',0,NULL,NULL,NULL,'2784c558-69d3-47c8-8e42-234beef9abcc',NULL),(276,34,114,69,NULL,'2018-02-15 09:53:12',1,NULL,NULL,NULL,NULL,NULL,NULL,NULL,NULL,NULL,NULL,'15-02-2018 09:53:12',NULL,NULL,5,'2018-02-15 09:53:13',0,NULL,NULL,NULL,'e157565d-4617-4fd6-b1ac-c6fa311e050a',NULL),(277,34,115,69,NULL,'2018-02-15 09:53:12',1,NULL,NULL,NULL,NULL,NULL,NULL,NULL,NULL,NULL,NULL,'15-02-2018 09:53:12',NULL,NULL,5,'2018-02-15 09:53:13',0,NULL,NULL,NULL,'c768a6be-1f1b-42e2-a835-a4a26fb5c392',NULL),(278,34,133,69,NULL,'2018-02-15 09:53:12',1,NULL,NULL,NULL,NULL,NULL,NULL,NULL,NULL,NULL,NULL,'1',NULL,NULL,5,'2018-02-15 09:53:13',0,NULL,NULL,NULL,'8004ca2c-83b8-4325-bd49-3aa61791eaf5',NULL),(279,34,136,69,NULL,'2018-02-15 09:53:12',1,NULL,NULL,NULL,NULL,NULL,NULL,NULL,NULL,NULL,NULL,'1',NULL,NULL,5,'2018-02-15 09:53:13',0,NULL,NULL,NULL,'2fc6b38d-4e77-4233-abfb-a4ffd7b4f4bd',NULL),(280,34,135,69,NULL,'2018-02-15 09:53:12',1,NULL,NULL,NULL,NULL,NULL,NULL,NULL,NULL,NULL,NULL,'1',NULL,NULL,5,'2018-02-15 09:53:13',0,NULL,NULL,NULL,'96fd1194-ce1d-4431-b06f-191c603013b2',NULL),(281,34,151,69,NULL,'2018-02-15 09:53:12',1,NULL,NULL,NULL,NULL,NULL,NULL,NULL,NULL,NULL,NULL,'1',NULL,NULL,5,'2018-02-15 09:53:13',0,NULL,NULL,NULL,'325ad88d-d434-4c7a-ad79-638b414564c6',NULL),(282,34,137,69,NULL,'2018-02-15 09:53:12',1,NULL,NULL,NULL,NULL,NULL,NULL,NULL,NULL,NULL,NULL,'NA',NULL,NULL,5,'2018-02-15 09:53:13',0,NULL,NULL,NULL,'668adfbf-c168-4207-8304-b5b370c804b0',NULL),(283,34,140,69,NULL,'2018-02-15 09:53:12',1,NULL,NULL,NULL,NULL,NULL,NULL,NULL,NULL,NULL,NULL,'11.5',NULL,NULL,5,'2018-02-15 09:53:13',0,NULL,NULL,NULL,'a41ede8e-ba40-4f56-a4e3-62b7fdf5eaf4',NULL),(284,34,139,69,NULL,'2018-02-15 09:53:12',1,NULL,NULL,NULL,NULL,NULL,NULL,NULL,NULL,NULL,NULL,'80',NULL,NULL,5,'2018-02-15 09:53:13',0,NULL,NULL,NULL,'884f6153-213f-447b-b2b5-85499ccad621',NULL),(285,34,134,69,NULL,'2018-02-15 09:53:12',1,NULL,NULL,NULL,NULL,NULL,NULL,NULL,NULL,NULL,NULL,'130',NULL,NULL,5,'2018-02-15 09:53:13',0,NULL,NULL,NULL,'535aa2b4-36f2-47fc-b6b3-e7ae9bcc52c8',NULL),(286,34,141,69,NULL,'2018-02-15 09:53:12',1,NULL,NULL,NULL,NULL,NULL,NULL,NULL,NULL,NULL,NULL,'done',NULL,NULL,5,'2018-02-15 09:53:13',0,NULL,NULL,NULL,'68d9e2cc-c2e6-4f94-b279-9b63ab5a4e33',NULL),(287,34,138,69,NULL,'2018-02-15 09:53:12',1,NULL,NULL,NULL,NULL,NULL,NULL,NULL,NULL,NULL,NULL,'1',NULL,NULL,5,'2018-02-15 09:53:13',0,NULL,NULL,NULL,'3c62126d-48f2-4bc2-97b0-ef2c5bf18fa4',NULL),(288,34,162,69,NULL,'2018-02-15 09:53:12',1,NULL,NULL,NULL,NULL,NULL,NULL,NULL,NULL,NULL,NULL,'190',NULL,NULL,5,'2018-02-15 09:53:13',0,NULL,NULL,NULL,'5b02b337-195f-4ad7-bb64-ad453123daea',NULL),(289,34,19,69,NULL,'2018-02-15 09:53:12',1,NULL,NULL,NULL,NULL,NULL,NULL,NULL,NULL,NULL,NULL,'NA',NULL,NULL,5,'2018-02-15 09:53:13',0,NULL,NULL,NULL,'ab188106-a3d3-4f17-84fb-dcebf45d324c',NULL),(290,34,20,69,NULL,'2018-02-15 09:53:12',1,NULL,NULL,NULL,NULL,NULL,NULL,NULL,NULL,NULL,NULL,'15-2-2018',NULL,NULL,5,'2018-02-15 09:53:13',0,NULL,NULL,NULL,'10ceff27-a0c7-4e94-89c0-84bd39d0d4fd',NULL),(291,34,22,69,NULL,'2018-02-15 09:53:12',1,NULL,NULL,NULL,NULL,NULL,NULL,NULL,NULL,NULL,NULL,'F',NULL,NULL,5,'2018-02-15 09:53:13',0,NULL,NULL,NULL,'c6cd7345-713d-4cca-8c54-cbc09021deda',NULL),(292,34,8,69,NULL,'2018-02-15 09:53:12',1,NULL,NULL,NULL,NULL,NULL,NULL,NULL,NULL,NULL,NULL,'SH_CVD_DOCTOR_FOLLOWUP_1',NULL,NULL,5,'2018-02-15 09:53:13',0,NULL,NULL,NULL,'2b55c41e-957d-4bfe-b33e-de551a0d667f',NULL),(293,34,18,69,NULL,'2018-02-15 09:53:12',1,NULL,NULL,NULL,NULL,NULL,NULL,NULL,NULL,NULL,NULL,'1-1-1963',NULL,NULL,5,'2018-02-15 09:53:13',0,NULL,NULL,NULL,'af55a838-94a3-4799-8721-8eab97ac853a',NULL),(294,34,7,69,NULL,'2018-02-15 09:53:12',1,NULL,NULL,NULL,NULL,NULL,NULL,NULL,NULL,NULL,NULL,'ha_1',NULL,NULL,5,'2018-02-15 09:53:13',0,NULL,NULL,NULL,'fea4dccd-e593-4892-8a82-cdf6256528c3',NULL),(295,34,9,69,NULL,'2018-02-15 09:53:12',1,NULL,NULL,NULL,NULL,NULL,NULL,NULL,NULL,NULL,NULL,'15-02-2018 09:53:12',NULL,NULL,5,'2018-02-15 09:53:13',0,NULL,NULL,NULL,'ac90a740-c946-4aa5-9aef-362a585358d7',NULL),(296,34,119,69,NULL,'2018-02-15 09:53:12',1,NULL,NULL,NULL,NULL,NULL,NULL,NULL,NULL,NULL,NULL,'SH_CVD_DOCTOR_FOLLOWUP_1',NULL,NULL,5,'2018-02-15 09:53:13',0,NULL,NULL,NULL,'8e26fc6a-fd01-483f-8819-f2d2860405bb',NULL),(297,34,118,69,NULL,'2018-02-15 09:53:12',1,NULL,NULL,NULL,NULL,NULL,NULL,NULL,NULL,NULL,NULL,'NA',NULL,NULL,5,'2018-02-15 09:53:13',0,NULL,NULL,NULL,'285937ff-fa37-4884-aa38-274a8c3e7c9b',NULL),(298,34,12,69,NULL,'2018-02-15 09:53:12',1,NULL,NULL,NULL,NULL,NULL,NULL,NULL,NULL,NULL,NULL,'1020010001',NULL,NULL,5,'2018-02-15 09:53:13',0,NULL,NULL,NULL,'61adb311-a86b-48d9-a1e5-490fd3a1d971',NULL),(299,34,15,69,NULL,'2018-02-15 09:53:12',1,NULL,NULL,NULL,NULL,NULL,NULL,NULL,NULL,NULL,NULL,'asha5',NULL,NULL,5,'2018-02-15 09:53:13',0,NULL,NULL,NULL,'bd7a6495-f472-4adb-8dc4-c9f32b7f3421',NULL),(300,34,142,69,NULL,'2018-02-15 09:53:12',1,NULL,NULL,NULL,NULL,NULL,NULL,NULL,NULL,NULL,NULL,'Rectruited',NULL,NULL,5,'2018-02-15 09:53:13',0,NULL,NULL,NULL,'44c0f958-58d7-4c16-a3f7-329aec366c01',NULL),(301,34,186,69,NULL,'2018-02-15 09:53:12',1,NULL,NULL,NULL,NULL,NULL,NULL,NULL,NULL,NULL,NULL,'1',NULL,NULL,5,'2018-02-15 09:53:13',0,NULL,NULL,NULL,'3ec4a3f6-c002-48d5-b4df-caf7e3c0775b',NULL),(302,34,185,69,NULL,'2018-02-15 09:53:12',1,NULL,NULL,NULL,NULL,NULL,NULL,NULL,NULL,NULL,NULL,'8',NULL,NULL,5,'2018-02-15 09:53:13',0,NULL,NULL,NULL,'3a426f52-152f-4540-bdbe-7794664c4a0a',NULL),(303,34,188,69,NULL,'2018-02-15 09:53:12',1,NULL,NULL,NULL,NULL,NULL,NULL,NULL,NULL,NULL,NULL,'1',NULL,NULL,5,'2018-02-15 09:53:13',0,NULL,NULL,NULL,'c4314a40-b4e6-45fa-8391-a4d3f08e2e7a',NULL),(304,34,187,69,NULL,'2018-02-15 09:53:12',1,NULL,NULL,NULL,NULL,NULL,NULL,NULL,NULL,NULL,NULL,'9',NULL,NULL,5,'2018-02-15 09:53:13',0,NULL,NULL,NULL,'8b4c1ef2-3f65-4742-b302-b05b3b6224b0',NULL),(305,34,182,69,NULL,'2018-02-15 09:53:12',1,NULL,NULL,NULL,NULL,NULL,NULL,NULL,NULL,NULL,NULL,'0',NULL,NULL,5,'2018-02-15 09:53:13',0,NULL,NULL,NULL,'27a7fd00-e44d-492e-9835-987b160df4a0',NULL),(306,34,181,69,NULL,'2018-02-15 09:53:12',1,NULL,NULL,NULL,NULL,NULL,NULL,NULL,NULL,NULL,NULL,'0',NULL,NULL,5,'2018-02-15 09:53:13',0,NULL,NULL,NULL,'a4f4ce15-919e-4822-891e-de6270103566',NULL),(307,34,184,69,NULL,'2018-02-15 09:53:12',1,NULL,NULL,NULL,NULL,NULL,NULL,NULL,NULL,NULL,NULL,'0',NULL,NULL,5,'2018-02-15 09:53:14',0,NULL,NULL,NULL,'9e4982e3-a5aa-408c-a276-4234e06222c4',NULL),(308,34,183,69,NULL,'2018-02-15 09:53:12',1,NULL,NULL,NULL,NULL,NULL,NULL,NULL,NULL,NULL,NULL,'0',NULL,NULL,5,'2018-02-15 09:53:14',0,NULL,NULL,NULL,'592938f4-03e6-42f6-93e5-45b543c36551',NULL),(309,34,172,69,NULL,'2018-02-15 09:53:12',1,NULL,NULL,NULL,NULL,NULL,NULL,NULL,NULL,NULL,NULL,'0.9',NULL,NULL,5,'2018-02-15 09:53:14',0,NULL,NULL,NULL,'a4cfc294-efd0-4589-8e5b-fae0357cee52',NULL),(310,34,35,69,NULL,'2018-02-15 09:53:12',1,NULL,NULL,NULL,NULL,NULL,NULL,NULL,NULL,NULL,NULL,'6',NULL,NULL,5,'2018-02-15 09:53:14',0,NULL,NULL,NULL,'8a2e3c5b-b192-4f42-9415-84b19ab1bd61',NULL),(311,34,159,69,NULL,'2018-02-15 09:53:12',1,NULL,NULL,NULL,NULL,NULL,NULL,NULL,NULL,NULL,NULL,'1',NULL,NULL,5,'2018-02-15 09:53:14',0,NULL,NULL,NULL,'c2ab5f9e-0252-4a28-80d8-6d31ac43ff22',NULL),(312,34,154,69,NULL,'2018-02-15 09:53:12',1,NULL,NULL,NULL,NULL,NULL,NULL,NULL,NULL,NULL,NULL,'1',NULL,NULL,5,'2018-02-15 09:53:14',0,NULL,NULL,NULL,'9683da22-6855-43f4-b5db-172778d43123',NULL),(313,34,153,69,NULL,'2018-02-15 09:53:12',1,NULL,NULL,NULL,NULL,NULL,NULL,NULL,NULL,NULL,NULL,'1',NULL,NULL,5,'2018-02-15 09:53:14',0,NULL,NULL,NULL,'e28df052-1bd8-4a8c-9f58-6daef779b672',NULL),(314,34,156,69,NULL,'2018-02-15 09:53:12',1,NULL,NULL,NULL,NULL,NULL,NULL,NULL,NULL,NULL,NULL,'15-2-2018',NULL,NULL,5,'2018-02-15 09:53:14',0,NULL,NULL,NULL,'88ce07cf-d461-436a-901f-11036533f518',NULL),(315,34,158,69,NULL,'2018-02-15 09:53:12',1,NULL,NULL,NULL,NULL,NULL,NULL,NULL,NULL,NULL,NULL,'15-2-2018',NULL,NULL,5,'2018-02-15 09:53:14',0,NULL,NULL,NULL,'a37ea9ec-07b5-483f-a23c-0400944fc831',NULL),(316,34,157,69,NULL,'2018-02-15 09:53:12',1,NULL,NULL,NULL,NULL,NULL,NULL,NULL,NULL,NULL,NULL,'7.3',NULL,NULL,5,'2018-02-15 09:53:14',0,NULL,NULL,NULL,'dda2382e-0963-478e-baf2-9b6d95abef8d',NULL),(317,34,160,69,NULL,'2018-02-15 09:53:12',1,NULL,NULL,NULL,NULL,NULL,NULL,NULL,NULL,NULL,NULL,'0',NULL,NULL,5,'2018-02-15 09:53:14',0,NULL,NULL,NULL,'c3a4ad35-38b9-4f8f-88d3-aa4e3e8c185c',NULL),(318,34,155,69,NULL,'2018-02-15 09:53:12',1,NULL,NULL,NULL,NULL,NULL,NULL,NULL,NULL,NULL,NULL,'0',NULL,NULL,5,'2018-02-15 09:53:14',0,NULL,NULL,NULL,'eafba5c3-2231-4f66-a7a7-097b775b2f27',NULL),(319,34,143,69,NULL,'2018-02-15 09:53:12',1,NULL,NULL,NULL,NULL,NULL,NULL,NULL,NULL,NULL,NULL,'0',NULL,NULL,5,'2018-02-15 09:53:14',0,NULL,NULL,NULL,'9c08a5ee-5995-4fa3-9be2-2263f81db5f9',NULL),(320,34,152,69,NULL,'2018-02-15 09:53:12',1,NULL,NULL,NULL,NULL,NULL,NULL,NULL,NULL,NULL,NULL,'0',NULL,NULL,5,'2018-02-15 09:53:14',0,NULL,NULL,NULL,'d22f6a3c-4461-4b29-9bd4-524e7213c1f2',NULL),(321,34,149,69,NULL,'2018-02-15 09:53:12',1,NULL,NULL,NULL,NULL,NULL,NULL,NULL,NULL,NULL,NULL,'2',NULL,NULL,5,'2018-02-15 09:53:14',0,NULL,NULL,NULL,'5193276c-2744-4294-b38f-70866e982623',NULL),(322,34,148,69,NULL,'2018-02-15 09:53:12',1,NULL,NULL,NULL,NULL,NULL,NULL,NULL,NULL,NULL,NULL,'1',NULL,NULL,5,'2018-02-15 09:53:14',0,NULL,NULL,NULL,'93d5cce1-80ac-4ddc-b6f3-9393b22f77f4',NULL),(323,34,161,69,NULL,'2018-02-15 09:53:12',1,NULL,NULL,NULL,NULL,NULL,NULL,NULL,NULL,NULL,NULL,'2',NULL,NULL,5,'2018-02-15 09:53:14',0,NULL,NULL,NULL,'c59eb669-c74a-4ae2-b879-691be87dc1cc',NULL),(324,34,150,69,NULL,'2018-02-15 09:53:12',1,NULL,NULL,NULL,NULL,NULL,NULL,NULL,NULL,NULL,NULL,'0',NULL,NULL,5,'2018-02-15 09:53:14',0,NULL,NULL,NULL,'3adec0ce-d7a0-4faa-b4ea-d19015cc6f83',NULL),(325,34,145,69,NULL,'2018-02-15 09:53:12',1,NULL,NULL,NULL,NULL,NULL,NULL,NULL,NULL,NULL,NULL,'24.61',NULL,NULL,5,'2018-02-15 09:53:14',0,NULL,NULL,NULL,'0f6a078d-a89d-46c5-a1c2-1b35206658c8',NULL),(326,34,144,69,NULL,'2018-02-15 09:53:12',1,NULL,NULL,NULL,NULL,NULL,NULL,NULL,NULL,NULL,NULL,'1',NULL,NULL,5,'2018-02-15 09:53:14',0,NULL,NULL,NULL,'4ad69843-56fe-43f8-a3ed-a0380bd3a543',NULL),(327,34,147,69,NULL,'2018-02-15 09:53:12',1,NULL,NULL,NULL,NULL,NULL,NULL,NULL,NULL,NULL,NULL,'155.5',NULL,NULL,5,'2018-02-15 09:53:14',0,NULL,NULL,NULL,'28274597-c463-4b6b-a18c-13dccc0b015b',NULL),(328,34,146,69,NULL,'2018-02-15 09:53:12',1,NULL,NULL,NULL,NULL,NULL,NULL,NULL,NULL,NULL,NULL,'59.5',NULL,NULL,5,'2018-02-15 09:53:14',0,NULL,NULL,NULL,'ef68042b-602e-4c7f-a81f-8f9badf0efe9',NULL),(329,29,133,70,NULL,'2018-02-16 10:24:08',1,NULL,NULL,NULL,NULL,NULL,NULL,NULL,NULL,NULL,NULL,'0',NULL,NULL,11,'2018-02-16 10:24:08',0,NULL,NULL,NULL,'d6c84a3f-8796-48eb-8f89-7b9a8380d025',NULL),(330,29,134,70,NULL,'2018-02-16 10:24:08',1,NULL,NULL,NULL,NULL,NULL,NULL,NULL,NULL,NULL,NULL,'120',NULL,NULL,11,'2018-02-16 10:24:08',0,NULL,NULL,NULL,'b7243a2a-34a3-4cf0-a3f5-beda9870a77c',NULL),(331,29,135,70,NULL,'2018-02-16 10:24:08',1,NULL,NULL,NULL,NULL,NULL,NULL,NULL,NULL,NULL,NULL,'1',NULL,NULL,11,'2018-02-16 10:24:08',0,NULL,NULL,NULL,'9bb6384f-f26e-433c-8585-be98603573fd',NULL),(332,29,136,70,NULL,'2018-02-16 10:24:08',1,NULL,NULL,NULL,NULL,NULL,NULL,NULL,NULL,NULL,NULL,'0',NULL,NULL,11,'2018-02-16 10:24:08',0,NULL,NULL,NULL,'51d7b01a-efb0-4a18-b7a3-ee21ce9da32c',NULL),(333,29,137,70,NULL,'2018-02-16 10:24:08',1,NULL,NULL,NULL,NULL,NULL,NULL,NULL,NULL,NULL,NULL,'NA',NULL,NULL,11,'2018-02-16 10:24:08',0,NULL,NULL,NULL,'457f3acf-f165-4c9d-80d5-c2aca20901e0',NULL),(334,29,138,70,NULL,'2018-02-16 10:24:08',1,NULL,NULL,NULL,NULL,NULL,NULL,NULL,NULL,NULL,NULL,'1',NULL,NULL,11,'2018-02-16 10:24:09',0,NULL,NULL,NULL,'2513f760-4d81-437d-be8b-83640aa207ee',NULL),(335,29,139,70,NULL,'2018-02-16 10:24:08',1,NULL,NULL,NULL,NULL,NULL,NULL,NULL,NULL,NULL,NULL,'80',NULL,NULL,11,'2018-02-16 10:24:09',0,NULL,NULL,NULL,'3d32694e-2f98-46af-b8a1-68e193fe0156',NULL),(336,29,140,70,NULL,'2018-02-16 10:24:08',1,NULL,NULL,NULL,NULL,NULL,NULL,NULL,NULL,NULL,NULL,'7',NULL,NULL,11,'2018-02-16 10:24:09',0,NULL,NULL,NULL,'d9bbf4b5-508f-499f-bc4c-6bc74b289c1b',NULL),(337,29,141,70,NULL,'2018-02-16 10:24:08',1,NULL,NULL,NULL,NULL,NULL,NULL,NULL,NULL,NULL,NULL,'done',NULL,NULL,11,'2018-02-16 10:24:09',0,NULL,NULL,NULL,'0d58460f-ff18-476f-accc-fdeb789ff840',NULL),(338,29,142,70,NULL,'2018-02-16 10:24:08',1,NULL,NULL,NULL,NULL,NULL,NULL,NULL,NULL,NULL,NULL,'Rectruited',NULL,NULL,11,'2018-02-16 10:24:09',0,NULL,NULL,NULL,'14636698-3abe-4e9f-a8e6-e2f6fc5eb036',NULL),(339,29,143,70,NULL,'2018-02-16 10:24:08',1,NULL,NULL,NULL,NULL,NULL,NULL,NULL,NULL,NULL,NULL,'1',NULL,NULL,11,'2018-02-16 10:24:09',0,NULL,NULL,NULL,'aedda8c8-cdbf-43d7-b8b5-92eb02f0ebd7',NULL),(340,29,144,70,NULL,'2018-02-16 10:24:08',1,NULL,NULL,NULL,NULL,NULL,NULL,NULL,NULL,NULL,NULL,'0',NULL,NULL,11,'2018-02-16 10:24:09',0,NULL,NULL,NULL,'a76b841f-972f-4ba9-a516-92a66181683a',NULL),(341,29,145,70,NULL,'2018-02-16 10:24:08',1,NULL,NULL,NULL,NULL,NULL,NULL,NULL,NULL,NULL,NULL,'40.82',NULL,NULL,11,'2018-02-16 10:24:09',0,NULL,NULL,NULL,'12b44708-1b60-4fdc-9d57-f40608f58371',NULL),(342,29,146,70,NULL,'2018-02-16 10:24:08',1,NULL,NULL,NULL,NULL,NULL,NULL,NULL,NULL,NULL,NULL,'80',NULL,NULL,11,'2018-02-16 10:24:09',0,NULL,NULL,NULL,'a14283b9-08e3-40b2-875d-aa12a65e7a69',NULL),(343,29,147,70,NULL,'2018-02-16 10:24:08',1,NULL,NULL,NULL,NULL,NULL,NULL,NULL,NULL,NULL,NULL,'140',NULL,NULL,11,'2018-02-16 10:24:09',0,NULL,NULL,NULL,'f1d20f5d-f8d1-488e-9936-a07d97d8e319',NULL),(344,29,148,70,NULL,'2018-02-16 10:24:08',1,NULL,NULL,NULL,NULL,NULL,NULL,NULL,NULL,NULL,NULL,'0',NULL,NULL,11,'2018-02-16 10:24:09',0,NULL,NULL,NULL,'a056cba1-d67d-4cac-80c5-9defedc1580e',NULL),(345,29,149,70,NULL,'2018-02-16 10:24:08',1,NULL,NULL,NULL,NULL,NULL,NULL,NULL,NULL,NULL,NULL,'1',NULL,NULL,11,'2018-02-16 10:24:09',0,NULL,NULL,NULL,'91a6ff18-3e09-46e6-81f9-320411115ebf',NULL),(346,29,150,70,NULL,'2018-02-16 10:24:08',1,NULL,NULL,NULL,NULL,NULL,NULL,NULL,NULL,NULL,NULL,'0',NULL,NULL,11,'2018-02-16 10:24:09',0,NULL,NULL,NULL,'df04bf32-0bfc-4d6a-b73b-04adeac69aec',NULL),(347,29,151,70,NULL,'2018-02-16 10:24:08',1,NULL,NULL,NULL,NULL,NULL,NULL,NULL,NULL,NULL,NULL,'0',NULL,NULL,11,'2018-02-16 10:24:09',0,NULL,NULL,NULL,'5bbc5d9a-27cc-4c9c-83b8-b9f0276fc49a',NULL),(348,29,152,70,NULL,'2018-02-16 10:24:08',1,NULL,NULL,NULL,NULL,NULL,NULL,NULL,NULL,NULL,NULL,'0',NULL,NULL,11,'2018-02-16 10:24:09',0,NULL,NULL,NULL,'df1cc598-0444-4fa3-95cf-7fc0f6ae91f0',NULL),(349,29,35,70,NULL,'2018-02-16 10:24:08',1,NULL,NULL,NULL,NULL,NULL,NULL,NULL,NULL,NULL,NULL,'52',NULL,NULL,11,'2018-02-16 10:24:09',0,NULL,NULL,NULL,'d03b04c6-c3e4-4e43-8d5b-da4df6632d7b',NULL),(350,29,153,70,NULL,'2018-02-16 10:24:08',1,NULL,NULL,NULL,NULL,NULL,NULL,NULL,NULL,NULL,NULL,'NA',NULL,NULL,11,'2018-02-16 10:24:09',0,NULL,NULL,NULL,'c3c6b122-50eb-4991-b75c-0d56d0dd569a',NULL),(351,29,154,70,NULL,'2018-02-16 10:24:08',1,NULL,NULL,NULL,NULL,NULL,NULL,NULL,NULL,NULL,NULL,'0',NULL,NULL,11,'2018-02-16 10:24:09',0,NULL,NULL,NULL,'cab07f37-b721-4324-a4f1-e6ab3b14ab56',NULL),(352,29,155,70,NULL,'2018-02-16 10:24:08',1,NULL,NULL,NULL,NULL,NULL,NULL,NULL,NULL,NULL,NULL,'0',NULL,NULL,11,'2018-02-16 10:24:09',0,NULL,NULL,NULL,'a66ce4b8-507a-41f1-9151-413dc38a01e1',NULL),(353,29,156,70,NULL,'2018-02-16 10:24:08',1,NULL,NULL,NULL,NULL,NULL,NULL,NULL,NULL,NULL,NULL,'16-2-2018',NULL,NULL,11,'2018-02-16 10:24:09',0,NULL,NULL,NULL,'174f91f1-f53a-4f5d-9d99-d42d2a6dbc47',NULL),(354,29,157,70,NULL,'2018-02-16 10:24:08',1,NULL,NULL,NULL,NULL,NULL,NULL,NULL,NULL,NULL,NULL,'8.9',NULL,NULL,11,'2018-02-16 10:24:09',0,NULL,NULL,NULL,'adbdca27-78da-4116-9d5f-b85354ca55ae',NULL),(355,29,158,70,NULL,'2018-02-16 10:24:08',1,NULL,NULL,NULL,NULL,NULL,NULL,NULL,NULL,NULL,NULL,'16-2-2018',NULL,NULL,11,'2018-02-16 10:24:09',0,NULL,NULL,NULL,'0b7cc277-ecf3-4710-8fac-2b89d4ed6fa4',NULL),(356,29,159,70,NULL,'2018-02-16 10:24:08',1,NULL,NULL,NULL,NULL,NULL,NULL,NULL,NULL,NULL,NULL,'0',NULL,NULL,11,'2018-02-16 10:24:09',0,NULL,NULL,NULL,'50e6ad29-8538-4102-a139-0c7f85398865',NULL),(357,29,160,70,NULL,'2018-02-16 10:24:08',1,NULL,NULL,NULL,NULL,NULL,NULL,NULL,NULL,NULL,NULL,'0',NULL,NULL,11,'2018-02-16 10:24:09',0,NULL,NULL,NULL,'29711da9-3460-4ac5-a720-a4e673c9b8bb',NULL),(358,29,161,70,NULL,'2018-02-16 10:24:08',1,NULL,NULL,NULL,NULL,NULL,NULL,NULL,NULL,NULL,NULL,'2',NULL,NULL,11,'2018-02-16 10:24:09',0,NULL,NULL,NULL,'f1373cb3-8262-4d2c-bf52-5c9bd045fd8b',NULL),(359,29,116,70,NULL,'2018-02-16 10:24:08',1,NULL,NULL,NULL,NULL,NULL,NULL,NULL,NULL,NULL,NULL,'ha_1',NULL,NULL,11,'2018-02-16 10:24:09',0,NULL,NULL,NULL,'03a53f91-627d-4c70-b13b-62cc05750db2',NULL),(360,29,162,70,NULL,'2018-02-16 10:24:08',1,NULL,NULL,NULL,NULL,NULL,NULL,NULL,NULL,NULL,NULL,'140',NULL,NULL,11,'2018-02-16 10:24:09',0,NULL,NULL,NULL,'4cd81b3f-75bc-47a4-b1ed-83c4b414002f',NULL),(361,29,163,70,NULL,'2018-02-16 10:24:08',1,NULL,NULL,NULL,NULL,NULL,NULL,NULL,NULL,NULL,NULL,'3,4',NULL,NULL,11,'2018-02-16 10:24:09',0,NULL,NULL,NULL,'e35d6ede-d3c9-4051-80d3-74a5065106f1',NULL),(362,29,164,70,NULL,'2018-02-16 10:24:08',1,NULL,NULL,NULL,NULL,NULL,NULL,NULL,NULL,NULL,NULL,'trpgg',NULL,NULL,11,'2018-02-16 10:24:09',0,NULL,NULL,NULL,'e5c30dd6-51de-4f15-82ae-c479c4f02043',NULL),(363,29,165,70,NULL,'2018-02-16 10:24:08',1,NULL,NULL,NULL,NULL,NULL,NULL,NULL,NULL,NULL,NULL,'F',NULL,NULL,11,'2018-02-16 10:24:09',0,NULL,NULL,NULL,'97d74f11-eadd-4078-ab4d-97fb9f3daffd',NULL),(364,29,166,70,NULL,'2018-02-16 10:24:08',1,NULL,NULL,NULL,NULL,NULL,NULL,NULL,NULL,NULL,NULL,'5555',NULL,NULL,11,'2018-02-16 10:24:09',0,NULL,NULL,NULL,'4cbdd9a1-868e-426a-b5ab-43e126bf6282',NULL),(365,29,167,70,NULL,'2018-02-16 10:24:08',1,NULL,NULL,NULL,NULL,NULL,NULL,NULL,NULL,NULL,NULL,'855588',NULL,NULL,11,'2018-02-16 10:24:09',0,NULL,NULL,NULL,'7e8fc377-14b8-415f-980a-0ae3e1f5c17e',NULL),(366,29,168,70,NULL,'2018-02-16 10:24:08',1,NULL,NULL,NULL,NULL,NULL,NULL,NULL,NULL,NULL,NULL,'1',NULL,NULL,11,'2018-02-16 10:24:09',0,NULL,NULL,NULL,'2cb3f792-25bb-433a-8496-3c0ed6077324',NULL),(367,29,169,70,NULL,'2018-02-16 10:24:08',1,NULL,NULL,NULL,NULL,NULL,NULL,NULL,NULL,NULL,NULL,'hytg',NULL,NULL,11,'2018-02-16 10:24:09',0,NULL,NULL,NULL,'1f09ab19-d073-49c9-855d-fd5cfa1d92bf',NULL),(368,29,170,70,NULL,'2018-02-16 10:24:08',1,NULL,NULL,NULL,NULL,NULL,NULL,NULL,NULL,NULL,NULL,'7',NULL,NULL,11,'2018-02-16 10:24:09',0,NULL,NULL,NULL,'d905f8b6-df05-463d-8b79-b3552503e221',NULL),(369,29,171,70,NULL,'2018-02-16 10:24:08',1,NULL,NULL,NULL,NULL,NULL,NULL,NULL,NULL,NULL,NULL,'6',NULL,NULL,11,'2018-02-16 10:24:09',0,NULL,NULL,NULL,'7e5c5c9c-8961-4bd7-bb91-91621dabf45a',NULL),(370,29,14,70,NULL,'2018-02-16 10:24:08',1,NULL,NULL,NULL,NULL,NULL,NULL,NULL,NULL,NULL,NULL,'naga',NULL,NULL,11,'2018-02-16 10:24:09',0,NULL,NULL,NULL,'50b89132-b54e-4ae9-a9d1-bbb06f2f3979',NULL),(371,29,15,70,NULL,'2018-02-16 10:24:08',1,NULL,NULL,NULL,NULL,NULL,NULL,NULL,NULL,NULL,NULL,'naga',NULL,NULL,11,'2018-02-16 10:24:09',0,NULL,NULL,NULL,'987872a1-855e-4a65-b57c-54c5b9c90ab4',NULL),(372,29,8,70,NULL,'2018-02-16 10:24:08',1,NULL,NULL,NULL,NULL,NULL,NULL,NULL,NULL,NULL,NULL,'SH_CVD_ASHA_SCREENING_1',NULL,NULL,11,'2018-02-16 10:24:09',0,NULL,NULL,NULL,'6fb95920-74d9-4339-bf41-cf089ec1c102',NULL),(373,29,9,70,NULL,'2018-02-16 10:24:08',1,NULL,NULL,NULL,NULL,NULL,NULL,NULL,NULL,NULL,NULL,'16-02-2018 09:55:50',NULL,NULL,11,'2018-02-16 10:24:09',0,NULL,NULL,NULL,'4440b1ae-d996-4041-a1bd-469fd2a8db43',NULL),(374,29,7,70,NULL,'2018-02-16 10:24:08',1,NULL,NULL,NULL,NULL,NULL,NULL,NULL,NULL,NULL,NULL,'ha_1',NULL,NULL,11,'2018-02-16 10:24:09',0,NULL,NULL,NULL,'7aeb691f-2f8c-4cdb-a255-7ce5e6c55218',NULL),(375,29,118,70,NULL,'2018-02-16 10:24:08',1,NULL,NULL,NULL,NULL,NULL,NULL,NULL,NULL,NULL,NULL,'NA',NULL,NULL,11,'2018-02-16 10:24:09',0,NULL,NULL,NULL,'a89e337e-1467-4655-9d4c-80e257f4ae61',NULL),(376,29,12,70,NULL,'2018-02-16 10:24:08',1,NULL,NULL,NULL,NULL,NULL,NULL,NULL,NULL,NULL,NULL,'1010010001',NULL,NULL,11,'2018-02-16 10:24:09',0,NULL,NULL,NULL,'6420960a-8a33-43c4-af76-5e91d1f5f1da',NULL),(377,29,22,70,NULL,'2018-02-16 10:24:08',1,NULL,NULL,NULL,NULL,NULL,NULL,NULL,NULL,NULL,NULL,'F',NULL,NULL,11,'2018-02-16 10:24:09',0,NULL,NULL,NULL,'4c6092ed-e9c5-463f-90ca-99d98da40722',NULL),(378,29,20,70,NULL,'2018-02-16 10:24:08',1,NULL,NULL,NULL,NULL,NULL,NULL,NULL,NULL,NULL,NULL,'16-2-2018',NULL,NULL,11,'2018-02-16 10:24:09',0,NULL,NULL,NULL,'072d41f0-1368-4b4d-9be5-8806b39932fc',NULL),(379,29,18,70,NULL,'2018-02-16 10:24:08',1,NULL,NULL,NULL,NULL,NULL,NULL,NULL,NULL,NULL,NULL,'1-1-1960',NULL,NULL,11,'2018-02-16 10:24:09',0,NULL,NULL,NULL,'3729dade-9a89-42db-9208-fba1b3bf71da',NULL),(380,29,172,70,NULL,'2018-02-16 10:24:08',1,NULL,NULL,NULL,NULL,NULL,NULL,NULL,NULL,NULL,NULL,'NA',NULL,NULL,11,'2018-02-16 10:24:09',0,NULL,NULL,NULL,'f67f959b-f4e0-48ca-af5a-c37050d1fe61',NULL),(381,29,19,70,NULL,'2018-02-16 10:24:08',1,NULL,NULL,NULL,NULL,NULL,NULL,NULL,NULL,NULL,NULL,'NA',NULL,NULL,11,'2018-02-16 10:24:10',0,NULL,NULL,NULL,'3f0cc0d4-8ef2-4768-9303-787073e29b94',NULL),(382,29,116,70,NULL,'2018-02-16 10:24:08',1,NULL,NULL,NULL,NULL,NULL,NULL,NULL,NULL,NULL,NULL,'ha_1',NULL,NULL,11,'2018-02-16 10:24:10',0,NULL,NULL,NULL,'196c3e15-3460-4887-9c2a-b17175aa9105',NULL),(383,29,173,70,NULL,'2018-02-16 10:24:08',1,NULL,NULL,NULL,NULL,NULL,NULL,NULL,NULL,NULL,NULL,'1',NULL,NULL,11,'2018-02-16 10:24:10',0,NULL,NULL,NULL,'0a7450c1-f3ae-42a7-be3a-301a3768cdfa',NULL),(384,29,174,70,NULL,'2018-02-16 10:24:08',1,NULL,NULL,NULL,NULL,NULL,NULL,NULL,NULL,NULL,NULL,'ghh',NULL,NULL,11,'2018-02-16 10:24:10',0,NULL,NULL,NULL,'525db42f-8a77-42cc-8baf-b0228bd6a248',NULL),(385,29,175,70,NULL,'2018-02-16 10:24:08',1,NULL,NULL,NULL,NULL,NULL,NULL,NULL,NULL,NULL,NULL,'16-2-2018',NULL,NULL,11,'2018-02-16 10:24:10',0,NULL,NULL,NULL,'bdcf0c31-303a-4643-a52f-914f2c0bd77a',NULL),(386,29,22,70,NULL,'2018-02-16 10:24:08',1,NULL,NULL,NULL,NULL,NULL,NULL,NULL,NULL,NULL,NULL,'F',NULL,NULL,11,'2018-02-16 10:24:10',0,NULL,NULL,NULL,'5fa35028-9fea-4c70-ad8c-e270ec14c744',NULL),(387,29,128,70,NULL,'2018-02-16 10:24:08',1,NULL,NULL,NULL,NULL,NULL,NULL,NULL,NULL,NULL,NULL,'555585555525',NULL,NULL,11,'2018-02-16 10:24:10',0,NULL,NULL,NULL,'13ed994c-a29c-4773-8cba-a9bae2e08eb2',NULL),(388,29,16,70,NULL,'2018-02-16 10:24:08',1,NULL,NULL,NULL,NULL,NULL,NULL,NULL,NULL,NULL,NULL,'8558855855',NULL,NULL,11,'2018-02-16 10:24:10',0,NULL,NULL,NULL,'3925c136-2a41-4290-8049-b042543b5555',NULL),(389,29,21,70,NULL,'2018-02-16 10:24:08',1,NULL,NULL,NULL,NULL,NULL,NULL,NULL,NULL,NULL,NULL,'58',NULL,NULL,11,'2018-02-16 10:24:10',0,NULL,NULL,NULL,'ad4a5bae-1a38-46e2-a607-81273d832f35',NULL),(390,29,6,70,NULL,'2018-02-16 10:24:08',1,NULL,NULL,NULL,NULL,NULL,NULL,NULL,NULL,NULL,NULL,'gtffg',NULL,NULL,11,'2018-02-16 10:24:10',0,NULL,NULL,NULL,'255f2652-d799-4cbb-80ec-de09541c4d07',NULL),(391,29,5,70,NULL,'2018-02-16 10:24:08',1,NULL,NULL,NULL,NULL,NULL,NULL,NULL,NULL,NULL,NULL,'3',NULL,NULL,11,'2018-02-16 10:24:10',0,NULL,NULL,NULL,'1187751d-d0d7-43ac-943d-1dc8eee7644c',NULL),(392,29,114,70,NULL,'2018-02-16 10:24:08',1,NULL,NULL,NULL,NULL,NULL,NULL,NULL,NULL,NULL,NULL,'16-02-2018 09:55:50',NULL,NULL,11,'2018-02-16 10:24:10',0,NULL,NULL,NULL,'a2e64e28-e2d3-4c74-a3e5-d7f015b3b82a',NULL),(393,29,119,70,NULL,'2018-02-16 10:24:08',1,NULL,NULL,NULL,NULL,NULL,NULL,NULL,NULL,NULL,NULL,'SH_CVD_ASHA_SCREENING_1',NULL,NULL,11,'2018-02-16 10:24:10',0,NULL,NULL,NULL,'6ac4d57d-9c57-4b8b-9b96-b187308f2876',NULL),(394,29,176,70,NULL,'2018-02-16 10:24:08',1,NULL,NULL,NULL,NULL,NULL,NULL,NULL,NULL,NULL,NULL,'NA',NULL,NULL,11,'2018-02-16 10:24:10',0,NULL,NULL,NULL,'5bd8ccaa-22ef-4ca3-9e16-e786e65945ae',NULL),(395,29,177,70,NULL,'2018-02-16 10:24:08',1,NULL,NULL,NULL,NULL,NULL,NULL,NULL,NULL,NULL,NULL,'NA',NULL,NULL,11,'2018-02-16 10:24:10',0,NULL,NULL,NULL,'0dc29d83-1d68-459b-ae4f-ed607daf6c20',NULL),(396,29,178,70,NULL,'2018-02-16 10:24:08',1,NULL,NULL,NULL,NULL,NULL,NULL,NULL,NULL,NULL,NULL,'NA',NULL,NULL,11,'2018-02-16 10:24:10',0,NULL,NULL,NULL,'4eeb7db7-9128-4a9a-95d2-5fbc1c4f184d',NULL),(397,29,79,70,NULL,'2018-02-16 10:24:08',1,NULL,NULL,NULL,NULL,NULL,NULL,NULL,NULL,NULL,NULL,'NA',NULL,NULL,11,'2018-02-16 10:24:10',0,NULL,NULL,NULL,'16092b2a-0bd8-4971-b2d3-969bc4360ca1',NULL),(398,29,80,70,NULL,'2018-02-16 10:24:08',1,NULL,NULL,NULL,NULL,NULL,NULL,NULL,NULL,NULL,NULL,'NA',NULL,NULL,11,'2018-02-16 10:24:10',0,NULL,NULL,NULL,'901c2d5a-a233-4d1d-a787-022d3fed63c5',NULL),(399,29,179,70,NULL,'2018-02-16 10:24:08',1,NULL,NULL,NULL,NULL,NULL,NULL,NULL,NULL,NULL,NULL,'NA',NULL,NULL,11,'2018-02-16 10:24:10',0,NULL,NULL,NULL,'26c64892-3b01-409e-aa5c-4dc6dced8aa6',NULL),(400,29,117,70,NULL,'2018-02-16 10:24:08',1,NULL,NULL,NULL,NULL,NULL,NULL,NULL,NULL,NULL,NULL,'asha',NULL,NULL,11,'2018-02-16 10:24:10',0,NULL,NULL,NULL,'2947bd3c-8205-4af2-aa45-6748c2c75ce4',NULL),(401,29,115,70,NULL,'2018-02-16 10:24:08',1,NULL,NULL,NULL,NULL,NULL,NULL,NULL,NULL,NULL,NULL,'16-02-2018 09:55:50',NULL,NULL,11,'2018-02-16 10:24:10',0,NULL,NULL,NULL,'307183f6-fd30-4009-819d-6f8f9c219a1c',NULL),(402,29,180,70,NULL,'2018-02-16 10:24:08',1,NULL,NULL,NULL,NULL,NULL,NULL,NULL,NULL,NULL,NULL,'NA',NULL,NULL,11,'2018-02-16 10:24:10',0,NULL,NULL,NULL,'fba5c69f-37cd-4c28-9983-7fec948e445e',NULL),(403,29,181,70,NULL,'2018-02-16 10:24:08',1,NULL,NULL,NULL,NULL,NULL,NULL,NULL,NULL,NULL,NULL,'NA',NULL,NULL,11,'2018-02-16 10:24:10',0,NULL,NULL,NULL,'e7003f4c-00d1-4eed-8b1f-6bc555281d8f',NULL),(404,29,182,70,NULL,'2018-02-16 10:24:08',1,NULL,NULL,NULL,NULL,NULL,NULL,NULL,NULL,NULL,NULL,'NA',NULL,NULL,11,'2018-02-16 10:24:10',0,NULL,NULL,NULL,'fd7cb233-1ee6-424c-9f8a-adf31669356b',NULL),(405,29,183,70,NULL,'2018-02-16 10:24:08',1,NULL,NULL,NULL,NULL,NULL,NULL,NULL,NULL,NULL,NULL,'NA',NULL,NULL,11,'2018-02-16 10:24:10',0,NULL,NULL,NULL,'235f5214-5d1f-4286-b4dc-0dae364ae2a4',NULL),(406,29,184,70,NULL,'2018-02-16 10:24:08',1,NULL,NULL,NULL,NULL,NULL,NULL,NULL,NULL,NULL,NULL,'NA',NULL,NULL,11,'2018-02-16 10:24:10',0,NULL,NULL,NULL,'3bba2915-46b7-41a9-8d02-92fb6388eaca',NULL),(407,29,185,70,NULL,'2018-02-16 10:24:08',1,NULL,NULL,NULL,NULL,NULL,NULL,NULL,NULL,NULL,NULL,'NA',NULL,NULL,11,'2018-02-16 10:24:10',0,NULL,NULL,NULL,'9174b946-e393-413b-b731-c84d0091fc8a',NULL),(408,29,186,70,NULL,'2018-02-16 10:24:08',1,NULL,NULL,NULL,NULL,NULL,NULL,NULL,NULL,NULL,NULL,'NA',NULL,NULL,11,'2018-02-16 10:24:10',0,NULL,NULL,NULL,'ee726b0e-68f5-497f-80ca-a1f76f8a4ed4',NULL),(409,29,187,70,NULL,'2018-02-16 10:24:08',1,NULL,NULL,NULL,NULL,NULL,NULL,NULL,NULL,NULL,NULL,'NA',NULL,NULL,11,'2018-02-16 10:24:10',0,NULL,NULL,NULL,'c6a0ef71-c7b4-46c3-b5e2-71eaab9e0a8c',NULL),(410,29,188,70,NULL,'2018-02-16 10:24:08',1,NULL,NULL,NULL,NULL,NULL,NULL,NULL,NULL,NULL,NULL,'NA',NULL,NULL,11,'2018-02-16 10:24:10',0,NULL,NULL,NULL,'b63eb97d-4624-404c-94cd-4ef95fc4dace',NULL),(411,37,175,71,NULL,'2018-02-16 10:24:12',1,NULL,NULL,NULL,NULL,NULL,NULL,NULL,NULL,NULL,NULL,'16-2-2018',NULL,NULL,11,'2018-02-16 10:24:12',0,NULL,NULL,NULL,'25762370-98a0-4b9e-9a28-a3e15207b236',NULL),(412,37,174,71,NULL,'2018-02-16 10:24:12',1,NULL,NULL,NULL,NULL,NULL,NULL,NULL,NULL,NULL,NULL,'hrhfhf',NULL,NULL,11,'2018-02-16 10:24:12',0,NULL,NULL,NULL,'103922e5-594d-4382-8abe-6795774c6503',NULL),(413,37,128,71,NULL,'2018-02-16 10:24:12',1,NULL,NULL,NULL,NULL,NULL,NULL,NULL,NULL,NULL,NULL,'578847857578',NULL,NULL,11,'2018-02-16 10:24:12',0,NULL,NULL,NULL,'2a74b1b6-e75f-4907-b277-d264eb12dae0',NULL),(414,37,22,71,NULL,'2018-02-16 10:24:12',1,NULL,NULL,NULL,NULL,NULL,NULL,NULL,NULL,NULL,NULL,'M',NULL,NULL,11,'2018-02-16 10:24:12',0,NULL,NULL,NULL,'2f9c1d52-2c82-4f12-98ec-031b5de2607b',NULL),(415,37,21,71,NULL,'2018-02-16 10:24:12',1,NULL,NULL,NULL,NULL,NULL,NULL,NULL,NULL,NULL,NULL,'52',NULL,NULL,11,'2018-02-16 10:24:12',0,NULL,NULL,NULL,'8baf9fb4-19b3-4e1e-ae7a-3eb2a87edb69',NULL),(416,37,16,71,NULL,'2018-02-16 10:24:12',1,NULL,NULL,NULL,NULL,NULL,NULL,NULL,NULL,NULL,NULL,'8787555584',NULL,NULL,11,'2018-02-16 10:24:12',0,NULL,NULL,NULL,'a62138e6-7b10-45cb-a8f2-0b3f6b50b306',NULL),(417,37,5,71,NULL,'2018-02-16 10:24:12',1,NULL,NULL,NULL,NULL,NULL,NULL,NULL,NULL,NULL,NULL,'3',NULL,NULL,11,'2018-02-16 10:24:12',0,NULL,NULL,NULL,'9b94e7c8-f74b-44f1-8743-4dc844faecfd',NULL),(418,37,6,71,NULL,'2018-02-16 10:24:12',1,NULL,NULL,NULL,NULL,NULL,NULL,NULL,NULL,NULL,NULL,'jhfff',NULL,NULL,11,'2018-02-16 10:24:12',0,NULL,NULL,NULL,'e10eb1b2-9886-46f5-924b-6a261dcfedfe',NULL),(419,37,150,71,NULL,'2018-02-16 10:24:12',1,NULL,NULL,NULL,NULL,NULL,NULL,NULL,NULL,NULL,NULL,'0',NULL,NULL,11,'2018-02-16 10:24:12',0,NULL,NULL,NULL,'ba15e5cd-125a-4f35-91d3-5a15c19f0f68',NULL),(420,37,149,71,NULL,'2018-02-16 10:24:12',1,NULL,NULL,NULL,NULL,NULL,NULL,NULL,NULL,NULL,NULL,'1',NULL,NULL,11,'2018-02-16 10:24:12',0,NULL,NULL,NULL,'d0f37540-f0ff-4dc2-985b-01b50b1fa44e',NULL),(421,37,160,71,NULL,'2018-02-16 10:24:12',1,NULL,NULL,NULL,NULL,NULL,NULL,NULL,NULL,NULL,NULL,'0',NULL,NULL,11,'2018-02-16 10:24:12',0,NULL,NULL,NULL,'cea7a6cd-3e70-4787-bff0-a08e3b2200b9',NULL),(422,37,161,71,NULL,'2018-02-16 10:24:12',1,NULL,NULL,NULL,NULL,NULL,NULL,NULL,NULL,NULL,NULL,'1',NULL,NULL,11,'2018-02-16 10:24:12',0,NULL,NULL,NULL,'16d47108-ef7d-4877-a7cf-662778a44266',NULL),(423,37,146,71,NULL,'2018-02-16 10:24:12',1,NULL,NULL,NULL,NULL,NULL,NULL,NULL,NULL,NULL,NULL,'80',NULL,NULL,11,'2018-02-16 10:24:12',0,NULL,NULL,NULL,'0ac1f28d-6da8-4205-8c95-dbf058a4a21b',NULL),(424,37,145,71,NULL,'2018-02-16 10:24:12',1,NULL,NULL,NULL,NULL,NULL,NULL,NULL,NULL,NULL,NULL,'40.53',NULL,NULL,11,'2018-02-16 10:24:12',0,NULL,NULL,NULL,'fabe2c49-48ea-4640-86ff-734a22f4bd17',NULL),(425,37,148,71,NULL,'2018-02-16 10:24:12',1,NULL,NULL,NULL,NULL,NULL,NULL,NULL,NULL,NULL,NULL,'0',NULL,NULL,11,'2018-02-16 10:24:12',0,NULL,NULL,NULL,'0a44abb0-3362-4895-969f-84f54fe2a190',NULL),(426,37,147,71,NULL,'2018-02-16 10:24:12',1,NULL,NULL,NULL,NULL,NULL,NULL,NULL,NULL,NULL,NULL,'140.5',NULL,NULL,11,'2018-02-16 10:24:12',0,NULL,NULL,NULL,'cf71fd44-c1db-480f-b9d6-c31f06ab9349',NULL),(427,37,144,71,NULL,'2018-02-16 10:24:12',1,NULL,NULL,NULL,NULL,NULL,NULL,NULL,NULL,NULL,NULL,'0',NULL,NULL,11,'2018-02-16 10:24:12',0,NULL,NULL,NULL,'c2ac2edd-7060-4d12-be66-30304420a231',NULL),(428,37,143,71,NULL,'2018-02-16 10:24:12',1,NULL,NULL,NULL,NULL,NULL,NULL,NULL,NULL,NULL,NULL,'0',NULL,NULL,11,'2018-02-16 10:24:12',0,NULL,NULL,NULL,'eb19ea0d-5139-4c65-bb7b-669ca6b32373',NULL),(429,37,171,71,NULL,'2018-02-16 10:24:12',1,NULL,NULL,NULL,NULL,NULL,NULL,NULL,NULL,NULL,NULL,'5',NULL,NULL,11,'2018-02-16 10:24:12',0,NULL,NULL,NULL,'c7061fd2-41af-4da7-bb60-97d25c736a0e',NULL),(430,37,170,71,NULL,'2018-02-16 10:24:12',1,NULL,NULL,NULL,NULL,NULL,NULL,NULL,NULL,NULL,NULL,'5',NULL,NULL,11,'2018-02-16 10:24:12',0,NULL,NULL,NULL,'e45fcadb-1610-48fa-aac2-2bd3ba2d2a0f',NULL),(431,37,183,71,NULL,'2018-02-16 10:24:12',1,NULL,NULL,NULL,NULL,NULL,NULL,NULL,NULL,NULL,NULL,'NA',NULL,NULL,11,'2018-02-16 10:24:12',0,NULL,NULL,NULL,'bfd70729-b0d0-4cbb-8df8-f31967399cf3',NULL),(432,37,184,71,NULL,'2018-02-16 10:24:12',1,NULL,NULL,NULL,NULL,NULL,NULL,NULL,NULL,NULL,NULL,'NA',NULL,NULL,11,'2018-02-16 10:24:12',0,NULL,NULL,NULL,'2a93f7c1-d1f8-46b5-baed-89ab731d7812',NULL),(433,37,167,71,NULL,'2018-02-16 10:24:12',1,NULL,NULL,NULL,NULL,NULL,NULL,NULL,NULL,NULL,NULL,'878875778',NULL,NULL,11,'2018-02-16 10:24:13',0,NULL,NULL,NULL,'d0c57dd3-e3b1-4f14-bc2c-bc6b20edafce',NULL),(434,37,166,71,NULL,'2018-02-16 10:24:12',1,NULL,NULL,NULL,NULL,NULL,NULL,NULL,NULL,NULL,NULL,'57578',NULL,NULL,11,'2018-02-16 10:24:13',0,NULL,NULL,NULL,'6d45673c-7684-47be-bb6c-352ab3ac13c3',NULL),(435,37,169,71,NULL,'2018-02-16 10:24:12',1,NULL,NULL,NULL,NULL,NULL,NULL,NULL,NULL,NULL,NULL,'udhdhf',NULL,NULL,11,'2018-02-16 10:24:13',0,NULL,NULL,NULL,'58c354bd-99f0-402f-9285-a2042b8ea5b0',NULL),(436,37,168,71,NULL,'2018-02-16 10:24:12',1,NULL,NULL,NULL,NULL,NULL,NULL,NULL,NULL,NULL,NULL,'1',NULL,NULL,11,'2018-02-16 10:24:13',0,NULL,NULL,NULL,'25d5b7aa-8cb8-4a45-a2c1-bd2c84cecb76',NULL),(437,37,116,71,NULL,'2018-02-16 10:24:12',1,NULL,NULL,NULL,NULL,NULL,NULL,NULL,NULL,NULL,NULL,'ha_1',NULL,NULL,11,'2018-02-16 10:24:13',0,NULL,NULL,NULL,'a4ce53d5-e1ca-4b2e-b616-03e017fb4d72',NULL),(438,37,173,71,NULL,'2018-02-16 10:24:12',1,NULL,NULL,NULL,NULL,NULL,NULL,NULL,NULL,NULL,NULL,'4',NULL,NULL,11,'2018-02-16 10:24:13',0,NULL,NULL,NULL,'86e4dc24-026d-40c7-8fa1-49fb6d549539',NULL),(439,37,165,71,NULL,'2018-02-16 10:24:12',1,NULL,NULL,NULL,NULL,NULL,NULL,NULL,NULL,NULL,NULL,'F',NULL,NULL,11,'2018-02-16 10:24:13',0,NULL,NULL,NULL,'175077ab-42b0-4a97-b05d-f6b24f65cff8',NULL),(440,37,164,71,NULL,'2018-02-16 10:24:12',1,NULL,NULL,NULL,NULL,NULL,NULL,NULL,NULL,NULL,NULL,'damsh',NULL,NULL,11,'2018-02-16 10:24:13',0,NULL,NULL,NULL,'c57b98b3-2148-4257-8691-03270b24b16b',NULL),(441,37,137,71,NULL,'2018-02-16 10:24:12',1,NULL,NULL,NULL,NULL,NULL,NULL,NULL,NULL,NULL,NULL,'NA',NULL,NULL,11,'2018-02-16 10:24:13',0,NULL,NULL,NULL,'3fd71240-4c72-4f7c-9989-58fc77e779fd',NULL),(442,37,138,71,NULL,'2018-02-16 10:24:12',1,NULL,NULL,NULL,NULL,NULL,NULL,NULL,NULL,NULL,NULL,'1',NULL,NULL,11,'2018-02-16 10:24:13',0,NULL,NULL,NULL,'e396a7f7-c0bb-4a40-875c-4bc921c84d69',NULL),(443,37,133,71,NULL,'2018-02-16 10:24:12',1,NULL,NULL,NULL,NULL,NULL,NULL,NULL,NULL,NULL,NULL,'0',NULL,NULL,11,'2018-02-16 10:24:13',0,NULL,NULL,NULL,'fd24608b-b34c-4e8d-a857-858beee1987c',NULL),(444,37,134,71,NULL,'2018-02-16 10:24:12',1,NULL,NULL,NULL,NULL,NULL,NULL,NULL,NULL,NULL,NULL,'120',NULL,NULL,11,'2018-02-16 10:24:13',0,NULL,NULL,NULL,'aabd54fb-d79b-4e5b-bac4-a95157396a8b',NULL),(445,37,139,71,NULL,'2018-02-16 10:24:12',1,NULL,NULL,NULL,NULL,NULL,NULL,NULL,NULL,NULL,NULL,'80',NULL,NULL,11,'2018-02-16 10:24:13',0,NULL,NULL,NULL,'c7f2ebc5-65a9-482b-ae3e-5bf062b3bf81',NULL),(446,37,140,71,NULL,'2018-02-16 10:24:12',1,NULL,NULL,NULL,NULL,NULL,NULL,NULL,NULL,NULL,NULL,'7',NULL,NULL,11,'2018-02-16 10:24:13',0,NULL,NULL,NULL,'96b71e2b-4861-4f3b-95be-1864dff86224',NULL),(447,37,152,71,NULL,'2018-02-16 10:24:12',1,NULL,NULL,NULL,NULL,NULL,NULL,NULL,NULL,NULL,NULL,'1',NULL,NULL,11,'2018-02-16 10:24:13',0,NULL,NULL,NULL,'323a2d76-011b-42e8-9ddc-ad83c4694bcf',NULL),(448,37,151,71,NULL,'2018-02-16 10:24:12',1,NULL,NULL,NULL,NULL,NULL,NULL,NULL,NULL,NULL,NULL,'0',NULL,NULL,11,'2018-02-16 10:24:13',0,NULL,NULL,NULL,'99300ce9-504a-46af-bbbd-72de71d954a6',NULL),(449,37,135,71,NULL,'2018-02-16 10:24:12',1,NULL,NULL,NULL,NULL,NULL,NULL,NULL,NULL,NULL,NULL,'0',NULL,NULL,11,'2018-02-16 10:24:13',0,NULL,NULL,NULL,'b3ea5cce-e7e2-407c-aad1-78dc446f0145',NULL),(450,37,136,71,NULL,'2018-02-16 10:24:12',1,NULL,NULL,NULL,NULL,NULL,NULL,NULL,NULL,NULL,NULL,'1',NULL,NULL,11,'2018-02-16 10:24:13',0,NULL,NULL,NULL,'6c55266b-0841-48e4-a81d-c01fdd2ada7b',NULL),(451,37,19,71,NULL,'2018-02-16 10:24:12',1,NULL,NULL,NULL,NULL,NULL,NULL,NULL,NULL,NULL,NULL,'NA',NULL,NULL,11,'2018-02-16 10:24:13',0,NULL,NULL,NULL,'c5ff849c-bad2-4811-a17e-ed4de5e445ef',NULL),(452,37,119,71,NULL,'2018-02-16 10:24:12',1,NULL,NULL,NULL,NULL,NULL,NULL,NULL,NULL,NULL,NULL,'SH_CVD_ASHA_SCREENING_1',NULL,NULL,11,'2018-02-16 10:24:13',0,NULL,NULL,NULL,'ff43c0de-1bac-46d4-b91d-fa383151b3e5',NULL),(453,37,114,71,NULL,'2018-02-16 10:24:12',1,NULL,NULL,NULL,NULL,NULL,NULL,NULL,NULL,NULL,NULL,'16-02-2018 10:00:16',NULL,NULL,11,'2018-02-16 10:24:13',0,NULL,NULL,NULL,'2de17c78-53ba-4194-bd62-e7cb774e7b29',NULL),(454,37,7,71,NULL,'2018-02-16 10:24:12',1,NULL,NULL,NULL,NULL,NULL,NULL,NULL,NULL,NULL,NULL,'ha_1',NULL,NULL,11,'2018-02-16 10:24:13',0,NULL,NULL,NULL,'08f8116e-aa9f-4589-ba22-52733f988f09',NULL),(455,37,118,71,NULL,'2018-02-16 10:24:12',1,NULL,NULL,NULL,NULL,NULL,NULL,NULL,NULL,NULL,NULL,'NA',NULL,NULL,11,'2018-02-16 10:24:13',0,NULL,NULL,NULL,'d5cfc1f8-0c96-4974-a14f-335b0b42c724',NULL),(456,37,8,71,NULL,'2018-02-16 10:24:12',1,NULL,NULL,NULL,NULL,NULL,NULL,NULL,NULL,NULL,NULL,'SH_CVD_ASHA_SCREENING_1',NULL,NULL,11,'2018-02-16 10:24:13',0,NULL,NULL,NULL,'7b7e2f85-b7d8-4e42-8771-6f6a48824a66',NULL),(457,37,9,71,NULL,'2018-02-16 10:24:12',1,NULL,NULL,NULL,NULL,NULL,NULL,NULL,NULL,NULL,NULL,'16-02-2018 10:00:16',NULL,NULL,11,'2018-02-16 10:24:13',0,NULL,NULL,NULL,'e41fd7d1-0523-4a1f-b3c8-cf1847f1e8ba',NULL),(458,37,20,71,NULL,'2018-02-16 10:24:12',1,NULL,NULL,NULL,NULL,NULL,NULL,NULL,NULL,NULL,NULL,'16-2-2018',NULL,NULL,11,'2018-02-16 10:24:13',0,NULL,NULL,NULL,'3359c9fe-1a37-4d18-82c7-abba6ad65d04',NULL),(459,37,18,71,NULL,'2018-02-16 10:24:12',1,NULL,NULL,NULL,NULL,NULL,NULL,NULL,NULL,NULL,NULL,'1-1-1966',NULL,NULL,11,'2018-02-16 10:24:13',0,NULL,NULL,NULL,'151ee0e6-abd2-4411-bba0-38f9c1a8674c',NULL),(460,37,12,71,NULL,'2018-02-16 10:24:12',1,NULL,NULL,NULL,NULL,NULL,NULL,NULL,NULL,NULL,NULL,'1040010001',NULL,NULL,11,'2018-02-16 10:24:13',0,NULL,NULL,NULL,'1fb02d26-85c3-49e0-8ea9-4c79e6c22db2',NULL),(461,37,22,71,NULL,'2018-02-16 10:24:12',1,NULL,NULL,NULL,NULL,NULL,NULL,NULL,NULL,NULL,NULL,'M',NULL,NULL,11,'2018-02-16 10:24:13',0,NULL,NULL,NULL,'7affcc91-ea29-45a0-a174-33504b65dfeb',NULL),(462,37,80,71,NULL,'2018-02-16 10:24:12',1,NULL,NULL,NULL,NULL,NULL,NULL,NULL,NULL,NULL,NULL,'NA',NULL,NULL,11,'2018-02-16 10:24:13',0,NULL,NULL,NULL,'437d9f2b-6d36-47c8-8b9b-52f88492ee08',NULL),(463,37,179,71,NULL,'2018-02-16 10:24:12',1,NULL,NULL,NULL,NULL,NULL,NULL,NULL,NULL,NULL,NULL,'NA',NULL,NULL,11,'2018-02-16 10:24:13',0,NULL,NULL,NULL,'8d9384b1-e261-4a38-86aa-53be99b37618',NULL),(464,37,178,71,NULL,'2018-02-16 10:24:12',1,NULL,NULL,NULL,NULL,NULL,NULL,NULL,NULL,NULL,NULL,'NA',NULL,NULL,11,'2018-02-16 10:24:13',0,NULL,NULL,NULL,'63ae733f-e50d-4244-80f0-4068986f74d7',NULL),(465,37,79,71,NULL,'2018-02-16 10:24:12',1,NULL,NULL,NULL,NULL,NULL,NULL,NULL,NULL,NULL,NULL,'NA',NULL,NULL,11,'2018-02-16 10:24:13',0,NULL,NULL,NULL,'08a753cb-4ccc-4688-8ac2-dae812c04560',NULL),(466,37,176,71,NULL,'2018-02-16 10:24:12',1,NULL,NULL,NULL,NULL,NULL,NULL,NULL,NULL,NULL,NULL,'NA',NULL,NULL,11,'2018-02-16 10:24:13',0,NULL,NULL,NULL,'2262c30d-b5e8-479b-9265-d27fdf8e46a4',NULL),(467,37,177,71,NULL,'2018-02-16 10:24:12',1,NULL,NULL,NULL,NULL,NULL,NULL,NULL,NULL,NULL,NULL,'NA',NULL,NULL,11,'2018-02-16 10:24:13',0,NULL,NULL,NULL,'a16a8c7b-b5ee-46f8-a414-58501fb115ab',NULL),(468,37,172,71,NULL,'2018-02-16 10:24:12',1,NULL,NULL,NULL,NULL,NULL,NULL,NULL,NULL,NULL,NULL,'NA',NULL,NULL,11,'2018-02-16 10:24:13',0,NULL,NULL,NULL,'01d086ae-613b-476e-808c-853316b54c95',NULL),(469,37,180,71,NULL,'2018-02-16 10:24:12',1,NULL,NULL,NULL,NULL,NULL,NULL,NULL,NULL,NULL,NULL,'NA',NULL,NULL,11,'2018-02-16 10:24:13',0,NULL,NULL,NULL,'baf31fa5-44c6-4ae3-ac64-50baba72833c',NULL),(470,37,117,71,NULL,'2018-02-16 10:24:12',1,NULL,NULL,NULL,NULL,NULL,NULL,NULL,NULL,NULL,NULL,'asha',NULL,NULL,11,'2018-02-16 10:24:13',0,NULL,NULL,NULL,'d7da87b6-1664-4685-9699-984b2a0b0447',NULL),(471,37,115,71,NULL,'2018-02-16 10:24:12',1,NULL,NULL,NULL,NULL,NULL,NULL,NULL,NULL,NULL,NULL,'16-02-2018 10:00:16',NULL,NULL,11,'2018-02-16 10:24:13',0,NULL,NULL,NULL,'58c9160f-0216-4b2d-b4b7-5b8e644b95c5',NULL),(472,37,15,71,NULL,'2018-02-16 10:24:12',1,NULL,NULL,NULL,NULL,NULL,NULL,NULL,NULL,NULL,NULL,'sanju',NULL,NULL,11,'2018-02-16 10:24:13',0,NULL,NULL,NULL,'49c9ef72-f61d-4c91-adfe-b6bccebccedd',NULL),(473,37,14,71,NULL,'2018-02-16 10:24:12',1,NULL,NULL,NULL,NULL,NULL,NULL,NULL,NULL,NULL,NULL,'sanju',NULL,NULL,11,'2018-02-16 10:24:13',0,NULL,NULL,NULL,'a2f3dc0b-525e-4bcd-b898-d407fabc18fd',NULL),(474,37,116,71,NULL,'2018-02-16 10:24:12',1,NULL,NULL,NULL,NULL,NULL,NULL,NULL,NULL,NULL,NULL,'ha_1',NULL,NULL,11,'2018-02-16 10:24:13',0,NULL,NULL,NULL,'c304f4a0-8018-435d-b28e-ba0e3260546e',NULL),(475,37,181,71,NULL,'2018-02-16 10:24:12',1,NULL,NULL,NULL,NULL,NULL,NULL,NULL,NULL,NULL,NULL,'NA',NULL,NULL,11,'2018-02-16 10:24:13',0,NULL,NULL,NULL,'0e28642f-db2a-4f4b-910e-b4a459484b16',NULL),(476,37,182,71,NULL,'2018-02-16 10:24:12',1,NULL,NULL,NULL,NULL,NULL,NULL,NULL,NULL,NULL,NULL,'NA',NULL,NULL,11,'2018-02-16 10:24:13',0,NULL,NULL,NULL,'0030d1a7-fe20-423b-8b62-a0b148cbeeaa',NULL),(477,37,187,71,NULL,'2018-02-16 10:24:12',1,NULL,NULL,NULL,NULL,NULL,NULL,NULL,NULL,NULL,NULL,'NA',NULL,NULL,11,'2018-02-16 10:24:13',0,NULL,NULL,NULL,'56c68d71-aa3d-4897-b441-c2a463b539f4',NULL),(478,37,188,71,NULL,'2018-02-16 10:24:12',1,NULL,NULL,NULL,NULL,NULL,NULL,NULL,NULL,NULL,NULL,'NA',NULL,NULL,11,'2018-02-16 10:24:13',0,NULL,NULL,NULL,'577a5869-a2de-4362-bf99-1f3f47b9630f',NULL),(479,37,185,71,NULL,'2018-02-16 10:24:12',1,NULL,NULL,NULL,NULL,NULL,NULL,NULL,NULL,NULL,NULL,'NA',NULL,NULL,11,'2018-02-16 10:24:13',0,NULL,NULL,NULL,'05312278-4992-4f8c-8fd3-af0edf9e7e40',NULL),(480,37,186,71,NULL,'2018-02-16 10:24:12',1,NULL,NULL,NULL,NULL,NULL,NULL,NULL,NULL,NULL,NULL,'NA',NULL,NULL,11,'2018-02-16 10:24:14',0,NULL,NULL,NULL,'2fa50d53-3a03-4fcc-b2ac-6b5e339f62c5',NULL),(481,37,142,71,NULL,'2018-02-16 10:24:12',1,NULL,NULL,NULL,NULL,NULL,NULL,NULL,NULL,NULL,NULL,'Rectruited',NULL,NULL,11,'2018-02-16 10:24:14',0,NULL,NULL,NULL,'ccf67d8e-ccac-44c6-b896-a7e6e159748b',NULL),(482,37,141,71,NULL,'2018-02-16 10:24:12',1,NULL,NULL,NULL,NULL,NULL,NULL,NULL,NULL,NULL,NULL,'done',NULL,NULL,11,'2018-02-16 10:24:14',0,NULL,NULL,NULL,'0e389cb0-cbfa-4697-bb2a-ce38890c9f75',NULL),(483,37,155,71,NULL,'2018-02-16 10:24:12',1,NULL,NULL,NULL,NULL,NULL,NULL,NULL,NULL,NULL,NULL,'0',NULL,NULL,11,'2018-02-16 10:24:14',0,NULL,NULL,NULL,'313093da-8213-4a64-8172-d426f9e339ed',NULL),(484,37,154,71,NULL,'2018-02-16 10:24:12',1,NULL,NULL,NULL,NULL,NULL,NULL,NULL,NULL,NULL,NULL,'0',NULL,NULL,11,'2018-02-16 10:24:14',0,NULL,NULL,NULL,'53d01e83-26cc-4ac8-8d84-12920a26e00f',NULL),(485,37,159,71,NULL,'2018-02-16 10:24:12',1,NULL,NULL,NULL,NULL,NULL,NULL,NULL,NULL,NULL,NULL,'0',NULL,NULL,11,'2018-02-16 10:24:14',0,NULL,NULL,NULL,'e772d39b-380e-4270-91ea-6a35c0b8c0ff',NULL),(486,37,158,71,NULL,'2018-02-16 10:24:12',1,NULL,NULL,NULL,NULL,NULL,NULL,NULL,NULL,NULL,NULL,'16-2-2018',NULL,NULL,11,'2018-02-16 10:24:14',0,NULL,NULL,NULL,'f5982fd8-a665-4d3f-9672-384707dfd3bc',NULL),(487,37,153,71,NULL,'2018-02-16 10:24:12',1,NULL,NULL,NULL,NULL,NULL,NULL,NULL,NULL,NULL,NULL,'NA',NULL,NULL,11,'2018-02-16 10:24:14',0,NULL,NULL,NULL,'b70e929e-a925-4a0e-ae16-cea09deb701b',NULL),(488,37,35,71,NULL,'2018-02-16 10:24:12',1,NULL,NULL,NULL,NULL,NULL,NULL,NULL,NULL,NULL,NULL,'52',NULL,NULL,11,'2018-02-16 10:24:14',0,NULL,NULL,NULL,'d88e4c51-822c-4733-bf0c-f7c1b25a9542',NULL),(489,37,162,71,NULL,'2018-02-16 10:24:12',1,NULL,NULL,NULL,NULL,NULL,NULL,NULL,NULL,NULL,NULL,'140',NULL,NULL,11,'2018-02-16 10:24:14',0,NULL,NULL,NULL,'c91ef646-6e9c-4eb7-81ef-e350793b513a',NULL),(490,37,163,71,NULL,'2018-02-16 10:24:12',1,NULL,NULL,NULL,NULL,NULL,NULL,NULL,NULL,NULL,NULL,'2,4',NULL,NULL,11,'2018-02-16 10:24:14',0,NULL,NULL,NULL,'703f1bf8-d58b-4b9e-9830-16a047657282',NULL),(491,37,157,71,NULL,'2018-02-16 10:24:12',1,NULL,NULL,NULL,NULL,NULL,NULL,NULL,NULL,NULL,NULL,'7',NULL,NULL,11,'2018-02-16 10:24:14',0,NULL,NULL,NULL,'0662ed3b-06ae-41f0-8d8d-42a19667e9ce',NULL),(492,37,156,71,NULL,'2018-02-16 10:24:12',1,NULL,NULL,NULL,NULL,NULL,NULL,NULL,NULL,NULL,NULL,'16-2-2018',NULL,NULL,11,'2018-02-16 10:24:14',0,NULL,NULL,NULL,'7c66c4c6-1b1d-44bd-b056-68e6c3d3f7e1',NULL),(493,45,153,72,NULL,'2018-02-16 10:24:16',1,NULL,NULL,NULL,NULL,NULL,NULL,NULL,NULL,NULL,NULL,'NA',NULL,NULL,11,'2018-02-16 10:24:16',0,NULL,NULL,NULL,'3c57b54e-8097-4f54-b98e-e3f073690864',NULL),(494,45,154,72,NULL,'2018-02-16 10:24:16',1,NULL,NULL,NULL,NULL,NULL,NULL,NULL,NULL,NULL,NULL,'0',NULL,NULL,11,'2018-02-16 10:24:16',0,NULL,NULL,NULL,'f801bc08-d9c3-4b73-982c-d8deaf3a9f61',NULL),(495,45,162,72,NULL,'2018-02-16 10:24:16',1,NULL,NULL,NULL,NULL,NULL,NULL,NULL,NULL,NULL,NULL,'140',NULL,NULL,11,'2018-02-16 10:24:16',0,NULL,NULL,NULL,'d3f124c7-eaef-4d65-8d1f-a3bd19dc6a28',NULL),(496,45,156,72,NULL,'2018-02-16 10:24:16',1,NULL,NULL,NULL,NULL,NULL,NULL,NULL,NULL,NULL,NULL,'16-2-2018',NULL,NULL,11,'2018-02-16 10:24:16',0,NULL,NULL,NULL,'7362ff97-b447-45ed-b8b8-0d7a13c147d0',NULL),(497,45,170,72,NULL,'2018-02-16 10:24:16',1,NULL,NULL,NULL,NULL,NULL,NULL,NULL,NULL,NULL,NULL,'6',NULL,NULL,11,'2018-02-16 10:24:16',0,NULL,NULL,NULL,'cde7e3ec-7e91-4633-9c98-fdc1307ac8ac',NULL),(498,45,163,72,NULL,'2018-02-16 10:24:16',1,NULL,NULL,NULL,NULL,NULL,NULL,NULL,NULL,NULL,NULL,'3,4',NULL,NULL,11,'2018-02-16 10:24:16',0,NULL,NULL,NULL,'b34ebdf8-183c-488e-831b-e0510378fa87',NULL),(499,45,159,72,NULL,'2018-02-16 10:24:16',1,NULL,NULL,NULL,NULL,NULL,NULL,NULL,NULL,NULL,NULL,'0',NULL,NULL,11,'2018-02-16 10:24:16',0,NULL,NULL,NULL,'d9c043cb-4b5d-4c92-998b-f949090c9806',NULL),(500,45,35,72,NULL,'2018-02-16 10:24:16',1,NULL,NULL,NULL,NULL,NULL,NULL,NULL,NULL,NULL,NULL,'42',NULL,NULL,11,'2018-02-16 10:24:16',0,NULL,NULL,NULL,'c59ac871-9017-4846-a122-02da2337a2b1',NULL),(501,45,157,72,NULL,'2018-02-16 10:24:16',1,NULL,NULL,NULL,NULL,NULL,NULL,NULL,NULL,NULL,NULL,'8.4',NULL,NULL,11,'2018-02-16 10:24:16',0,NULL,NULL,NULL,'d75934ad-8087-4594-9032-586d0aed0836',NULL),(502,45,158,72,NULL,'2018-02-16 10:24:16',1,NULL,NULL,NULL,NULL,NULL,NULL,NULL,NULL,NULL,NULL,'16-2-2018',NULL,NULL,11,'2018-02-16 10:24:17',0,NULL,NULL,NULL,'b014d412-c448-45fb-9f87-b9a7e7e25601',NULL),(503,45,20,72,NULL,'2018-02-16 10:24:16',1,NULL,NULL,NULL,NULL,NULL,NULL,NULL,NULL,NULL,NULL,'16-2-2018',NULL,NULL,11,'2018-02-16 10:24:17',0,NULL,NULL,NULL,'e1bed1dd-4295-47ad-b008-15b449a27212',NULL),(504,45,22,72,NULL,'2018-02-16 10:24:16',1,NULL,NULL,NULL,NULL,NULL,NULL,NULL,NULL,NULL,NULL,'F',NULL,NULL,11,'2018-02-16 10:24:17',0,NULL,NULL,NULL,'afc3d9d3-5449-48d4-afad-1bed7fca4057',NULL),(505,45,115,72,NULL,'2018-02-16 10:24:16',1,NULL,NULL,NULL,NULL,NULL,NULL,NULL,NULL,NULL,NULL,'16-02-2018 10:00:41',NULL,NULL,11,'2018-02-16 10:24:17',0,NULL,NULL,NULL,'f24e0fcb-b250-4056-a528-f452b8842c66',NULL),(506,45,114,72,NULL,'2018-02-16 10:24:16',1,NULL,NULL,NULL,NULL,NULL,NULL,NULL,NULL,NULL,NULL,'16-02-2018 10:00:41',NULL,NULL,11,'2018-02-16 10:24:17',0,NULL,NULL,NULL,'ce1c4b70-c7b0-4af8-84fc-b6f116c29340',NULL),(507,45,119,72,NULL,'2018-02-16 10:24:16',1,NULL,NULL,NULL,NULL,NULL,NULL,NULL,NULL,NULL,NULL,'SH_CVD_ASHA_SCREENING_1',NULL,NULL,11,'2018-02-16 10:24:17',0,NULL,NULL,NULL,'abbfc88c-c69e-471a-ab07-8a24572315d1',NULL),(508,45,118,72,NULL,'2018-02-16 10:24:16',1,NULL,NULL,NULL,NULL,NULL,NULL,NULL,NULL,NULL,NULL,'NA',NULL,NULL,11,'2018-02-16 10:24:17',0,NULL,NULL,NULL,'96afcb0c-da38-411f-9bed-b0fc12b3e4e2',NULL),(509,45,7,72,NULL,'2018-02-16 10:24:16',1,NULL,NULL,NULL,NULL,NULL,NULL,NULL,NULL,NULL,NULL,'ha_1',NULL,NULL,11,'2018-02-16 10:24:17',0,NULL,NULL,NULL,'302588b0-d213-470b-b7f1-9893b049261e',NULL),(510,45,9,72,NULL,'2018-02-16 10:24:16',1,NULL,NULL,NULL,NULL,NULL,NULL,NULL,NULL,NULL,NULL,'16-02-2018 10:00:41',NULL,NULL,11,'2018-02-16 10:24:17',0,NULL,NULL,NULL,'c453445e-eb2f-4937-8632-c4755330532c',NULL),(511,45,8,72,NULL,'2018-02-16 10:24:16',1,NULL,NULL,NULL,NULL,NULL,NULL,NULL,NULL,NULL,NULL,'SH_CVD_ASHA_SCREENING_1',NULL,NULL,11,'2018-02-16 10:24:17',0,NULL,NULL,NULL,'b93edc8a-11e2-4063-b063-a7debd761007',NULL),(512,45,18,72,NULL,'2018-02-16 10:24:16',1,NULL,NULL,NULL,NULL,NULL,NULL,NULL,NULL,NULL,NULL,'1-1-1960',NULL,NULL,11,'2018-02-16 10:24:17',0,NULL,NULL,NULL,'4c956005-a7b2-4607-91fc-3af609b136d1',NULL),(513,45,15,72,NULL,'2018-02-16 10:24:16',1,NULL,NULL,NULL,NULL,NULL,NULL,NULL,NULL,NULL,NULL,'siri',NULL,NULL,11,'2018-02-16 10:24:17',0,NULL,NULL,NULL,'be8d8ee9-8758-4d30-abac-9c753d4033ef',NULL),(514,45,12,72,NULL,'2018-02-16 10:24:16',1,NULL,NULL,NULL,NULL,NULL,NULL,NULL,NULL,NULL,NULL,'1040010002',NULL,NULL,11,'2018-02-16 10:24:17',0,NULL,NULL,NULL,'8ecaa4bf-f423-4360-b832-9747ca3a1be0',NULL),(515,45,116,72,NULL,'2018-02-16 10:24:16',1,NULL,NULL,NULL,NULL,NULL,NULL,NULL,NULL,NULL,NULL,'ha_1',NULL,NULL,11,'2018-02-16 10:24:17',0,NULL,NULL,NULL,'e465f284-0c95-45ef-a7c2-5501044a2e2c',NULL),(516,45,14,72,NULL,'2018-02-16 10:24:16',1,NULL,NULL,NULL,NULL,NULL,NULL,NULL,NULL,NULL,NULL,'siri',NULL,NULL,11,'2018-02-16 10:24:17',0,NULL,NULL,NULL,'e189f1d6-24d1-428d-897b-a3a582d7c909',NULL),(517,45,182,72,NULL,'2018-02-16 10:24:16',1,NULL,NULL,NULL,NULL,NULL,NULL,NULL,NULL,NULL,NULL,'NA',NULL,NULL,11,'2018-02-16 10:24:17',0,NULL,NULL,NULL,'3fcaf075-ae80-49c8-9a30-0c7c54a163be',NULL),(518,45,187,72,NULL,'2018-02-16 10:24:16',1,NULL,NULL,NULL,NULL,NULL,NULL,NULL,NULL,NULL,NULL,'NA',NULL,NULL,11,'2018-02-16 10:24:17',0,NULL,NULL,NULL,'449251f0-9a2a-4725-a8c9-f7c1cc2d0a97',NULL),(519,45,188,72,NULL,'2018-02-16 10:24:16',1,NULL,NULL,NULL,NULL,NULL,NULL,NULL,NULL,NULL,NULL,'NA',NULL,NULL,11,'2018-02-16 10:24:17',0,NULL,NULL,NULL,'253d6d7e-752e-484c-a796-c31ca41d86fb',NULL),(520,45,185,72,NULL,'2018-02-16 10:24:16',1,NULL,NULL,NULL,NULL,NULL,NULL,NULL,NULL,NULL,NULL,'NA',NULL,NULL,11,'2018-02-16 10:24:17',0,NULL,NULL,NULL,'2d39b429-a475-4f12-ad6c-5c30abfe46ab',NULL),(521,45,186,72,NULL,'2018-02-16 10:24:16',1,NULL,NULL,NULL,NULL,NULL,NULL,NULL,NULL,NULL,NULL,'NA',NULL,NULL,11,'2018-02-16 10:24:17',0,NULL,NULL,NULL,'2013fe78-8430-4f40-b5e5-7b18caa12cfa',NULL),(522,45,142,72,NULL,'2018-02-16 10:24:16',1,NULL,NULL,NULL,NULL,NULL,NULL,NULL,NULL,NULL,NULL,'Rectruited',NULL,NULL,11,'2018-02-16 10:24:17',0,NULL,NULL,NULL,'d62335de-2593-40ef-9123-4427a261dad2',NULL),(523,45,141,72,NULL,'2018-02-16 10:24:16',1,NULL,NULL,NULL,NULL,NULL,NULL,NULL,NULL,NULL,NULL,'done',NULL,NULL,11,'2018-02-16 10:24:17',0,NULL,NULL,NULL,'665c1474-7eaa-4aba-88fa-a37d920e0fa3',NULL),(524,45,138,72,NULL,'2018-02-16 10:24:16',1,NULL,NULL,NULL,NULL,NULL,NULL,NULL,NULL,NULL,NULL,'1',NULL,NULL,11,'2018-02-16 10:24:17',0,NULL,NULL,NULL,'9116170a-01bc-4077-b5de-19642a0940d8',NULL),(525,45,184,72,NULL,'2018-02-16 10:24:16',1,NULL,NULL,NULL,NULL,NULL,NULL,NULL,NULL,NULL,NULL,'NA',NULL,NULL,11,'2018-02-16 10:24:17',0,NULL,NULL,NULL,'79263ddd-f6ba-48cb-91a0-8e10f1290ab5',NULL),(526,45,181,72,NULL,'2018-02-16 10:24:16',1,NULL,NULL,NULL,NULL,NULL,NULL,NULL,NULL,NULL,NULL,'NA',NULL,NULL,11,'2018-02-16 10:24:17',0,NULL,NULL,NULL,'ef66f3c0-f850-4616-86eb-079a7bc26294',NULL),(527,45,136,72,NULL,'2018-02-16 10:24:16',1,NULL,NULL,NULL,NULL,NULL,NULL,NULL,NULL,NULL,NULL,'0',NULL,NULL,11,'2018-02-16 10:24:17',0,NULL,NULL,NULL,'1bdd5c18-d03e-4b47-971a-81b4466b0da2',NULL),(528,45,133,72,NULL,'2018-02-16 10:24:16',1,NULL,NULL,NULL,NULL,NULL,NULL,NULL,NULL,NULL,NULL,'0',NULL,NULL,11,'2018-02-16 10:24:17',0,NULL,NULL,NULL,'7cf14929-4179-4805-82e4-462c969e78af',NULL),(529,45,134,72,NULL,'2018-02-16 10:24:16',1,NULL,NULL,NULL,NULL,NULL,NULL,NULL,NULL,NULL,NULL,'120',NULL,NULL,11,'2018-02-16 10:24:17',0,NULL,NULL,NULL,'c3357126-0f86-4840-8d70-2518c4d449ad',NULL),(530,45,139,72,NULL,'2018-02-16 10:24:16',1,NULL,NULL,NULL,NULL,NULL,NULL,NULL,NULL,NULL,NULL,'80',NULL,NULL,11,'2018-02-16 10:24:17',0,NULL,NULL,NULL,'74e88e34-0bb0-4dd3-8822-77c4e6702182',NULL),(531,45,143,72,NULL,'2018-02-16 10:24:16',1,NULL,NULL,NULL,NULL,NULL,NULL,NULL,NULL,NULL,NULL,'1',NULL,NULL,11,'2018-02-16 10:24:17',0,NULL,NULL,NULL,'3620295a-2a3d-487d-9c41-92d8ee6a224f',NULL),(532,45,152,72,NULL,'2018-02-16 10:24:16',1,NULL,NULL,NULL,NULL,NULL,NULL,NULL,NULL,NULL,NULL,'0',NULL,NULL,11,'2018-02-16 10:24:17',0,NULL,NULL,NULL,'16fe6f6e-2289-42b1-931d-0e1523a4e13a',NULL),(533,45,151,72,NULL,'2018-02-16 10:24:16',1,NULL,NULL,NULL,NULL,NULL,NULL,NULL,NULL,NULL,NULL,'0',NULL,NULL,11,'2018-02-16 10:24:17',0,NULL,NULL,NULL,'31d524a7-0100-4630-bcf8-52675e336326',NULL),(534,45,135,72,NULL,'2018-02-16 10:24:16',1,NULL,NULL,NULL,NULL,NULL,NULL,NULL,NULL,NULL,NULL,'1',NULL,NULL,11,'2018-02-16 10:24:17',0,NULL,NULL,NULL,'086e2a24-88d0-445e-baae-bfb44e804e37',NULL),(535,45,140,72,NULL,'2018-02-16 10:24:16',1,NULL,NULL,NULL,NULL,NULL,NULL,NULL,NULL,NULL,NULL,'7',NULL,NULL,11,'2018-02-16 10:24:17',0,NULL,NULL,NULL,'a3dcecac-6935-46e0-b7c4-a4dd49b9545f',NULL),(536,45,137,72,NULL,'2018-02-16 10:24:16',1,NULL,NULL,NULL,NULL,NULL,NULL,NULL,NULL,NULL,NULL,'NA',NULL,NULL,11,'2018-02-16 10:24:17',0,NULL,NULL,NULL,'6e9c88aa-34b2-4255-a284-83901cb04078',NULL),(537,45,16,72,NULL,'2018-02-16 10:24:16',1,NULL,NULL,NULL,NULL,NULL,NULL,NULL,NULL,NULL,NULL,'8844485484',NULL,NULL,11,'2018-02-16 10:24:17',0,NULL,NULL,NULL,'ffacfc98-f573-4781-944a-ce5515edaedb',NULL),(538,45,19,72,NULL,'2018-02-16 10:24:16',1,NULL,NULL,NULL,NULL,NULL,NULL,NULL,NULL,NULL,NULL,'NA',NULL,NULL,11,'2018-02-16 10:24:17',0,NULL,NULL,NULL,'1cc360f1-8f08-4347-985b-dd3752791196',NULL),(539,45,165,72,NULL,'2018-02-16 10:24:16',1,NULL,NULL,NULL,NULL,NULL,NULL,NULL,NULL,NULL,NULL,'F',NULL,NULL,11,'2018-02-16 10:24:17',0,NULL,NULL,NULL,'1c65667f-d015-430c-a13a-aeeb4b97e559',NULL),(540,45,173,72,NULL,'2018-02-16 10:24:16',1,NULL,NULL,NULL,NULL,NULL,NULL,NULL,NULL,NULL,NULL,'4',NULL,NULL,11,'2018-02-16 10:24:17',0,NULL,NULL,NULL,'563a7410-c7d5-4528-83ef-451607de6b76',NULL),(541,45,116,72,NULL,'2018-02-16 10:24:16',1,NULL,NULL,NULL,NULL,NULL,NULL,NULL,NULL,NULL,NULL,'ha_1',NULL,NULL,11,'2018-02-16 10:24:17',0,NULL,NULL,NULL,'cf97c37a-5e89-44a5-be34-9aaa87cc25df',NULL),(542,45,175,72,NULL,'2018-02-16 10:24:16',1,NULL,NULL,NULL,NULL,NULL,NULL,NULL,NULL,NULL,NULL,'16-2-2018',NULL,NULL,11,'2018-02-16 10:24:17',0,NULL,NULL,NULL,'434762e5-c828-4b55-ba6e-e14553737299',NULL),(543,45,169,72,NULL,'2018-02-16 10:24:16',1,NULL,NULL,NULL,NULL,NULL,NULL,NULL,NULL,NULL,NULL,'hdhdbfh',NULL,NULL,11,'2018-02-16 10:24:17',0,NULL,NULL,NULL,'5512d526-c107-492d-9294-fd24a270bf40',NULL),(544,45,166,72,NULL,'2018-02-16 10:24:16',1,NULL,NULL,NULL,NULL,NULL,NULL,NULL,NULL,NULL,NULL,'575454',NULL,NULL,11,'2018-02-16 10:24:18',0,NULL,NULL,NULL,'6ae87bac-0b98-4096-9a9f-40eaf0e7091e',NULL),(545,45,167,72,NULL,'2018-02-16 10:24:16',1,NULL,NULL,NULL,NULL,NULL,NULL,NULL,NULL,NULL,NULL,'8757785454',NULL,NULL,11,'2018-02-16 10:24:18',0,NULL,NULL,NULL,'12bfbb26-93ff-459b-8bb7-185404b58ae7',NULL),(546,45,164,72,NULL,'2018-02-16 10:24:16',1,NULL,NULL,NULL,NULL,NULL,NULL,NULL,NULL,NULL,NULL,'naga',NULL,NULL,11,'2018-02-16 10:24:18',0,NULL,NULL,NULL,'556542d5-d6ae-4659-b50e-7ea642cdaff9',NULL),(547,45,171,72,NULL,'2018-02-16 10:24:16',1,NULL,NULL,NULL,NULL,NULL,NULL,NULL,NULL,NULL,NULL,'6',NULL,NULL,11,'2018-02-16 10:24:18',0,NULL,NULL,NULL,'a723aa40-ef74-4f1a-ad24-4aa2ca08c6ba',NULL),(548,45,168,72,NULL,'2018-02-16 10:24:16',1,NULL,NULL,NULL,NULL,NULL,NULL,NULL,NULL,NULL,NULL,'1',NULL,NULL,11,'2018-02-16 10:24:18',0,NULL,NULL,NULL,'f9a66736-6ed1-4302-b28a-39a82c9f7d84',NULL),(549,45,6,72,NULL,'2018-02-16 10:24:16',1,NULL,NULL,NULL,NULL,NULL,NULL,NULL,NULL,NULL,NULL,'jdhdbd',NULL,NULL,11,'2018-02-16 10:24:18',0,NULL,NULL,NULL,'7160b6e9-84a4-48f6-9d00-17f35145cd4c',NULL),(550,45,5,72,NULL,'2018-02-16 10:24:16',1,NULL,NULL,NULL,NULL,NULL,NULL,NULL,NULL,NULL,NULL,'3',NULL,NULL,11,'2018-02-16 10:24:18',0,NULL,NULL,NULL,'bd417b5e-596e-4c7e-9a1a-605b77072fcb',NULL),(551,45,21,72,NULL,'2018-02-16 10:24:16',1,NULL,NULL,NULL,NULL,NULL,NULL,NULL,NULL,NULL,NULL,'58',NULL,NULL,11,'2018-02-16 10:24:18',0,NULL,NULL,NULL,'71c9b65a-b008-4b98-9653-c73d7de6998c',NULL),(552,45,22,72,NULL,'2018-02-16 10:24:16',1,NULL,NULL,NULL,NULL,NULL,NULL,NULL,NULL,NULL,NULL,'F',NULL,NULL,11,'2018-02-16 10:24:18',0,NULL,NULL,NULL,'bde724da-a0b8-40ee-85ad-c160714fb9c0',NULL),(553,45,128,72,NULL,'2018-02-16 10:24:16',1,NULL,NULL,NULL,NULL,NULL,NULL,NULL,NULL,NULL,NULL,'575757884575',NULL,NULL,11,'2018-02-16 10:24:18',0,NULL,NULL,NULL,'5300ce40-a74f-44e5-97e5-6925d701ef26',NULL),(554,45,174,72,NULL,'2018-02-16 10:24:16',1,NULL,NULL,NULL,NULL,NULL,NULL,NULL,NULL,NULL,NULL,'hdhdhfd',NULL,NULL,11,'2018-02-16 10:24:18',0,NULL,NULL,NULL,'bfd8422e-9a8e-4efe-828e-6aea28be4fe5',NULL),(555,45,148,72,NULL,'2018-02-16 10:24:16',1,NULL,NULL,NULL,NULL,NULL,NULL,NULL,NULL,NULL,NULL,'0',NULL,NULL,11,'2018-02-16 10:24:18',0,NULL,NULL,NULL,'4f27b297-5e30-4a18-b07d-dc6da0f5c6e1',NULL),(556,45,149,72,NULL,'2018-02-16 10:24:16',1,NULL,NULL,NULL,NULL,NULL,NULL,NULL,NULL,NULL,NULL,'1',NULL,NULL,11,'2018-02-16 10:24:18',0,NULL,NULL,NULL,'6346a886-8aed-4758-b90b-819c9cf064dc',NULL),(557,45,146,72,NULL,'2018-02-16 10:24:16',1,NULL,NULL,NULL,NULL,NULL,NULL,NULL,NULL,NULL,NULL,'80',NULL,NULL,11,'2018-02-16 10:24:18',0,NULL,NULL,NULL,'0134e3e5-b985-427f-97da-fbf219194726',NULL),(558,45,147,72,NULL,'2018-02-16 10:24:16',1,NULL,NULL,NULL,NULL,NULL,NULL,NULL,NULL,NULL,NULL,'120',NULL,NULL,11,'2018-02-16 10:24:18',0,NULL,NULL,NULL,'e6855194-af8c-4f61-8d47-0ad8c758d984',NULL),(559,45,160,72,NULL,'2018-02-16 10:24:16',1,NULL,NULL,NULL,NULL,NULL,NULL,NULL,NULL,NULL,NULL,'0',NULL,NULL,11,'2018-02-16 10:24:18',0,NULL,NULL,NULL,'0eedceca-24e0-4bb3-be44-3f193802e00b',NULL),(560,45,155,72,NULL,'2018-02-16 10:24:16',1,NULL,NULL,NULL,NULL,NULL,NULL,NULL,NULL,NULL,NULL,'0',NULL,NULL,11,'2018-02-16 10:24:18',0,NULL,NULL,NULL,'d9325126-d3c0-4c7a-b324-dd36d05ffd16',NULL),(561,45,150,72,NULL,'2018-02-16 10:24:16',1,NULL,NULL,NULL,NULL,NULL,NULL,NULL,NULL,NULL,NULL,'0',NULL,NULL,11,'2018-02-16 10:24:18',0,NULL,NULL,NULL,'b66e3c75-9cd4-463a-8e42-e73e84ee2ae3',NULL),(562,45,161,72,NULL,'2018-02-16 10:24:16',1,NULL,NULL,NULL,NULL,NULL,NULL,NULL,NULL,NULL,NULL,'1',NULL,NULL,11,'2018-02-16 10:24:18',0,NULL,NULL,NULL,'adb45980-f0ec-4fe3-ac41-faf4b2e8fe21',NULL),(563,45,144,72,NULL,'2018-02-16 10:24:16',1,NULL,NULL,NULL,NULL,NULL,NULL,NULL,NULL,NULL,NULL,'0',NULL,NULL,11,'2018-02-16 10:24:18',0,NULL,NULL,NULL,'13c02811-e17f-4ea5-af7e-21becf1436b0',NULL),(564,45,145,72,NULL,'2018-02-16 10:24:16',1,NULL,NULL,NULL,NULL,NULL,NULL,NULL,NULL,NULL,NULL,'55.56',NULL,NULL,11,'2018-02-16 10:24:18',0,NULL,NULL,NULL,'c11a78e5-1b4a-4a37-b197-d3d12d196511',NULL),(565,45,117,72,NULL,'2018-02-16 10:24:16',1,NULL,NULL,NULL,NULL,NULL,NULL,NULL,NULL,NULL,NULL,'asha',NULL,NULL,11,'2018-02-16 10:24:18',0,NULL,NULL,NULL,'4adf0062-c403-41e5-bd21-3b5944431826',NULL),(566,45,179,72,NULL,'2018-02-16 10:24:16',1,NULL,NULL,NULL,NULL,NULL,NULL,NULL,NULL,NULL,NULL,'NA',NULL,NULL,11,'2018-02-16 10:24:18',0,NULL,NULL,NULL,'30a21f31-12ca-44bc-80f8-72e7b3022ac1',NULL),(567,45,176,72,NULL,'2018-02-16 10:24:16',1,NULL,NULL,NULL,NULL,NULL,NULL,NULL,NULL,NULL,NULL,'NA',NULL,NULL,11,'2018-02-16 10:24:18',0,NULL,NULL,NULL,'e65566ff-c1c9-4098-b829-d7e6c8d06264',NULL),(568,45,180,72,NULL,'2018-02-16 10:24:16',1,NULL,NULL,NULL,NULL,NULL,NULL,NULL,NULL,NULL,NULL,'NA',NULL,NULL,11,'2018-02-16 10:24:18',0,NULL,NULL,NULL,'eb099a41-0f1a-4e5b-a065-2eb6e5703428',NULL),(569,45,172,72,NULL,'2018-02-16 10:24:16',1,NULL,NULL,NULL,NULL,NULL,NULL,NULL,NULL,NULL,NULL,'NA',NULL,NULL,11,'2018-02-16 10:24:18',0,NULL,NULL,NULL,'6d0ffe88-6f87-489f-97cd-ca13f0c42e25',NULL),(570,45,183,72,NULL,'2018-02-16 10:24:16',1,NULL,NULL,NULL,NULL,NULL,NULL,NULL,NULL,NULL,NULL,'NA',NULL,NULL,11,'2018-02-16 10:24:18',0,NULL,NULL,NULL,'f0612d22-9c43-42bb-9298-03de05ed1ca3',NULL),(571,45,80,72,NULL,'2018-02-16 10:24:16',1,NULL,NULL,NULL,NULL,NULL,NULL,NULL,NULL,NULL,NULL,'NA',NULL,NULL,11,'2018-02-16 10:24:18',0,NULL,NULL,NULL,'9ba510da-c525-4fba-9a6c-9fc66c59820e',NULL),(572,45,79,72,NULL,'2018-02-16 10:24:16',1,NULL,NULL,NULL,NULL,NULL,NULL,NULL,NULL,NULL,NULL,'NA',NULL,NULL,11,'2018-02-16 10:24:18',0,NULL,NULL,NULL,'8a11308b-eb60-474b-b1fc-2506882ba570',NULL),(573,45,178,72,NULL,'2018-02-16 10:24:16',1,NULL,NULL,NULL,NULL,NULL,NULL,NULL,NULL,NULL,NULL,'NA',NULL,NULL,11,'2018-02-16 10:24:18',0,NULL,NULL,NULL,'1fe100c8-ddb9-413a-a712-84cc50d1cfd9',NULL),(574,45,177,72,NULL,'2018-02-16 10:24:16',1,NULL,NULL,NULL,NULL,NULL,NULL,NULL,NULL,NULL,NULL,'NA',NULL,NULL,11,'2018-02-16 10:24:18',0,NULL,NULL,NULL,'5cb11ac2-edb8-445b-acbb-2262c593424e',NULL),(575,46,128,73,NULL,'2018-02-16 10:24:20',1,NULL,NULL,NULL,NULL,NULL,NULL,NULL,NULL,NULL,NULL,'548845784455',NULL,NULL,11,'2018-02-16 10:24:20',0,NULL,NULL,NULL,'f2834f2d-c717-4e12-a150-28127504747f',NULL),(576,46,22,73,NULL,'2018-02-16 10:24:20',1,NULL,NULL,NULL,NULL,NULL,NULL,NULL,NULL,NULL,NULL,'F',NULL,NULL,11,'2018-02-16 10:24:20',0,NULL,NULL,NULL,'d7549132-5d62-4f6b-89fa-e50ffed1aef3',NULL),(577,46,5,73,NULL,'2018-02-16 10:24:20',1,NULL,NULL,NULL,NULL,NULL,NULL,NULL,NULL,NULL,NULL,'3',NULL,NULL,11,'2018-02-16 10:24:20',0,NULL,NULL,NULL,'288f42f4-2a36-43a4-b2fc-a9b9af5d7bcc',NULL),(578,46,6,73,NULL,'2018-02-16 10:24:20',1,NULL,NULL,NULL,NULL,NULL,NULL,NULL,NULL,NULL,NULL,'uhdhdhd',NULL,NULL,11,'2018-02-16 10:24:20',0,NULL,NULL,NULL,'6c16a7e5-e34f-4916-b216-b44181f9b151',NULL),(579,46,21,73,NULL,'2018-02-16 10:24:20',1,NULL,NULL,NULL,NULL,NULL,NULL,NULL,NULL,NULL,NULL,'58',NULL,NULL,11,'2018-02-16 10:24:21',0,NULL,NULL,NULL,'58bbb8fc-11cf-431a-ac68-a49b7474a785',NULL),(580,46,16,73,NULL,'2018-02-16 10:24:20',1,NULL,NULL,NULL,NULL,NULL,NULL,NULL,NULL,NULL,NULL,'5548454248',NULL,NULL,11,'2018-02-16 10:24:21',0,NULL,NULL,NULL,'dae41980-7d18-4b3d-9d77-83eeaba6a0ed',NULL),(581,46,116,73,NULL,'2018-02-16 10:24:20',1,NULL,NULL,NULL,NULL,NULL,NULL,NULL,NULL,NULL,NULL,'ha_1',NULL,NULL,11,'2018-02-16 10:24:21',0,NULL,NULL,NULL,'113b5d75-0cd9-4da4-a296-6114d7fd3a6c',NULL),(582,46,173,73,NULL,'2018-02-16 10:24:20',1,NULL,NULL,NULL,NULL,NULL,NULL,NULL,NULL,NULL,NULL,'4',NULL,NULL,11,'2018-02-16 10:24:21',0,NULL,NULL,NULL,'aad1a1e0-870a-4cf5-a034-1aca545f8d3e',NULL),(583,46,174,73,NULL,'2018-02-16 10:24:20',1,NULL,NULL,NULL,NULL,NULL,NULL,NULL,NULL,NULL,NULL,'bdudhhd',NULL,NULL,11,'2018-02-16 10:24:21',0,NULL,NULL,NULL,'2ea6bf9a-3312-4063-b991-82710867a3f7',NULL),(584,46,175,73,NULL,'2018-02-16 10:24:20',1,NULL,NULL,NULL,NULL,NULL,NULL,NULL,NULL,NULL,NULL,'16-2-2018',NULL,NULL,11,'2018-02-16 10:24:21',0,NULL,NULL,NULL,'eb200616-633e-47f0-bbb5-b4b50b0cdb44',NULL),(585,46,167,73,NULL,'2018-02-16 10:24:20',1,NULL,NULL,NULL,NULL,NULL,NULL,NULL,NULL,NULL,NULL,'575458457',NULL,NULL,11,'2018-02-16 10:24:21',0,NULL,NULL,NULL,'396e0713-5968-4c45-b897-57dc1f488cd5',NULL),(586,46,166,73,NULL,'2018-02-16 10:24:20',1,NULL,NULL,NULL,NULL,NULL,NULL,NULL,NULL,NULL,NULL,'545484',NULL,NULL,11,'2018-02-16 10:24:21',0,NULL,NULL,NULL,'5f3deb3b-77d8-47c0-bc5d-379c92a92a09',NULL),(587,46,165,73,NULL,'2018-02-16 10:24:20',1,NULL,NULL,NULL,NULL,NULL,NULL,NULL,NULL,NULL,NULL,'H',NULL,NULL,11,'2018-02-16 10:24:21',0,NULL,NULL,NULL,'f7eb7f7f-9a76-4968-bf69-8b4297d82a93',NULL),(588,46,164,73,NULL,'2018-02-16 10:24:20',1,NULL,NULL,NULL,NULL,NULL,NULL,NULL,NULL,NULL,NULL,'hdydhdb',NULL,NULL,11,'2018-02-16 10:24:21',0,NULL,NULL,NULL,'1ccee0c8-9c7f-4338-863f-22fa6880f66d',NULL),(589,46,169,73,NULL,'2018-02-16 10:24:20',1,NULL,NULL,NULL,NULL,NULL,NULL,NULL,NULL,NULL,NULL,'bdhdh',NULL,NULL,11,'2018-02-16 10:24:21',0,NULL,NULL,NULL,'d1afe26f-82d2-43b8-b116-094182902c20',NULL),(590,46,168,73,NULL,'2018-02-16 10:24:20',1,NULL,NULL,NULL,NULL,NULL,NULL,NULL,NULL,NULL,NULL,'1',NULL,NULL,11,'2018-02-16 10:24:21',0,NULL,NULL,NULL,'7e6d7c91-2629-4f64-8387-c723548dc0f3',NULL),(591,46,159,73,NULL,'2018-02-16 10:24:20',1,NULL,NULL,NULL,NULL,NULL,NULL,NULL,NULL,NULL,NULL,'0',NULL,NULL,11,'2018-02-16 10:24:21',0,NULL,NULL,NULL,'56d366f5-2a8c-4897-9672-3cb56eac370e',NULL),(592,46,14,73,NULL,'2018-02-16 10:24:20',1,NULL,NULL,NULL,NULL,NULL,NULL,NULL,NULL,NULL,NULL,'aaaa',NULL,NULL,11,'2018-02-16 10:24:21',0,NULL,NULL,NULL,'df8b2a5e-2152-493d-abb6-5c68452d3479',NULL),(593,46,157,73,NULL,'2018-02-16 10:24:20',1,NULL,NULL,NULL,NULL,NULL,NULL,NULL,NULL,NULL,NULL,'10.11',NULL,NULL,11,'2018-02-16 10:24:21',0,NULL,NULL,NULL,'e47ba7b0-a581-47fa-8d5d-183f30e6ab04',NULL),(594,46,156,73,NULL,'2018-02-16 10:24:20',1,NULL,NULL,NULL,NULL,NULL,NULL,NULL,NULL,NULL,NULL,'16-2-2018',NULL,NULL,11,'2018-02-16 10:24:21',0,NULL,NULL,NULL,'b534b850-68b5-400a-9c56-694f62c6161f',NULL),(595,46,162,73,NULL,'2018-02-16 10:24:20',1,NULL,NULL,NULL,NULL,NULL,NULL,NULL,NULL,NULL,NULL,'140',NULL,NULL,11,'2018-02-16 10:24:21',0,NULL,NULL,NULL,'8b4fe890-ab67-4869-88c2-fae3e4bd5f13',NULL),(596,46,163,73,NULL,'2018-02-16 10:24:20',1,NULL,NULL,NULL,NULL,NULL,NULL,NULL,NULL,NULL,NULL,'1,4',NULL,NULL,11,'2018-02-16 10:24:21',0,NULL,NULL,NULL,'45ffa98d-5034-499a-9e21-abaed73bc807',NULL),(597,46,116,73,NULL,'2018-02-16 10:24:20',1,NULL,NULL,NULL,NULL,NULL,NULL,NULL,NULL,NULL,NULL,'ha_1',NULL,NULL,11,'2018-02-16 10:24:21',0,NULL,NULL,NULL,'733f0cbb-d6f2-4b30-9296-ee332b59ed71',NULL),(598,46,171,73,NULL,'2018-02-16 10:24:20',1,NULL,NULL,NULL,NULL,NULL,NULL,NULL,NULL,NULL,NULL,'6',NULL,NULL,11,'2018-02-16 10:24:21',0,NULL,NULL,NULL,'65a36e66-18f9-4ada-bb49-d2dd73f01e3f',NULL),(599,46,153,73,NULL,'2018-02-16 10:24:20',1,NULL,NULL,NULL,NULL,NULL,NULL,NULL,NULL,NULL,NULL,'NA',NULL,NULL,11,'2018-02-16 10:24:21',0,NULL,NULL,NULL,'d6e77546-1ce9-4372-8a4c-e7c3e2f45010',NULL),(600,46,35,73,NULL,'2018-02-16 10:24:20',1,NULL,NULL,NULL,NULL,NULL,NULL,NULL,NULL,NULL,NULL,'35',NULL,NULL,11,'2018-02-16 10:24:21',0,NULL,NULL,NULL,'049f318a-cc0a-44db-8c1c-9ad7639e40de',NULL),(601,46,146,73,NULL,'2018-02-16 10:24:20',1,NULL,NULL,NULL,NULL,NULL,NULL,NULL,NULL,NULL,NULL,'80',NULL,NULL,11,'2018-02-16 10:24:21',0,NULL,NULL,NULL,'7d663589-7192-43e5-b9aa-b321b0b70268',NULL),(602,46,150,73,NULL,'2018-02-16 10:24:20',1,NULL,NULL,NULL,NULL,NULL,NULL,NULL,NULL,NULL,NULL,'0',NULL,NULL,11,'2018-02-16 10:24:21',0,NULL,NULL,NULL,'fb09eec2-8a5d-48b6-8038-b0bba2bb79c8',NULL),(603,46,149,73,NULL,'2018-02-16 10:24:20',1,NULL,NULL,NULL,NULL,NULL,NULL,NULL,NULL,NULL,NULL,'1',NULL,NULL,11,'2018-02-16 10:24:21',0,NULL,NULL,NULL,'c548b1e7-5a4e-4775-9cb2-595b7df5d232',NULL),(604,46,148,73,NULL,'2018-02-16 10:24:20',1,NULL,NULL,NULL,NULL,NULL,NULL,NULL,NULL,NULL,NULL,'0',NULL,NULL,11,'2018-02-16 10:24:21',0,NULL,NULL,NULL,'c97724f4-b058-4175-b415-41336bc596e8',NULL),(605,46,147,73,NULL,'2018-02-16 10:24:20',1,NULL,NULL,NULL,NULL,NULL,NULL,NULL,NULL,NULL,NULL,'140',NULL,NULL,11,'2018-02-16 10:24:21',0,NULL,NULL,NULL,'d397d9e5-f68a-468c-b8cf-c1bbfb2f7b5b',NULL),(606,46,154,73,NULL,'2018-02-16 10:24:20',1,NULL,NULL,NULL,NULL,NULL,NULL,NULL,NULL,NULL,NULL,'0',NULL,NULL,11,'2018-02-16 10:24:21',0,NULL,NULL,NULL,'05b7f213-5f8e-43c5-a4fe-40a631a40585',NULL),(607,46,155,73,NULL,'2018-02-16 10:24:20',1,NULL,NULL,NULL,NULL,NULL,NULL,NULL,NULL,NULL,NULL,'0',NULL,NULL,11,'2018-02-16 10:24:21',0,NULL,NULL,NULL,'0946dd38-d894-428d-ab2e-3671db1abedc',NULL),(608,46,160,73,NULL,'2018-02-16 10:24:20',1,NULL,NULL,NULL,NULL,NULL,NULL,NULL,NULL,NULL,NULL,'0',NULL,NULL,11,'2018-02-16 10:24:21',0,NULL,NULL,NULL,'8c7872fd-752d-4135-9fa4-b88b74d4eb3e',NULL),(609,46,161,73,NULL,'2018-02-16 10:24:20',1,NULL,NULL,NULL,NULL,NULL,NULL,NULL,NULL,NULL,NULL,'1',NULL,NULL,11,'2018-02-16 10:24:21',0,NULL,NULL,NULL,'52220188-2bfd-43c8-86f4-9e1b993a693c',NULL),(610,46,19,73,NULL,'2018-02-16 10:24:20',1,NULL,NULL,NULL,NULL,NULL,NULL,NULL,NULL,NULL,NULL,'NA',NULL,NULL,11,'2018-02-16 10:24:21',0,NULL,NULL,NULL,'98ab7d52-9a3d-4ed6-b8dd-cda895344148',NULL),(611,46,145,73,NULL,'2018-02-16 10:24:20',1,NULL,NULL,NULL,NULL,NULL,NULL,NULL,NULL,NULL,NULL,'40.82',NULL,NULL,11,'2018-02-16 10:24:21',0,NULL,NULL,NULL,'70ac907d-ede8-445e-93db-05a751866700',NULL),(612,46,15,73,NULL,'2018-02-16 10:24:20',1,NULL,NULL,NULL,NULL,NULL,NULL,NULL,NULL,NULL,NULL,'aaaa',NULL,NULL,11,'2018-02-16 10:24:21',0,NULL,NULL,NULL,'fa49705b-c3e8-4ded-a05a-1ced404be006',NULL),(613,46,158,73,NULL,'2018-02-16 10:24:20',1,NULL,NULL,NULL,NULL,NULL,NULL,NULL,NULL,NULL,NULL,'16-2-2018',NULL,NULL,11,'2018-02-16 10:24:21',0,NULL,NULL,NULL,'5721d6ec-916c-4cd5-a5ed-dd188290593f',NULL),(614,46,22,73,NULL,'2018-02-16 10:24:20',1,NULL,NULL,NULL,NULL,NULL,NULL,NULL,NULL,NULL,NULL,'F',NULL,NULL,11,'2018-02-16 10:24:21',0,NULL,NULL,NULL,'765dc518-b6cf-4b4c-bd64-f467cf70b3cf',NULL),(615,46,12,73,NULL,'2018-02-16 10:24:20',1,NULL,NULL,NULL,NULL,NULL,NULL,NULL,NULL,NULL,NULL,'1040010003',NULL,NULL,11,'2018-02-16 10:24:21',0,NULL,NULL,NULL,'8dc48e20-587f-46e2-adfe-0e149671771e',NULL),(616,46,140,73,NULL,'2018-02-16 10:24:20',1,NULL,NULL,NULL,NULL,NULL,NULL,NULL,NULL,NULL,NULL,'7',NULL,NULL,11,'2018-02-16 10:24:21',0,NULL,NULL,NULL,'9d5c1b6b-1680-4371-8a1c-8808aab5526e',NULL),(617,46,139,73,NULL,'2018-02-16 10:24:20',1,NULL,NULL,NULL,NULL,NULL,NULL,NULL,NULL,NULL,NULL,'80',NULL,NULL,11,'2018-02-16 10:24:21',0,NULL,NULL,NULL,'0fc19d65-36aa-4f03-802a-09fb189510df',NULL),(618,46,170,73,NULL,'2018-02-16 10:24:20',1,NULL,NULL,NULL,NULL,NULL,NULL,NULL,NULL,NULL,NULL,'6',NULL,NULL,11,'2018-02-16 10:24:21',0,NULL,NULL,NULL,'c138ab11-7a0b-4020-9fd1-4400957b9aff',NULL),(619,46,143,73,NULL,'2018-02-16 10:24:20',1,NULL,NULL,NULL,NULL,NULL,NULL,NULL,NULL,NULL,NULL,'1',NULL,NULL,11,'2018-02-16 10:24:21',0,NULL,NULL,NULL,'875e6305-91f6-4f1a-965a-e3dcfa3e715c',NULL),(620,46,144,73,NULL,'2018-02-16 10:24:20',1,NULL,NULL,NULL,NULL,NULL,NULL,NULL,NULL,NULL,NULL,'0',NULL,NULL,11,'2018-02-16 10:24:21',0,NULL,NULL,NULL,'4663ed72-8369-4210-82e7-42faa10f1832',NULL),(621,46,151,73,NULL,'2018-02-16 10:24:20',1,NULL,NULL,NULL,NULL,NULL,NULL,NULL,NULL,NULL,NULL,'0',NULL,NULL,11,'2018-02-16 10:24:21',0,NULL,NULL,NULL,'1ea1d179-d59f-43d3-b12b-80a572b59312',NULL),(622,46,152,73,NULL,'2018-02-16 10:24:20',1,NULL,NULL,NULL,NULL,NULL,NULL,NULL,NULL,NULL,NULL,'0',NULL,NULL,11,'2018-02-16 10:24:21',0,NULL,NULL,NULL,'0db4e768-adf8-48ba-9bb9-ac527ed5422b',NULL),(623,46,136,73,NULL,'2018-02-16 10:24:20',1,NULL,NULL,NULL,NULL,NULL,NULL,NULL,NULL,NULL,NULL,'0',NULL,NULL,11,'2018-02-16 10:24:21',0,NULL,NULL,NULL,'32c2728e-f6d7-4ef6-9845-1d536c5950c8',NULL),(624,46,135,73,NULL,'2018-02-16 10:24:20',1,NULL,NULL,NULL,NULL,NULL,NULL,NULL,NULL,NULL,NULL,'1',NULL,NULL,11,'2018-02-16 10:24:21',0,NULL,NULL,NULL,'5740488c-c4af-48bd-a0ba-ef62bc2daf68',NULL),(625,46,134,73,NULL,'2018-02-16 10:24:20',1,NULL,NULL,NULL,NULL,NULL,NULL,NULL,NULL,NULL,NULL,'120',NULL,NULL,11,'2018-02-16 10:24:21',0,NULL,NULL,NULL,'89a30816-7a4e-4720-9321-80dbac808195',NULL),(626,46,133,73,NULL,'2018-02-16 10:24:20',1,NULL,NULL,NULL,NULL,NULL,NULL,NULL,NULL,NULL,NULL,'0',NULL,NULL,11,'2018-02-16 10:24:22',0,NULL,NULL,NULL,'ba7c9fb8-c34e-494b-b362-ae68c4e70f7e',NULL),(627,46,180,73,NULL,'2018-02-16 10:24:20',1,NULL,NULL,NULL,NULL,NULL,NULL,NULL,NULL,NULL,NULL,'NA',NULL,NULL,11,'2018-02-16 10:24:22',0,NULL,NULL,NULL,'08bc0929-e895-4a20-84c9-4b0f2051e20f',NULL),(628,46,172,73,NULL,'2018-02-16 10:24:20',1,NULL,NULL,NULL,NULL,NULL,NULL,NULL,NULL,NULL,NULL,'NA',NULL,NULL,11,'2018-02-16 10:24:22',0,NULL,NULL,NULL,'ad4c025d-2d4e-42dc-bfdc-2093e43a92c6',NULL),(629,46,183,73,NULL,'2018-02-16 10:24:20',1,NULL,NULL,NULL,NULL,NULL,NULL,NULL,NULL,NULL,NULL,'NA',NULL,NULL,11,'2018-02-16 10:24:22',0,NULL,NULL,NULL,'2d4d3887-b117-42e6-b806-5982c301c0ef',NULL),(630,46,184,73,NULL,'2018-02-16 10:24:20',1,NULL,NULL,NULL,NULL,NULL,NULL,NULL,NULL,NULL,NULL,'NA',NULL,NULL,11,'2018-02-16 10:24:22',0,NULL,NULL,NULL,'8b3dfc4f-1231-4c94-bb2a-1555ff7b016c',NULL),(631,46,79,73,NULL,'2018-02-16 10:24:20',1,NULL,NULL,NULL,NULL,NULL,NULL,NULL,NULL,NULL,NULL,'NA',NULL,NULL,11,'2018-02-16 10:24:22',0,NULL,NULL,NULL,'4a476a78-ab0e-47af-beb7-e78fd59bc0d0',NULL),(632,46,178,73,NULL,'2018-02-16 10:24:20',1,NULL,NULL,NULL,NULL,NULL,NULL,NULL,NULL,NULL,NULL,'NA',NULL,NULL,11,'2018-02-16 10:24:22',0,NULL,NULL,NULL,'fb07fcc6-66e3-4838-91aa-854cc7cdbf4d',NULL),(633,46,177,73,NULL,'2018-02-16 10:24:20',1,NULL,NULL,NULL,NULL,NULL,NULL,NULL,NULL,NULL,NULL,'NA',NULL,NULL,11,'2018-02-16 10:24:22',0,NULL,NULL,NULL,'df29e3d4-bc9a-4115-a8f6-abaf0cb9f43f',NULL),(634,46,176,73,NULL,'2018-02-16 10:24:20',1,NULL,NULL,NULL,NULL,NULL,NULL,NULL,NULL,NULL,NULL,'NA',NULL,NULL,11,'2018-02-16 10:24:22',0,NULL,NULL,NULL,'60e1ba94-0f5e-4edb-9ce3-6e4edc1cda72',NULL),(635,46,179,73,NULL,'2018-02-16 10:24:20',1,NULL,NULL,NULL,NULL,NULL,NULL,NULL,NULL,NULL,NULL,'NA',NULL,NULL,11,'2018-02-16 10:24:22',0,NULL,NULL,NULL,'1b954d40-a7aa-499e-ac06-e6e035a29251',NULL),(636,46,80,73,NULL,'2018-02-16 10:24:20',1,NULL,NULL,NULL,NULL,NULL,NULL,NULL,NULL,NULL,NULL,'NA',NULL,NULL,11,'2018-02-16 10:24:22',0,NULL,NULL,NULL,'7befd8b1-08b0-48f1-9abc-90423d0f86cc',NULL),(637,46,182,73,NULL,'2018-02-16 10:24:20',1,NULL,NULL,NULL,NULL,NULL,NULL,NULL,NULL,NULL,NULL,'NA',NULL,NULL,11,'2018-02-16 10:24:22',0,NULL,NULL,NULL,'8972f7c2-f01e-486a-a8ba-d12908e8718e',NULL),(638,46,181,73,NULL,'2018-02-16 10:24:20',1,NULL,NULL,NULL,NULL,NULL,NULL,NULL,NULL,NULL,NULL,'NA',NULL,NULL,11,'2018-02-16 10:24:22',0,NULL,NULL,NULL,'d8a47559-6fd9-40ba-a34a-14636f24f0e3',NULL),(639,46,188,73,NULL,'2018-02-16 10:24:20',1,NULL,NULL,NULL,NULL,NULL,NULL,NULL,NULL,NULL,NULL,'NA',NULL,NULL,11,'2018-02-16 10:24:22',0,NULL,NULL,NULL,'bc02a37e-ee64-4bb6-b0f2-610f2e5ada73',NULL),(640,46,187,73,NULL,'2018-02-16 10:24:20',1,NULL,NULL,NULL,NULL,NULL,NULL,NULL,NULL,NULL,NULL,'NA',NULL,NULL,11,'2018-02-16 10:24:22',0,NULL,NULL,NULL,'3008dd7b-86b9-4ba1-9865-baafe61ab4be',NULL),(641,46,186,73,NULL,'2018-02-16 10:24:20',1,NULL,NULL,NULL,NULL,NULL,NULL,NULL,NULL,NULL,NULL,'NA',NULL,NULL,11,'2018-02-16 10:24:22',0,NULL,NULL,NULL,'86cb2a9a-eeb0-41af-9917-44d549856355',NULL),(642,46,185,73,NULL,'2018-02-16 10:24:20',1,NULL,NULL,NULL,NULL,NULL,NULL,NULL,NULL,NULL,NULL,'NA',NULL,NULL,11,'2018-02-16 10:24:22',0,NULL,NULL,NULL,'40b69bcf-c110-48b4-8d39-92a19695784e',NULL),(643,46,141,73,NULL,'2018-02-16 10:24:20',1,NULL,NULL,NULL,NULL,NULL,NULL,NULL,NULL,NULL,NULL,'done',NULL,NULL,11,'2018-02-16 10:24:22',0,NULL,NULL,NULL,'116eb4f2-0de3-4729-82a4-f22d1a5c8040',NULL),(644,46,142,73,NULL,'2018-02-16 10:24:20',1,NULL,NULL,NULL,NULL,NULL,NULL,NULL,NULL,NULL,NULL,'Rectruited',NULL,NULL,11,'2018-02-16 10:24:22',0,NULL,NULL,NULL,'42923654-a5c8-4407-bdf2-8675a3696815',NULL),(645,46,137,73,NULL,'2018-02-16 10:24:20',1,NULL,NULL,NULL,NULL,NULL,NULL,NULL,NULL,NULL,NULL,'NA',NULL,NULL,11,'2018-02-16 10:24:22',0,NULL,NULL,NULL,'d371d044-6146-4895-84d4-6e2bc6a24ae2',NULL),(646,46,138,73,NULL,'2018-02-16 10:24:20',1,NULL,NULL,NULL,NULL,NULL,NULL,NULL,NULL,NULL,NULL,'1',NULL,NULL,11,'2018-02-16 10:24:22',0,NULL,NULL,NULL,'2c5b2266-e92b-4992-9031-98e6eca59cb6',NULL),(647,46,117,73,NULL,'2018-02-16 10:24:20',1,NULL,NULL,NULL,NULL,NULL,NULL,NULL,NULL,NULL,NULL,'asha',NULL,NULL,11,'2018-02-16 10:24:22',0,NULL,NULL,NULL,'7cb085ea-33c4-450c-87d6-5c7b1de3260d',NULL),(648,46,115,73,NULL,'2018-02-16 10:24:20',1,NULL,NULL,NULL,NULL,NULL,NULL,NULL,NULL,NULL,NULL,'16-02-2018 10:01:11',NULL,NULL,11,'2018-02-16 10:24:22',0,NULL,NULL,NULL,'946550c9-54b8-4210-93aa-663085ed3b92',NULL),(649,46,114,73,NULL,'2018-02-16 10:24:20',1,NULL,NULL,NULL,NULL,NULL,NULL,NULL,NULL,NULL,NULL,'16-02-2018 10:01:11',NULL,NULL,11,'2018-02-16 10:24:22',0,NULL,NULL,NULL,'d846c9f8-cfb6-42e9-982b-5a0b1f7993e7',NULL),(650,46,119,73,NULL,'2018-02-16 10:24:20',1,NULL,NULL,NULL,NULL,NULL,NULL,NULL,NULL,NULL,NULL,'SH_CVD_ASHA_SCREENING_1',NULL,NULL,11,'2018-02-16 10:24:22',0,NULL,NULL,NULL,'004a95d8-bfb7-46ba-a75c-a56a0a9f0d44',NULL),(651,46,118,73,NULL,'2018-02-16 10:24:20',1,NULL,NULL,NULL,NULL,NULL,NULL,NULL,NULL,NULL,NULL,'NA',NULL,NULL,11,'2018-02-16 10:24:22',0,NULL,NULL,NULL,'6f1250bb-330e-495c-a942-b361df5bef6c',NULL),(652,46,7,73,NULL,'2018-02-16 10:24:20',1,NULL,NULL,NULL,NULL,NULL,NULL,NULL,NULL,NULL,NULL,'ha_1',NULL,NULL,11,'2018-02-16 10:24:22',0,NULL,NULL,NULL,'b326e7f2-1abc-4ce7-80da-7f4e7282694c',NULL),(653,46,9,73,NULL,'2018-02-16 10:24:20',1,NULL,NULL,NULL,NULL,NULL,NULL,NULL,NULL,NULL,NULL,'16-02-2018 10:01:11',NULL,NULL,11,'2018-02-16 10:24:22',0,NULL,NULL,NULL,'6fa7e826-2ba0-440f-bca0-f7cb45c6c1ed',NULL),(654,46,8,73,NULL,'2018-02-16 10:24:20',1,NULL,NULL,NULL,NULL,NULL,NULL,NULL,NULL,NULL,NULL,'SH_CVD_ASHA_SCREENING_1',NULL,NULL,11,'2018-02-16 10:24:22',0,NULL,NULL,NULL,'30e17f52-9fed-4a48-aa57-241397c668ca',NULL),(655,46,18,73,NULL,'2018-02-16 10:24:20',1,NULL,NULL,NULL,NULL,NULL,NULL,NULL,NULL,NULL,NULL,'1-1-1960',NULL,NULL,11,'2018-02-16 10:24:22',0,NULL,NULL,NULL,'3f155e37-d181-4b0e-87a6-e67a37c202be',NULL),(656,46,20,73,NULL,'2018-02-16 10:24:20',1,NULL,NULL,NULL,NULL,NULL,NULL,NULL,NULL,NULL,NULL,'16-2-2018',NULL,NULL,11,'2018-02-16 10:24:22',0,NULL,NULL,NULL,'67402a84-7870-4d96-9546-0a781b5f76bf',NULL),(657,47,142,74,NULL,'2018-02-16 10:24:24',1,NULL,NULL,NULL,NULL,NULL,NULL,NULL,NULL,NULL,NULL,'Rectruited',NULL,NULL,11,'2018-02-16 10:24:24',0,NULL,NULL,NULL,'9911c1e8-33ff-4055-8e0a-1f48c9529030',NULL),(658,47,146,74,NULL,'2018-02-16 10:24:24',1,NULL,NULL,NULL,NULL,NULL,NULL,NULL,NULL,NULL,NULL,'80',NULL,NULL,11,'2018-02-16 10:24:24',0,NULL,NULL,NULL,'d11a4961-971f-4ea1-9022-636e5832ec25',NULL),(659,47,147,74,NULL,'2018-02-16 10:24:24',1,NULL,NULL,NULL,NULL,NULL,NULL,NULL,NULL,NULL,NULL,'140',NULL,NULL,11,'2018-02-16 10:24:24',0,NULL,NULL,NULL,'ebd69034-a555-47f8-884f-e0b28c1d9737',NULL),(660,47,160,74,NULL,'2018-02-16 10:24:24',1,NULL,NULL,NULL,NULL,NULL,NULL,NULL,NULL,NULL,NULL,'0',NULL,NULL,11,'2018-02-16 10:24:24',0,NULL,NULL,NULL,'e721ccf8-9815-47a4-959f-78e26a32b681',NULL),(661,47,155,74,NULL,'2018-02-16 10:24:24',1,NULL,NULL,NULL,NULL,NULL,NULL,NULL,NULL,NULL,NULL,'0',NULL,NULL,11,'2018-02-16 10:24:24',0,NULL,NULL,NULL,'69a40365-965d-480e-82e9-e7db9be7d6f6',NULL),(662,47,154,74,NULL,'2018-02-16 10:24:24',1,NULL,NULL,NULL,NULL,NULL,NULL,NULL,NULL,NULL,NULL,'0',NULL,NULL,11,'2018-02-16 10:24:24',0,NULL,NULL,NULL,'a20901b1-30fb-483c-a6e9-01e955cd895c',NULL),(663,47,153,74,NULL,'2018-02-16 10:24:24',1,NULL,NULL,NULL,NULL,NULL,NULL,NULL,NULL,NULL,NULL,'NA',NULL,NULL,11,'2018-02-16 10:24:24',0,NULL,NULL,NULL,'1fab90e8-c691-40cc-81f7-667cad47b309',NULL),(664,47,148,74,NULL,'2018-02-16 10:24:24',1,NULL,NULL,NULL,NULL,NULL,NULL,NULL,NULL,NULL,NULL,'0',NULL,NULL,11,'2018-02-16 10:24:24',0,NULL,NULL,NULL,'cc079b21-ac16-4a0c-8603-863763bf54f8',NULL),(665,47,149,74,NULL,'2018-02-16 10:24:24',1,NULL,NULL,NULL,NULL,NULL,NULL,NULL,NULL,NULL,NULL,'1',NULL,NULL,11,'2018-02-16 10:24:24',0,NULL,NULL,NULL,'d094d3fe-770d-474d-bca0-ba4fe1843564',NULL),(666,47,150,74,NULL,'2018-02-16 10:24:24',1,NULL,NULL,NULL,NULL,NULL,NULL,NULL,NULL,NULL,NULL,'0',NULL,NULL,11,'2018-02-16 10:24:24',0,NULL,NULL,NULL,'5dcedd45-f007-4564-8d1b-acd84ba472ca',NULL),(667,47,161,74,NULL,'2018-02-16 10:24:24',1,NULL,NULL,NULL,NULL,NULL,NULL,NULL,NULL,NULL,NULL,'1',NULL,NULL,11,'2018-02-16 10:24:25',0,NULL,NULL,NULL,'1ab5deba-b717-4cdb-afcb-816c7f40c088',NULL),(668,47,159,74,NULL,'2018-02-16 10:24:24',1,NULL,NULL,NULL,NULL,NULL,NULL,NULL,NULL,NULL,NULL,'0',NULL,NULL,11,'2018-02-16 10:24:25',0,NULL,NULL,NULL,'45ef2612-4226-4fe9-ae2b-5d5e7abce732',NULL),(669,47,35,74,NULL,'2018-02-16 10:24:24',1,NULL,NULL,NULL,NULL,NULL,NULL,NULL,NULL,NULL,NULL,'38',NULL,NULL,11,'2018-02-16 10:24:25',0,NULL,NULL,NULL,'6be8cc00-7ee8-48c6-b9dc-b2f24786ff6e',NULL),(670,47,168,74,NULL,'2018-02-16 10:24:24',1,NULL,NULL,NULL,NULL,NULL,NULL,NULL,NULL,NULL,NULL,'1',NULL,NULL,11,'2018-02-16 10:24:25',0,NULL,NULL,NULL,'4db3c7d5-8bbe-4ad7-bd25-4daf8a0826aa',NULL),(671,47,171,74,NULL,'2018-02-16 10:24:24',1,NULL,NULL,NULL,NULL,NULL,NULL,NULL,NULL,NULL,NULL,'5',NULL,NULL,11,'2018-02-16 10:24:25',0,NULL,NULL,NULL,'e5809444-5ec7-430f-b39a-f75a73f01418',NULL),(672,47,170,74,NULL,'2018-02-16 10:24:24',1,NULL,NULL,NULL,NULL,NULL,NULL,NULL,NULL,NULL,NULL,'6',NULL,NULL,11,'2018-02-16 10:24:25',0,NULL,NULL,NULL,'6b13ca31-3f54-45ac-85e1-edc3a5af2077',NULL),(673,47,163,74,NULL,'2018-02-16 10:24:24',1,NULL,NULL,NULL,NULL,NULL,NULL,NULL,NULL,NULL,NULL,'2',NULL,NULL,11,'2018-02-16 10:24:25',0,NULL,NULL,NULL,'dd5664c1-c167-4fe9-aa97-72406a280523',NULL),(674,47,162,74,NULL,'2018-02-16 10:24:24',1,NULL,NULL,NULL,NULL,NULL,NULL,NULL,NULL,NULL,NULL,'140',NULL,NULL,11,'2018-02-16 10:24:25',0,NULL,NULL,NULL,'905bce7c-8e52-49a1-8b0c-e242f24f8a3e',NULL),(675,47,156,74,NULL,'2018-02-16 10:24:24',1,NULL,NULL,NULL,NULL,NULL,NULL,NULL,NULL,NULL,NULL,'16-2-2018',NULL,NULL,11,'2018-02-16 10:24:25',0,NULL,NULL,NULL,'d0780607-cd87-4dff-84d7-91ba70c9520f',NULL),(676,47,157,74,NULL,'2018-02-16 10:24:24',1,NULL,NULL,NULL,NULL,NULL,NULL,NULL,NULL,NULL,NULL,'8.5',NULL,NULL,11,'2018-02-16 10:24:25',0,NULL,NULL,NULL,'bc5747d8-593b-4505-9f7a-cd670e6a692e',NULL),(677,47,158,74,NULL,'2018-02-16 10:24:24',1,NULL,NULL,NULL,NULL,NULL,NULL,NULL,NULL,NULL,NULL,'16-2-2018',NULL,NULL,11,'2018-02-16 10:24:25',0,NULL,NULL,NULL,'70e8d331-ee15-49aa-b7b3-667cd14a9585',NULL),(678,47,12,74,NULL,'2018-02-16 10:24:24',1,NULL,NULL,NULL,NULL,NULL,NULL,NULL,NULL,NULL,NULL,'1040010004',NULL,NULL,11,'2018-02-16 10:24:25',0,NULL,NULL,NULL,'1c9e75da-7628-40c4-bb3d-46c49060e762',NULL),(679,47,15,74,NULL,'2018-02-16 10:24:24',1,NULL,NULL,NULL,NULL,NULL,NULL,NULL,NULL,NULL,NULL,'abc',NULL,NULL,11,'2018-02-16 10:24:25',0,NULL,NULL,NULL,'8723e956-8391-4329-978e-fb2aa3054476',NULL),(680,47,20,74,NULL,'2018-02-16 10:24:24',1,NULL,NULL,NULL,NULL,NULL,NULL,NULL,NULL,NULL,NULL,'16-2-2018',NULL,NULL,11,'2018-02-16 10:24:25',0,NULL,NULL,NULL,'8102ba4c-790d-473b-9716-25a6b1c70581',NULL),(681,47,22,74,NULL,'2018-02-16 10:24:24',1,NULL,NULL,NULL,NULL,NULL,NULL,NULL,NULL,NULL,NULL,'F',NULL,NULL,11,'2018-02-16 10:24:25',0,NULL,NULL,NULL,'53782a38-c6a8-44fe-9e7f-34f30adb1947',NULL),(682,47,14,74,NULL,'2018-02-16 10:24:24',1,NULL,NULL,NULL,NULL,NULL,NULL,NULL,NULL,NULL,NULL,'abc',NULL,NULL,11,'2018-02-16 10:24:25',0,NULL,NULL,NULL,'c221a285-3f03-42a4-aab9-ed259c417d0b',NULL),(683,47,116,74,NULL,'2018-02-16 10:24:24',1,NULL,NULL,NULL,NULL,NULL,NULL,NULL,NULL,NULL,NULL,'ha_1',NULL,NULL,11,'2018-02-16 10:24:25',0,NULL,NULL,NULL,'810d71cc-5205-4029-9b9c-e08be446d3e7',NULL),(684,47,169,74,NULL,'2018-02-16 10:24:24',1,NULL,NULL,NULL,NULL,NULL,NULL,NULL,NULL,NULL,NULL,'bydgd',NULL,NULL,11,'2018-02-16 10:24:25',0,NULL,NULL,NULL,'d4302d37-5bd0-4924-a910-cc815b27752b',NULL),(685,47,166,74,NULL,'2018-02-16 10:24:24',1,NULL,NULL,NULL,NULL,NULL,NULL,NULL,NULL,NULL,NULL,'878787',NULL,NULL,11,'2018-02-16 10:24:25',0,NULL,NULL,NULL,'005e8295-f64b-4f20-9b8d-7b627fa0478a',NULL),(686,47,165,74,NULL,'2018-02-16 10:24:24',1,NULL,NULL,NULL,NULL,NULL,NULL,NULL,NULL,NULL,NULL,'H',NULL,NULL,11,'2018-02-16 10:24:25',0,NULL,NULL,NULL,'f9034a70-76be-4b69-a502-e7db535b168f',NULL),(687,47,173,74,NULL,'2018-02-16 10:24:24',1,NULL,NULL,NULL,NULL,NULL,NULL,NULL,NULL,NULL,NULL,'4',NULL,NULL,11,'2018-02-16 10:24:25',0,NULL,NULL,NULL,'da902ead-85e3-444d-a3e8-3332aa12191e',NULL),(688,47,167,74,NULL,'2018-02-16 10:24:24',1,NULL,NULL,NULL,NULL,NULL,NULL,NULL,NULL,NULL,NULL,'8578484',NULL,NULL,11,'2018-02-16 10:24:25',0,NULL,NULL,NULL,'04b5a0f9-3000-4318-a892-7f85a0b95ad8',NULL),(689,47,164,74,NULL,'2018-02-16 10:24:24',1,NULL,NULL,NULL,NULL,NULL,NULL,NULL,NULL,NULL,NULL,'hyshdbd',NULL,NULL,11,'2018-02-16 10:24:25',0,NULL,NULL,NULL,'2fc77f57-8b05-46d0-810c-e873a9932b6f',NULL),(690,47,174,74,NULL,'2018-02-16 10:24:24',1,NULL,NULL,NULL,NULL,NULL,NULL,NULL,NULL,NULL,NULL,'bdyhd',NULL,NULL,11,'2018-02-16 10:24:25',0,NULL,NULL,NULL,'96daa83a-9ebb-4b5d-8348-d090aa19fa32',NULL),(691,47,128,74,NULL,'2018-02-16 10:24:24',1,NULL,NULL,NULL,NULL,NULL,NULL,NULL,NULL,NULL,NULL,'578788757848',NULL,NULL,11,'2018-02-16 10:24:25',0,NULL,NULL,NULL,'ef7025d3-7151-4464-bc80-642863d0b02c',NULL),(692,47,116,74,NULL,'2018-02-16 10:24:24',1,NULL,NULL,NULL,NULL,NULL,NULL,NULL,NULL,NULL,NULL,'ha_1',NULL,NULL,11,'2018-02-16 10:24:25',0,NULL,NULL,NULL,'bfb5f210-2a1b-4767-ad8b-740725f3b133',NULL),(693,47,175,74,NULL,'2018-02-16 10:24:24',1,NULL,NULL,NULL,NULL,NULL,NULL,NULL,NULL,NULL,NULL,'16-2-2018',NULL,NULL,11,'2018-02-16 10:24:25',0,NULL,NULL,NULL,'3f68296e-4c31-4731-8542-6accd62a2818',NULL),(694,47,5,74,NULL,'2018-02-16 10:24:24',1,NULL,NULL,NULL,NULL,NULL,NULL,NULL,NULL,NULL,NULL,'3',NULL,NULL,11,'2018-02-16 10:24:25',0,NULL,NULL,NULL,'ee37bb22-f0e5-4337-8489-b72941ed0e63',NULL),(695,47,16,74,NULL,'2018-02-16 10:24:24',1,NULL,NULL,NULL,NULL,NULL,NULL,NULL,NULL,NULL,NULL,'8578784248',NULL,NULL,11,'2018-02-16 10:24:25',0,NULL,NULL,NULL,'ced61cf7-2084-4994-a937-a2de79351cd7',NULL),(696,47,6,74,NULL,'2018-02-16 10:24:24',1,NULL,NULL,NULL,NULL,NULL,NULL,NULL,NULL,NULL,NULL,'hgsve',NULL,NULL,11,'2018-02-16 10:24:25',0,NULL,NULL,NULL,'67467cb6-c3ab-4617-b59e-8e66cf1b5198',NULL),(697,47,21,74,NULL,'2018-02-16 10:24:24',1,NULL,NULL,NULL,NULL,NULL,NULL,NULL,NULL,NULL,NULL,'65',NULL,NULL,11,'2018-02-16 10:24:25',0,NULL,NULL,NULL,'1fe4fc0f-a231-416b-b800-f8f0870e321b',NULL),(698,47,22,74,NULL,'2018-02-16 10:24:24',1,NULL,NULL,NULL,NULL,NULL,NULL,NULL,NULL,NULL,NULL,'F',NULL,NULL,11,'2018-02-16 10:24:25',0,NULL,NULL,NULL,'32cc0446-cec6-4e7a-8594-b1fca07342fe',NULL),(699,47,9,74,NULL,'2018-02-16 10:24:24',1,NULL,NULL,NULL,NULL,NULL,NULL,NULL,NULL,NULL,NULL,'16-02-2018 10:01:32',NULL,NULL,11,'2018-02-16 10:24:25',0,NULL,NULL,NULL,'1c0e4cf2-22c8-41bf-9bf6-0cafcf353646',NULL),(700,47,7,74,NULL,'2018-02-16 10:24:24',1,NULL,NULL,NULL,NULL,NULL,NULL,NULL,NULL,NULL,NULL,'ha_1',NULL,NULL,11,'2018-02-16 10:24:25',0,NULL,NULL,NULL,'47dccf4b-65cc-431a-9ee2-960add3bb9f0',NULL),(701,47,118,74,NULL,'2018-02-16 10:24:24',1,NULL,NULL,NULL,NULL,NULL,NULL,NULL,NULL,NULL,NULL,'NA',NULL,NULL,11,'2018-02-16 10:24:25',0,NULL,NULL,NULL,'2fddb6f8-3379-4f5e-94fb-585378207a1b',NULL),(702,47,119,74,NULL,'2018-02-16 10:24:24',1,NULL,NULL,NULL,NULL,NULL,NULL,NULL,NULL,NULL,NULL,'SH_CVD_ASHA_SCREENING_1',NULL,NULL,11,'2018-02-16 10:24:25',0,NULL,NULL,NULL,'eddde0fe-3ced-48c1-9e89-a0dc899e9a54',NULL),(703,47,114,74,NULL,'2018-02-16 10:24:24',1,NULL,NULL,NULL,NULL,NULL,NULL,NULL,NULL,NULL,NULL,'16-02-2018 10:01:32',NULL,NULL,11,'2018-02-16 10:24:25',0,NULL,NULL,NULL,'5566c005-e187-4a74-9b48-6d22edf1886d',NULL),(704,47,115,74,NULL,'2018-02-16 10:24:24',1,NULL,NULL,NULL,NULL,NULL,NULL,NULL,NULL,NULL,NULL,'16-02-2018 10:01:32',NULL,NULL,11,'2018-02-16 10:24:25',0,NULL,NULL,NULL,'1b1af03d-a0c0-40a3-94d4-f1337b2b41fe',NULL),(705,47,117,74,NULL,'2018-02-16 10:24:24',1,NULL,NULL,NULL,NULL,NULL,NULL,NULL,NULL,NULL,NULL,'asha',NULL,NULL,11,'2018-02-16 10:24:25',0,NULL,NULL,NULL,'1da7912d-597e-4bd1-b56a-404691808c04',NULL),(706,47,179,74,NULL,'2018-02-16 10:24:24',1,NULL,NULL,NULL,NULL,NULL,NULL,NULL,NULL,NULL,NULL,'NA',NULL,NULL,11,'2018-02-16 10:24:25',0,NULL,NULL,NULL,'546247f7-9459-484e-a061-b193902c1af7',NULL),(707,47,19,74,NULL,'2018-02-16 10:24:24',1,NULL,NULL,NULL,NULL,NULL,NULL,NULL,NULL,NULL,NULL,'NA',NULL,NULL,11,'2018-02-16 10:24:25',0,NULL,NULL,NULL,'1599b919-b095-48dc-89f8-8fcee741a09f',NULL),(708,47,18,74,NULL,'2018-02-16 10:24:24',1,NULL,NULL,NULL,NULL,NULL,NULL,NULL,NULL,NULL,NULL,'1-1-1953',NULL,NULL,11,'2018-02-16 10:24:25',0,NULL,NULL,NULL,'515d46f0-940c-4cee-bb0c-76337060516d',NULL),(709,47,8,74,NULL,'2018-02-16 10:24:24',1,NULL,NULL,NULL,NULL,NULL,NULL,NULL,NULL,NULL,NULL,'SH_CVD_ASHA_SCREENING_1',NULL,NULL,11,'2018-02-16 10:24:25',0,NULL,NULL,NULL,'e21cd5d1-1828-4390-8fca-7ab3b9f5c6cd',NULL),(710,47,180,74,NULL,'2018-02-16 10:24:24',1,NULL,NULL,NULL,NULL,NULL,NULL,NULL,NULL,NULL,NULL,'NA',NULL,NULL,11,'2018-02-16 10:24:25',0,NULL,NULL,NULL,'55a88395-2365-471d-a8d9-764e653aad69',NULL),(711,47,176,74,NULL,'2018-02-16 10:24:24',1,NULL,NULL,NULL,NULL,NULL,NULL,NULL,NULL,NULL,NULL,'NA',NULL,NULL,11,'2018-02-16 10:24:25',0,NULL,NULL,NULL,'2cf6984d-88ff-418f-81b4-10adb93d4a05',NULL),(712,47,177,74,NULL,'2018-02-16 10:24:24',1,NULL,NULL,NULL,NULL,NULL,NULL,NULL,NULL,NULL,NULL,'NA',NULL,NULL,11,'2018-02-16 10:24:25',0,NULL,NULL,NULL,'8ae4378d-7ce3-424c-99da-c6f11740a8ff',NULL),(713,47,178,74,NULL,'2018-02-16 10:24:24',1,NULL,NULL,NULL,NULL,NULL,NULL,NULL,NULL,NULL,NULL,'NA',NULL,NULL,11,'2018-02-16 10:24:25',0,NULL,NULL,NULL,'dec5612e-9021-4f3a-8c5e-ead9002c44be',NULL),(714,47,181,74,NULL,'2018-02-16 10:24:24',1,NULL,NULL,NULL,NULL,NULL,NULL,NULL,NULL,NULL,NULL,'NA',NULL,NULL,11,'2018-02-16 10:24:26',0,NULL,NULL,NULL,'bde7b459-3151-4e94-aede-61b12e544f2f',NULL),(715,47,184,74,NULL,'2018-02-16 10:24:24',1,NULL,NULL,NULL,NULL,NULL,NULL,NULL,NULL,NULL,NULL,'NA',NULL,NULL,11,'2018-02-16 10:24:26',0,NULL,NULL,NULL,'665ba5b7-9340-414a-9da0-a4712fc413c5',NULL),(716,47,183,74,NULL,'2018-02-16 10:24:24',1,NULL,NULL,NULL,NULL,NULL,NULL,NULL,NULL,NULL,NULL,'NA',NULL,NULL,11,'2018-02-16 10:24:26',0,NULL,NULL,NULL,'2a7d0605-affd-4cb5-ad1d-b30733ce7300',NULL),(717,47,172,74,NULL,'2018-02-16 10:24:24',1,NULL,NULL,NULL,NULL,NULL,NULL,NULL,NULL,NULL,NULL,'NA',NULL,NULL,11,'2018-02-16 10:24:26',0,NULL,NULL,NULL,'3d296925-86c0-4b2b-a2c9-9c76475ebc6b',NULL),(718,47,79,74,NULL,'2018-02-16 10:24:24',1,NULL,NULL,NULL,NULL,NULL,NULL,NULL,NULL,NULL,NULL,'NA',NULL,NULL,11,'2018-02-16 10:24:26',0,NULL,NULL,NULL,'2ef1570a-6a30-4212-ac40-050b2047fd06',NULL),(719,47,80,74,NULL,'2018-02-16 10:24:24',1,NULL,NULL,NULL,NULL,NULL,NULL,NULL,NULL,NULL,NULL,'NA',NULL,NULL,11,'2018-02-16 10:24:26',0,NULL,NULL,NULL,'16728e9b-ac25-426c-93f9-84270eb84589',NULL),(720,47,182,74,NULL,'2018-02-16 10:24:24',1,NULL,NULL,NULL,NULL,NULL,NULL,NULL,NULL,NULL,NULL,'NA',NULL,NULL,11,'2018-02-16 10:24:26',0,NULL,NULL,NULL,'726f6e25-0c44-46a3-adf7-3824f8a083d0',NULL),(721,47,187,74,NULL,'2018-02-16 10:24:24',1,NULL,NULL,NULL,NULL,NULL,NULL,NULL,NULL,NULL,NULL,'NA',NULL,NULL,11,'2018-02-16 10:24:26',0,NULL,NULL,NULL,'c6c52210-7aed-4938-a6ac-a4e10383e43b',NULL),(722,47,137,74,NULL,'2018-02-16 10:24:24',1,NULL,NULL,NULL,NULL,NULL,NULL,NULL,NULL,NULL,NULL,'NA',NULL,NULL,11,'2018-02-16 10:24:26',0,NULL,NULL,NULL,'c72c769c-85fa-4921-afb8-6441ee20df35',NULL),(723,47,140,74,NULL,'2018-02-16 10:24:24',1,NULL,NULL,NULL,NULL,NULL,NULL,NULL,NULL,NULL,NULL,'7',NULL,NULL,11,'2018-02-16 10:24:26',0,NULL,NULL,NULL,'8cc6e1a7-4711-4926-998a-f142328215e5',NULL),(724,47,141,74,NULL,'2018-02-16 10:24:24',1,NULL,NULL,NULL,NULL,NULL,NULL,NULL,NULL,NULL,NULL,'done',NULL,NULL,11,'2018-02-16 10:24:26',0,NULL,NULL,NULL,'46b98fd0-ef69-4dbb-90db-f5a7ebb2bc4a',NULL),(725,47,138,74,NULL,'2018-02-16 10:24:24',1,NULL,NULL,NULL,NULL,NULL,NULL,NULL,NULL,NULL,NULL,'1',NULL,NULL,11,'2018-02-16 10:24:26',0,NULL,NULL,NULL,'003717b0-78a3-4dce-b3cc-59fb88cb5a40',NULL),(726,47,186,74,NULL,'2018-02-16 10:24:24',1,NULL,NULL,NULL,NULL,NULL,NULL,NULL,NULL,NULL,NULL,'NA',NULL,NULL,11,'2018-02-16 10:24:26',0,NULL,NULL,NULL,'d1f98e0a-051f-4959-a84e-e881833f38cb',NULL),(727,47,188,74,NULL,'2018-02-16 10:24:24',1,NULL,NULL,NULL,NULL,NULL,NULL,NULL,NULL,NULL,NULL,'NA',NULL,NULL,11,'2018-02-16 10:24:26',0,NULL,NULL,NULL,'baff488b-15df-4686-80df-0ddf166dc88a',NULL),(728,47,185,74,NULL,'2018-02-16 10:24:24',1,NULL,NULL,NULL,NULL,NULL,NULL,NULL,NULL,NULL,NULL,'NA',NULL,NULL,11,'2018-02-16 10:24:26',0,NULL,NULL,NULL,'41d0adac-415d-4c0e-82e6-5dd81d2633eb',NULL),(729,47,134,74,NULL,'2018-02-16 10:24:24',1,NULL,NULL,NULL,NULL,NULL,NULL,NULL,NULL,NULL,NULL,'120',NULL,NULL,11,'2018-02-16 10:24:26',0,NULL,NULL,NULL,'8192b4d8-e602-4ded-8903-be7bd8926555',NULL),(730,47,139,74,NULL,'2018-02-16 10:24:24',1,NULL,NULL,NULL,NULL,NULL,NULL,NULL,NULL,NULL,NULL,'80',NULL,NULL,11,'2018-02-16 10:24:26',0,NULL,NULL,NULL,'2a61c6de-87a8-4da1-b67f-44ec56847fd4',NULL),(731,47,136,74,NULL,'2018-02-16 10:24:24',1,NULL,NULL,NULL,NULL,NULL,NULL,NULL,NULL,NULL,NULL,'0',NULL,NULL,11,'2018-02-16 10:24:26',0,NULL,NULL,NULL,'7517fe1d-dffb-4286-acb0-7e274cdb009c',NULL),(732,47,133,74,NULL,'2018-02-16 10:24:24',1,NULL,NULL,NULL,NULL,NULL,NULL,NULL,NULL,NULL,NULL,'1',NULL,NULL,11,'2018-02-16 10:24:26',0,NULL,NULL,NULL,'da115c0e-152f-429d-9488-6d5582b0a94c',NULL),(733,47,151,74,NULL,'2018-02-16 10:24:24',1,NULL,NULL,NULL,NULL,NULL,NULL,NULL,NULL,NULL,NULL,'1',NULL,NULL,11,'2018-02-16 10:24:26',0,NULL,NULL,NULL,'04064993-40fc-42ed-bb05-e9b6bc1adbd6',NULL),(734,47,135,74,NULL,'2018-02-16 10:24:24',1,NULL,NULL,NULL,NULL,NULL,NULL,NULL,NULL,NULL,NULL,'0',NULL,NULL,11,'2018-02-16 10:24:26',0,NULL,NULL,NULL,'fe0d6898-cbec-4f7d-8d9c-6f20ddb8487d',NULL),(735,47,143,74,NULL,'2018-02-16 10:24:24',1,NULL,NULL,NULL,NULL,NULL,NULL,NULL,NULL,NULL,NULL,'0',NULL,NULL,11,'2018-02-16 10:24:26',0,NULL,NULL,NULL,'620af936-db4b-4680-bef5-8c2725c9f011',NULL),(736,47,152,74,NULL,'2018-02-16 10:24:24',1,NULL,NULL,NULL,NULL,NULL,NULL,NULL,NULL,NULL,NULL,'0',NULL,NULL,11,'2018-02-16 10:24:26',0,NULL,NULL,NULL,'5990067b-6c6e-4fcb-b794-c4a04d00ec8a',NULL),(737,47,145,74,NULL,'2018-02-16 10:24:24',1,NULL,NULL,NULL,NULL,NULL,NULL,NULL,NULL,NULL,NULL,'40.82',NULL,NULL,11,'2018-02-16 10:24:26',0,NULL,NULL,NULL,'cebfd667-1067-4e0a-946b-f90e389ce962',NULL),(738,47,144,74,NULL,'2018-02-16 10:24:24',1,NULL,NULL,NULL,NULL,NULL,NULL,NULL,NULL,NULL,NULL,'1',NULL,NULL,11,'2018-02-16 10:24:26',0,NULL,NULL,NULL,'c6d0de1e-6c26-4aee-bbe0-41ff1b4920a3',NULL),(739,29,133,75,NULL,'2018-02-16 11:09:20',1,NULL,NULL,NULL,NULL,NULL,NULL,NULL,NULL,NULL,NULL,'0',NULL,NULL,5,'2018-02-16 11:09:21',0,NULL,NULL,NULL,'577d2bdb-83bd-44f2-8d3c-a3232ce7af77',NULL),(740,29,134,75,NULL,'2018-02-16 11:09:20',1,NULL,NULL,NULL,NULL,NULL,NULL,NULL,NULL,NULL,NULL,'120',NULL,NULL,5,'2018-02-16 11:09:21',0,NULL,NULL,NULL,'f4761299-f279-4f3f-b3a4-8a827985c05a',NULL),(741,29,135,75,NULL,'2018-02-16 11:09:20',1,NULL,NULL,NULL,NULL,NULL,NULL,NULL,NULL,NULL,NULL,'1',NULL,NULL,5,'2018-02-16 11:09:21',0,NULL,NULL,NULL,'1cd87d80-8b9f-40b8-91a3-2ea226740aa5',NULL),(742,29,136,75,NULL,'2018-02-16 11:09:20',1,NULL,NULL,NULL,NULL,NULL,NULL,NULL,NULL,NULL,NULL,'0',NULL,NULL,5,'2018-02-16 11:09:21',0,NULL,NULL,NULL,'46744739-f9cc-47ab-8286-4afbb6e50fe4',NULL),(743,29,137,75,NULL,'2018-02-16 11:09:20',1,NULL,NULL,NULL,NULL,NULL,NULL,NULL,NULL,NULL,NULL,'NA',NULL,NULL,5,'2018-02-16 11:09:21',0,NULL,NULL,NULL,'cb4e61d5-2bb9-4660-b47e-6c04db2dd07b',NULL),(744,29,138,75,NULL,'2018-02-16 11:09:20',1,NULL,NULL,NULL,NULL,NULL,NULL,NULL,NULL,NULL,NULL,'1',NULL,NULL,5,'2018-02-16 11:09:21',0,NULL,NULL,NULL,'b6bec24a-4ab7-4afc-9140-77b45e4014e9',NULL),(745,29,139,75,NULL,'2018-02-16 11:09:20',1,NULL,NULL,NULL,NULL,NULL,NULL,NULL,NULL,NULL,NULL,'80',NULL,NULL,5,'2018-02-16 11:09:21',0,NULL,NULL,NULL,'08a98b94-b4fd-44de-a9cb-d5c54d83a2de',NULL),(746,29,140,75,NULL,'2018-02-16 11:09:20',1,NULL,NULL,NULL,NULL,NULL,NULL,NULL,NULL,NULL,NULL,'7',NULL,NULL,5,'2018-02-16 11:09:21',0,NULL,NULL,NULL,'0f45ee39-6d74-40e6-85f0-63cf13242226',NULL),(747,29,141,75,NULL,'2018-02-16 11:09:20',1,NULL,NULL,NULL,NULL,NULL,NULL,NULL,NULL,NULL,NULL,'done',NULL,NULL,5,'2018-02-16 11:09:21',0,NULL,NULL,NULL,'0ba65995-823c-462f-8e8c-4977baf8b5ea',NULL),(748,29,142,75,NULL,'2018-02-16 11:09:20',1,NULL,NULL,NULL,NULL,NULL,NULL,NULL,NULL,NULL,NULL,'Rectruited',NULL,NULL,5,'2018-02-16 11:09:21',0,NULL,NULL,NULL,'406b9db8-f443-4712-beee-915ea3317044',NULL),(749,29,143,75,NULL,'2018-02-16 11:09:20',1,NULL,NULL,NULL,NULL,NULL,NULL,NULL,NULL,NULL,NULL,'1',NULL,NULL,5,'2018-02-16 11:09:21',0,NULL,NULL,NULL,'c3c97fe2-ba27-4b85-9519-62624c9fae08',NULL),(750,29,144,75,NULL,'2018-02-16 11:09:20',1,NULL,NULL,NULL,NULL,NULL,NULL,NULL,NULL,NULL,NULL,'1',NULL,NULL,5,'2018-02-16 11:09:21',0,NULL,NULL,NULL,'930a2321-afb7-437b-ba34-2483f7bd9f7e',NULL),(751,29,145,75,NULL,'2018-02-16 11:09:20',1,NULL,NULL,NULL,NULL,NULL,NULL,NULL,NULL,NULL,NULL,'40.82',NULL,NULL,5,'2018-02-16 11:09:21',0,NULL,NULL,NULL,'5f3d28fb-3f5b-4dfd-bbfc-e23ad582d19e',NULL),(752,29,146,75,NULL,'2018-02-16 11:09:20',1,NULL,NULL,NULL,NULL,NULL,NULL,NULL,NULL,NULL,NULL,'80',NULL,NULL,5,'2018-02-16 11:09:21',0,NULL,NULL,NULL,'0333496c-35c0-43ec-a6f2-583d50ba3d10',NULL),(753,29,147,75,NULL,'2018-02-16 11:09:20',1,NULL,NULL,NULL,NULL,NULL,NULL,NULL,NULL,NULL,NULL,'140',NULL,NULL,5,'2018-02-16 11:09:21',0,NULL,NULL,NULL,'71e7d922-515e-4807-9de0-7dd8a91b3fbf',NULL),(754,29,148,75,NULL,'2018-02-16 11:09:20',1,NULL,NULL,NULL,NULL,NULL,NULL,NULL,NULL,NULL,NULL,'0',NULL,NULL,5,'2018-02-16 11:09:21',0,NULL,NULL,NULL,'2d4189a5-fd58-45d8-95d4-daeda355df7d',NULL),(755,29,149,75,NULL,'2018-02-16 11:09:20',1,NULL,NULL,NULL,NULL,NULL,NULL,NULL,NULL,NULL,NULL,'1',NULL,NULL,5,'2018-02-16 11:09:21',0,NULL,NULL,NULL,'655e21a8-1603-4875-98e3-4321c629ea27',NULL),(756,29,150,75,NULL,'2018-02-16 11:09:20',1,NULL,NULL,NULL,NULL,NULL,NULL,NULL,NULL,NULL,NULL,'0',NULL,NULL,5,'2018-02-16 11:09:21',0,NULL,NULL,NULL,'bb2ef8df-a66e-4bce-b451-53ef00a75540',NULL),(757,29,151,75,NULL,'2018-02-16 11:09:20',1,NULL,NULL,NULL,NULL,NULL,NULL,NULL,NULL,NULL,NULL,'0',NULL,NULL,5,'2018-02-16 11:09:21',0,NULL,NULL,NULL,'602a2b20-1860-4a5a-b799-ea50543c221b',NULL),(758,29,152,75,NULL,'2018-02-16 11:09:20',1,NULL,NULL,NULL,NULL,NULL,NULL,NULL,NULL,NULL,NULL,'0',NULL,NULL,5,'2018-02-16 11:09:21',0,NULL,NULL,NULL,'f05b10fc-fc35-431d-89cd-d931a46d6da8',NULL),(759,29,35,75,NULL,'2018-02-16 11:09:20',1,NULL,NULL,NULL,NULL,NULL,NULL,NULL,NULL,NULL,NULL,'58',NULL,NULL,5,'2018-02-16 11:09:21',0,NULL,NULL,NULL,'31d315bb-3e47-4f0c-81fa-9dc1b07ee979',NULL),(760,29,153,75,NULL,'2018-02-16 11:09:20',1,NULL,NULL,NULL,NULL,NULL,NULL,NULL,NULL,NULL,NULL,'NA',NULL,NULL,5,'2018-02-16 11:09:21',0,NULL,NULL,NULL,'d2eac8fc-65d3-4d18-8d85-6b7ddd1ec34b',NULL),(761,29,154,75,NULL,'2018-02-16 11:09:20',1,NULL,NULL,NULL,NULL,NULL,NULL,NULL,NULL,NULL,NULL,'0',NULL,NULL,5,'2018-02-16 11:09:21',0,NULL,NULL,NULL,'234da0da-d15e-455e-95a7-b65a1f91b665',NULL),(762,29,155,75,NULL,'2018-02-16 11:09:20',1,NULL,NULL,NULL,NULL,NULL,NULL,NULL,NULL,NULL,NULL,'0',NULL,NULL,5,'2018-02-16 11:09:21',0,NULL,NULL,NULL,'58e28adb-055e-4f60-baad-36277d12a3d6',NULL),(763,29,156,75,NULL,'2018-02-16 11:09:20',1,NULL,NULL,NULL,NULL,NULL,NULL,NULL,NULL,NULL,NULL,'16-2-2018',NULL,NULL,5,'2018-02-16 11:09:21',0,NULL,NULL,NULL,'60a0ab5d-2866-4f74-96dc-75922b82b6a5',NULL),(764,29,157,75,NULL,'2018-02-16 11:09:20',1,NULL,NULL,NULL,NULL,NULL,NULL,NULL,NULL,NULL,NULL,'8.9',NULL,NULL,5,'2018-02-16 11:09:21',0,NULL,NULL,NULL,'baa15f2f-2376-47ce-af97-28884b41caf8',NULL),(765,29,158,75,NULL,'2018-02-16 11:09:20',1,NULL,NULL,NULL,NULL,NULL,NULL,NULL,NULL,NULL,NULL,'16-2-2018',NULL,NULL,5,'2018-02-16 11:09:21',0,NULL,NULL,NULL,'a93c2e39-93ed-492e-a89e-27bd8f406597',NULL),(766,29,159,75,NULL,'2018-02-16 11:09:20',1,NULL,NULL,NULL,NULL,NULL,NULL,NULL,NULL,NULL,NULL,'0',NULL,NULL,5,'2018-02-16 11:09:21',0,NULL,NULL,NULL,'381b6696-e462-4f1c-a9a8-27e266d6aa29',NULL),(767,29,160,75,NULL,'2018-02-16 11:09:20',1,NULL,NULL,NULL,NULL,NULL,NULL,NULL,NULL,NULL,NULL,'0',NULL,NULL,5,'2018-02-16 11:09:21',0,NULL,NULL,NULL,'f3258911-2382-4569-8241-bff2a0894610',NULL),(768,29,161,75,NULL,'2018-02-16 11:09:20',1,NULL,NULL,NULL,NULL,NULL,NULL,NULL,NULL,NULL,NULL,'1',NULL,NULL,5,'2018-02-16 11:09:21',0,NULL,NULL,NULL,'465ec9ef-d7aa-452c-987b-cce94b2c2210',NULL),(769,29,116,75,NULL,'2018-02-16 11:09:20',1,NULL,NULL,NULL,NULL,NULL,NULL,NULL,NULL,NULL,NULL,'ha_1',NULL,NULL,5,'2018-02-16 11:09:21',0,NULL,NULL,NULL,'86186a48-1e6e-4094-89e2-c7e990f8fdcd',NULL),(770,29,162,75,NULL,'2018-02-16 11:09:20',1,NULL,NULL,NULL,NULL,NULL,NULL,NULL,NULL,NULL,NULL,'140',NULL,NULL,5,'2018-02-16 11:09:21',0,NULL,NULL,NULL,'b554c885-cb29-4130-ae2a-cbc2d4e91153',NULL),(771,29,163,75,NULL,'2018-02-16 11:09:20',1,NULL,NULL,NULL,NULL,NULL,NULL,NULL,NULL,NULL,NULL,'3,4',NULL,NULL,5,'2018-02-16 11:09:21',0,NULL,NULL,NULL,'19dbe137-2986-4db5-ae15-95c887e65451',NULL),(772,29,164,75,NULL,'2018-02-16 11:09:20',1,NULL,NULL,NULL,NULL,NULL,NULL,NULL,NULL,NULL,NULL,'ydydbd',NULL,NULL,5,'2018-02-16 11:09:21',0,NULL,NULL,NULL,'7c3f6b3c-dda5-476b-ac3e-0158af2685dd',NULL),(773,29,165,75,NULL,'2018-02-16 11:09:20',1,NULL,NULL,NULL,NULL,NULL,NULL,NULL,NULL,NULL,NULL,'H',NULL,NULL,5,'2018-02-16 11:09:21',0,NULL,NULL,NULL,'e4fc5b69-b979-47de-a3b1-8bbe315cea15',NULL),(774,29,166,75,NULL,'2018-02-16 11:09:20',1,NULL,NULL,NULL,NULL,NULL,NULL,NULL,NULL,NULL,NULL,'585865',NULL,NULL,5,'2018-02-16 11:09:21',0,NULL,NULL,NULL,'0b497d93-2308-4b63-89f3-e4b106aad1d2',NULL),(775,29,167,75,NULL,'2018-02-16 11:09:20',1,NULL,NULL,NULL,NULL,NULL,NULL,NULL,NULL,NULL,NULL,'466464',NULL,NULL,5,'2018-02-16 11:09:21',0,NULL,NULL,NULL,'fc7e4acb-7cad-467c-afaf-09ee918c3b3b',NULL),(776,29,168,75,NULL,'2018-02-16 11:09:20',1,NULL,NULL,NULL,NULL,NULL,NULL,NULL,NULL,NULL,NULL,'1',NULL,NULL,5,'2018-02-16 11:09:22',0,NULL,NULL,NULL,'703740ce-f837-4b85-9e71-a2a2647e962a',NULL),(777,29,169,75,NULL,'2018-02-16 11:09:20',1,NULL,NULL,NULL,NULL,NULL,NULL,NULL,NULL,NULL,NULL,'gdgd',NULL,NULL,5,'2018-02-16 11:09:22',0,NULL,NULL,NULL,'d126bc9e-e105-4d1b-b482-fbeb590ebce4',NULL),(778,29,170,75,NULL,'2018-02-16 11:09:20',1,NULL,NULL,NULL,NULL,NULL,NULL,NULL,NULL,NULL,NULL,'6',NULL,NULL,5,'2018-02-16 11:09:22',0,NULL,NULL,NULL,'b0c0e6a7-674a-4515-a0ce-52c2c8cd0d74',NULL),(779,29,171,75,NULL,'2018-02-16 11:09:20',1,NULL,NULL,NULL,NULL,NULL,NULL,NULL,NULL,NULL,NULL,'6',NULL,NULL,5,'2018-02-16 11:09:22',0,NULL,NULL,NULL,'637b36ba-17ee-4ad9-8fb2-a645628b6373',NULL),(780,29,14,75,NULL,'2018-02-16 11:09:20',1,NULL,NULL,NULL,NULL,NULL,NULL,NULL,NULL,NULL,NULL,'bsgdg',NULL,NULL,5,'2018-02-16 11:09:22',0,NULL,NULL,NULL,'1940bd97-608f-43e5-8058-b53d78840b71',NULL),(781,29,15,75,NULL,'2018-02-16 11:09:20',1,NULL,NULL,NULL,NULL,NULL,NULL,NULL,NULL,NULL,NULL,'bsgdg',NULL,NULL,5,'2018-02-16 11:09:22',0,NULL,NULL,NULL,'d3414d24-310d-409a-a4ac-3859a06873bb',NULL),(782,29,8,75,NULL,'2018-02-16 11:09:20',1,NULL,NULL,NULL,NULL,NULL,NULL,NULL,NULL,NULL,NULL,'SH_CVD_ASHA_SCREENING_1',NULL,NULL,5,'2018-02-16 11:09:22',0,NULL,NULL,NULL,'8f3b1018-245e-4ed4-9a55-7edf9baba200',NULL),(783,29,9,75,NULL,'2018-02-16 11:09:20',1,NULL,NULL,NULL,NULL,NULL,NULL,NULL,NULL,NULL,NULL,'16-02-2018 11:08:39',NULL,NULL,5,'2018-02-16 11:09:22',0,NULL,NULL,NULL,'df30f2d1-a273-4fba-abdf-1ad544025d66',NULL),(784,29,7,75,NULL,'2018-02-16 11:09:20',1,NULL,NULL,NULL,NULL,NULL,NULL,NULL,NULL,NULL,NULL,'ha_1',NULL,NULL,5,'2018-02-16 11:09:22',0,NULL,NULL,NULL,'d0f75a48-eef9-437f-9e6b-f6c2e4ecd505',NULL),(785,29,118,75,NULL,'2018-02-16 11:09:20',1,NULL,NULL,NULL,NULL,NULL,NULL,NULL,NULL,NULL,NULL,'NA',NULL,NULL,5,'2018-02-16 11:09:22',0,NULL,NULL,NULL,'c53731d8-85e2-4589-afde-7e4af58f0fae',NULL),(786,29,12,75,NULL,'2018-02-16 11:09:20',1,NULL,NULL,NULL,NULL,NULL,NULL,NULL,NULL,NULL,NULL,'1010010001',NULL,NULL,5,'2018-02-16 11:09:22',0,NULL,NULL,NULL,'5309b729-3ff5-45ff-89d8-a49be4a456ff',NULL),(787,29,22,75,NULL,'2018-02-16 11:09:20',1,NULL,NULL,NULL,NULL,NULL,NULL,NULL,NULL,NULL,NULL,'F',NULL,NULL,5,'2018-02-16 11:09:22',0,NULL,NULL,NULL,'be8e195b-0449-4eb0-b0de-53d4393f341e',NULL),(788,29,20,75,NULL,'2018-02-16 11:09:20',1,NULL,NULL,NULL,NULL,NULL,NULL,NULL,NULL,NULL,NULL,'16-2-2018',NULL,NULL,5,'2018-02-16 11:09:22',0,NULL,NULL,NULL,'bb1842ea-253e-42aa-b267-c94e3d433811',NULL),(789,29,18,75,NULL,'2018-02-16 11:09:20',1,NULL,NULL,NULL,NULL,NULL,NULL,NULL,NULL,NULL,NULL,'1-1-1962',NULL,NULL,5,'2018-02-16 11:09:22',0,NULL,NULL,NULL,'39e68ad4-d2d3-408a-bf58-dfcd2c7901ed',NULL),(790,29,172,75,NULL,'2018-02-16 11:09:20',1,NULL,NULL,NULL,NULL,NULL,NULL,NULL,NULL,NULL,NULL,'NA',NULL,NULL,5,'2018-02-16 11:09:22',0,NULL,NULL,NULL,'4d0c0dc0-e002-45f3-b137-d9f98fdcd4da',NULL),(791,29,19,75,NULL,'2018-02-16 11:09:20',1,NULL,NULL,NULL,NULL,NULL,NULL,NULL,NULL,NULL,NULL,'NA',NULL,NULL,5,'2018-02-16 11:09:22',0,NULL,NULL,NULL,'00e0dc2a-1bf4-4251-97fd-a5b8014cd8e7',NULL),(792,29,116,75,NULL,'2018-02-16 11:09:20',1,NULL,NULL,NULL,NULL,NULL,NULL,NULL,NULL,NULL,NULL,'ha_1',NULL,NULL,5,'2018-02-16 11:09:22',0,NULL,NULL,NULL,'ef83c88a-5202-470b-88e7-55bd1d816718',NULL),(793,29,173,75,NULL,'2018-02-16 11:09:20',1,NULL,NULL,NULL,NULL,NULL,NULL,NULL,NULL,NULL,NULL,'1',NULL,NULL,5,'2018-02-16 11:09:22',0,NULL,NULL,NULL,'30ed2381-01a1-432d-adc7-1090ca6d3616',NULL),(794,29,174,75,NULL,'2018-02-16 11:09:20',1,NULL,NULL,NULL,NULL,NULL,NULL,NULL,NULL,NULL,NULL,'jhdhdgd',NULL,NULL,5,'2018-02-16 11:09:22',0,NULL,NULL,NULL,'22dd587e-4804-456d-afb3-d8a1d921010f',NULL),(795,29,175,75,NULL,'2018-02-16 11:09:20',1,NULL,NULL,NULL,NULL,NULL,NULL,NULL,NULL,NULL,NULL,'16-2-2018',NULL,NULL,5,'2018-02-16 11:09:22',0,NULL,NULL,NULL,'1f9b7840-b1e1-4c02-8b0c-1537c894c24c',NULL),(796,29,22,75,NULL,'2018-02-16 11:09:20',1,NULL,NULL,NULL,NULL,NULL,NULL,NULL,NULL,NULL,NULL,'F',NULL,NULL,5,'2018-02-16 11:09:22',0,NULL,NULL,NULL,'0c687371-f128-458e-8bfc-d047d98b31b9',NULL),(797,29,128,75,NULL,'2018-02-16 11:09:20',1,NULL,NULL,NULL,NULL,NULL,NULL,NULL,NULL,NULL,NULL,'848578846469',NULL,NULL,5,'2018-02-16 11:09:22',0,NULL,NULL,NULL,'69b4fe3e-25f0-40d8-b5bb-a57f763727fa',NULL),(798,29,16,75,NULL,'2018-02-16 11:09:20',1,NULL,NULL,NULL,NULL,NULL,NULL,NULL,NULL,NULL,NULL,'8465445648',NULL,NULL,5,'2018-02-16 11:09:22',0,NULL,NULL,NULL,'bd56dbf0-b01e-4b72-b6ae-802612774c32',NULL),(799,29,21,75,NULL,'2018-02-16 11:09:20',1,NULL,NULL,NULL,NULL,NULL,NULL,NULL,NULL,NULL,NULL,'56',NULL,NULL,5,'2018-02-16 11:09:22',0,NULL,NULL,NULL,'34df6897-9089-4c20-80a2-b6e2e478e23d',NULL),(800,29,6,75,NULL,'2018-02-16 11:09:20',1,NULL,NULL,NULL,NULL,NULL,NULL,NULL,NULL,NULL,NULL,'hyxhd',NULL,NULL,5,'2018-02-16 11:09:22',0,NULL,NULL,NULL,'0cf7e357-4a06-450f-bb10-9e08a86a17e5',NULL),(801,29,5,75,NULL,'2018-02-16 11:09:20',1,NULL,NULL,NULL,NULL,NULL,NULL,NULL,NULL,NULL,NULL,'3',NULL,NULL,5,'2018-02-16 11:09:22',0,NULL,NULL,NULL,'6c6774d2-ab2a-419d-ab70-68b30931e8b3',NULL),(802,29,114,75,NULL,'2018-02-16 11:09:20',1,NULL,NULL,NULL,NULL,NULL,NULL,NULL,NULL,NULL,NULL,'16-02-2018 11:08:39',NULL,NULL,5,'2018-02-16 11:09:22',0,NULL,NULL,NULL,'3e215824-b899-4eb7-8fdc-e714d8013794',NULL),(803,29,119,75,NULL,'2018-02-16 11:09:20',1,NULL,NULL,NULL,NULL,NULL,NULL,NULL,NULL,NULL,NULL,'SH_CVD_ASHA_SCREENING_1',NULL,NULL,5,'2018-02-16 11:09:22',0,NULL,NULL,NULL,'5da1b922-4903-40ab-80e9-0877930aec62',NULL),(804,29,176,75,NULL,'2018-02-16 11:09:20',1,NULL,NULL,NULL,NULL,NULL,NULL,NULL,NULL,NULL,NULL,'NA',NULL,NULL,5,'2018-02-16 11:09:22',0,NULL,NULL,NULL,'1861c14b-c0cb-406f-9b8b-c81b00f2e06b',NULL),(805,29,177,75,NULL,'2018-02-16 11:09:20',1,NULL,NULL,NULL,NULL,NULL,NULL,NULL,NULL,NULL,NULL,'NA',NULL,NULL,5,'2018-02-16 11:09:22',0,NULL,NULL,NULL,'f8c08239-5d47-459f-9bcd-8e6d50c97868',NULL),(806,29,178,75,NULL,'2018-02-16 11:09:20',1,NULL,NULL,NULL,NULL,NULL,NULL,NULL,NULL,NULL,NULL,'NA',NULL,NULL,5,'2018-02-16 11:09:22',0,NULL,NULL,NULL,'3debf9c6-6ff3-464b-be5c-93dc95af0abd',NULL),(807,29,79,75,NULL,'2018-02-16 11:09:20',1,NULL,NULL,NULL,NULL,NULL,NULL,NULL,NULL,NULL,NULL,'NA',NULL,NULL,5,'2018-02-16 11:09:22',0,NULL,NULL,NULL,'cbbb8783-273b-48c7-8bb8-cbae79623efb',NULL),(808,29,80,75,NULL,'2018-02-16 11:09:20',1,NULL,NULL,NULL,NULL,NULL,NULL,NULL,NULL,NULL,NULL,'NA',NULL,NULL,5,'2018-02-16 11:09:22',0,NULL,NULL,NULL,'316d35c4-e393-41c9-add3-0ce7aa3f33c0',NULL),(809,29,179,75,NULL,'2018-02-16 11:09:20',1,NULL,NULL,NULL,NULL,NULL,NULL,NULL,NULL,NULL,NULL,'NA',NULL,NULL,5,'2018-02-16 11:09:22',0,NULL,NULL,NULL,'c57ddc8a-c90f-4ce2-9686-db936d927c38',NULL),(810,29,117,75,NULL,'2018-02-16 11:09:20',1,NULL,NULL,NULL,NULL,NULL,NULL,NULL,NULL,NULL,NULL,'asha',NULL,NULL,5,'2018-02-16 11:09:22',0,NULL,NULL,NULL,'8f82b27d-b42c-4b67-aa97-36be8ec746c1',NULL),(811,29,115,75,NULL,'2018-02-16 11:09:20',1,NULL,NULL,NULL,NULL,NULL,NULL,NULL,NULL,NULL,NULL,'16-02-2018 11:08:39',NULL,NULL,5,'2018-02-16 11:09:22',0,NULL,NULL,NULL,'15f377e2-86af-4df4-804d-ed9fb7b702ea',NULL),(812,29,180,75,NULL,'2018-02-16 11:09:20',1,NULL,NULL,NULL,NULL,NULL,NULL,NULL,NULL,NULL,NULL,'NA',NULL,NULL,5,'2018-02-16 11:09:22',0,NULL,NULL,NULL,'98516883-74e6-4d02-b747-cf5691937a00',NULL),(813,29,181,75,NULL,'2018-02-16 11:09:20',1,NULL,NULL,NULL,NULL,NULL,NULL,NULL,NULL,NULL,NULL,'NA',NULL,NULL,5,'2018-02-16 11:09:22',0,NULL,NULL,NULL,'6977e9af-8333-47cc-9d6c-a3d5a9d9484e',NULL),(814,29,182,75,NULL,'2018-02-16 11:09:20',1,NULL,NULL,NULL,NULL,NULL,NULL,NULL,NULL,NULL,NULL,'NA',NULL,NULL,5,'2018-02-16 11:09:22',0,NULL,NULL,NULL,'5ff5e325-de56-4564-aee9-a3f46b7456f9',NULL),(815,29,183,75,NULL,'2018-02-16 11:09:20',1,NULL,NULL,NULL,NULL,NULL,NULL,NULL,NULL,NULL,NULL,'NA',NULL,NULL,5,'2018-02-16 11:09:22',0,NULL,NULL,NULL,'baf43e3e-9243-4832-ba0b-d304abe260fb',NULL),(816,29,184,75,NULL,'2018-02-16 11:09:20',1,NULL,NULL,NULL,NULL,NULL,NULL,NULL,NULL,NULL,NULL,'NA',NULL,NULL,5,'2018-02-16 11:09:22',0,NULL,NULL,NULL,'1243932f-d07b-47f0-8dcd-9bc09a057c46',NULL),(817,29,185,75,NULL,'2018-02-16 11:09:20',1,NULL,NULL,NULL,NULL,NULL,NULL,NULL,NULL,NULL,NULL,'NA',NULL,NULL,5,'2018-02-16 11:09:22',0,NULL,NULL,NULL,'0ece3e7d-9268-46ca-9500-717130be9837',NULL),(818,29,186,75,NULL,'2018-02-16 11:09:20',1,NULL,NULL,NULL,NULL,NULL,NULL,NULL,NULL,NULL,NULL,'NA',NULL,NULL,5,'2018-02-16 11:09:22',0,NULL,NULL,NULL,'c4a1303f-44f4-466a-8e17-18b60c9bf961',NULL),(819,29,187,75,NULL,'2018-02-16 11:09:20',1,NULL,NULL,NULL,NULL,NULL,NULL,NULL,NULL,NULL,NULL,'NA',NULL,NULL,5,'2018-02-16 11:09:22',0,NULL,NULL,NULL,'04510c9c-590f-427c-9f18-80c0532d6e04',NULL),(820,29,188,75,NULL,'2018-02-16 11:09:20',1,NULL,NULL,NULL,NULL,NULL,NULL,NULL,NULL,NULL,NULL,'NA',NULL,NULL,5,'2018-02-16 11:09:22',0,NULL,NULL,NULL,'5ab218c9-d705-4b25-ac1e-e106ca33d530',NULL),(821,29,133,76,NULL,'2018-02-16 11:14:03',1,NULL,NULL,NULL,NULL,NULL,NULL,NULL,NULL,NULL,NULL,'1',NULL,NULL,5,'2018-02-16 11:14:04',0,NULL,NULL,NULL,'a41a47dc-f371-4e43-aaee-3b2c0a63312f',NULL),(822,29,134,76,NULL,'2018-02-16 11:14:03',1,NULL,NULL,NULL,NULL,NULL,NULL,NULL,NULL,NULL,NULL,'120',NULL,NULL,5,'2018-02-16 11:14:04',0,NULL,NULL,NULL,'9807b442-66f3-46c0-a216-887a428dde2d',NULL),(823,29,135,76,NULL,'2018-02-16 11:14:03',1,NULL,NULL,NULL,NULL,NULL,NULL,NULL,NULL,NULL,NULL,'0',NULL,NULL,5,'2018-02-16 11:14:04',0,NULL,NULL,NULL,'a17152a7-40de-434e-a095-7fac91431959',NULL),(824,29,136,76,NULL,'2018-02-16 11:14:03',1,NULL,NULL,NULL,NULL,NULL,NULL,NULL,NULL,NULL,NULL,'0',NULL,NULL,5,'2018-02-16 11:14:04',0,NULL,NULL,NULL,'b00ebd70-07fa-49bf-b0e0-7c42a272b38f',NULL),(825,29,137,76,NULL,'2018-02-16 11:14:03',1,NULL,NULL,NULL,NULL,NULL,NULL,NULL,NULL,NULL,NULL,'NA',NULL,NULL,5,'2018-02-16 11:14:04',0,NULL,NULL,NULL,'f06e63af-9782-42a6-bf2f-0c93929080d5',NULL),(826,29,138,76,NULL,'2018-02-16 11:14:03',1,NULL,NULL,NULL,NULL,NULL,NULL,NULL,NULL,NULL,NULL,'1',NULL,NULL,5,'2018-02-16 11:14:04',0,NULL,NULL,NULL,'fdd97364-d70e-4708-8ecc-579072dc79e0',NULL),(827,29,139,76,NULL,'2018-02-16 11:14:03',1,NULL,NULL,NULL,NULL,NULL,NULL,NULL,NULL,NULL,NULL,'80',NULL,NULL,5,'2018-02-16 11:14:04',0,NULL,NULL,NULL,'6d35ff0d-1e28-4b5c-bc67-042afeaa93ea',NULL),(828,29,140,76,NULL,'2018-02-16 11:14:03',1,NULL,NULL,NULL,NULL,NULL,NULL,NULL,NULL,NULL,NULL,'7',NULL,NULL,5,'2018-02-16 11:14:04',0,NULL,NULL,NULL,'a30148c0-f731-4fc1-9461-6d87596617ce',NULL),(829,29,141,76,NULL,'2018-02-16 11:14:03',1,NULL,NULL,NULL,NULL,NULL,NULL,NULL,NULL,NULL,NULL,'done',NULL,NULL,5,'2018-02-16 11:14:04',0,NULL,NULL,NULL,'b70f1a45-d695-48b5-9aeb-14ab89d25787',NULL),(830,29,142,76,NULL,'2018-02-16 11:14:03',1,NULL,NULL,NULL,NULL,NULL,NULL,NULL,NULL,NULL,NULL,'Rectruited',NULL,NULL,5,'2018-02-16 11:14:04',0,NULL,NULL,NULL,'bd32ba84-73e9-4ad3-ae58-a3215b6e2974',NULL),(831,29,143,76,NULL,'2018-02-16 11:14:03',1,NULL,NULL,NULL,NULL,NULL,NULL,NULL,NULL,NULL,NULL,'0',NULL,NULL,5,'2018-02-16 11:14:04',0,NULL,NULL,NULL,'15dd000b-4daa-455e-b22d-0ceaa519b5c2',NULL),(832,29,144,76,NULL,'2018-02-16 11:14:03',1,NULL,NULL,NULL,NULL,NULL,NULL,NULL,NULL,NULL,NULL,'1',NULL,NULL,5,'2018-02-16 11:14:04',0,NULL,NULL,NULL,'4cb463a1-012e-4c06-b513-7b5e371412c7',NULL),(833,29,145,76,NULL,'2018-02-16 11:14:03',1,NULL,NULL,NULL,NULL,NULL,NULL,NULL,NULL,NULL,NULL,'40.82',NULL,NULL,5,'2018-02-16 11:14:04',0,NULL,NULL,NULL,'f61dd5e2-38ab-49d0-9340-90037bd7d632',NULL),(834,29,146,76,NULL,'2018-02-16 11:14:03',1,NULL,NULL,NULL,NULL,NULL,NULL,NULL,NULL,NULL,NULL,'80',NULL,NULL,5,'2018-02-16 11:14:04',0,NULL,NULL,NULL,'98531c81-5b69-4499-ae46-d1a7badb365d',NULL),(835,29,147,76,NULL,'2018-02-16 11:14:03',1,NULL,NULL,NULL,NULL,NULL,NULL,NULL,NULL,NULL,NULL,'140',NULL,NULL,5,'2018-02-16 11:14:04',0,NULL,NULL,NULL,'b08d7c8f-70ae-4c0d-99c2-338ee7a514f8',NULL),(836,29,148,76,NULL,'2018-02-16 11:14:03',1,NULL,NULL,NULL,NULL,NULL,NULL,NULL,NULL,NULL,NULL,'0',NULL,NULL,5,'2018-02-16 11:14:04',0,NULL,NULL,NULL,'a2b89d6e-6ecb-4db6-b2e6-5052bf747ea3',NULL),(837,29,149,76,NULL,'2018-02-16 11:14:03',1,NULL,NULL,NULL,NULL,NULL,NULL,NULL,NULL,NULL,NULL,'1',NULL,NULL,5,'2018-02-16 11:14:04',0,NULL,NULL,NULL,'151e3391-4aad-49f3-b697-7b251eaf70d8',NULL),(838,29,150,76,NULL,'2018-02-16 11:14:03',1,NULL,NULL,NULL,NULL,NULL,NULL,NULL,NULL,NULL,NULL,'0',NULL,NULL,5,'2018-02-16 11:14:04',0,NULL,NULL,NULL,'4dbc4bcc-a375-470b-8a99-9d4d339ceda9',NULL),(839,29,151,76,NULL,'2018-02-16 11:14:03',1,NULL,NULL,NULL,NULL,NULL,NULL,NULL,NULL,NULL,NULL,'1',NULL,NULL,5,'2018-02-16 11:14:04',0,NULL,NULL,NULL,'e6d8791e-ac48-4004-8e9a-90a498c59e63',NULL),(840,29,152,76,NULL,'2018-02-16 11:14:03',1,NULL,NULL,NULL,NULL,NULL,NULL,NULL,NULL,NULL,NULL,'0',NULL,NULL,5,'2018-02-16 11:14:04',0,NULL,NULL,NULL,'fcf5dd10-f2db-4653-a443-1bc61e15e03c',NULL),(841,29,35,76,NULL,'2018-02-16 11:14:03',1,NULL,NULL,NULL,NULL,NULL,NULL,NULL,NULL,NULL,NULL,'35',NULL,NULL,5,'2018-02-16 11:14:04',0,NULL,NULL,NULL,'73e05bc3-084b-4d5d-bf11-8e0d2bb0f0ec',NULL),(842,29,153,76,NULL,'2018-02-16 11:14:03',1,NULL,NULL,NULL,NULL,NULL,NULL,NULL,NULL,NULL,NULL,'NA',NULL,NULL,5,'2018-02-16 11:14:04',0,NULL,NULL,NULL,'09604541-45dc-4f11-aac6-48ca4e9af36e',NULL),(843,29,154,76,NULL,'2018-02-16 11:14:03',1,NULL,NULL,NULL,NULL,NULL,NULL,NULL,NULL,NULL,NULL,'0',NULL,NULL,5,'2018-02-16 11:14:04',0,NULL,NULL,NULL,'57fb6cd1-b4f4-432d-97aa-2333f2cd37c0',NULL),(844,29,155,76,NULL,'2018-02-16 11:14:03',1,NULL,NULL,NULL,NULL,NULL,NULL,NULL,NULL,NULL,NULL,'0',NULL,NULL,5,'2018-02-16 11:14:04',0,NULL,NULL,NULL,'a3f04ca4-ceae-4270-9fed-9dde3aa1edbf',NULL),(845,29,156,76,NULL,'2018-02-16 11:14:03',1,NULL,NULL,NULL,NULL,NULL,NULL,NULL,NULL,NULL,NULL,'16-2-2018',NULL,NULL,5,'2018-02-16 11:14:04',0,NULL,NULL,NULL,'85061034-d798-4596-a6dd-10d9058ac634',NULL),(846,29,157,76,NULL,'2018-02-16 11:14:03',1,NULL,NULL,NULL,NULL,NULL,NULL,NULL,NULL,NULL,NULL,'8.1',NULL,NULL,5,'2018-02-16 11:14:04',0,NULL,NULL,NULL,'b219ffb1-ff7d-464b-aa32-6bbabde0c901',NULL),(847,29,158,76,NULL,'2018-02-16 11:14:03',1,NULL,NULL,NULL,NULL,NULL,NULL,NULL,NULL,NULL,NULL,'16-2-2018',NULL,NULL,5,'2018-02-16 11:14:04',0,NULL,NULL,NULL,'5ecfd6c9-b826-4fa6-a8dd-1d54eff1f3c1',NULL),(848,29,159,76,NULL,'2018-02-16 11:14:03',1,NULL,NULL,NULL,NULL,NULL,NULL,NULL,NULL,NULL,NULL,'0',NULL,NULL,5,'2018-02-16 11:14:04',0,NULL,NULL,NULL,'9becf10c-4c23-44d1-9959-af47b0d393d2',NULL),(849,29,160,76,NULL,'2018-02-16 11:14:03',1,NULL,NULL,NULL,NULL,NULL,NULL,NULL,NULL,NULL,NULL,'0',NULL,NULL,5,'2018-02-16 11:14:04',0,NULL,NULL,NULL,'de41f476-22fe-4131-af24-aeea24a9ef33',NULL),(850,29,161,76,NULL,'2018-02-16 11:14:03',1,NULL,NULL,NULL,NULL,NULL,NULL,NULL,NULL,NULL,NULL,'1',NULL,NULL,5,'2018-02-16 11:14:04',0,NULL,NULL,NULL,'8ca9d3da-0511-4fe8-86b4-8a8ac34621d2',NULL),(851,29,116,76,NULL,'2018-02-16 11:14:03',1,NULL,NULL,NULL,NULL,NULL,NULL,NULL,NULL,NULL,NULL,'ha_1',NULL,NULL,5,'2018-02-16 11:14:04',0,NULL,NULL,NULL,'007d5075-a46e-4486-b06e-47ce83b1dae5',NULL),(852,29,162,76,NULL,'2018-02-16 11:14:03',1,NULL,NULL,NULL,NULL,NULL,NULL,NULL,NULL,NULL,NULL,'140',NULL,NULL,5,'2018-02-16 11:14:04',0,NULL,NULL,NULL,'73bc6ef8-f2a0-4208-a01e-c42bc787867a',NULL),(853,29,163,76,NULL,'2018-02-16 11:14:03',1,NULL,NULL,NULL,NULL,NULL,NULL,NULL,NULL,NULL,NULL,'4,5',NULL,NULL,5,'2018-02-16 11:14:04',0,NULL,NULL,NULL,'00ce12d5-3700-4a7c-9fbb-9bec4f727ded',NULL),(854,29,164,76,NULL,'2018-02-16 11:14:03',1,NULL,NULL,NULL,NULL,NULL,NULL,NULL,NULL,NULL,NULL,'jttt',NULL,NULL,5,'2018-02-16 11:14:04',0,NULL,NULL,NULL,'63af62f7-fa96-4f8d-a418-cf316edc9557',NULL),(855,29,165,76,NULL,'2018-02-16 11:14:03',1,NULL,NULL,NULL,NULL,NULL,NULL,NULL,NULL,NULL,NULL,'H',NULL,NULL,5,'2018-02-16 11:14:04',0,NULL,NULL,NULL,'b22c72cf-2429-4dca-b5a9-ce7d3befed93',NULL),(856,29,166,76,NULL,'2018-02-16 11:14:03',1,NULL,NULL,NULL,NULL,NULL,NULL,NULL,NULL,NULL,NULL,'856855',NULL,NULL,5,'2018-02-16 11:14:04',0,NULL,NULL,NULL,'3dc3ac90-aec5-4029-8808-d6c4fdbaf177',NULL),(857,29,167,76,NULL,'2018-02-16 11:14:03',1,NULL,NULL,NULL,NULL,NULL,NULL,NULL,NULL,NULL,NULL,'665268',NULL,NULL,5,'2018-02-16 11:14:04',0,NULL,NULL,NULL,'5653e925-2bc4-4319-8ecc-806f94172308',NULL),(858,29,168,76,NULL,'2018-02-16 11:14:03',1,NULL,NULL,NULL,NULL,NULL,NULL,NULL,NULL,NULL,NULL,'1',NULL,NULL,5,'2018-02-16 11:14:04',0,NULL,NULL,NULL,'ebe84d96-e790-4ef1-9f78-544c387817b4',NULL),(859,29,169,76,NULL,'2018-02-16 11:14:03',1,NULL,NULL,NULL,NULL,NULL,NULL,NULL,NULL,NULL,NULL,'ghbgg',NULL,NULL,5,'2018-02-16 11:14:04',0,NULL,NULL,NULL,'513f73f4-fca1-4954-8245-a8d8588423f4',NULL),(860,29,170,76,NULL,'2018-02-16 11:14:03',1,NULL,NULL,NULL,NULL,NULL,NULL,NULL,NULL,NULL,NULL,'8',NULL,NULL,5,'2018-02-16 11:14:04',0,NULL,NULL,NULL,'196844c0-ed2d-47be-9302-88ff090b3443',NULL),(861,29,171,76,NULL,'2018-02-16 11:14:03',1,NULL,NULL,NULL,NULL,NULL,NULL,NULL,NULL,NULL,NULL,'6',NULL,NULL,5,'2018-02-16 11:14:05',0,NULL,NULL,NULL,'2841686c-feba-440a-9fea-1b30a8444429',NULL),(862,29,14,76,NULL,'2018-02-16 11:14:03',1,NULL,NULL,NULL,NULL,NULL,NULL,NULL,NULL,NULL,NULL,'aaaaa',NULL,NULL,5,'2018-02-16 11:14:05',0,NULL,NULL,NULL,'9b804d23-9d3d-465c-895e-57b0fa029a6f',NULL),(863,29,15,76,NULL,'2018-02-16 11:14:03',1,NULL,NULL,NULL,NULL,NULL,NULL,NULL,NULL,NULL,NULL,'aaaaa',NULL,NULL,5,'2018-02-16 11:14:05',0,NULL,NULL,NULL,'63979e77-b403-451c-9d80-2110301ca5a3',NULL),(864,29,8,76,NULL,'2018-02-16 11:14:03',1,NULL,NULL,NULL,NULL,NULL,NULL,NULL,NULL,NULL,NULL,'SH_CVD_ASHA_SCREENING_1',NULL,NULL,5,'2018-02-16 11:14:05',0,NULL,NULL,NULL,'1e8d78e9-564a-4251-a7fd-c5ef638a9dbd',NULL),(865,29,9,76,NULL,'2018-02-16 11:14:03',1,NULL,NULL,NULL,NULL,NULL,NULL,NULL,NULL,NULL,NULL,'16-02-2018 11:13:40',NULL,NULL,5,'2018-02-16 11:14:05',0,NULL,NULL,NULL,'2bd069fb-7914-4527-8f5a-f245a76b048e',NULL),(866,29,7,76,NULL,'2018-02-16 11:14:03',1,NULL,NULL,NULL,NULL,NULL,NULL,NULL,NULL,NULL,NULL,'ha_1',NULL,NULL,5,'2018-02-16 11:14:05',0,NULL,NULL,NULL,'a3ab0fcd-19ad-4a4f-9db2-767779effe82',NULL),(867,29,118,76,NULL,'2018-02-16 11:14:03',1,NULL,NULL,NULL,NULL,NULL,NULL,NULL,NULL,NULL,NULL,'NA',NULL,NULL,5,'2018-02-16 11:14:05',0,NULL,NULL,NULL,'dae700b1-c1c1-46dd-896c-6322f219dfa9',NULL),(868,29,12,76,NULL,'2018-02-16 11:14:03',1,NULL,NULL,NULL,NULL,NULL,NULL,NULL,NULL,NULL,NULL,'1010010001',NULL,NULL,5,'2018-02-16 11:14:05',0,NULL,NULL,NULL,'f29c07f2-a682-4acd-afff-f79788ddeb52',NULL),(869,29,22,76,NULL,'2018-02-16 11:14:03',1,NULL,NULL,NULL,NULL,NULL,NULL,NULL,NULL,NULL,NULL,'F',NULL,NULL,5,'2018-02-16 11:14:05',0,NULL,NULL,NULL,'8c8dec12-55d8-4a01-808b-fb2fad652178',NULL),(870,29,20,76,NULL,'2018-02-16 11:14:03',1,NULL,NULL,NULL,NULL,NULL,NULL,NULL,NULL,NULL,NULL,'16-2-2018',NULL,NULL,5,'2018-02-16 11:14:05',0,NULL,NULL,NULL,'236bcb26-be6e-4b13-bee3-a752229547fd',NULL),(871,29,18,76,NULL,'2018-02-16 11:14:03',1,NULL,NULL,NULL,NULL,NULL,NULL,NULL,NULL,NULL,NULL,'1-1-1960',NULL,NULL,5,'2018-02-16 11:14:05',0,NULL,NULL,NULL,'c0846c8a-c75e-42de-a73e-41d1bfe82d64',NULL),(872,29,172,76,NULL,'2018-02-16 11:14:03',1,NULL,NULL,NULL,NULL,NULL,NULL,NULL,NULL,NULL,NULL,'NA',NULL,NULL,5,'2018-02-16 11:14:05',0,NULL,NULL,NULL,'9ba31604-1b21-4a8c-b19f-5bf231aa92fa',NULL),(873,29,19,76,NULL,'2018-02-16 11:14:03',1,NULL,NULL,NULL,NULL,NULL,NULL,NULL,NULL,NULL,NULL,'NA',NULL,NULL,5,'2018-02-16 11:14:05',0,NULL,NULL,NULL,'e5763cdf-e3ed-4467-aa60-7cfad902b6ee',NULL),(874,29,116,76,NULL,'2018-02-16 11:14:03',1,NULL,NULL,NULL,NULL,NULL,NULL,NULL,NULL,NULL,NULL,'ha_1',NULL,NULL,5,'2018-02-16 11:14:05',0,NULL,NULL,NULL,'513cab20-ab03-47aa-beea-f231da62836c',NULL),(875,29,173,76,NULL,'2018-02-16 11:14:03',1,NULL,NULL,NULL,NULL,NULL,NULL,NULL,NULL,NULL,NULL,'1',NULL,NULL,5,'2018-02-16 11:14:05',0,NULL,NULL,NULL,'da220edd-9c49-4098-a124-2961c95c7694',NULL),(876,29,174,76,NULL,'2018-02-16 11:14:03',1,NULL,NULL,NULL,NULL,NULL,NULL,NULL,NULL,NULL,NULL,'jyggg',NULL,NULL,5,'2018-02-16 11:14:05',0,NULL,NULL,NULL,'3675e144-062b-4a76-a178-ab70342b87cd',NULL),(877,29,175,76,NULL,'2018-02-16 11:14:03',1,NULL,NULL,NULL,NULL,NULL,NULL,NULL,NULL,NULL,NULL,'16-2-2018',NULL,NULL,5,'2018-02-16 11:14:05',0,NULL,NULL,NULL,'67a5e0c2-991a-48bb-8f57-09647e6fe344',NULL),(878,29,22,76,NULL,'2018-02-16 11:14:03',1,NULL,NULL,NULL,NULL,NULL,NULL,NULL,NULL,NULL,NULL,'F',NULL,NULL,5,'2018-02-16 11:14:05',0,NULL,NULL,NULL,'95f92903-4280-4716-a5fd-85ee93ad4def',NULL),(879,29,128,76,NULL,'2018-02-16 11:14:03',1,NULL,NULL,NULL,NULL,NULL,NULL,NULL,NULL,NULL,NULL,'568855688568',NULL,NULL,5,'2018-02-16 11:14:05',0,NULL,NULL,NULL,'54c7ae80-7924-4f67-aa8c-e91dd7ab902a',NULL),(880,29,16,76,NULL,'2018-02-16 11:14:03',1,NULL,NULL,NULL,NULL,NULL,NULL,NULL,NULL,NULL,NULL,'9886985685',NULL,NULL,5,'2018-02-16 11:14:05',0,NULL,NULL,NULL,'2d18f2df-1d7c-449a-8b8a-2a0210133e8e',NULL),(881,29,21,76,NULL,'2018-02-16 11:14:03',1,NULL,NULL,NULL,NULL,NULL,NULL,NULL,NULL,NULL,NULL,'58',NULL,NULL,5,'2018-02-16 11:14:05',0,NULL,NULL,NULL,'3e36a0c1-b4fa-4b9f-abc7-6026858eb2d1',NULL),(882,29,6,76,NULL,'2018-02-16 11:14:03',1,NULL,NULL,NULL,NULL,NULL,NULL,NULL,NULL,NULL,NULL,'hyuh',NULL,NULL,5,'2018-02-16 11:14:05',0,NULL,NULL,NULL,'a8a4a419-03eb-40fd-b669-46a9e7aebd1e',NULL),(883,29,5,76,NULL,'2018-02-16 11:14:03',1,NULL,NULL,NULL,NULL,NULL,NULL,NULL,NULL,NULL,NULL,'3',NULL,NULL,5,'2018-02-16 11:14:05',0,NULL,NULL,NULL,'8de4f603-4813-47af-a963-97453e535bac',NULL),(884,29,114,76,NULL,'2018-02-16 11:14:03',1,NULL,NULL,NULL,NULL,NULL,NULL,NULL,NULL,NULL,NULL,'16-02-2018 11:13:40',NULL,NULL,5,'2018-02-16 11:14:05',0,NULL,NULL,NULL,'144119ed-c248-4a91-84ad-4a5536f0607d',NULL),(885,29,119,76,NULL,'2018-02-16 11:14:03',1,NULL,NULL,NULL,NULL,NULL,NULL,NULL,NULL,NULL,NULL,'SH_CVD_ASHA_SCREENING_1',NULL,NULL,5,'2018-02-16 11:14:05',0,NULL,NULL,NULL,'d7cf2071-c421-4cc9-819d-b87f62eeb693',NULL),(886,29,176,76,NULL,'2018-02-16 11:14:03',1,NULL,NULL,NULL,NULL,NULL,NULL,NULL,NULL,NULL,NULL,'NA',NULL,NULL,5,'2018-02-16 11:14:05',0,NULL,NULL,NULL,'6a010fa2-fda2-4ce9-9ed4-2162d884282e',NULL),(887,29,177,76,NULL,'2018-02-16 11:14:03',1,NULL,NULL,NULL,NULL,NULL,NULL,NULL,NULL,NULL,NULL,'NA',NULL,NULL,5,'2018-02-16 11:14:05',0,NULL,NULL,NULL,'a4b3c8dc-66b4-45e6-8799-46c3cc212cb1',NULL),(888,29,178,76,NULL,'2018-02-16 11:14:03',1,NULL,NULL,NULL,NULL,NULL,NULL,NULL,NULL,NULL,NULL,'NA',NULL,NULL,5,'2018-02-16 11:14:05',0,NULL,NULL,NULL,'0f3c6aaa-f1c5-42c9-a25f-b333a4853440',NULL),(889,29,79,76,NULL,'2018-02-16 11:14:03',1,NULL,NULL,NULL,NULL,NULL,NULL,NULL,NULL,NULL,NULL,'NA',NULL,NULL,5,'2018-02-16 11:14:05',0,NULL,NULL,NULL,'f1426f4a-307b-4ace-97c1-295fcaabf777',NULL),(890,29,80,76,NULL,'2018-02-16 11:14:03',1,NULL,NULL,NULL,NULL,NULL,NULL,NULL,NULL,NULL,NULL,'NA',NULL,NULL,5,'2018-02-16 11:14:05',0,NULL,NULL,NULL,'c0789953-8b7b-416b-a2f2-d238af416df1',NULL),(891,29,179,76,NULL,'2018-02-16 11:14:03',1,NULL,NULL,NULL,NULL,NULL,NULL,NULL,NULL,NULL,NULL,'NA',NULL,NULL,5,'2018-02-16 11:14:05',0,NULL,NULL,NULL,'f2e02c50-44a7-4afe-a769-3697259de8f7',NULL),(892,29,117,76,NULL,'2018-02-16 11:14:03',1,NULL,NULL,NULL,NULL,NULL,NULL,NULL,NULL,NULL,NULL,'asha',NULL,NULL,5,'2018-02-16 11:14:05',0,NULL,NULL,NULL,'a095e7a5-fd1b-49b3-a41a-645b77509f51',NULL),(893,29,115,76,NULL,'2018-02-16 11:14:03',1,NULL,NULL,NULL,NULL,NULL,NULL,NULL,NULL,NULL,NULL,'16-02-2018 11:13:40',NULL,NULL,5,'2018-02-16 11:14:05',0,NULL,NULL,NULL,'90eb9378-4bc0-4d7f-aecf-4601e0f2c755',NULL),(894,29,180,76,NULL,'2018-02-16 11:14:03',1,NULL,NULL,NULL,NULL,NULL,NULL,NULL,NULL,NULL,NULL,'NA',NULL,NULL,5,'2018-02-16 11:14:05',0,NULL,NULL,NULL,'2f0a9586-7f90-4495-b0f5-0fd0862a1116',NULL),(895,29,181,76,NULL,'2018-02-16 11:14:03',1,NULL,NULL,NULL,NULL,NULL,NULL,NULL,NULL,NULL,NULL,'NA',NULL,NULL,5,'2018-02-16 11:14:05',0,NULL,NULL,NULL,'b6784b17-265f-4bbe-ba7a-54eefa3fc862',NULL),(896,29,182,76,NULL,'2018-02-16 11:14:03',1,NULL,NULL,NULL,NULL,NULL,NULL,NULL,NULL,NULL,NULL,'NA',NULL,NULL,5,'2018-02-16 11:14:05',0,NULL,NULL,NULL,'cbfeb130-b757-4862-bae9-cde5105ad445',NULL),(897,29,183,76,NULL,'2018-02-16 11:14:03',1,NULL,NULL,NULL,NULL,NULL,NULL,NULL,NULL,NULL,NULL,'NA',NULL,NULL,5,'2018-02-16 11:14:05',0,NULL,NULL,NULL,'a905e090-b314-4ae3-82f6-74a44173e746',NULL),(898,29,184,76,NULL,'2018-02-16 11:14:03',1,NULL,NULL,NULL,NULL,NULL,NULL,NULL,NULL,NULL,NULL,'NA',NULL,NULL,5,'2018-02-16 11:14:05',0,NULL,NULL,NULL,'96f554c2-ffb1-4eb7-8c5e-04da15859e59',NULL),(899,29,185,76,NULL,'2018-02-16 11:14:03',1,NULL,NULL,NULL,NULL,NULL,NULL,NULL,NULL,NULL,NULL,'NA',NULL,NULL,5,'2018-02-16 11:14:05',0,NULL,NULL,NULL,'491d4a2c-52bc-4641-8480-2631c2e21289',NULL),(900,29,186,76,NULL,'2018-02-16 11:14:03',1,NULL,NULL,NULL,NULL,NULL,NULL,NULL,NULL,NULL,NULL,'NA',NULL,NULL,5,'2018-02-16 11:14:05',0,NULL,NULL,NULL,'8f3f9637-75c4-4ab2-bc8d-21a55fcfa496',NULL),(901,29,187,76,NULL,'2018-02-16 11:14:03',1,NULL,NULL,NULL,NULL,NULL,NULL,NULL,NULL,NULL,NULL,'NA',NULL,NULL,5,'2018-02-16 11:14:05',0,NULL,NULL,NULL,'4f20f395-0896-4a8a-b96b-a1dc18419ca8',NULL),(902,29,188,76,NULL,'2018-02-16 11:14:03',1,NULL,NULL,NULL,NULL,NULL,NULL,NULL,NULL,NULL,NULL,'NA',NULL,NULL,5,'2018-02-16 11:14:05',0,NULL,NULL,NULL,'506ca79c-1164-4443-b38d-c29750cc6167',NULL),(903,29,175,77,NULL,'2018-02-16 12:02:59',1,NULL,NULL,NULL,NULL,NULL,NULL,NULL,NULL,NULL,NULL,'16-2-2018',NULL,NULL,5,'2018-02-16 12:02:59',0,NULL,NULL,NULL,'86e312f8-ba3f-4d97-a819-2d98d5c0d40f',NULL),(904,29,174,77,NULL,'2018-02-16 12:02:59',1,NULL,NULL,NULL,NULL,NULL,NULL,NULL,NULL,NULL,NULL,'jyggg',NULL,NULL,5,'2018-02-16 12:02:59',0,NULL,NULL,NULL,'ea6014ba-b16a-4ed5-aa81-2bc47c8b11ac',NULL),(905,29,128,77,NULL,'2018-02-16 12:02:59',1,NULL,NULL,NULL,NULL,NULL,NULL,NULL,NULL,NULL,NULL,'568855688568',NULL,NULL,5,'2018-02-16 12:02:59',0,NULL,NULL,NULL,'3b166ac2-7141-4156-992d-315598d9fb94',NULL),(906,29,22,77,NULL,'2018-02-16 12:02:59',1,NULL,NULL,NULL,NULL,NULL,NULL,NULL,NULL,NULL,NULL,'F',NULL,NULL,5,'2018-02-16 12:02:59',0,NULL,NULL,NULL,'4de8b51f-2706-4301-8c64-6c2a3767efb1',NULL),(907,29,21,77,NULL,'2018-02-16 12:02:59',1,NULL,NULL,NULL,NULL,NULL,NULL,NULL,NULL,NULL,NULL,'58',NULL,NULL,5,'2018-02-16 12:02:59',0,NULL,NULL,NULL,'e361d251-1a88-4c4b-9459-93b5236437fc',NULL),(908,29,16,77,NULL,'2018-02-16 12:02:59',1,NULL,NULL,NULL,NULL,NULL,NULL,NULL,NULL,NULL,NULL,'9886985685',NULL,NULL,5,'2018-02-16 12:02:59',0,NULL,NULL,NULL,'7feac58f-3eea-4232-b63d-c3e39b16406a',NULL),(909,29,5,77,NULL,'2018-02-16 12:02:59',1,NULL,NULL,NULL,NULL,NULL,NULL,NULL,NULL,NULL,NULL,'3',NULL,NULL,5,'2018-02-16 12:02:59',0,NULL,NULL,NULL,'322974e3-ee0c-4405-b669-a252533ebd7d',NULL),(910,29,6,77,NULL,'2018-02-16 12:02:59',1,NULL,NULL,NULL,NULL,NULL,NULL,NULL,NULL,NULL,NULL,'hyuh',NULL,NULL,5,'2018-02-16 12:02:59',0,NULL,NULL,NULL,'9d1fd5bb-99ca-4669-b965-f70b20969088',NULL),(911,29,150,77,NULL,'2018-02-16 12:02:59',1,NULL,NULL,NULL,NULL,NULL,NULL,NULL,NULL,NULL,NULL,'0',NULL,NULL,5,'2018-02-16 12:02:59',0,NULL,NULL,NULL,'cfa40796-8ccc-43f6-a917-2f5387213c0d',NULL),(912,29,149,77,NULL,'2018-02-16 12:02:59',1,NULL,NULL,NULL,NULL,NULL,NULL,NULL,NULL,NULL,NULL,'1',NULL,NULL,5,'2018-02-16 12:02:59',0,NULL,NULL,NULL,'313866fd-4094-4d53-bcf2-72b40ad9be7f',NULL),(913,29,160,77,NULL,'2018-02-16 12:02:59',1,NULL,NULL,NULL,NULL,NULL,NULL,NULL,NULL,NULL,NULL,'0',NULL,NULL,5,'2018-02-16 12:02:59',0,NULL,NULL,NULL,'6f2d328a-1e30-4bf2-a84f-95a6e4d54079',NULL),(914,29,161,77,NULL,'2018-02-16 12:02:59',1,NULL,NULL,NULL,NULL,NULL,NULL,NULL,NULL,NULL,NULL,'1',NULL,NULL,5,'2018-02-16 12:02:59',0,NULL,NULL,NULL,'0c4e89a0-a39f-4bb9-be1d-e5668f0e33a0',NULL),(915,29,146,77,NULL,'2018-02-16 12:02:59',1,NULL,NULL,NULL,NULL,NULL,NULL,NULL,NULL,NULL,NULL,'80',NULL,NULL,5,'2018-02-16 12:02:59',0,NULL,NULL,NULL,'1e5327c1-9a0d-4ea6-a201-9c4fb7c71bed',NULL),(916,29,145,77,NULL,'2018-02-16 12:02:59',1,NULL,NULL,NULL,NULL,NULL,NULL,NULL,NULL,NULL,NULL,'40.82',NULL,NULL,5,'2018-02-16 12:02:59',0,NULL,NULL,NULL,'d54fbe92-20ff-458e-ba9d-ad86838cb094',NULL),(917,29,148,77,NULL,'2018-02-16 12:02:59',1,NULL,NULL,NULL,NULL,NULL,NULL,NULL,NULL,NULL,NULL,'0',NULL,NULL,5,'2018-02-16 12:02:59',0,NULL,NULL,NULL,'39c51fe7-4b5c-45b5-9081-38237a2c910b',NULL),(918,29,147,77,NULL,'2018-02-16 12:02:59',1,NULL,NULL,NULL,NULL,NULL,NULL,NULL,NULL,NULL,NULL,'140',NULL,NULL,5,'2018-02-16 12:02:59',0,NULL,NULL,NULL,'1bd10d53-1324-400c-9275-7875e1940b78',NULL),(919,29,144,77,NULL,'2018-02-16 12:02:59',1,NULL,NULL,NULL,NULL,NULL,NULL,NULL,NULL,NULL,NULL,'0',NULL,NULL,5,'2018-02-16 12:02:59',0,NULL,NULL,NULL,'435fcce4-0fc7-43cc-8d2c-c869084fea7e',NULL),(920,29,143,77,NULL,'2018-02-16 12:02:59',1,NULL,NULL,NULL,NULL,NULL,NULL,NULL,NULL,NULL,NULL,'0',NULL,NULL,5,'2018-02-16 12:02:59',0,NULL,NULL,NULL,'c502fa95-2e1e-4730-974c-f0e745071811',NULL),(921,29,171,77,NULL,'2018-02-16 12:02:59',1,NULL,NULL,NULL,NULL,NULL,NULL,NULL,NULL,NULL,NULL,'6',NULL,NULL,5,'2018-02-16 12:02:59',0,NULL,NULL,NULL,'09754b12-dc01-4bf5-a43a-20e5b4216a5f',NULL),(922,29,170,77,NULL,'2018-02-16 12:02:59',1,NULL,NULL,NULL,NULL,NULL,NULL,NULL,NULL,NULL,NULL,'8',NULL,NULL,5,'2018-02-16 12:02:59',0,NULL,NULL,NULL,'8e7b1248-0d3f-4615-aa8f-f25cfd2e3f9f',NULL),(923,29,183,77,NULL,'2018-02-16 12:02:59',1,NULL,NULL,NULL,NULL,NULL,NULL,NULL,NULL,NULL,NULL,'0',NULL,NULL,5,'2018-02-16 12:02:59',0,NULL,NULL,NULL,'7709bc9d-f121-43ef-92e3-a8d6a91a5bc3',NULL),(924,29,184,77,NULL,'2018-02-16 12:02:59',1,NULL,NULL,NULL,NULL,NULL,NULL,NULL,NULL,NULL,NULL,'0',NULL,NULL,5,'2018-02-16 12:02:59',0,NULL,NULL,NULL,'2c4f4bb2-33f3-49c5-94e7-14867b71334d',NULL),(925,29,167,77,NULL,'2018-02-16 12:02:59',1,NULL,NULL,NULL,NULL,NULL,NULL,NULL,NULL,NULL,NULL,'665268',NULL,NULL,5,'2018-02-16 12:03:00',0,NULL,NULL,NULL,'902dfd63-8b0a-444c-ae08-a195ce9d8e62',NULL),(926,29,166,77,NULL,'2018-02-16 12:02:59',1,NULL,NULL,NULL,NULL,NULL,NULL,NULL,NULL,NULL,NULL,'856855',NULL,NULL,5,'2018-02-16 12:03:00',0,NULL,NULL,NULL,'c136c648-b745-4e4f-92b3-8f1f94b6836f',NULL),(927,29,169,77,NULL,'2018-02-16 12:02:59',1,NULL,NULL,NULL,NULL,NULL,NULL,NULL,NULL,NULL,NULL,'ghbgg',NULL,NULL,5,'2018-02-16 12:03:00',0,NULL,NULL,NULL,'95196092-1d9f-496c-bdd2-e711845cb870',NULL),(928,29,168,77,NULL,'2018-02-16 12:02:59',1,NULL,NULL,NULL,NULL,NULL,NULL,NULL,NULL,NULL,NULL,'1',NULL,NULL,5,'2018-02-16 12:03:00',0,NULL,NULL,NULL,'47349f51-6d6e-4563-bc2f-425ff916697a',NULL),(929,29,116,77,NULL,'2018-02-16 12:02:59',1,NULL,NULL,NULL,NULL,NULL,NULL,NULL,NULL,NULL,NULL,'ruhsa_1',NULL,NULL,5,'2018-02-16 12:03:00',0,NULL,NULL,NULL,'670f4537-3331-4957-b31c-83cd5ca455fe',NULL),(930,29,173,77,NULL,'2018-02-16 12:02:59',1,NULL,NULL,NULL,NULL,NULL,NULL,NULL,NULL,NULL,NULL,'1',NULL,NULL,5,'2018-02-16 12:03:00',0,NULL,NULL,NULL,'5540b337-fcf5-4a75-b7ee-2aab04780a59',NULL),(931,29,165,77,NULL,'2018-02-16 12:02:59',1,NULL,NULL,NULL,NULL,NULL,NULL,NULL,NULL,NULL,NULL,'H',NULL,NULL,5,'2018-02-16 12:03:00',0,NULL,NULL,NULL,'91203b37-ac31-466d-a798-b5becca6fa9f',NULL),(932,29,164,77,NULL,'2018-02-16 12:02:59',1,NULL,NULL,NULL,NULL,NULL,NULL,NULL,NULL,NULL,NULL,'jttt',NULL,NULL,5,'2018-02-16 12:03:00',0,NULL,NULL,NULL,'b23695c9-0603-4746-8cd9-bc185332aca7',NULL),(933,29,137,77,NULL,'2018-02-16 12:02:59',1,NULL,NULL,NULL,NULL,NULL,NULL,NULL,NULL,NULL,NULL,'16-2-2018',NULL,NULL,5,'2018-02-16 12:03:00',0,NULL,NULL,NULL,'8423e14e-07e3-4f78-a0fa-3789f3043a7c',NULL),(934,29,138,77,NULL,'2018-02-16 12:02:59',1,NULL,NULL,NULL,NULL,NULL,NULL,NULL,NULL,NULL,NULL,'1',NULL,NULL,5,'2018-02-16 12:03:00',0,NULL,NULL,NULL,'9edd7e23-72fb-44d0-b410-7bbb7d93ca29',NULL),(935,29,133,77,NULL,'2018-02-16 12:02:59',1,NULL,NULL,NULL,NULL,NULL,NULL,NULL,NULL,NULL,NULL,'0',NULL,NULL,5,'2018-02-16 12:03:00',0,NULL,NULL,NULL,'df64bc33-5f6b-4249-8122-62aaf272b75f',NULL),(936,29,134,77,NULL,'2018-02-16 12:02:59',1,NULL,NULL,NULL,NULL,NULL,NULL,NULL,NULL,NULL,NULL,'120',NULL,NULL,5,'2018-02-16 12:03:00',0,NULL,NULL,NULL,'67085f4e-83f1-4062-8f6d-b0cbc17a6c7e',NULL),(937,29,139,77,NULL,'2018-02-16 12:02:59',1,NULL,NULL,NULL,NULL,NULL,NULL,NULL,NULL,NULL,NULL,'80',NULL,NULL,5,'2018-02-16 12:03:00',0,NULL,NULL,NULL,'1304b52d-fe99-462e-9559-4d68503699d0',NULL),(938,29,140,77,NULL,'2018-02-16 12:02:59',1,NULL,NULL,NULL,NULL,NULL,NULL,NULL,NULL,NULL,NULL,'7',NULL,NULL,5,'2018-02-16 12:03:00',0,NULL,NULL,NULL,'9334a344-f1fa-4db4-8f1f-f526086c5649',NULL),(939,29,152,77,NULL,'2018-02-16 12:02:59',1,NULL,NULL,NULL,NULL,NULL,NULL,NULL,NULL,NULL,NULL,'1',NULL,NULL,5,'2018-02-16 12:03:00',0,NULL,NULL,NULL,'459b2e6a-ae0a-49c9-b226-e7221853163b',NULL),(940,29,151,77,NULL,'2018-02-16 12:02:59',1,NULL,NULL,NULL,NULL,NULL,NULL,NULL,NULL,NULL,NULL,'0',NULL,NULL,5,'2018-02-16 12:03:00',0,NULL,NULL,NULL,'bf4d2749-3b3a-4b42-8835-046d4fbe10ea',NULL),(941,29,135,77,NULL,'2018-02-16 12:02:59',1,NULL,NULL,NULL,NULL,NULL,NULL,NULL,NULL,NULL,NULL,'0',NULL,NULL,5,'2018-02-16 12:03:00',0,NULL,NULL,NULL,'1a4d9278-385d-4739-97e2-cb6ec815bd5c',NULL),(942,29,136,77,NULL,'2018-02-16 12:02:59',1,NULL,NULL,NULL,NULL,NULL,NULL,NULL,NULL,NULL,NULL,'1',NULL,NULL,5,'2018-02-16 12:03:00',0,NULL,NULL,NULL,'a2f263e0-996f-44a2-8d0a-d8035b4efe46',NULL),(943,29,19,77,NULL,'2018-02-16 12:02:59',1,NULL,NULL,NULL,NULL,NULL,NULL,NULL,NULL,NULL,NULL,'NA',NULL,NULL,5,'2018-02-16 12:03:00',0,NULL,NULL,NULL,'72131843-f509-494a-829a-24734b3c2226',NULL),(944,29,119,77,NULL,'2018-02-16 12:02:59',1,NULL,NULL,NULL,NULL,NULL,NULL,NULL,NULL,NULL,NULL,'SH_CVD_DOCTOR_FOLLOWUP_1',NULL,NULL,5,'2018-02-16 12:03:00',0,NULL,NULL,NULL,'10c1449f-5dad-40c5-ad7f-007b51e3f2a9',NULL),(945,29,114,77,NULL,'2018-02-16 12:02:59',1,NULL,NULL,NULL,NULL,NULL,NULL,NULL,NULL,NULL,NULL,'16-02-2018 11:56:57',NULL,NULL,5,'2018-02-16 12:03:00',0,NULL,NULL,NULL,'3dcf85f4-0670-4b2a-a7c1-70492b4c5f88',NULL),(946,29,7,77,NULL,'2018-02-16 12:02:59',1,NULL,NULL,NULL,NULL,NULL,NULL,NULL,NULL,NULL,NULL,'ha_1',NULL,NULL,5,'2018-02-16 12:03:00',0,NULL,NULL,NULL,'44c1eff6-2669-4d3b-b870-928fcc2d5b89',NULL),(947,29,118,77,NULL,'2018-02-16 12:02:59',1,NULL,NULL,NULL,NULL,NULL,NULL,NULL,NULL,NULL,NULL,'NA',NULL,NULL,5,'2018-02-16 12:03:00',0,NULL,NULL,NULL,'41eb7a40-c537-43f1-892b-692c69e5fece',NULL),(948,29,8,77,NULL,'2018-02-16 12:02:59',1,NULL,NULL,NULL,NULL,NULL,NULL,NULL,NULL,NULL,NULL,'SH_CVD_DOCTOR_FOLLOWUP_1',NULL,NULL,5,'2018-02-16 12:03:00',0,NULL,NULL,NULL,'c5d633ae-8c39-4776-9df0-8d90e6515da2',NULL),(949,29,9,77,NULL,'2018-02-16 12:02:59',1,NULL,NULL,NULL,NULL,NULL,NULL,NULL,NULL,NULL,NULL,'16-02-2018 11:56:57',NULL,NULL,5,'2018-02-16 12:03:00',0,NULL,NULL,NULL,'a2dbe01a-7639-46ba-a900-f5f96a9d8176',NULL),(950,29,20,77,NULL,'2018-02-16 12:02:59',1,NULL,NULL,NULL,NULL,NULL,NULL,NULL,NULL,NULL,NULL,'16-2-2018',NULL,NULL,5,'2018-02-16 12:03:00',0,NULL,NULL,NULL,'f40a425f-7a22-4f33-83d2-3ca3b4b8d312',NULL),(951,29,18,77,NULL,'2018-02-16 12:02:59',1,NULL,NULL,NULL,NULL,NULL,NULL,NULL,NULL,NULL,NULL,'1-1-1960',NULL,NULL,5,'2018-02-16 12:03:00',0,NULL,NULL,NULL,'3a021d69-358c-4b8b-bd06-f426930eafc8',NULL),(952,29,12,77,NULL,'2018-02-16 12:02:59',1,NULL,NULL,NULL,NULL,NULL,NULL,NULL,NULL,NULL,NULL,'1010010001',NULL,NULL,5,'2018-02-16 12:03:00',0,NULL,NULL,NULL,'f5347fce-1fad-4a7d-bb75-d83df01f2450',NULL),(953,29,22,77,NULL,'2018-02-16 12:02:59',1,NULL,NULL,NULL,NULL,NULL,NULL,NULL,NULL,NULL,NULL,'F',NULL,NULL,5,'2018-02-16 12:03:00',0,NULL,NULL,NULL,'e86a4a60-53be-4ce4-9ba3-7e6bce32a941',NULL),(954,29,80,77,NULL,'2018-02-16 12:02:59',1,NULL,NULL,NULL,NULL,NULL,NULL,NULL,NULL,NULL,NULL,'80',NULL,NULL,5,'2018-02-16 12:03:00',0,NULL,NULL,NULL,'79796f79-11d9-4965-afcc-8b6e56a69084',NULL),(955,29,179,77,NULL,'2018-02-16 12:02:59',1,NULL,NULL,NULL,NULL,NULL,NULL,NULL,NULL,NULL,NULL,'1',NULL,NULL,5,'2018-02-16 12:03:00',0,NULL,NULL,NULL,'e9ee3b61-e266-4967-b044-7cc945a5a5e2',NULL),(956,29,178,77,NULL,'2018-02-16 12:02:59',1,NULL,NULL,NULL,NULL,NULL,NULL,NULL,NULL,NULL,NULL,'80',NULL,NULL,5,'2018-02-16 12:03:00',0,NULL,NULL,NULL,'80da3d45-8aa8-4cd3-a36a-fd5b04a527ef',NULL),(957,29,79,77,NULL,'2018-02-16 12:02:59',1,NULL,NULL,NULL,NULL,NULL,NULL,NULL,NULL,NULL,NULL,'90',NULL,NULL,5,'2018-02-16 12:03:00',0,NULL,NULL,NULL,'19b8142c-84f4-4ca0-b2d0-1e3233965693',NULL),(958,29,176,77,NULL,'2018-02-16 12:02:59',1,NULL,NULL,NULL,NULL,NULL,NULL,NULL,NULL,NULL,NULL,'80',NULL,NULL,5,'2018-02-16 12:03:00',0,NULL,NULL,NULL,'dcfacc08-249e-4dec-8740-a9f8ff98b71f',NULL),(959,29,177,77,NULL,'2018-02-16 12:02:59',1,NULL,NULL,NULL,NULL,NULL,NULL,NULL,NULL,NULL,NULL,'90',NULL,NULL,5,'2018-02-16 12:03:00',0,NULL,NULL,NULL,'989031ab-124e-42cd-9147-7a11238a2e31',NULL),(960,29,172,77,NULL,'2018-02-16 12:02:59',1,NULL,NULL,NULL,NULL,NULL,NULL,NULL,NULL,NULL,NULL,'1',NULL,NULL,5,'2018-02-16 12:03:00',0,NULL,NULL,NULL,'3898bc19-fd22-433f-8bed-7b2b6bb2d794',NULL),(961,29,180,77,NULL,'2018-02-16 12:02:59',1,NULL,NULL,NULL,NULL,NULL,NULL,NULL,NULL,NULL,NULL,'77',NULL,NULL,5,'2018-02-16 12:03:00',0,NULL,NULL,NULL,'afcc11a3-df14-4e61-ba94-0402512ee1d2',NULL),(962,29,117,77,NULL,'2018-02-16 12:02:59',1,NULL,NULL,NULL,NULL,NULL,NULL,NULL,NULL,NULL,NULL,'doctor',NULL,NULL,5,'2018-02-16 12:03:00',0,NULL,NULL,NULL,'a6835160-5579-41b8-a3f5-462363901b6d',NULL),(963,29,115,77,NULL,'2018-02-16 12:02:59',1,NULL,NULL,NULL,NULL,NULL,NULL,NULL,NULL,NULL,NULL,'16-02-2018 11:56:57',NULL,NULL,5,'2018-02-16 12:03:00',0,NULL,NULL,NULL,'c72e59d7-a468-47af-9933-284a90245e56',NULL),(964,29,15,77,NULL,'2018-02-16 12:02:59',1,NULL,NULL,NULL,NULL,NULL,NULL,NULL,NULL,NULL,NULL,'aaaaa',NULL,NULL,5,'2018-02-16 12:03:00',0,NULL,NULL,NULL,'2f6d2e46-712d-4b22-83d7-c690672b3da4',NULL),(965,29,14,77,NULL,'2018-02-16 12:02:59',1,NULL,NULL,NULL,NULL,NULL,NULL,NULL,NULL,NULL,NULL,'aaaaa',NULL,NULL,5,'2018-02-16 12:03:00',0,NULL,NULL,NULL,'ff5d70e2-4f15-418c-91e9-ce1e1c1dec8a',NULL),(966,29,116,77,NULL,'2018-02-16 12:02:59',1,NULL,NULL,NULL,NULL,NULL,NULL,NULL,NULL,NULL,NULL,'ruhsa_1',NULL,NULL,5,'2018-02-16 12:03:00',0,NULL,NULL,NULL,'704f2af1-31d3-4f3b-84d1-0d33562ff772',NULL),(967,29,181,77,NULL,'2018-02-16 12:02:59',1,NULL,NULL,NULL,NULL,NULL,NULL,NULL,NULL,NULL,NULL,'0',NULL,NULL,5,'2018-02-16 12:03:00',0,NULL,NULL,NULL,'74d75c95-24d6-41ca-b946-ae0c503bcedf',NULL),(968,29,182,77,NULL,'2018-02-16 12:02:59',1,NULL,NULL,NULL,NULL,NULL,NULL,NULL,NULL,NULL,NULL,'0',NULL,NULL,5,'2018-02-16 12:03:00',0,NULL,NULL,NULL,'3c162486-7931-4826-9760-a647affb62c1',NULL),(969,29,187,77,NULL,'2018-02-16 12:02:59',1,NULL,NULL,NULL,NULL,NULL,NULL,NULL,NULL,NULL,NULL,'NA',NULL,NULL,5,'2018-02-16 12:03:00',0,NULL,NULL,NULL,'87cd74a3-9263-45ec-87cb-5a0383e4a982',NULL),(970,29,188,77,NULL,'2018-02-16 12:02:59',1,NULL,NULL,NULL,NULL,NULL,NULL,NULL,NULL,NULL,NULL,'0',NULL,NULL,5,'2018-02-16 12:03:00',0,NULL,NULL,NULL,'97c0ff3b-e6c7-4fdb-ac80-e9b11287d979',NULL),(971,29,185,77,NULL,'2018-02-16 12:02:59',1,NULL,NULL,NULL,NULL,NULL,NULL,NULL,NULL,NULL,NULL,'NA',NULL,NULL,5,'2018-02-16 12:03:00',0,NULL,NULL,NULL,'0fa29124-d69e-4e1f-899e-c7967227cdfb',NULL),(972,29,186,77,NULL,'2018-02-16 12:02:59',1,NULL,NULL,NULL,NULL,NULL,NULL,NULL,NULL,NULL,NULL,'0',NULL,NULL,5,'2018-02-16 12:03:00',0,NULL,NULL,NULL,'8bff7130-c4c7-4398-8787-fadd29c95eef',NULL),(973,29,142,77,NULL,'2018-02-16 12:02:59',1,NULL,NULL,NULL,NULL,NULL,NULL,NULL,NULL,NULL,NULL,'Rectruited',NULL,NULL,5,'2018-02-16 12:03:01',0,NULL,NULL,NULL,'144987c9-f84d-4723-a32f-907784684cfe',NULL),(974,29,141,77,NULL,'2018-02-16 12:02:59',1,NULL,NULL,NULL,NULL,NULL,NULL,NULL,NULL,NULL,NULL,'done',NULL,NULL,5,'2018-02-16 12:03:01',0,NULL,NULL,NULL,'edb2b9ba-3047-4617-a3b6-dc9cd3f02d2c',NULL),(975,29,155,77,NULL,'2018-02-16 12:02:59',1,NULL,NULL,NULL,NULL,NULL,NULL,NULL,NULL,NULL,NULL,'0',NULL,NULL,5,'2018-02-16 12:03:01',0,NULL,NULL,NULL,'01bfa8d5-f5c9-455e-8b71-8198fe91cc1a',NULL),(976,29,154,77,NULL,'2018-02-16 12:02:59',1,NULL,NULL,NULL,NULL,NULL,NULL,NULL,NULL,NULL,NULL,'0',NULL,NULL,5,'2018-02-16 12:03:01',0,NULL,NULL,NULL,'b951d9da-2a47-4de6-ab83-2e993abf0a9c',NULL),(977,29,159,77,NULL,'2018-02-16 12:02:59',1,NULL,NULL,NULL,NULL,NULL,NULL,NULL,NULL,NULL,NULL,'0',NULL,NULL,5,'2018-02-16 12:03:01',0,NULL,NULL,NULL,'21bc682e-d469-4f49-90a0-1e34c83445ab',NULL),(978,29,158,77,NULL,'2018-02-16 12:02:59',1,NULL,NULL,NULL,NULL,NULL,NULL,NULL,NULL,NULL,NULL,'16-2-2018',NULL,NULL,5,'2018-02-16 12:03:01',0,NULL,NULL,NULL,'fa500667-1ab5-4385-848f-5207f16688b0',NULL),(979,29,153,77,NULL,'2018-02-16 12:02:59',1,NULL,NULL,NULL,NULL,NULL,NULL,NULL,NULL,NULL,NULL,'NA',NULL,NULL,5,'2018-02-16 12:03:01',0,NULL,NULL,NULL,'234144ef-e253-43b8-b20f-7710ee5d6966',NULL),(980,29,35,77,NULL,'2018-02-16 12:02:59',1,NULL,NULL,NULL,NULL,NULL,NULL,NULL,NULL,NULL,NULL,'35',NULL,NULL,5,'2018-02-16 12:03:01',0,NULL,NULL,NULL,'3ffe8ad0-5f7a-4fe3-b626-c6b08c79101c',NULL),(981,29,162,77,NULL,'2018-02-16 12:02:59',1,NULL,NULL,NULL,NULL,NULL,NULL,NULL,NULL,NULL,NULL,'140',NULL,NULL,5,'2018-02-16 12:03:01',0,NULL,NULL,NULL,'86824d6f-a958-46a8-9821-568f63e05ff5',NULL),(982,29,163,77,NULL,'2018-02-16 12:02:59',1,NULL,NULL,NULL,NULL,NULL,NULL,NULL,NULL,NULL,NULL,'4,5',NULL,NULL,5,'2018-02-16 12:03:01',0,NULL,NULL,NULL,'240376f8-424e-45be-9b7c-b1b74dbe6bba',NULL),(983,29,157,77,NULL,'2018-02-16 12:02:59',1,NULL,NULL,NULL,NULL,NULL,NULL,NULL,NULL,NULL,NULL,'8.1',NULL,NULL,5,'2018-02-16 12:03:01',0,NULL,NULL,NULL,'9109dd1f-399a-4d2d-877e-89ca996feab7',NULL),(984,29,156,77,NULL,'2018-02-16 12:02:59',1,NULL,NULL,NULL,NULL,NULL,NULL,NULL,NULL,NULL,NULL,'16-2-2018',NULL,NULL,5,'2018-02-16 12:03:01',0,NULL,NULL,NULL,'a6b2d81d-8778-4d92-8298-8a9dcf72e7a1',NULL),(985,50,133,78,NULL,'2018-02-16 14:39:15',1,NULL,NULL,NULL,NULL,NULL,NULL,NULL,NULL,NULL,NULL,'1',NULL,NULL,13,'2018-02-16 14:39:16',0,NULL,NULL,NULL,'eda31798-0477-44c2-9158-009b2c0aa45e',NULL),(986,50,134,78,NULL,'2018-02-16 14:39:15',1,NULL,NULL,NULL,NULL,NULL,NULL,NULL,NULL,NULL,NULL,'120',NULL,NULL,13,'2018-02-16 14:39:16',0,NULL,NULL,NULL,'1eff4d88-656a-4ddd-b816-484f6b165fc7',NULL),(987,50,135,78,NULL,'2018-02-16 14:39:15',1,NULL,NULL,NULL,NULL,NULL,NULL,NULL,NULL,NULL,NULL,'1',NULL,NULL,13,'2018-02-16 14:39:16',0,NULL,NULL,NULL,'a76a29b2-d41d-456e-8ff2-433dcc64981b',NULL),(988,50,136,78,NULL,'2018-02-16 14:39:15',1,NULL,NULL,NULL,NULL,NULL,NULL,NULL,NULL,NULL,NULL,'1',NULL,NULL,13,'2018-02-16 14:39:16',0,NULL,NULL,NULL,'fae96ecb-2c11-4e71-b95b-3c596983dbe8',NULL),(989,50,137,78,NULL,'2018-02-16 14:39:15',1,NULL,NULL,NULL,NULL,NULL,NULL,NULL,NULL,NULL,NULL,'NA',NULL,NULL,13,'2018-02-16 14:39:16',0,NULL,NULL,NULL,'69859763-5b9c-436c-85fd-44945ee6b773',NULL),(990,50,138,78,NULL,'2018-02-16 14:39:15',1,NULL,NULL,NULL,NULL,NULL,NULL,NULL,NULL,NULL,NULL,'1',NULL,NULL,13,'2018-02-16 14:39:16',0,NULL,NULL,NULL,'f6c15fbc-5fc0-4d57-a50f-b6d27dde682f',NULL),(991,50,139,78,NULL,'2018-02-16 14:39:15',1,NULL,NULL,NULL,NULL,NULL,NULL,NULL,NULL,NULL,NULL,'80',NULL,NULL,13,'2018-02-16 14:39:16',0,NULL,NULL,NULL,'d6b8281c-3665-444d-aa25-d893b00adcfb',NULL),(992,50,140,78,NULL,'2018-02-16 14:39:15',1,NULL,NULL,NULL,NULL,NULL,NULL,NULL,NULL,NULL,NULL,'11.5',NULL,NULL,13,'2018-02-16 14:39:16',0,NULL,NULL,NULL,'b443b388-a2c2-4b6f-a704-dff2b7ee79af',NULL),(993,50,141,78,NULL,'2018-02-16 14:39:15',1,NULL,NULL,NULL,NULL,NULL,NULL,NULL,NULL,NULL,NULL,'done',NULL,NULL,13,'2018-02-16 14:39:16',0,NULL,NULL,NULL,'97bd1c4c-4fe6-4463-972e-9380cac5aa00',NULL),(994,50,142,78,NULL,'2018-02-16 14:39:15',1,NULL,NULL,NULL,NULL,NULL,NULL,NULL,NULL,NULL,NULL,'Rectruited',NULL,NULL,13,'2018-02-16 14:39:16',0,NULL,NULL,NULL,'a623e261-959a-44df-8fd8-aa47539bf8ab',NULL),(995,50,143,78,NULL,'2018-02-16 14:39:15',1,NULL,NULL,NULL,NULL,NULL,NULL,NULL,NULL,NULL,NULL,'0',NULL,NULL,13,'2018-02-16 14:39:16',0,NULL,NULL,NULL,'864fca57-22e2-4ecf-9914-f4fef0cf5c8c',NULL),(996,50,144,78,NULL,'2018-02-16 14:39:15',1,NULL,NULL,NULL,NULL,NULL,NULL,NULL,NULL,NULL,NULL,'1',NULL,NULL,13,'2018-02-16 14:39:16',0,NULL,NULL,NULL,'f32f2eba-bff1-4437-a010-762000cbbfc1',NULL),(997,50,145,78,NULL,'2018-02-16 14:39:15',1,NULL,NULL,NULL,NULL,NULL,NULL,NULL,NULL,NULL,NULL,'23.22',NULL,NULL,13,'2018-02-16 14:39:16',0,NULL,NULL,NULL,'038cb07c-0109-4d22-a0bd-ae6349996464',NULL),(998,50,146,78,NULL,'2018-02-16 14:39:15',1,NULL,NULL,NULL,NULL,NULL,NULL,NULL,NULL,NULL,NULL,'58.4',NULL,NULL,13,'2018-02-16 14:39:16',0,NULL,NULL,NULL,'bd145328-5eff-4e77-8fc2-d1c352b471d5',NULL),(999,50,147,78,NULL,'2018-02-16 14:39:15',1,NULL,NULL,NULL,NULL,NULL,NULL,NULL,NULL,NULL,NULL,'158.6',NULL,NULL,13,'2018-02-16 14:39:16',0,NULL,NULL,NULL,'54012d5d-404d-4a8d-9c8c-330562195d77',NULL),(1000,50,148,78,NULL,'2018-02-16 14:39:15',1,NULL,NULL,NULL,NULL,NULL,NULL,NULL,NULL,NULL,NULL,'0',NULL,NULL,13,'2018-02-16 14:39:16',0,NULL,NULL,NULL,'7101cbba-c532-46f9-93ea-b95924545450',NULL),(1001,50,149,78,NULL,'2018-02-16 14:39:15',1,NULL,NULL,NULL,NULL,NULL,NULL,NULL,NULL,NULL,NULL,'1',NULL,NULL,13,'2018-02-16 14:39:16',0,NULL,NULL,NULL,'3f58f025-b4b6-4b3d-9b73-4779853d9c39',NULL),(1002,50,150,78,NULL,'2018-02-16 14:39:15',1,NULL,NULL,NULL,NULL,NULL,NULL,NULL,NULL,NULL,NULL,'0',NULL,NULL,13,'2018-02-16 14:39:16',0,NULL,NULL,NULL,'cc79bc1b-8575-4158-b9de-a64c7ff85242',NULL),(1003,50,151,78,NULL,'2018-02-16 14:39:15',1,NULL,NULL,NULL,NULL,NULL,NULL,NULL,NULL,NULL,NULL,'1',NULL,NULL,13,'2018-02-16 14:39:16',0,NULL,NULL,NULL,'4c8441ff-5fbf-4892-81ef-52f173ca5e58',NULL),(1004,50,152,78,NULL,'2018-02-16 14:39:15',1,NULL,NULL,NULL,NULL,NULL,NULL,NULL,NULL,NULL,NULL,'0',NULL,NULL,13,'2018-02-16 14:39:16',0,NULL,NULL,NULL,'033ccea0-d3e1-4c33-b576-3a411151ca39',NULL),(1005,50,35,78,NULL,'2018-02-16 14:39:15',1,NULL,NULL,NULL,NULL,NULL,NULL,NULL,NULL,NULL,NULL,'6',NULL,NULL,13,'2018-02-16 14:39:16',0,NULL,NULL,NULL,'0489c9b8-19d3-4f30-9054-cd1897b6c1a9',NULL),(1006,50,153,78,NULL,'2018-02-16 14:39:15',1,NULL,NULL,NULL,NULL,NULL,NULL,NULL,NULL,NULL,NULL,'1',NULL,NULL,13,'2018-02-16 14:39:16',0,NULL,NULL,NULL,'eea569c0-0dc5-4630-932f-8c139c657578',NULL),(1007,50,154,78,NULL,'2018-02-16 14:39:15',1,NULL,NULL,NULL,NULL,NULL,NULL,NULL,NULL,NULL,NULL,'1',NULL,NULL,13,'2018-02-16 14:39:16',0,NULL,NULL,NULL,'50102ab2-8c78-4753-946c-76f4e75c7f56',NULL),(1008,50,155,78,NULL,'2018-02-16 14:39:15',1,NULL,NULL,NULL,NULL,NULL,NULL,NULL,NULL,NULL,NULL,'0',NULL,NULL,13,'2018-02-16 14:39:16',0,NULL,NULL,NULL,'c3d41e31-53d4-4c0f-95f7-288a4e9e12a5',NULL),(1009,50,156,78,NULL,'2018-02-16 14:39:15',1,NULL,NULL,NULL,NULL,NULL,NULL,NULL,NULL,NULL,NULL,'16-2-2018',NULL,NULL,13,'2018-02-16 14:39:16',0,NULL,NULL,NULL,'657810bd-bcbd-4946-a0e8-96d0adf4a7b1',NULL),(1010,50,157,78,NULL,'2018-02-16 14:39:15',1,NULL,NULL,NULL,NULL,NULL,NULL,NULL,NULL,NULL,NULL,'11.5',NULL,NULL,13,'2018-02-16 14:39:16',0,NULL,NULL,NULL,'fd50230e-96d7-46fd-b971-9951dd4c28bf',NULL),(1011,50,158,78,NULL,'2018-02-16 14:39:15',1,NULL,NULL,NULL,NULL,NULL,NULL,NULL,NULL,NULL,NULL,'16-2-2018',NULL,NULL,13,'2018-02-16 14:39:16',0,NULL,NULL,NULL,'1d4eaa43-14ef-44eb-a9df-74fefdc8621d',NULL),(1012,50,159,78,NULL,'2018-02-16 14:39:15',1,NULL,NULL,NULL,NULL,NULL,NULL,NULL,NULL,NULL,NULL,'1',NULL,NULL,13,'2018-02-16 14:39:16',0,NULL,NULL,NULL,'ff795a37-8fe6-4ff9-81dd-1977c5ac62d3',NULL),(1013,50,160,78,NULL,'2018-02-16 14:39:15',1,NULL,NULL,NULL,NULL,NULL,NULL,NULL,NULL,NULL,NULL,'0',NULL,NULL,13,'2018-02-16 14:39:17',0,NULL,NULL,NULL,'d30c0df1-0053-4dcc-a1c0-b191a25ddb54',NULL),(1014,50,161,78,NULL,'2018-02-16 14:39:15',1,NULL,NULL,NULL,NULL,NULL,NULL,NULL,NULL,NULL,NULL,'1',NULL,NULL,13,'2018-02-16 14:39:17',0,NULL,NULL,NULL,'c06a5439-c4e3-43fd-a1e0-7728dfbfbb69',NULL),(1015,50,116,78,NULL,'2018-02-16 14:39:15',1,NULL,NULL,NULL,NULL,NULL,NULL,NULL,NULL,NULL,NULL,'ha_3',NULL,NULL,13,'2018-02-16 14:39:17',0,NULL,NULL,NULL,'1a23566e-c064-495b-8195-50688eea881b',NULL),(1016,50,162,78,NULL,'2018-02-16 14:39:15',1,NULL,NULL,NULL,NULL,NULL,NULL,NULL,NULL,NULL,NULL,'199',NULL,NULL,13,'2018-02-16 14:39:17',0,NULL,NULL,NULL,'c3ea7aba-fe9f-4e32-95f5-ccab2e23799c',NULL),(1017,50,163,78,NULL,'2018-02-16 14:39:15',1,NULL,NULL,NULL,NULL,NULL,NULL,NULL,NULL,NULL,NULL,'1,2,4',NULL,NULL,13,'2018-02-16 14:39:17',0,NULL,NULL,NULL,'d70a6946-d232-48d9-bcb6-b4e57f276703',NULL),(1018,50,164,78,NULL,'2018-02-16 14:39:15',1,NULL,NULL,NULL,NULL,NULL,NULL,NULL,NULL,NULL,NULL,'baskar',NULL,NULL,13,'2018-02-16 14:39:17',0,NULL,NULL,NULL,'7a6a0530-322d-498c-b140-d76f1f99d616',NULL),(1019,50,165,78,NULL,'2018-02-16 14:39:15',1,NULL,NULL,NULL,NULL,NULL,NULL,NULL,NULL,NULL,NULL,'F',NULL,NULL,13,'2018-02-16 14:39:17',0,NULL,NULL,NULL,'77c4be90-5e67-41af-890b-22e209af2ddd',NULL),(1020,50,166,78,NULL,'2018-02-16 14:39:15',1,NULL,NULL,NULL,NULL,NULL,NULL,NULL,NULL,NULL,NULL,'999999',NULL,NULL,13,'2018-02-16 14:39:17',0,NULL,NULL,NULL,'a6f79c7b-6694-419f-8e8d-7f9e8d338f58',NULL),(1021,50,167,78,NULL,'2018-02-16 14:39:15',1,NULL,NULL,NULL,NULL,NULL,NULL,NULL,NULL,NULL,NULL,'333333',NULL,NULL,13,'2018-02-16 14:39:17',0,NULL,NULL,NULL,'3bc120b1-e14f-4b60-a034-db1656f84268',NULL),(1022,50,168,78,NULL,'2018-02-16 14:39:15',1,NULL,NULL,NULL,NULL,NULL,NULL,NULL,NULL,NULL,NULL,'3',NULL,NULL,13,'2018-02-16 14:39:17',0,NULL,NULL,NULL,'7e87a84e-4032-4d70-8a6d-50b611fb80aa',NULL),(1023,50,169,78,NULL,'2018-02-16 14:39:15',1,NULL,NULL,NULL,NULL,NULL,NULL,NULL,NULL,NULL,NULL,'12',NULL,NULL,13,'2018-02-16 14:39:17',0,NULL,NULL,NULL,'3ad4dc4b-738e-4ca8-b89c-81f745bd6e6d',NULL),(1024,50,170,78,NULL,'2018-02-16 14:39:15',1,NULL,NULL,NULL,NULL,NULL,NULL,NULL,NULL,NULL,NULL,'4',NULL,NULL,13,'2018-02-16 14:39:17',0,NULL,NULL,NULL,'7887f08c-5272-4091-ad38-d31528687a00',NULL),(1025,50,171,78,NULL,'2018-02-16 14:39:15',1,NULL,NULL,NULL,NULL,NULL,NULL,NULL,NULL,NULL,NULL,'5',NULL,NULL,13,'2018-02-16 14:39:17',0,NULL,NULL,NULL,'5bdbb298-d83d-4aac-a548-56691b568c8e',NULL),(1026,50,14,78,NULL,'2018-02-16 14:39:15',1,NULL,NULL,NULL,NULL,NULL,NULL,NULL,NULL,NULL,NULL,'mukesh',NULL,NULL,13,'2018-02-16 14:39:17',0,NULL,NULL,NULL,'7723bf1b-6aff-463c-89a2-c889b395d6a3',NULL),(1027,50,15,78,NULL,'2018-02-16 14:39:15',1,NULL,NULL,NULL,NULL,NULL,NULL,NULL,NULL,NULL,NULL,'mukesh',NULL,NULL,13,'2018-02-16 14:39:17',0,NULL,NULL,NULL,'f37da72e-346b-4d54-b690-3e5af968c0c9',NULL),(1028,50,8,78,NULL,'2018-02-16 14:39:15',1,NULL,NULL,NULL,NULL,NULL,NULL,NULL,NULL,NULL,NULL,'SH_CVD_ASHA_SCREENING_1',NULL,NULL,13,'2018-02-16 14:39:17',0,NULL,NULL,NULL,'736b3141-f9c4-4f4d-98a6-ec55d0837e74',NULL),(1029,50,9,78,NULL,'2018-02-16 14:39:15',1,NULL,NULL,NULL,NULL,NULL,NULL,NULL,NULL,NULL,NULL,'16-02-2018 14:56:06',NULL,NULL,13,'2018-02-16 14:39:17',0,NULL,NULL,NULL,'3aa0e7fa-3c77-4d9b-a3f4-c9818174340b',NULL),(1030,50,7,78,NULL,'2018-02-16 14:39:15',1,NULL,NULL,NULL,NULL,NULL,NULL,NULL,NULL,NULL,NULL,'ha_3',NULL,NULL,13,'2018-02-16 14:39:17',0,NULL,NULL,NULL,'a563d82c-aba7-430d-8f72-9b5d86ea61cf',NULL),(1031,50,118,78,NULL,'2018-02-16 14:39:15',1,NULL,NULL,NULL,NULL,NULL,NULL,NULL,NULL,NULL,NULL,'NA',NULL,NULL,13,'2018-02-16 14:39:17',0,NULL,NULL,NULL,'5e021abc-c45b-4134-b03b-a0b6c62bf829',NULL),(1032,50,12,78,NULL,'2018-02-16 14:39:15',1,NULL,NULL,NULL,NULL,NULL,NULL,NULL,NULL,NULL,NULL,'1030030001',NULL,NULL,13,'2018-02-16 14:39:17',0,NULL,NULL,NULL,'5240d06f-6fa0-4c91-a2b8-306c1bcb0bb8',NULL),(1033,50,22,78,NULL,'2018-02-16 14:39:15',1,NULL,NULL,NULL,NULL,NULL,NULL,NULL,NULL,NULL,NULL,'M',NULL,NULL,13,'2018-02-16 14:39:17',0,NULL,NULL,NULL,'aeb6bb71-f9be-4b9c-9d68-e044fe0041eb',NULL),(1034,50,20,78,NULL,'2018-02-16 14:39:15',1,NULL,NULL,NULL,NULL,NULL,NULL,NULL,NULL,NULL,NULL,'16-2-2018',NULL,NULL,13,'2018-02-16 14:39:17',0,NULL,NULL,NULL,'1f77f427-153d-4d59-9785-83abbd4f2960',NULL),(1035,50,18,78,NULL,'2018-02-16 14:39:15',1,NULL,NULL,NULL,NULL,NULL,NULL,NULL,NULL,NULL,NULL,'1-1-1969',NULL,NULL,13,'2018-02-16 14:39:17',0,NULL,NULL,NULL,'16c2984c-b65d-400b-aeca-288d037d12bb',NULL),(1036,50,172,78,NULL,'2018-02-16 14:39:15',1,NULL,NULL,NULL,NULL,NULL,NULL,NULL,NULL,NULL,NULL,'NA',NULL,NULL,13,'2018-02-16 14:39:17',0,NULL,NULL,NULL,'27dbe55e-8e59-4c97-a9d1-249f68915951',NULL),(1037,50,19,78,NULL,'2018-02-16 14:39:15',1,NULL,NULL,NULL,NULL,NULL,NULL,NULL,NULL,NULL,NULL,'NA',NULL,NULL,13,'2018-02-16 14:39:17',0,NULL,NULL,NULL,'2ed4d853-3c60-40b7-9fbb-4ab0e5a94b24',NULL),(1038,50,116,78,NULL,'2018-02-16 14:39:15',1,NULL,NULL,NULL,NULL,NULL,NULL,NULL,NULL,NULL,NULL,'ha_3',NULL,NULL,13,'2018-02-16 14:39:17',0,NULL,NULL,NULL,'458fb80f-552f-4a58-a9dd-3a570719bf1c',NULL),(1039,50,173,78,NULL,'2018-02-16 14:39:15',1,NULL,NULL,NULL,NULL,NULL,NULL,NULL,NULL,NULL,NULL,'3',NULL,NULL,13,'2018-02-16 14:39:17',0,NULL,NULL,NULL,'d3772fbd-e0f5-44bc-8c95-f0d7e6adc488',NULL),(1040,50,174,78,NULL,'2018-02-16 14:39:15',1,NULL,NULL,NULL,NULL,NULL,NULL,NULL,NULL,NULL,NULL,'big st',NULL,NULL,13,'2018-02-16 14:39:17',0,NULL,NULL,NULL,'9ef333ad-4460-4718-b7c1-915bec45d094',NULL),(1041,50,175,78,NULL,'2018-02-16 14:39:15',1,NULL,NULL,NULL,NULL,NULL,NULL,NULL,NULL,NULL,NULL,'16-2-2018',NULL,NULL,13,'2018-02-16 14:39:17',0,NULL,NULL,NULL,'f90b57c5-9ab4-4173-9618-01b01c07e2f6',NULL),(1042,50,22,78,NULL,'2018-02-16 14:39:15',1,NULL,NULL,NULL,NULL,NULL,NULL,NULL,NULL,NULL,NULL,'M',NULL,NULL,13,'2018-02-16 14:39:17',0,NULL,NULL,NULL,'cfe37d33-d48b-4a5c-8a3f-880adb83d103',NULL),(1043,50,128,78,NULL,'2018-02-16 14:39:15',1,NULL,NULL,NULL,NULL,NULL,NULL,NULL,NULL,NULL,NULL,'987654321987',NULL,NULL,13,'2018-02-16 14:39:17',0,NULL,NULL,NULL,'8496c3d6-e7e5-4b6f-a48a-f739a8e04fdf',NULL),(1044,50,16,78,NULL,'2018-02-16 14:39:15',1,NULL,NULL,NULL,NULL,NULL,NULL,NULL,NULL,NULL,NULL,'987456321',NULL,NULL,13,'2018-02-16 14:39:17',0,NULL,NULL,NULL,'73159e26-40aa-4d7e-a6f0-e6c9070129b1',NULL),(1045,50,21,78,NULL,'2018-02-16 14:39:15',1,NULL,NULL,NULL,NULL,NULL,NULL,NULL,NULL,NULL,NULL,'49',NULL,NULL,13,'2018-02-16 14:39:17',0,NULL,NULL,NULL,'6c3dc3a7-f8da-4dcf-9528-77b612d7f1e8',NULL),(1046,50,6,78,NULL,'2018-02-16 14:39:15',1,NULL,NULL,NULL,NULL,NULL,NULL,NULL,NULL,NULL,NULL,'DR kuppam',NULL,NULL,13,'2018-02-16 14:39:17',0,NULL,NULL,NULL,'1de69a15-4474-44a5-aa96-ba738dfb8a22',NULL),(1047,50,5,78,NULL,'2018-02-16 14:39:15',1,NULL,NULL,NULL,NULL,NULL,NULL,NULL,NULL,NULL,NULL,'3',NULL,NULL,13,'2018-02-16 14:39:17',0,NULL,NULL,NULL,'01bd35b6-93c0-4ecf-b177-6bc7a6aad1ec',NULL),(1048,50,114,78,NULL,'2018-02-16 14:39:15',1,NULL,NULL,NULL,NULL,NULL,NULL,NULL,NULL,NULL,NULL,'16-02-2018 14:56:06',NULL,NULL,13,'2018-02-16 14:39:17',0,NULL,NULL,NULL,'0bf9252f-3cdd-47f8-ab11-0e74070f2015',NULL),(1049,50,119,78,NULL,'2018-02-16 14:39:15',1,NULL,NULL,NULL,NULL,NULL,NULL,NULL,NULL,NULL,NULL,'SH_CVD_ASHA_SCREENING_1',NULL,NULL,13,'2018-02-16 14:39:17',0,NULL,NULL,NULL,'37c965a9-3299-4ed1-a788-2e2e0d91233b',NULL),(1050,50,176,78,NULL,'2018-02-16 14:39:15',1,NULL,NULL,NULL,NULL,NULL,NULL,NULL,NULL,NULL,NULL,'NA',NULL,NULL,13,'2018-02-16 14:39:17',0,NULL,NULL,NULL,'e2864a5e-5714-4df0-b7db-cdd918ade4d6',NULL),(1051,50,177,78,NULL,'2018-02-16 14:39:15',1,NULL,NULL,NULL,NULL,NULL,NULL,NULL,NULL,NULL,NULL,'NA',NULL,NULL,13,'2018-02-16 14:39:17',0,NULL,NULL,NULL,'62b5c284-1116-41cc-beba-37da982021d5',NULL),(1052,50,178,78,NULL,'2018-02-16 14:39:15',1,NULL,NULL,NULL,NULL,NULL,NULL,NULL,NULL,NULL,NULL,'NA',NULL,NULL,13,'2018-02-16 14:39:17',0,NULL,NULL,NULL,'afb7f50b-f817-4fff-935d-606eec4f56c4',NULL),(1053,50,79,78,NULL,'2018-02-16 14:39:15',1,NULL,NULL,NULL,NULL,NULL,NULL,NULL,NULL,NULL,NULL,'NA',NULL,NULL,13,'2018-02-16 14:39:17',0,NULL,NULL,NULL,'339d5f20-b917-418b-a951-241279f89e4f',NULL),(1054,50,80,78,NULL,'2018-02-16 14:39:15',1,NULL,NULL,NULL,NULL,NULL,NULL,NULL,NULL,NULL,NULL,'NA',NULL,NULL,13,'2018-02-16 14:39:17',0,NULL,NULL,NULL,'c7386664-c3c4-48d9-9010-1add45c3792f',NULL),(1055,50,179,78,NULL,'2018-02-16 14:39:15',1,NULL,NULL,NULL,NULL,NULL,NULL,NULL,NULL,NULL,NULL,'NA',NULL,NULL,13,'2018-02-16 14:39:17',0,NULL,NULL,NULL,'83a31e7a-a9f4-41f1-9dc5-dce3562045a5',NULL),(1056,50,117,78,NULL,'2018-02-16 14:39:15',1,NULL,NULL,NULL,NULL,NULL,NULL,NULL,NULL,NULL,NULL,'asha',NULL,NULL,13,'2018-02-16 14:39:17',0,NULL,NULL,NULL,'5e5e2292-d483-4567-ae55-1ce67ee05a8d',NULL),(1057,50,115,78,NULL,'2018-02-16 14:39:15',1,NULL,NULL,NULL,NULL,NULL,NULL,NULL,NULL,NULL,NULL,'16-02-2018 14:56:06',NULL,NULL,13,'2018-02-16 14:39:17',0,NULL,NULL,NULL,'af7c5280-80ca-4317-a7ef-8066356259fd',NULL),(1058,50,180,78,NULL,'2018-02-16 14:39:15',1,NULL,NULL,NULL,NULL,NULL,NULL,NULL,NULL,NULL,NULL,'NA',NULL,NULL,13,'2018-02-16 14:39:17',0,NULL,NULL,NULL,'7faaac3b-702a-459e-b265-0d3d96c481ac',NULL),(1059,50,181,78,NULL,'2018-02-16 14:39:15',1,NULL,NULL,NULL,NULL,NULL,NULL,NULL,NULL,NULL,NULL,'NA',NULL,NULL,13,'2018-02-16 14:39:17',0,NULL,NULL,NULL,'16ed36e5-a1ea-4487-96b9-549dca4725af',NULL),(1060,50,182,78,NULL,'2018-02-16 14:39:15',1,NULL,NULL,NULL,NULL,NULL,NULL,NULL,NULL,NULL,NULL,'NA',NULL,NULL,13,'2018-02-16 14:39:17',0,NULL,NULL,NULL,'7b247793-a910-448e-86f5-1a13762a9783',NULL),(1061,50,183,78,NULL,'2018-02-16 14:39:15',1,NULL,NULL,NULL,NULL,NULL,NULL,NULL,NULL,NULL,NULL,'NA',NULL,NULL,13,'2018-02-16 14:39:17',0,NULL,NULL,NULL,'2762a2cd-9ea6-4df8-a637-242239de664a',NULL),(1062,50,184,78,NULL,'2018-02-16 14:39:15',1,NULL,NULL,NULL,NULL,NULL,NULL,NULL,NULL,NULL,NULL,'NA',NULL,NULL,13,'2018-02-16 14:39:17',0,NULL,NULL,NULL,'29d87dfb-449c-490c-b96c-81f43d6bbb26',NULL),(1063,50,185,78,NULL,'2018-02-16 14:39:15',1,NULL,NULL,NULL,NULL,NULL,NULL,NULL,NULL,NULL,NULL,'NA',NULL,NULL,13,'2018-02-16 14:39:17',0,NULL,NULL,NULL,'4b5ce258-86e3-48a1-b78f-7a81c7dad982',NULL),(1064,50,186,78,NULL,'2018-02-16 14:39:15',1,NULL,NULL,NULL,NULL,NULL,NULL,NULL,NULL,NULL,NULL,'NA',NULL,NULL,13,'2018-02-16 14:39:17',0,NULL,NULL,NULL,'ea14ef04-79c9-4589-8088-312fabc85bf3',NULL),(1065,50,187,78,NULL,'2018-02-16 14:39:15',1,NULL,NULL,NULL,NULL,NULL,NULL,NULL,NULL,NULL,NULL,'NA',NULL,NULL,13,'2018-02-16 14:39:18',0,NULL,NULL,NULL,'b36f8545-8758-42dc-9dd9-d8529ed11a21',NULL),(1066,50,188,78,NULL,'2018-02-16 14:39:15',1,NULL,NULL,NULL,NULL,NULL,NULL,NULL,NULL,NULL,NULL,'NA',NULL,NULL,13,'2018-02-16 14:39:18',0,NULL,NULL,NULL,'85015394-caf1-4784-987b-d23a61e67197',NULL),(1067,51,133,79,NULL,'2018-02-16 15:03:50',1,NULL,NULL,NULL,NULL,NULL,NULL,NULL,NULL,NULL,NULL,'0',NULL,NULL,11,'2018-02-16 15:03:50',0,NULL,NULL,NULL,'aa74d0bf-00f4-48e3-b4fd-14a869390185',NULL),(1068,51,134,79,NULL,'2018-02-16 15:03:50',1,NULL,NULL,NULL,NULL,NULL,NULL,NULL,NULL,NULL,NULL,'120',NULL,NULL,11,'2018-02-16 15:03:51',0,NULL,NULL,NULL,'ed0f1379-e59f-4bc0-a86f-978f0785b9b6',NULL),(1069,51,135,79,NULL,'2018-02-16 15:03:50',1,NULL,NULL,NULL,NULL,NULL,NULL,NULL,NULL,NULL,NULL,'1',NULL,NULL,11,'2018-02-16 15:03:51',0,NULL,NULL,NULL,'6c09b369-3271-4c83-b630-4700d7e9c718',NULL),(1070,51,136,79,NULL,'2018-02-16 15:03:50',1,NULL,NULL,NULL,NULL,NULL,NULL,NULL,NULL,NULL,NULL,'0',NULL,NULL,11,'2018-02-16 15:03:51',0,NULL,NULL,NULL,'76206668-2875-468a-90b7-72a7dd7bb314',NULL),(1071,51,137,79,NULL,'2018-02-16 15:03:50',1,NULL,NULL,NULL,NULL,NULL,NULL,NULL,NULL,NULL,NULL,'NA',NULL,NULL,11,'2018-02-16 15:03:51',0,NULL,NULL,NULL,'29b58e72-3f5c-418c-b4c5-eb2375045cb2',NULL),(1072,51,138,79,NULL,'2018-02-16 15:03:50',1,NULL,NULL,NULL,NULL,NULL,NULL,NULL,NULL,NULL,NULL,'1',NULL,NULL,11,'2018-02-16 15:03:51',0,NULL,NULL,NULL,'81ef2433-37ac-4712-8967-13f7df7d2c78',NULL),(1073,51,139,79,NULL,'2018-02-16 15:03:50',1,NULL,NULL,NULL,NULL,NULL,NULL,NULL,NULL,NULL,NULL,'80',NULL,NULL,11,'2018-02-16 15:03:51',0,NULL,NULL,NULL,'669c6dcc-c92d-4982-96e6-a5f2ffa12122',NULL),(1074,51,140,79,NULL,'2018-02-16 15:03:50',1,NULL,NULL,NULL,NULL,NULL,NULL,NULL,NULL,NULL,NULL,'7',NULL,NULL,11,'2018-02-16 15:03:51',0,NULL,NULL,NULL,'5f8e230d-d114-4b75-893d-2a63d9ace663',NULL),(1075,51,141,79,NULL,'2018-02-16 15:03:50',1,NULL,NULL,NULL,NULL,NULL,NULL,NULL,NULL,NULL,NULL,'done',NULL,NULL,11,'2018-02-16 15:03:51',0,NULL,NULL,NULL,'8f71cb59-582c-45f0-ba2e-805e6d141808',NULL),(1076,51,142,79,NULL,'2018-02-16 15:03:50',1,NULL,NULL,NULL,NULL,NULL,NULL,NULL,NULL,NULL,NULL,'Rectruited',NULL,NULL,11,'2018-02-16 15:03:51',0,NULL,NULL,NULL,'4b04d0e3-4970-40e3-9f43-b163e1c54f4f',NULL),(1077,51,143,79,NULL,'2018-02-16 15:03:50',1,NULL,NULL,NULL,NULL,NULL,NULL,NULL,NULL,NULL,NULL,'1',NULL,NULL,11,'2018-02-16 15:03:51',0,NULL,NULL,NULL,'dd9c05d4-1633-42b7-9d5c-e88f4fe1d793',NULL),(1078,51,144,79,NULL,'2018-02-16 15:03:50',1,NULL,NULL,NULL,NULL,NULL,NULL,NULL,NULL,NULL,NULL,'0',NULL,NULL,11,'2018-02-16 15:03:51',0,NULL,NULL,NULL,'7c563c3b-3b3a-4bc8-bb57-69069f816174',NULL),(1079,51,145,79,NULL,'2018-02-16 15:03:50',1,NULL,NULL,NULL,NULL,NULL,NULL,NULL,NULL,NULL,NULL,'36.75',NULL,NULL,11,'2018-02-16 15:03:51',0,NULL,NULL,NULL,'728cc07d-6a79-4efd-8f69-a1d9d73bf7c0',NULL),(1080,51,146,79,NULL,'2018-02-16 15:03:50',1,NULL,NULL,NULL,NULL,NULL,NULL,NULL,NULL,NULL,NULL,'80.5',NULL,NULL,11,'2018-02-16 15:03:51',0,NULL,NULL,NULL,'2b4d5f81-7f16-488c-8e72-b79203f3f501',NULL),(1081,51,147,79,NULL,'2018-02-16 15:03:50',1,NULL,NULL,NULL,NULL,NULL,NULL,NULL,NULL,NULL,NULL,'148',NULL,NULL,11,'2018-02-16 15:03:51',0,NULL,NULL,NULL,'3c8b70fd-88e1-477d-9d06-c199096be584',NULL),(1082,51,148,79,NULL,'2018-02-16 15:03:50',1,NULL,NULL,NULL,NULL,NULL,NULL,NULL,NULL,NULL,NULL,'0',NULL,NULL,11,'2018-02-16 15:03:51',0,NULL,NULL,NULL,'2a7f1b84-62b7-4ccc-8190-b22528869b9c',NULL),(1083,51,149,79,NULL,'2018-02-16 15:03:50',1,NULL,NULL,NULL,NULL,NULL,NULL,NULL,NULL,NULL,NULL,'1',NULL,NULL,11,'2018-02-16 15:03:51',0,NULL,NULL,NULL,'5110f7bc-333c-4426-b399-e9ca2bc40777',NULL),(1084,51,150,79,NULL,'2018-02-16 15:03:50',1,NULL,NULL,NULL,NULL,NULL,NULL,NULL,NULL,NULL,NULL,'0',NULL,NULL,11,'2018-02-16 15:03:51',0,NULL,NULL,NULL,'32b17fe4-e428-4010-820b-97afb3725084',NULL),(1085,51,151,79,NULL,'2018-02-16 15:03:50',1,NULL,NULL,NULL,NULL,NULL,NULL,NULL,NULL,NULL,NULL,'0',NULL,NULL,11,'2018-02-16 15:03:51',0,NULL,NULL,NULL,'704dc890-5b86-4718-8c54-111a9b07bf89',NULL),(1086,51,152,79,NULL,'2018-02-16 15:03:50',1,NULL,NULL,NULL,NULL,NULL,NULL,NULL,NULL,NULL,NULL,'0',NULL,NULL,11,'2018-02-16 15:03:51',0,NULL,NULL,NULL,'80d058d6-45c4-4261-bc80-df37e573d0a3',NULL),(1087,51,35,79,NULL,'2018-02-16 15:03:50',1,NULL,NULL,NULL,NULL,NULL,NULL,NULL,NULL,NULL,NULL,'52',NULL,NULL,11,'2018-02-16 15:03:51',0,NULL,NULL,NULL,'800ccddb-87b1-4fdb-915d-26f7d7232aee',NULL),(1088,51,153,79,NULL,'2018-02-16 15:03:50',1,NULL,NULL,NULL,NULL,NULL,NULL,NULL,NULL,NULL,NULL,'NA',NULL,NULL,11,'2018-02-16 15:03:51',0,NULL,NULL,NULL,'8aab8572-55d5-4528-b6e6-3eaa1339cc2b',NULL),(1089,51,154,79,NULL,'2018-02-16 15:03:50',1,NULL,NULL,NULL,NULL,NULL,NULL,NULL,NULL,NULL,NULL,'0',NULL,NULL,11,'2018-02-16 15:03:51',0,NULL,NULL,NULL,'59997ed2-7d47-4c26-a578-83096dabe095',NULL),(1090,51,155,79,NULL,'2018-02-16 15:03:50',1,NULL,NULL,NULL,NULL,NULL,NULL,NULL,NULL,NULL,NULL,'0',NULL,NULL,11,'2018-02-16 15:03:51',0,NULL,NULL,NULL,'843fc5cc-dbe7-44b9-92cf-032050388614',NULL),(1091,51,156,79,NULL,'2018-02-16 15:03:50',1,NULL,NULL,NULL,NULL,NULL,NULL,NULL,NULL,NULL,NULL,'16-2-2018',NULL,NULL,11,'2018-02-16 15:03:51',0,NULL,NULL,NULL,'f5a14a17-e9e0-4880-bc18-c5b33f421ab4',NULL),(1092,51,157,79,NULL,'2018-02-16 15:03:50',1,NULL,NULL,NULL,NULL,NULL,NULL,NULL,NULL,NULL,NULL,'8.9',NULL,NULL,11,'2018-02-16 15:03:51',0,NULL,NULL,NULL,'8ecd5b33-a384-47c5-8175-47e8ccfc68d0',NULL),(1093,51,158,79,NULL,'2018-02-16 15:03:50',1,NULL,NULL,NULL,NULL,NULL,NULL,NULL,NULL,NULL,NULL,'16-2-2018',NULL,NULL,11,'2018-02-16 15:03:51',0,NULL,NULL,NULL,'2fc38c32-679f-45db-9d99-ba5b7f304849',NULL),(1094,51,159,79,NULL,'2018-02-16 15:03:50',1,NULL,NULL,NULL,NULL,NULL,NULL,NULL,NULL,NULL,NULL,'0',NULL,NULL,11,'2018-02-16 15:03:51',0,NULL,NULL,NULL,'29b4032e-e09b-46c2-bb14-9f862fb196ba',NULL),(1095,51,160,79,NULL,'2018-02-16 15:03:50',1,NULL,NULL,NULL,NULL,NULL,NULL,NULL,NULL,NULL,NULL,'0',NULL,NULL,11,'2018-02-16 15:03:51',0,NULL,NULL,NULL,'14b5993a-82ea-4eb7-a14e-f38f5ae68d04',NULL),(1096,51,161,79,NULL,'2018-02-16 15:03:50',1,NULL,NULL,NULL,NULL,NULL,NULL,NULL,NULL,NULL,NULL,'1',NULL,NULL,11,'2018-02-16 15:03:51',0,NULL,NULL,NULL,'8e58f2ae-d041-49ed-92c8-198d74063902',NULL),(1097,51,116,79,NULL,'2018-02-16 15:03:50',1,NULL,NULL,NULL,NULL,NULL,NULL,NULL,NULL,NULL,NULL,'ha_1',NULL,NULL,11,'2018-02-16 15:03:51',0,NULL,NULL,NULL,'67d87754-12c4-48f4-b050-007d50423dfc',NULL),(1098,51,162,79,NULL,'2018-02-16 15:03:50',1,NULL,NULL,NULL,NULL,NULL,NULL,NULL,NULL,NULL,NULL,'140',NULL,NULL,11,'2018-02-16 15:03:51',0,NULL,NULL,NULL,'e1b2994b-6c1c-4c54-b92c-114da4794ba3',NULL),(1099,51,163,79,NULL,'2018-02-16 15:03:50',1,NULL,NULL,NULL,NULL,NULL,NULL,NULL,NULL,NULL,NULL,'3,4',NULL,NULL,11,'2018-02-16 15:03:51',0,NULL,NULL,NULL,'dd674576-4024-4684-90ca-2572bd6b6fe9',NULL),(1100,51,164,79,NULL,'2018-02-16 15:03:50',1,NULL,NULL,NULL,NULL,NULL,NULL,NULL,NULL,NULL,NULL,'hhdgd',NULL,NULL,11,'2018-02-16 15:03:51',0,NULL,NULL,NULL,'f8dd4a41-6d11-446d-8763-effb6a60cd28',NULL),(1101,51,165,79,NULL,'2018-02-16 15:03:50',1,NULL,NULL,NULL,NULL,NULL,NULL,NULL,NULL,NULL,NULL,'F',NULL,NULL,11,'2018-02-16 15:03:51',0,NULL,NULL,NULL,'7998a439-3418-49f3-8350-1e64d848ee03',NULL),(1102,51,166,79,NULL,'2018-02-16 15:03:50',1,NULL,NULL,NULL,NULL,NULL,NULL,NULL,NULL,NULL,NULL,'5588',NULL,NULL,11,'2018-02-16 15:03:51',0,NULL,NULL,NULL,'29e446c1-e6f8-496f-bf3c-d1c7924eb325',NULL),(1103,51,167,79,NULL,'2018-02-16 15:03:50',1,NULL,NULL,NULL,NULL,NULL,NULL,NULL,NULL,NULL,NULL,'88787',NULL,NULL,11,'2018-02-16 15:03:51',0,NULL,NULL,NULL,'93121f40-dfdc-4e76-9a65-a8cfb66309c8',NULL),(1104,51,168,79,NULL,'2018-02-16 15:03:50',1,NULL,NULL,NULL,NULL,NULL,NULL,NULL,NULL,NULL,NULL,'1',NULL,NULL,11,'2018-02-16 15:03:51',0,NULL,NULL,NULL,'f8b78c16-1d20-48da-a8cf-f4f199aa0fc3',NULL),(1105,51,169,79,NULL,'2018-02-16 15:03:50',1,NULL,NULL,NULL,NULL,NULL,NULL,NULL,NULL,NULL,NULL,'hydhd',NULL,NULL,11,'2018-02-16 15:03:51',0,NULL,NULL,NULL,'2bbd920a-c386-4bc0-a3dc-cc4498471c81',NULL),(1106,51,170,79,NULL,'2018-02-16 15:03:50',1,NULL,NULL,NULL,NULL,NULL,NULL,NULL,NULL,NULL,NULL,'5',NULL,NULL,11,'2018-02-16 15:03:51',0,NULL,NULL,NULL,'5d042ed3-1e2d-4609-a021-f18389496739',NULL),(1107,51,171,79,NULL,'2018-02-16 15:03:50',1,NULL,NULL,NULL,NULL,NULL,NULL,NULL,NULL,NULL,NULL,'5',NULL,NULL,11,'2018-02-16 15:03:51',0,NULL,NULL,NULL,'e3d60592-3563-4d63-8504-6bbb2abf7ca7',NULL),(1108,51,14,79,NULL,'2018-02-16 15:03:50',1,NULL,NULL,NULL,NULL,NULL,NULL,NULL,NULL,NULL,NULL,'xyz',NULL,NULL,11,'2018-02-16 15:03:51',0,NULL,NULL,NULL,'f4d7b387-7330-463e-8f96-ca2e085cf9c3',NULL),(1109,51,15,79,NULL,'2018-02-16 15:03:50',1,NULL,NULL,NULL,NULL,NULL,NULL,NULL,NULL,NULL,NULL,'xyz',NULL,NULL,11,'2018-02-16 15:03:51',0,NULL,NULL,NULL,'4149d764-12fb-4e61-9094-8cf3791f5b0c',NULL),(1110,51,8,79,NULL,'2018-02-16 15:03:50',1,NULL,NULL,NULL,NULL,NULL,NULL,NULL,NULL,NULL,NULL,'SH_CVD_ASHA_SCREENING_1',NULL,NULL,11,'2018-02-16 15:03:51',0,NULL,NULL,NULL,'e6d8dfd5-11e3-4efb-9e60-b5795809de56',NULL),(1111,51,9,79,NULL,'2018-02-16 15:03:50',1,NULL,NULL,NULL,NULL,NULL,NULL,NULL,NULL,NULL,NULL,'16-02-2018 10:22:49',NULL,NULL,11,'2018-02-16 15:03:51',0,NULL,NULL,NULL,'78eff47a-c2c0-4253-abb7-f7643b9623fa',NULL),(1112,51,7,79,NULL,'2018-02-16 15:03:50',1,NULL,NULL,NULL,NULL,NULL,NULL,NULL,NULL,NULL,NULL,'ha_1',NULL,NULL,11,'2018-02-16 15:03:51',0,NULL,NULL,NULL,'34b86ce7-1647-4dd0-a455-66a602b089ce',NULL),(1113,51,118,79,NULL,'2018-02-16 15:03:50',1,NULL,NULL,NULL,NULL,NULL,NULL,NULL,NULL,NULL,NULL,'NA',NULL,NULL,11,'2018-02-16 15:03:51',0,NULL,NULL,NULL,'564c38aa-a9b5-40be-a225-e69615359e38',NULL),(1114,51,12,79,NULL,'2018-02-16 15:03:50',1,NULL,NULL,NULL,NULL,NULL,NULL,NULL,NULL,NULL,NULL,'1040010005',NULL,NULL,11,'2018-02-16 15:03:51',0,NULL,NULL,NULL,'4b548244-6248-4090-9b87-306f08642aae',NULL),(1115,51,22,79,NULL,'2018-02-16 15:03:50',1,NULL,NULL,NULL,NULL,NULL,NULL,NULL,NULL,NULL,NULL,'F',NULL,NULL,11,'2018-02-16 15:03:51',0,NULL,NULL,NULL,'27984cdb-bfa4-40a3-8c9d-b827b348d2b3',NULL),(1116,51,20,79,NULL,'2018-02-16 15:03:50',1,NULL,NULL,NULL,NULL,NULL,NULL,NULL,NULL,NULL,NULL,'16-2-2018',NULL,NULL,11,'2018-02-16 15:03:51',0,NULL,NULL,NULL,'a718554e-c022-45b9-b984-0a64cf37570f',NULL),(1117,51,18,79,NULL,'2018-02-16 15:03:50',1,NULL,NULL,NULL,NULL,NULL,NULL,NULL,NULL,NULL,NULL,'1-1-1966',NULL,NULL,11,'2018-02-16 15:03:51',0,NULL,NULL,NULL,'5cf9ae0f-6f91-4293-ac9a-1516a17a333a',NULL),(1118,51,172,79,NULL,'2018-02-16 15:03:50',1,NULL,NULL,NULL,NULL,NULL,NULL,NULL,NULL,NULL,NULL,'NA',NULL,NULL,11,'2018-02-16 15:03:52',0,NULL,NULL,NULL,'7b15e1be-3bc0-482a-87cd-c77f1c6b5279',NULL),(1119,51,19,79,NULL,'2018-02-16 15:03:50',1,NULL,NULL,NULL,NULL,NULL,NULL,NULL,NULL,NULL,NULL,'NA',NULL,NULL,11,'2018-02-16 15:03:52',0,NULL,NULL,NULL,'70373ee5-e71d-4461-9fe4-b831f283ee4a',NULL),(1120,51,116,79,NULL,'2018-02-16 15:03:50',1,NULL,NULL,NULL,NULL,NULL,NULL,NULL,NULL,NULL,NULL,'ha_1',NULL,NULL,11,'2018-02-16 15:03:52',0,NULL,NULL,NULL,'72a3867b-04d1-4419-994d-544022859140',NULL),(1121,51,173,79,NULL,'2018-02-16 15:03:50',1,NULL,NULL,NULL,NULL,NULL,NULL,NULL,NULL,NULL,NULL,'4',NULL,NULL,11,'2018-02-16 15:03:52',0,NULL,NULL,NULL,'ab7a4487-25f5-4b9f-bada-8e521e28efda',NULL),(1122,51,174,79,NULL,'2018-02-16 15:03:50',1,NULL,NULL,NULL,NULL,NULL,NULL,NULL,NULL,NULL,NULL,'uhdd',NULL,NULL,11,'2018-02-16 15:03:52',0,NULL,NULL,NULL,'e061e8ac-254e-4496-a60e-3b5183b67157',NULL),(1123,51,175,79,NULL,'2018-02-16 15:03:50',1,NULL,NULL,NULL,NULL,NULL,NULL,NULL,NULL,NULL,NULL,'16-2-2018',NULL,NULL,11,'2018-02-16 15:03:52',0,NULL,NULL,NULL,'dae1affa-6d19-47f9-9215-8099009208cd',NULL),(1124,51,22,79,NULL,'2018-02-16 15:03:50',1,NULL,NULL,NULL,NULL,NULL,NULL,NULL,NULL,NULL,NULL,'F',NULL,NULL,11,'2018-02-16 15:03:52',0,NULL,NULL,NULL,'d9903f54-f3ca-4f30-aa6d-28a29977a4db',NULL),(1125,51,128,79,NULL,'2018-02-16 15:03:50',1,NULL,NULL,NULL,NULL,NULL,NULL,NULL,NULL,NULL,NULL,'854848454848',NULL,NULL,11,'2018-02-16 15:03:52',0,NULL,NULL,NULL,'e6fdb1ff-46c9-48dc-9461-733f3adf1750',NULL),(1126,51,16,79,NULL,'2018-02-16 15:03:50',1,NULL,NULL,NULL,NULL,NULL,NULL,NULL,NULL,NULL,NULL,'5458484548',NULL,NULL,11,'2018-02-16 15:03:52',0,NULL,NULL,NULL,'c9ca7149-0b9e-4419-9829-d39c3d6de108',NULL),(1127,51,21,79,NULL,'2018-02-16 15:03:50',1,NULL,NULL,NULL,NULL,NULL,NULL,NULL,NULL,NULL,NULL,'52',NULL,NULL,11,'2018-02-16 15:03:52',0,NULL,NULL,NULL,'ba106ad8-19ce-447d-b821-2b623d6cc371',NULL),(1128,51,6,79,NULL,'2018-02-16 15:03:50',1,NULL,NULL,NULL,NULL,NULL,NULL,NULL,NULL,NULL,NULL,'gtdgdd',NULL,NULL,11,'2018-02-16 15:03:52',0,NULL,NULL,NULL,'0338b2c9-e34d-4702-a5d1-84818a2e1b5d',NULL),(1129,51,5,79,NULL,'2018-02-16 15:03:50',1,NULL,NULL,NULL,NULL,NULL,NULL,NULL,NULL,NULL,NULL,'3',NULL,NULL,11,'2018-02-16 15:03:52',0,NULL,NULL,NULL,'7eb71970-f48c-4186-b13b-9b3d3797f1b1',NULL),(1130,51,114,79,NULL,'2018-02-16 15:03:50',1,NULL,NULL,NULL,NULL,NULL,NULL,NULL,NULL,NULL,NULL,'16-02-2018 10:22:49',NULL,NULL,11,'2018-02-16 15:03:52',0,NULL,NULL,NULL,'b46e01f4-3c55-49a2-ac5a-782f629c1721',NULL),(1131,51,119,79,NULL,'2018-02-16 15:03:50',1,NULL,NULL,NULL,NULL,NULL,NULL,NULL,NULL,NULL,NULL,'SH_CVD_ASHA_SCREENING_1',NULL,NULL,11,'2018-02-16 15:03:52',0,NULL,NULL,NULL,'0bf421b2-fd84-483a-917e-993760978c8e',NULL),(1132,51,176,79,NULL,'2018-02-16 15:03:50',1,NULL,NULL,NULL,NULL,NULL,NULL,NULL,NULL,NULL,NULL,'NA',NULL,NULL,11,'2018-02-16 15:03:52',0,NULL,NULL,NULL,'5eda6878-5d9b-440c-a6ac-d39a6b09db60',NULL),(1133,51,177,79,NULL,'2018-02-16 15:03:50',1,NULL,NULL,NULL,NULL,NULL,NULL,NULL,NULL,NULL,NULL,'NA',NULL,NULL,11,'2018-02-16 15:03:52',0,NULL,NULL,NULL,'4aa6c892-a7e5-411f-ba23-0b16e4111008',NULL),(1134,51,178,79,NULL,'2018-02-16 15:03:50',1,NULL,NULL,NULL,NULL,NULL,NULL,NULL,NULL,NULL,NULL,'NA',NULL,NULL,11,'2018-02-16 15:03:52',0,NULL,NULL,NULL,'e573d8c2-0d3d-4550-8dd8-2483530d6b15',NULL),(1135,51,79,79,NULL,'2018-02-16 15:03:50',1,NULL,NULL,NULL,NULL,NULL,NULL,NULL,NULL,NULL,NULL,'NA',NULL,NULL,11,'2018-02-16 15:03:52',0,NULL,NULL,NULL,'00442540-165e-47e6-a606-ad4faf1bf9dc',NULL),(1136,51,80,79,NULL,'2018-02-16 15:03:50',1,NULL,NULL,NULL,NULL,NULL,NULL,NULL,NULL,NULL,NULL,'NA',NULL,NULL,11,'2018-02-16 15:03:52',0,NULL,NULL,NULL,'be87764b-e442-4687-a03a-108f4dc5b2d3',NULL),(1137,51,179,79,NULL,'2018-02-16 15:03:50',1,NULL,NULL,NULL,NULL,NULL,NULL,NULL,NULL,NULL,NULL,'NA',NULL,NULL,11,'2018-02-16 15:03:52',0,NULL,NULL,NULL,'52874bd8-738b-4af8-95b8-c6c9964ef107',NULL),(1138,51,117,79,NULL,'2018-02-16 15:03:50',1,NULL,NULL,NULL,NULL,NULL,NULL,NULL,NULL,NULL,NULL,'asha',NULL,NULL,11,'2018-02-16 15:03:52',0,NULL,NULL,NULL,'a30a4202-60ee-4c6b-9ca6-900ee6eba4f8',NULL),(1139,51,115,79,NULL,'2018-02-16 15:03:50',1,NULL,NULL,NULL,NULL,NULL,NULL,NULL,NULL,NULL,NULL,'16-02-2018 10:22:49',NULL,NULL,11,'2018-02-16 15:03:52',0,NULL,NULL,NULL,'18ff4d2f-a9e1-4e62-a64e-32078551f3fc',NULL),(1140,51,180,79,NULL,'2018-02-16 15:03:50',1,NULL,NULL,NULL,NULL,NULL,NULL,NULL,NULL,NULL,NULL,'NA',NULL,NULL,11,'2018-02-16 15:03:52',0,NULL,NULL,NULL,'29cefec9-9517-498d-a06c-6c908a416801',NULL),(1141,51,181,79,NULL,'2018-02-16 15:03:50',1,NULL,NULL,NULL,NULL,NULL,NULL,NULL,NULL,NULL,NULL,'NA',NULL,NULL,11,'2018-02-16 15:03:52',0,NULL,NULL,NULL,'40721c88-3eef-416c-ab71-f7f74cdf71b1',NULL),(1142,51,182,79,NULL,'2018-02-16 15:03:50',1,NULL,NULL,NULL,NULL,NULL,NULL,NULL,NULL,NULL,NULL,'NA',NULL,NULL,11,'2018-02-16 15:03:52',0,NULL,NULL,NULL,'192dae5a-6772-48bb-b44e-7ef026812e32',NULL),(1143,51,183,79,NULL,'2018-02-16 15:03:50',1,NULL,NULL,NULL,NULL,NULL,NULL,NULL,NULL,NULL,NULL,'NA',NULL,NULL,11,'2018-02-16 15:03:52',0,NULL,NULL,NULL,'18d894c7-1bae-4843-85e6-da2f3279a8f5',NULL),(1144,51,184,79,NULL,'2018-02-16 15:03:50',1,NULL,NULL,NULL,NULL,NULL,NULL,NULL,NULL,NULL,NULL,'NA',NULL,NULL,11,'2018-02-16 15:03:52',0,NULL,NULL,NULL,'9ffca591-82d1-44cc-ac39-ebfb214e69d4',NULL),(1145,51,185,79,NULL,'2018-02-16 15:03:50',1,NULL,NULL,NULL,NULL,NULL,NULL,NULL,NULL,NULL,NULL,'NA',NULL,NULL,11,'2018-02-16 15:03:52',0,NULL,NULL,NULL,'c8ef0cd0-f2fb-466d-a0e4-c0b8e4bf758f',NULL),(1146,51,186,79,NULL,'2018-02-16 15:03:50',1,NULL,NULL,NULL,NULL,NULL,NULL,NULL,NULL,NULL,NULL,'NA',NULL,NULL,11,'2018-02-16 15:03:52',0,NULL,NULL,NULL,'c42f4022-aedf-4292-9a1e-e43d3c69918e',NULL),(1147,51,187,79,NULL,'2018-02-16 15:03:50',1,NULL,NULL,NULL,NULL,NULL,NULL,NULL,NULL,NULL,NULL,'NA',NULL,NULL,11,'2018-02-16 15:03:52',0,NULL,NULL,NULL,'26a90d82-be6e-47ce-a2b0-a5f4bb5efa80',NULL),(1148,51,188,79,NULL,'2018-02-16 15:03:50',1,NULL,NULL,NULL,NULL,NULL,NULL,NULL,NULL,NULL,NULL,'NA',NULL,NULL,11,'2018-02-16 15:03:52',0,NULL,NULL,NULL,'ebb93f4c-be70-4b8f-8e00-499c5cf752fc',NULL),(1149,52,116,80,NULL,'2018-02-16 15:03:54',1,NULL,NULL,NULL,NULL,NULL,NULL,NULL,NULL,NULL,NULL,'ha_1',NULL,NULL,11,'2018-02-16 15:03:54',0,NULL,NULL,NULL,'2a9fdd39-887f-4ed0-acd7-66e1fb359bc5',NULL),(1150,52,14,80,NULL,'2018-02-16 15:03:54',1,NULL,NULL,NULL,NULL,NULL,NULL,NULL,NULL,NULL,NULL,'bbb',NULL,NULL,11,'2018-02-16 15:03:54',0,NULL,NULL,NULL,'57cc3e82-fcd4-4c6d-84e4-b3f2b434e4a6',NULL),(1151,52,165,80,NULL,'2018-02-16 15:03:54',1,NULL,NULL,NULL,NULL,NULL,NULL,NULL,NULL,NULL,NULL,'F',NULL,NULL,11,'2018-02-16 15:03:54',0,NULL,NULL,NULL,'946c55eb-d6c9-4faa-b220-f962b6e9a93d',NULL),(1152,52,173,80,NULL,'2018-02-16 15:03:54',1,NULL,NULL,NULL,NULL,NULL,NULL,NULL,NULL,NULL,NULL,'4',NULL,NULL,11,'2018-02-16 15:03:54',0,NULL,NULL,NULL,'e67fa4e8-7403-4db7-b9e1-85144d5836c5',NULL),(1153,52,167,80,NULL,'2018-02-16 15:03:54',1,NULL,NULL,NULL,NULL,NULL,NULL,NULL,NULL,NULL,NULL,'5758457',NULL,NULL,11,'2018-02-16 15:03:54',0,NULL,NULL,NULL,'e8a91ac5-47ca-47cd-8bc0-da4c09fd0ec1',NULL),(1154,52,164,80,NULL,'2018-02-16 15:03:54',1,NULL,NULL,NULL,NULL,NULL,NULL,NULL,NULL,NULL,NULL,'gtegd',NULL,NULL,11,'2018-02-16 15:03:54',0,NULL,NULL,NULL,'4ce4ffbf-69b5-4b30-94f9-544cde836ee4',NULL),(1155,52,169,80,NULL,'2018-02-16 15:03:54',1,NULL,NULL,NULL,NULL,NULL,NULL,NULL,NULL,NULL,NULL,'hhdgd',NULL,NULL,11,'2018-02-16 15:03:54',0,NULL,NULL,NULL,'6a2adc90-98c9-44b4-b07f-81c122c77abe',NULL),(1156,52,166,80,NULL,'2018-02-16 15:03:54',1,NULL,NULL,NULL,NULL,NULL,NULL,NULL,NULL,NULL,NULL,'848445',NULL,NULL,11,'2018-02-16 15:03:54',0,NULL,NULL,NULL,'ff309958-6d52-4f36-a923-db1b9c2e3f24',NULL),(1157,52,171,80,NULL,'2018-02-16 15:03:54',1,NULL,NULL,NULL,NULL,NULL,NULL,NULL,NULL,NULL,NULL,'6',NULL,NULL,11,'2018-02-16 15:03:54',0,NULL,NULL,NULL,'2ed82363-9fd3-483e-ab2e-b14c190aca94',NULL),(1158,52,168,80,NULL,'2018-02-16 15:03:54',1,NULL,NULL,NULL,NULL,NULL,NULL,NULL,NULL,NULL,NULL,'1',NULL,NULL,11,'2018-02-16 15:03:54',0,NULL,NULL,NULL,'23a8e2e1-5eef-4c22-b1cf-2836f4b4f22a',NULL),(1159,52,163,80,NULL,'2018-02-16 15:03:54',1,NULL,NULL,NULL,NULL,NULL,NULL,NULL,NULL,NULL,NULL,'2,3',NULL,NULL,11,'2018-02-16 15:03:54',0,NULL,NULL,NULL,'154054e7-a2a8-408b-be29-071793675f56',NULL),(1160,52,170,80,NULL,'2018-02-16 15:03:54',1,NULL,NULL,NULL,NULL,NULL,NULL,NULL,NULL,NULL,NULL,'6',NULL,NULL,11,'2018-02-16 15:03:54',0,NULL,NULL,NULL,'b28af8f8-3b54-4e1b-a5dc-294432d7d9f2',NULL),(1161,52,128,80,NULL,'2018-02-16 15:03:54',1,NULL,NULL,NULL,NULL,NULL,NULL,NULL,NULL,NULL,NULL,'524845458424',NULL,NULL,11,'2018-02-16 15:03:54',0,NULL,NULL,NULL,'33a44244-c210-410c-809d-caf12de25606',NULL),(1162,52,174,80,NULL,'2018-02-16 15:03:54',1,NULL,NULL,NULL,NULL,NULL,NULL,NULL,NULL,NULL,NULL,'gdtdg',NULL,NULL,11,'2018-02-16 15:03:54',0,NULL,NULL,NULL,'98e417a6-d4fd-4883-aa81-a07327156b9d',NULL),(1163,52,21,80,NULL,'2018-02-16 15:03:54',1,NULL,NULL,NULL,NULL,NULL,NULL,NULL,NULL,NULL,NULL,'58',NULL,NULL,11,'2018-02-16 15:03:54',0,NULL,NULL,NULL,'b482e05b-6b63-41e1-bb56-1deee5218e59',NULL),(1164,52,22,80,NULL,'2018-02-16 15:03:54',1,NULL,NULL,NULL,NULL,NULL,NULL,NULL,NULL,NULL,NULL,'F',NULL,NULL,11,'2018-02-16 15:03:54',0,NULL,NULL,NULL,'c4aac671-cd8a-4a11-ad31-a78e3e95a6dd',NULL),(1165,52,5,80,NULL,'2018-02-16 15:03:54',1,NULL,NULL,NULL,NULL,NULL,NULL,NULL,NULL,NULL,NULL,'3',NULL,NULL,11,'2018-02-16 15:03:54',0,NULL,NULL,NULL,'e986b732-7b2e-40c3-ad34-1a17f8860ad1',NULL),(1166,52,16,80,NULL,'2018-02-16 15:03:54',1,NULL,NULL,NULL,NULL,NULL,NULL,NULL,NULL,NULL,NULL,'5248454848',NULL,NULL,11,'2018-02-16 15:03:54',0,NULL,NULL,NULL,'3276c397-7c3f-4571-8c1c-c08616c3b503',NULL),(1167,52,6,80,NULL,'2018-02-16 15:03:54',1,NULL,NULL,NULL,NULL,NULL,NULL,NULL,NULL,NULL,NULL,'ttdge',NULL,NULL,11,'2018-02-16 15:03:54',0,NULL,NULL,NULL,'53a8fa17-88a8-439f-ac74-d395297fe8a7',NULL),(1168,52,175,80,NULL,'2018-02-16 15:03:54',1,NULL,NULL,NULL,NULL,NULL,NULL,NULL,NULL,NULL,NULL,'16-2-2018',NULL,NULL,11,'2018-02-16 15:03:54',0,NULL,NULL,NULL,'dca9a2fb-96a9-4955-9b6e-5a12fca447be',NULL),(1169,52,116,80,NULL,'2018-02-16 15:03:54',1,NULL,NULL,NULL,NULL,NULL,NULL,NULL,NULL,NULL,NULL,'ha_1',NULL,NULL,11,'2018-02-16 15:03:54',0,NULL,NULL,NULL,'95a0e436-c975-4112-8283-66198dad69ee',NULL),(1170,52,176,80,NULL,'2018-02-16 15:03:54',1,NULL,NULL,NULL,NULL,NULL,NULL,NULL,NULL,NULL,NULL,'NA',NULL,NULL,11,'2018-02-16 15:03:54',0,NULL,NULL,NULL,'da19c6f5-14b7-4332-bd80-1b5de41ffc7f',NULL),(1171,52,180,80,NULL,'2018-02-16 15:03:54',1,NULL,NULL,NULL,NULL,NULL,NULL,NULL,NULL,NULL,NULL,'NA',NULL,NULL,11,'2018-02-16 15:03:54',0,NULL,NULL,NULL,'a76db598-613e-4b8f-8343-d06a8125d1f5',NULL),(1172,52,178,80,NULL,'2018-02-16 15:03:54',1,NULL,NULL,NULL,NULL,NULL,NULL,NULL,NULL,NULL,NULL,'NA',NULL,NULL,11,'2018-02-16 15:03:54',0,NULL,NULL,NULL,'7662c098-6b93-48d7-a0c6-3912287545f8',NULL),(1173,52,177,80,NULL,'2018-02-16 15:03:54',1,NULL,NULL,NULL,NULL,NULL,NULL,NULL,NULL,NULL,NULL,'NA',NULL,NULL,11,'2018-02-16 15:03:55',0,NULL,NULL,NULL,'abcb4d0a-af29-4bdc-9292-d422dbf3e0fc',NULL),(1174,52,80,80,NULL,'2018-02-16 15:03:54',1,NULL,NULL,NULL,NULL,NULL,NULL,NULL,NULL,NULL,NULL,'NA',NULL,NULL,11,'2018-02-16 15:03:55',0,NULL,NULL,NULL,'185d5fff-c00f-49c9-ab5c-4614be12cd02',NULL),(1175,52,79,80,NULL,'2018-02-16 15:03:54',1,NULL,NULL,NULL,NULL,NULL,NULL,NULL,NULL,NULL,NULL,'NA',NULL,NULL,11,'2018-02-16 15:03:55',0,NULL,NULL,NULL,'66d6943f-233c-4f7d-8059-ed8baaac44ec',NULL),(1176,52,117,80,NULL,'2018-02-16 15:03:54',1,NULL,NULL,NULL,NULL,NULL,NULL,NULL,NULL,NULL,NULL,'asha',NULL,NULL,11,'2018-02-16 15:03:55',0,NULL,NULL,NULL,'16c85f5d-14a4-4fce-b102-04da6940393c',NULL),(1177,52,179,80,NULL,'2018-02-16 15:03:54',1,NULL,NULL,NULL,NULL,NULL,NULL,NULL,NULL,NULL,NULL,'NA',NULL,NULL,11,'2018-02-16 15:03:55',0,NULL,NULL,NULL,'44d3e565-b53b-417c-a9f3-9c8eccefda6d',NULL),(1178,52,114,80,NULL,'2018-02-16 15:03:54',1,NULL,NULL,NULL,NULL,NULL,NULL,NULL,NULL,NULL,NULL,'16-02-2018 10:23:13',NULL,NULL,11,'2018-02-16 15:03:55',0,NULL,NULL,NULL,'7cfd7483-7e9a-4fe0-b6e8-5e2eb5b51e36',NULL),(1179,52,115,80,NULL,'2018-02-16 15:03:54',1,NULL,NULL,NULL,NULL,NULL,NULL,NULL,NULL,NULL,NULL,'16-02-2018 10:23:13',NULL,NULL,11,'2018-02-16 15:03:55',0,NULL,NULL,NULL,'3841d973-4696-4371-a2c1-235d9801d857',NULL),(1180,52,133,80,NULL,'2018-02-16 15:03:54',1,NULL,NULL,NULL,NULL,NULL,NULL,NULL,NULL,NULL,NULL,'0',NULL,NULL,11,'2018-02-16 15:03:55',0,NULL,NULL,NULL,'ae3792a1-d6c6-4a01-ab09-eb443852113b',NULL),(1181,52,136,80,NULL,'2018-02-16 15:03:54',1,NULL,NULL,NULL,NULL,NULL,NULL,NULL,NULL,NULL,NULL,'0',NULL,NULL,11,'2018-02-16 15:03:55',0,NULL,NULL,NULL,'c2f25966-b71c-4290-8e1f-2f232d205995',NULL),(1182,52,135,80,NULL,'2018-02-16 15:03:54',1,NULL,NULL,NULL,NULL,NULL,NULL,NULL,NULL,NULL,NULL,'1',NULL,NULL,11,'2018-02-16 15:03:55',0,NULL,NULL,NULL,'28040e5e-ebeb-4973-9359-d6e228244de1',NULL),(1183,52,151,80,NULL,'2018-02-16 15:03:54',1,NULL,NULL,NULL,NULL,NULL,NULL,NULL,NULL,NULL,NULL,'0',NULL,NULL,11,'2018-02-16 15:03:55',0,NULL,NULL,NULL,'b753a663-9ff5-4123-8225-348fc71167d6',NULL),(1184,52,137,80,NULL,'2018-02-16 15:03:54',1,NULL,NULL,NULL,NULL,NULL,NULL,NULL,NULL,NULL,NULL,'NA',NULL,NULL,11,'2018-02-16 15:03:55',0,NULL,NULL,NULL,'73b23fde-0b9e-4ecf-9838-12cab6103b73',NULL),(1185,52,140,80,NULL,'2018-02-16 15:03:54',1,NULL,NULL,NULL,NULL,NULL,NULL,NULL,NULL,NULL,NULL,'7',NULL,NULL,11,'2018-02-16 15:03:55',0,NULL,NULL,NULL,'a79d85de-3b4b-447e-b466-002f7d29499d',NULL),(1186,52,139,80,NULL,'2018-02-16 15:03:54',1,NULL,NULL,NULL,NULL,NULL,NULL,NULL,NULL,NULL,NULL,'80',NULL,NULL,11,'2018-02-16 15:03:55',0,NULL,NULL,NULL,'c6cdbc3d-513c-4a41-a598-be7f0b8a73b9',NULL),(1187,52,134,80,NULL,'2018-02-16 15:03:54',1,NULL,NULL,NULL,NULL,NULL,NULL,NULL,NULL,NULL,NULL,'120',NULL,NULL,11,'2018-02-16 15:03:55',0,NULL,NULL,NULL,'22e898b9-0b6c-4ae5-a313-fb5ae644a96b',NULL),(1188,52,141,80,NULL,'2018-02-16 15:03:54',1,NULL,NULL,NULL,NULL,NULL,NULL,NULL,NULL,NULL,NULL,'done',NULL,NULL,11,'2018-02-16 15:03:55',0,NULL,NULL,NULL,'dcd0d95f-8b26-4903-ab03-7a5dbfb42eaf',NULL),(1189,52,138,80,NULL,'2018-02-16 15:03:54',1,NULL,NULL,NULL,NULL,NULL,NULL,NULL,NULL,NULL,NULL,'1',NULL,NULL,11,'2018-02-16 15:03:55',0,NULL,NULL,NULL,'7e31fdda-78d0-4d10-9cf3-3cc56520a51f',NULL),(1190,52,162,80,NULL,'2018-02-16 15:03:54',1,NULL,NULL,NULL,NULL,NULL,NULL,NULL,NULL,NULL,NULL,'140',NULL,NULL,11,'2018-02-16 15:03:55',0,NULL,NULL,NULL,'b7566d3f-dc72-42a9-a170-36f4923c312b',NULL),(1191,52,19,80,NULL,'2018-02-16 15:03:54',1,NULL,NULL,NULL,NULL,NULL,NULL,NULL,NULL,NULL,NULL,'NA',NULL,NULL,11,'2018-02-16 15:03:55',0,NULL,NULL,NULL,'753f3def-6667-4aa0-b949-1bbad73b48a6',NULL),(1192,52,20,80,NULL,'2018-02-16 15:03:54',1,NULL,NULL,NULL,NULL,NULL,NULL,NULL,NULL,NULL,NULL,'16-2-2018',NULL,NULL,11,'2018-02-16 15:03:55',0,NULL,NULL,NULL,'fa0e3778-f9d2-4543-bc3c-34830e068656',NULL),(1193,52,22,80,NULL,'2018-02-16 15:03:54',1,NULL,NULL,NULL,NULL,NULL,NULL,NULL,NULL,NULL,NULL,'F',NULL,NULL,11,'2018-02-16 15:03:55',0,NULL,NULL,NULL,'2304c395-2448-4bb8-9924-9eebb0a28621',NULL),(1194,52,8,80,NULL,'2018-02-16 15:03:54',1,NULL,NULL,NULL,NULL,NULL,NULL,NULL,NULL,NULL,NULL,'SH_CVD_ASHA_SCREENING_1',NULL,NULL,11,'2018-02-16 15:03:55',0,NULL,NULL,NULL,'3d7b50e4-e494-4099-bfe8-2e34a995366f',NULL),(1195,52,18,80,NULL,'2018-02-16 15:03:54',1,NULL,NULL,NULL,NULL,NULL,NULL,NULL,NULL,NULL,NULL,'1-1-1960',NULL,NULL,11,'2018-02-16 15:03:55',0,NULL,NULL,NULL,'793e46a9-d6f0-4a31-ac7e-11c55c7031aa',NULL),(1196,52,7,80,NULL,'2018-02-16 15:03:54',1,NULL,NULL,NULL,NULL,NULL,NULL,NULL,NULL,NULL,NULL,'ha_1',NULL,NULL,11,'2018-02-16 15:03:55',0,NULL,NULL,NULL,'6261471b-baaa-4ad1-9b67-4f9941d506cc',NULL),(1197,52,9,80,NULL,'2018-02-16 15:03:54',1,NULL,NULL,NULL,NULL,NULL,NULL,NULL,NULL,NULL,NULL,'16-02-2018 10:23:13',NULL,NULL,11,'2018-02-16 15:03:55',0,NULL,NULL,NULL,'ca537b83-f8a8-4112-86cd-037054e9a165',NULL),(1198,52,119,80,NULL,'2018-02-16 15:03:54',1,NULL,NULL,NULL,NULL,NULL,NULL,NULL,NULL,NULL,NULL,'SH_CVD_ASHA_SCREENING_1',NULL,NULL,11,'2018-02-16 15:03:55',0,NULL,NULL,NULL,'fceb9bc7-2ee2-4262-9ad1-c855949f5557',NULL),(1199,52,118,80,NULL,'2018-02-16 15:03:54',1,NULL,NULL,NULL,NULL,NULL,NULL,NULL,NULL,NULL,NULL,'NA',NULL,NULL,11,'2018-02-16 15:03:55',0,NULL,NULL,NULL,'1f15b5f5-e30d-494e-ad07-97bbbe3e1dd4',NULL),(1200,52,12,80,NULL,'2018-02-16 15:03:54',1,NULL,NULL,NULL,NULL,NULL,NULL,NULL,NULL,NULL,NULL,'1040010006',NULL,NULL,11,'2018-02-16 15:03:55',0,NULL,NULL,NULL,'b0cf04d3-f791-4ca4-82b7-0a423f5ca860',NULL),(1201,52,15,80,NULL,'2018-02-16 15:03:54',1,NULL,NULL,NULL,NULL,NULL,NULL,NULL,NULL,NULL,NULL,'bbb',NULL,NULL,11,'2018-02-16 15:03:55',0,NULL,NULL,NULL,'221ce8d0-81a1-4691-a5ab-c16143c835b5',NULL),(1202,52,142,80,NULL,'2018-02-16 15:03:54',1,NULL,NULL,NULL,NULL,NULL,NULL,NULL,NULL,NULL,NULL,'Rectruited',NULL,NULL,11,'2018-02-16 15:03:55',0,NULL,NULL,NULL,'80c22578-7974-4282-8f78-3c3377d58ef2',NULL),(1203,52,186,80,NULL,'2018-02-16 15:03:54',1,NULL,NULL,NULL,NULL,NULL,NULL,NULL,NULL,NULL,NULL,'NA',NULL,NULL,11,'2018-02-16 15:03:55',0,NULL,NULL,NULL,'fec4493a-e796-4787-ab8b-1fdeb61dc06c',NULL),(1204,52,185,80,NULL,'2018-02-16 15:03:54',1,NULL,NULL,NULL,NULL,NULL,NULL,NULL,NULL,NULL,NULL,'NA',NULL,NULL,11,'2018-02-16 15:03:55',0,NULL,NULL,NULL,'c6a32cd2-1599-455a-832d-fd6d5baa6f82',NULL),(1205,52,188,80,NULL,'2018-02-16 15:03:54',1,NULL,NULL,NULL,NULL,NULL,NULL,NULL,NULL,NULL,NULL,'NA',NULL,NULL,11,'2018-02-16 15:03:55',0,NULL,NULL,NULL,'d4895e56-b475-44af-9e5c-5ef7682b55da',NULL),(1206,52,187,80,NULL,'2018-02-16 15:03:54',1,NULL,NULL,NULL,NULL,NULL,NULL,NULL,NULL,NULL,NULL,'NA',NULL,NULL,11,'2018-02-16 15:03:55',0,NULL,NULL,NULL,'de492b57-8366-465f-befe-bb4acc8351f0',NULL),(1207,52,182,80,NULL,'2018-02-16 15:03:54',1,NULL,NULL,NULL,NULL,NULL,NULL,NULL,NULL,NULL,NULL,'NA',NULL,NULL,11,'2018-02-16 15:03:55',0,NULL,NULL,NULL,'3ea40253-18bd-437d-b522-298845128e69',NULL),(1208,52,181,80,NULL,'2018-02-16 15:03:54',1,NULL,NULL,NULL,NULL,NULL,NULL,NULL,NULL,NULL,NULL,'NA',NULL,NULL,11,'2018-02-16 15:03:55',0,NULL,NULL,NULL,'f14d1e6f-df2b-4e0d-9643-a99a9ff186aa',NULL),(1209,52,184,80,NULL,'2018-02-16 15:03:54',1,NULL,NULL,NULL,NULL,NULL,NULL,NULL,NULL,NULL,NULL,'NA',NULL,NULL,11,'2018-02-16 15:03:55',0,NULL,NULL,NULL,'f12cb1ce-bf19-45df-807f-6b9a8e79a315',NULL),(1210,52,183,80,NULL,'2018-02-16 15:03:54',1,NULL,NULL,NULL,NULL,NULL,NULL,NULL,NULL,NULL,NULL,'NA',NULL,NULL,11,'2018-02-16 15:03:55',0,NULL,NULL,NULL,'0acd473d-77e6-4482-b233-45b8a2c6140d',NULL),(1211,52,172,80,NULL,'2018-02-16 15:03:54',1,NULL,NULL,NULL,NULL,NULL,NULL,NULL,NULL,NULL,NULL,'NA',NULL,NULL,11,'2018-02-16 15:03:55',0,NULL,NULL,NULL,'9f7a138c-2dcf-4861-aeb5-51fc222a6a0a',NULL),(1212,52,35,80,NULL,'2018-02-16 15:03:54',1,NULL,NULL,NULL,NULL,NULL,NULL,NULL,NULL,NULL,NULL,'52',NULL,NULL,11,'2018-02-16 15:03:55',0,NULL,NULL,NULL,'1b721026-d280-4f19-8d8e-64bb39af4ece',NULL),(1213,52,159,80,NULL,'2018-02-16 15:03:54',1,NULL,NULL,NULL,NULL,NULL,NULL,NULL,NULL,NULL,NULL,'0',NULL,NULL,11,'2018-02-16 15:03:55',0,NULL,NULL,NULL,'9f7345d5-795f-4f20-9ef8-110ac2e3c9b3',NULL),(1214,52,154,80,NULL,'2018-02-16 15:03:54',1,NULL,NULL,NULL,NULL,NULL,NULL,NULL,NULL,NULL,NULL,'0',NULL,NULL,11,'2018-02-16 15:03:55',0,NULL,NULL,NULL,'2d6f7794-70a0-41f1-8a07-4c806a2d52d3',NULL),(1215,52,153,80,NULL,'2018-02-16 15:03:54',1,NULL,NULL,NULL,NULL,NULL,NULL,NULL,NULL,NULL,NULL,'NA',NULL,NULL,11,'2018-02-16 15:03:55',0,NULL,NULL,NULL,'282496dd-15a2-4c3f-b73e-7577d55f1f92',NULL),(1216,52,156,80,NULL,'2018-02-16 15:03:54',1,NULL,NULL,NULL,NULL,NULL,NULL,NULL,NULL,NULL,NULL,'16-2-2018',NULL,NULL,11,'2018-02-16 15:03:55',0,NULL,NULL,NULL,'1656b6f6-6c12-42f0-9b05-80cb291ef729',NULL),(1217,52,158,80,NULL,'2018-02-16 15:03:54',1,NULL,NULL,NULL,NULL,NULL,NULL,NULL,NULL,NULL,NULL,'16-2-2018',NULL,NULL,11,'2018-02-16 15:03:55',0,NULL,NULL,NULL,'216d8f07-f0f5-4b0b-bdbc-f9f0bd365429',NULL),(1218,52,157,80,NULL,'2018-02-16 15:03:54',1,NULL,NULL,NULL,NULL,NULL,NULL,NULL,NULL,NULL,NULL,'10.11',NULL,NULL,11,'2018-02-16 15:03:55',0,NULL,NULL,NULL,'c3b94895-9ae5-4c12-b2bd-35aeeeff533e',NULL),(1219,52,160,80,NULL,'2018-02-16 15:03:54',1,NULL,NULL,NULL,NULL,NULL,NULL,NULL,NULL,NULL,NULL,'0',NULL,NULL,11,'2018-02-16 15:03:55',0,NULL,NULL,NULL,'6d0f98d3-e64f-4975-8a44-f396f3a2510c',NULL),(1220,52,155,80,NULL,'2018-02-16 15:03:54',1,NULL,NULL,NULL,NULL,NULL,NULL,NULL,NULL,NULL,NULL,'0',NULL,NULL,11,'2018-02-16 15:03:55',0,NULL,NULL,NULL,'d21ca574-2a25-49bc-9cf5-bd4bc4af3858',NULL),(1221,52,143,80,NULL,'2018-02-16 15:03:54',1,NULL,NULL,NULL,NULL,NULL,NULL,NULL,NULL,NULL,NULL,'1',NULL,NULL,11,'2018-02-16 15:03:55',0,NULL,NULL,NULL,'50f2c555-7548-4965-afb2-fc3f24646049',NULL),(1222,52,152,80,NULL,'2018-02-16 15:03:54',1,NULL,NULL,NULL,NULL,NULL,NULL,NULL,NULL,NULL,NULL,'0',NULL,NULL,11,'2018-02-16 15:03:56',0,NULL,NULL,NULL,'2afc3248-8d24-4399-932e-1675fca78b7a',NULL),(1223,52,149,80,NULL,'2018-02-16 15:03:54',1,NULL,NULL,NULL,NULL,NULL,NULL,NULL,NULL,NULL,NULL,'1',NULL,NULL,11,'2018-02-16 15:03:56',0,NULL,NULL,NULL,'5c0c5b18-465e-4d0b-a84e-a839b239c325',NULL),(1224,52,148,80,NULL,'2018-02-16 15:03:54',1,NULL,NULL,NULL,NULL,NULL,NULL,NULL,NULL,NULL,NULL,'0',NULL,NULL,11,'2018-02-16 15:03:56',0,NULL,NULL,NULL,'57fc3e85-8c7c-4b9c-87c9-a47ba38bde5d',NULL),(1225,52,161,80,NULL,'2018-02-16 15:03:54',1,NULL,NULL,NULL,NULL,NULL,NULL,NULL,NULL,NULL,NULL,'1',NULL,NULL,11,'2018-02-16 15:03:56',0,NULL,NULL,NULL,'487d8fa2-37d3-4431-b1a8-0def004457c0',NULL),(1226,52,150,80,NULL,'2018-02-16 15:03:54',1,NULL,NULL,NULL,NULL,NULL,NULL,NULL,NULL,NULL,NULL,'0',NULL,NULL,11,'2018-02-16 15:03:56',0,NULL,NULL,NULL,'4da6b7a3-6471-41ba-bc8e-40cc2106c252',NULL),(1227,52,145,80,NULL,'2018-02-16 15:03:54',1,NULL,NULL,NULL,NULL,NULL,NULL,NULL,NULL,NULL,NULL,'27.68',NULL,NULL,11,'2018-02-16 15:03:56',0,NULL,NULL,NULL,'d4aa4e91-392b-47d8-9c2a-436fac23bb1d',NULL),(1228,52,144,80,NULL,'2018-02-16 15:03:54',1,NULL,NULL,NULL,NULL,NULL,NULL,NULL,NULL,NULL,NULL,'0',NULL,NULL,11,'2018-02-16 15:03:56',0,NULL,NULL,NULL,'cbe19dbb-2722-4a43-b49e-794290ff9c01',NULL),(1229,52,147,80,NULL,'2018-02-16 15:03:54',1,NULL,NULL,NULL,NULL,NULL,NULL,NULL,NULL,NULL,NULL,'170',NULL,NULL,11,'2018-02-16 15:03:56',0,NULL,NULL,NULL,'c4e51685-61af-40a9-b849-637a08ddff1d',NULL),(1230,52,146,80,NULL,'2018-02-16 15:03:54',1,NULL,NULL,NULL,NULL,NULL,NULL,NULL,NULL,NULL,NULL,'80',NULL,NULL,11,'2018-02-16 15:03:56',0,NULL,NULL,NULL,'57604e25-ee9f-4e21-a742-a6d5f2e6c61a',NULL),(1231,53,175,81,NULL,'2018-02-16 15:03:57',1,NULL,NULL,NULL,NULL,NULL,NULL,NULL,NULL,NULL,NULL,'16-2-2018',NULL,NULL,11,'2018-02-16 15:03:58',0,NULL,NULL,NULL,'a0b70663-4993-4540-9c0b-7cccf293e710',NULL),(1232,53,174,81,NULL,'2018-02-16 15:03:57',1,NULL,NULL,NULL,NULL,NULL,NULL,NULL,NULL,NULL,NULL,'gydhd',NULL,NULL,11,'2018-02-16 15:03:58',0,NULL,NULL,NULL,'a1331833-4f24-4c1c-b050-aeb938102a8d',NULL),(1233,53,128,81,NULL,'2018-02-16 15:03:57',1,NULL,NULL,NULL,NULL,NULL,NULL,NULL,NULL,NULL,NULL,'554848845454',NULL,NULL,11,'2018-02-16 15:03:58',0,NULL,NULL,NULL,'9eb457ec-36e7-43c8-8bd0-6bdebb24795e',NULL),(1234,53,22,81,NULL,'2018-02-16 15:03:57',1,NULL,NULL,NULL,NULL,NULL,NULL,NULL,NULL,NULL,NULL,'F',NULL,NULL,11,'2018-02-16 15:03:58',0,NULL,NULL,NULL,'589a7577-0a4b-4bae-ab83-a348866fa3e8',NULL),(1235,53,21,81,NULL,'2018-02-16 15:03:57',1,NULL,NULL,NULL,NULL,NULL,NULL,NULL,NULL,NULL,NULL,'65',NULL,NULL,11,'2018-02-16 15:03:58',0,NULL,NULL,NULL,'c027df17-619f-41af-ae5b-ab0488a75513',NULL),(1236,53,16,81,NULL,'2018-02-16 15:03:57',1,NULL,NULL,NULL,NULL,NULL,NULL,NULL,NULL,NULL,NULL,'8545484575',NULL,NULL,11,'2018-02-16 15:03:58',0,NULL,NULL,NULL,'3cb6d58a-5746-444f-96af-f3f94581ec91',NULL),(1237,53,5,81,NULL,'2018-02-16 15:03:57',1,NULL,NULL,NULL,NULL,NULL,NULL,NULL,NULL,NULL,NULL,'3',NULL,NULL,11,'2018-02-16 15:03:58',0,NULL,NULL,NULL,'057c03fc-b9ef-4546-89db-337f79e5fdee',NULL),(1238,53,6,81,NULL,'2018-02-16 15:03:57',1,NULL,NULL,NULL,NULL,NULL,NULL,NULL,NULL,NULL,NULL,'ggdgd',NULL,NULL,11,'2018-02-16 15:03:58',0,NULL,NULL,NULL,'0a477a32-ac09-48a9-a8c9-ca38f07a4732',NULL),(1239,53,150,81,NULL,'2018-02-16 15:03:57',1,NULL,NULL,NULL,NULL,NULL,NULL,NULL,NULL,NULL,NULL,'0',NULL,NULL,11,'2018-02-16 15:03:58',0,NULL,NULL,NULL,'416fe838-0848-4578-b6b2-fc5d705e272f',NULL),(1240,53,149,81,NULL,'2018-02-16 15:03:57',1,NULL,NULL,NULL,NULL,NULL,NULL,NULL,NULL,NULL,NULL,'1',NULL,NULL,11,'2018-02-16 15:03:58',0,NULL,NULL,NULL,'af2808a4-a534-47b8-93fd-d6c8c8214816',NULL),(1241,53,160,81,NULL,'2018-02-16 15:03:57',1,NULL,NULL,NULL,NULL,NULL,NULL,NULL,NULL,NULL,NULL,'0',NULL,NULL,11,'2018-02-16 15:03:58',0,NULL,NULL,NULL,'c446f99c-57b6-4223-b5b8-487fdecf2e7a',NULL),(1242,53,161,81,NULL,'2018-02-16 15:03:57',1,NULL,NULL,NULL,NULL,NULL,NULL,NULL,NULL,NULL,NULL,'1',NULL,NULL,11,'2018-02-16 15:03:58',0,NULL,NULL,NULL,'c2699621-2e93-411b-a377-c424e2db1f0f',NULL),(1243,53,146,81,NULL,'2018-02-16 15:03:57',1,NULL,NULL,NULL,NULL,NULL,NULL,NULL,NULL,NULL,NULL,'80.5',NULL,NULL,11,'2018-02-16 15:03:58',0,NULL,NULL,NULL,'b634b341-ac99-4a32-92d5-5da79beb3335',NULL),(1244,53,145,81,NULL,'2018-02-16 15:03:57',1,NULL,NULL,NULL,NULL,NULL,NULL,NULL,NULL,NULL,NULL,'40.93',NULL,NULL,11,'2018-02-16 15:03:58',0,NULL,NULL,NULL,'6d310e43-0dc6-4d04-b8a9-8705f88e46ae',NULL),(1245,53,148,81,NULL,'2018-02-16 15:03:57',1,NULL,NULL,NULL,NULL,NULL,NULL,NULL,NULL,NULL,NULL,'0',NULL,NULL,11,'2018-02-16 15:03:58',0,NULL,NULL,NULL,'c0258d70-00c9-4ceb-afab-2a3e80a64e8d',NULL),(1246,53,147,81,NULL,'2018-02-16 15:03:57',1,NULL,NULL,NULL,NULL,NULL,NULL,NULL,NULL,NULL,NULL,'140.25',NULL,NULL,11,'2018-02-16 15:03:58',0,NULL,NULL,NULL,'4be89ff1-bdb8-4758-b05d-6970fbdfa8c8',NULL),(1247,53,144,81,NULL,'2018-02-16 15:03:57',1,NULL,NULL,NULL,NULL,NULL,NULL,NULL,NULL,NULL,NULL,'0',NULL,NULL,11,'2018-02-16 15:03:58',0,NULL,NULL,NULL,'ffec2793-7db0-4b7c-bdf7-51956391f5d7',NULL),(1248,53,143,81,NULL,'2018-02-16 15:03:57',1,NULL,NULL,NULL,NULL,NULL,NULL,NULL,NULL,NULL,NULL,'0',NULL,NULL,11,'2018-02-16 15:03:58',0,NULL,NULL,NULL,'bcc45e43-3248-493f-8f4f-ef5c6d066975',NULL),(1249,53,171,81,NULL,'2018-02-16 15:03:57',1,NULL,NULL,NULL,NULL,NULL,NULL,NULL,NULL,NULL,NULL,'6',NULL,NULL,11,'2018-02-16 15:03:58',0,NULL,NULL,NULL,'705ad1d1-4722-491f-8437-71ac36d37e5a',NULL),(1250,53,170,81,NULL,'2018-02-16 15:03:57',1,NULL,NULL,NULL,NULL,NULL,NULL,NULL,NULL,NULL,NULL,'5',NULL,NULL,11,'2018-02-16 15:03:58',0,NULL,NULL,NULL,'9351b629-9642-4364-abee-3c07d0e22a7b',NULL),(1251,53,183,81,NULL,'2018-02-16 15:03:57',1,NULL,NULL,NULL,NULL,NULL,NULL,NULL,NULL,NULL,NULL,'NA',NULL,NULL,11,'2018-02-16 15:03:58',0,NULL,NULL,NULL,'e1c2ec67-8b8f-4cb6-aa0b-0c26273a7e76',NULL),(1252,53,184,81,NULL,'2018-02-16 15:03:57',1,NULL,NULL,NULL,NULL,NULL,NULL,NULL,NULL,NULL,NULL,'NA',NULL,NULL,11,'2018-02-16 15:03:58',0,NULL,NULL,NULL,'48a17be1-2e0b-4598-ad9b-6abbf2142ef3',NULL),(1253,53,167,81,NULL,'2018-02-16 15:03:57',1,NULL,NULL,NULL,NULL,NULL,NULL,NULL,NULL,NULL,NULL,'557875548',NULL,NULL,11,'2018-02-16 15:03:58',0,NULL,NULL,NULL,'d553006e-39c6-4901-911b-4898e3ecb1af',NULL),(1254,53,166,81,NULL,'2018-02-16 15:03:57',1,NULL,NULL,NULL,NULL,NULL,NULL,NULL,NULL,NULL,NULL,'55484',NULL,NULL,11,'2018-02-16 15:03:58',0,NULL,NULL,NULL,'ac5dc378-a8b1-46e9-b73a-c6366801fb66',NULL),(1255,53,169,81,NULL,'2018-02-16 15:03:57',1,NULL,NULL,NULL,NULL,NULL,NULL,NULL,NULL,NULL,NULL,'hydgd',NULL,NULL,11,'2018-02-16 15:03:58',0,NULL,NULL,NULL,'b2fdb21e-ad99-490e-b3c4-ceff644e839c',NULL),(1256,53,168,81,NULL,'2018-02-16 15:03:57',1,NULL,NULL,NULL,NULL,NULL,NULL,NULL,NULL,NULL,NULL,'1',NULL,NULL,11,'2018-02-16 15:03:58',0,NULL,NULL,NULL,'8d6b630a-73a4-4fd2-9851-22ae175298e1',NULL),(1257,53,116,81,NULL,'2018-02-16 15:03:57',1,NULL,NULL,NULL,NULL,NULL,NULL,NULL,NULL,NULL,NULL,'ha_1',NULL,NULL,11,'2018-02-16 15:03:58',0,NULL,NULL,NULL,'d4dcbf3b-0371-4fff-8c7c-be360ccc3bb8',NULL),(1258,53,173,81,NULL,'2018-02-16 15:03:57',1,NULL,NULL,NULL,NULL,NULL,NULL,NULL,NULL,NULL,NULL,'4',NULL,NULL,11,'2018-02-16 15:03:58',0,NULL,NULL,NULL,'6336fe03-f483-4842-9094-16a5a2820aa1',NULL),(1259,53,165,81,NULL,'2018-02-16 15:03:57',1,NULL,NULL,NULL,NULL,NULL,NULL,NULL,NULL,NULL,NULL,'H',NULL,NULL,11,'2018-02-16 15:03:58',0,NULL,NULL,NULL,'a1479df3-b476-4ff7-a853-7be70e7f5752',NULL),(1260,53,164,81,NULL,'2018-02-16 15:03:57',1,NULL,NULL,NULL,NULL,NULL,NULL,NULL,NULL,NULL,NULL,'hgdgdgd',NULL,NULL,11,'2018-02-16 15:03:58',0,NULL,NULL,NULL,'62116c7d-8210-44f9-b56c-2ea91d2ddf84',NULL),(1261,53,137,81,NULL,'2018-02-16 15:03:57',1,NULL,NULL,NULL,NULL,NULL,NULL,NULL,NULL,NULL,NULL,'NA',NULL,NULL,11,'2018-02-16 15:03:58',0,NULL,NULL,NULL,'f6173e9b-81f0-454d-aeab-b7b9be3a7093',NULL),(1262,53,138,81,NULL,'2018-02-16 15:03:57',1,NULL,NULL,NULL,NULL,NULL,NULL,NULL,NULL,NULL,NULL,'1',NULL,NULL,11,'2018-02-16 15:03:58',0,NULL,NULL,NULL,'0ccce064-0f1b-497d-9e75-ed2206df16b8',NULL),(1263,53,133,81,NULL,'2018-02-16 15:03:57',1,NULL,NULL,NULL,NULL,NULL,NULL,NULL,NULL,NULL,NULL,'0',NULL,NULL,11,'2018-02-16 15:03:58',0,NULL,NULL,NULL,'b4207de9-8e66-44ca-8da8-968af097713a',NULL),(1264,53,134,81,NULL,'2018-02-16 15:03:57',1,NULL,NULL,NULL,NULL,NULL,NULL,NULL,NULL,NULL,NULL,'143',NULL,NULL,11,'2018-02-16 15:03:58',0,NULL,NULL,NULL,'ff324ef4-f057-4723-92c2-64b7a99a3d51',NULL),(1265,53,139,81,NULL,'2018-02-16 15:03:57',1,NULL,NULL,NULL,NULL,NULL,NULL,NULL,NULL,NULL,NULL,'80',NULL,NULL,11,'2018-02-16 15:03:58',0,NULL,NULL,NULL,'211c46f8-d1d6-4b6d-ab2f-3db3dc7a634b',NULL),(1266,53,140,81,NULL,'2018-02-16 15:03:57',1,NULL,NULL,NULL,NULL,NULL,NULL,NULL,NULL,NULL,NULL,'7',NULL,NULL,11,'2018-02-16 15:03:58',0,NULL,NULL,NULL,'e5032ffc-a906-439c-a4b3-9f750c0d2af9',NULL),(1267,53,152,81,NULL,'2018-02-16 15:03:57',1,NULL,NULL,NULL,NULL,NULL,NULL,NULL,NULL,NULL,NULL,'1',NULL,NULL,11,'2018-02-16 15:03:58',0,NULL,NULL,NULL,'e247a174-2bda-4c27-b617-c011072bf56b',NULL),(1268,53,151,81,NULL,'2018-02-16 15:03:57',1,NULL,NULL,NULL,NULL,NULL,NULL,NULL,NULL,NULL,NULL,'0',NULL,NULL,11,'2018-02-16 15:03:58',0,NULL,NULL,NULL,'896d5fd5-0d7b-4a75-bd73-d75ffea6472a',NULL),(1269,53,135,81,NULL,'2018-02-16 15:03:57',1,NULL,NULL,NULL,NULL,NULL,NULL,NULL,NULL,NULL,NULL,'0',NULL,NULL,11,'2018-02-16 15:03:58',0,NULL,NULL,NULL,'ed1f19f6-61be-4cc7-9066-f6d3c8285b21',NULL),(1270,53,136,81,NULL,'2018-02-16 15:03:57',1,NULL,NULL,NULL,NULL,NULL,NULL,NULL,NULL,NULL,NULL,'1',NULL,NULL,11,'2018-02-16 15:03:58',0,NULL,NULL,NULL,'a4dff140-4107-4d17-bdef-46cc765f60d9',NULL),(1271,53,19,81,NULL,'2018-02-16 15:03:57',1,NULL,NULL,NULL,NULL,NULL,NULL,NULL,NULL,NULL,NULL,'NA',NULL,NULL,11,'2018-02-16 15:03:58',0,NULL,NULL,NULL,'398d4af1-3390-40b5-b1f0-f884ce9a9b8c',NULL),(1272,53,119,81,NULL,'2018-02-16 15:03:57',1,NULL,NULL,NULL,NULL,NULL,NULL,NULL,NULL,NULL,NULL,'SH_CVD_ASHA_SCREENING_1',NULL,NULL,11,'2018-02-16 15:03:58',0,NULL,NULL,NULL,'8ef21d3f-18e5-4798-83e7-cb7872c56ad9',NULL),(1273,53,114,81,NULL,'2018-02-16 15:03:57',1,NULL,NULL,NULL,NULL,NULL,NULL,NULL,NULL,NULL,NULL,'16-02-2018 10:23:39',NULL,NULL,11,'2018-02-16 15:03:59',0,NULL,NULL,NULL,'0c73f032-cb7f-4770-8403-dabd87f0dd85',NULL),(1274,53,7,81,NULL,'2018-02-16 15:03:57',1,NULL,NULL,NULL,NULL,NULL,NULL,NULL,NULL,NULL,NULL,'ha_1',NULL,NULL,11,'2018-02-16 15:03:59',0,NULL,NULL,NULL,'5134d718-9b35-4fc3-89ff-6b00de6682eb',NULL),(1275,53,118,81,NULL,'2018-02-16 15:03:57',1,NULL,NULL,NULL,NULL,NULL,NULL,NULL,NULL,NULL,NULL,'NA',NULL,NULL,11,'2018-02-16 15:03:59',0,NULL,NULL,NULL,'3b087d13-4fb3-4acb-ad6c-3b9bdf85948b',NULL),(1276,53,8,81,NULL,'2018-02-16 15:03:57',1,NULL,NULL,NULL,NULL,NULL,NULL,NULL,NULL,NULL,NULL,'SH_CVD_ASHA_SCREENING_1',NULL,NULL,11,'2018-02-16 15:03:59',0,NULL,NULL,NULL,'6a452723-34c4-4e82-943c-0340b0aa1383',NULL),(1277,53,9,81,NULL,'2018-02-16 15:03:57',1,NULL,NULL,NULL,NULL,NULL,NULL,NULL,NULL,NULL,NULL,'16-02-2018 10:23:39',NULL,NULL,11,'2018-02-16 15:03:59',0,NULL,NULL,NULL,'e42b4787-349e-46dd-9116-8c57d7d57203',NULL),(1278,53,20,81,NULL,'2018-02-16 15:03:57',1,NULL,NULL,NULL,NULL,NULL,NULL,NULL,NULL,NULL,NULL,'16-2-2018',NULL,NULL,11,'2018-02-16 15:03:59',0,NULL,NULL,NULL,'ac226668-71b7-4173-a79d-e32a10c2c001',NULL),(1279,53,18,81,NULL,'2018-02-16 15:03:57',1,NULL,NULL,NULL,NULL,NULL,NULL,NULL,NULL,NULL,NULL,'1-1-1953',NULL,NULL,11,'2018-02-16 15:03:59',0,NULL,NULL,NULL,'32098ef6-2a55-4c3e-b154-7fb07c4b248a',NULL),(1280,53,12,81,NULL,'2018-02-16 15:03:57',1,NULL,NULL,NULL,NULL,NULL,NULL,NULL,NULL,NULL,NULL,'1040010007',NULL,NULL,11,'2018-02-16 15:03:59',0,NULL,NULL,NULL,'4139a053-a469-4474-b5a8-1d325cfe63c2',NULL),(1281,53,22,81,NULL,'2018-02-16 15:03:57',1,NULL,NULL,NULL,NULL,NULL,NULL,NULL,NULL,NULL,NULL,'F',NULL,NULL,11,'2018-02-16 15:03:59',0,NULL,NULL,NULL,'6677cada-3ccb-4a9b-90e6-7c8028c6af17',NULL),(1282,53,80,81,NULL,'2018-02-16 15:03:57',1,NULL,NULL,NULL,NULL,NULL,NULL,NULL,NULL,NULL,NULL,'NA',NULL,NULL,11,'2018-02-16 15:03:59',0,NULL,NULL,NULL,'fc9933f5-217f-48de-b977-fde0f9ccec8d',NULL),(1283,53,179,81,NULL,'2018-02-16 15:03:57',1,NULL,NULL,NULL,NULL,NULL,NULL,NULL,NULL,NULL,NULL,'NA',NULL,NULL,11,'2018-02-16 15:03:59',0,NULL,NULL,NULL,'ad3117ad-3c99-47b2-b5df-807fd9b54a8a',NULL),(1284,53,178,81,NULL,'2018-02-16 15:03:57',1,NULL,NULL,NULL,NULL,NULL,NULL,NULL,NULL,NULL,NULL,'NA',NULL,NULL,11,'2018-02-16 15:03:59',0,NULL,NULL,NULL,'c9a65e6a-ee5c-452a-a37d-7ecd5d4e3122',NULL),(1285,53,79,81,NULL,'2018-02-16 15:03:57',1,NULL,NULL,NULL,NULL,NULL,NULL,NULL,NULL,NULL,NULL,'NA',NULL,NULL,11,'2018-02-16 15:03:59',0,NULL,NULL,NULL,'8dc43297-85e6-4186-bab4-8be5fd3a7d47',NULL),(1286,53,176,81,NULL,'2018-02-16 15:03:57',1,NULL,NULL,NULL,NULL,NULL,NULL,NULL,NULL,NULL,NULL,'NA',NULL,NULL,11,'2018-02-16 15:03:59',0,NULL,NULL,NULL,'841455bb-90fa-41db-a525-c2e0440c313f',NULL),(1287,53,177,81,NULL,'2018-02-16 15:03:57',1,NULL,NULL,NULL,NULL,NULL,NULL,NULL,NULL,NULL,NULL,'NA',NULL,NULL,11,'2018-02-16 15:03:59',0,NULL,NULL,NULL,'02e4c4af-af35-42e9-ba18-34b134e2a27a',NULL),(1288,53,172,81,NULL,'2018-02-16 15:03:57',1,NULL,NULL,NULL,NULL,NULL,NULL,NULL,NULL,NULL,NULL,'NA',NULL,NULL,11,'2018-02-16 15:03:59',0,NULL,NULL,NULL,'67745735-9349-42ee-9b62-c0acb8b62f75',NULL),(1289,53,180,81,NULL,'2018-02-16 15:03:57',1,NULL,NULL,NULL,NULL,NULL,NULL,NULL,NULL,NULL,NULL,'NA',NULL,NULL,11,'2018-02-16 15:03:59',0,NULL,NULL,NULL,'9e01309d-f2d8-4393-8e9d-9076ab3d6b58',NULL),(1290,53,117,81,NULL,'2018-02-16 15:03:57',1,NULL,NULL,NULL,NULL,NULL,NULL,NULL,NULL,NULL,NULL,'asha',NULL,NULL,11,'2018-02-16 15:03:59',0,NULL,NULL,NULL,'7088918e-ce01-4e2f-87b8-5a5bfba5f29e',NULL),(1291,53,115,81,NULL,'2018-02-16 15:03:57',1,NULL,NULL,NULL,NULL,NULL,NULL,NULL,NULL,NULL,NULL,'16-02-2018 10:23:39',NULL,NULL,11,'2018-02-16 15:03:59',0,NULL,NULL,NULL,'a9eb92f4-a969-49e1-a174-b24dee2573b4',NULL),(1292,53,15,81,NULL,'2018-02-16 15:03:57',1,NULL,NULL,NULL,NULL,NULL,NULL,NULL,NULL,NULL,NULL,'cccc',NULL,NULL,11,'2018-02-16 15:03:59',0,NULL,NULL,NULL,'cf4ef6bc-48b0-4b1b-997e-8556af184ca7',NULL),(1293,53,14,81,NULL,'2018-02-16 15:03:57',1,NULL,NULL,NULL,NULL,NULL,NULL,NULL,NULL,NULL,NULL,'cccc',NULL,NULL,11,'2018-02-16 15:03:59',0,NULL,NULL,NULL,'38304abd-a62e-4214-be26-1936e42c2ce8',NULL),(1294,53,116,81,NULL,'2018-02-16 15:03:57',1,NULL,NULL,NULL,NULL,NULL,NULL,NULL,NULL,NULL,NULL,'ha_1',NULL,NULL,11,'2018-02-16 15:03:59',0,NULL,NULL,NULL,'8abbc525-b97d-4db0-b8f0-786d3370bcfe',NULL),(1295,53,181,81,NULL,'2018-02-16 15:03:57',1,NULL,NULL,NULL,NULL,NULL,NULL,NULL,NULL,NULL,NULL,'NA',NULL,NULL,11,'2018-02-16 15:03:59',0,NULL,NULL,NULL,'ff11a4b2-1614-45b3-88da-666c1cdf6f1e',NULL),(1296,53,182,81,NULL,'2018-02-16 15:03:57',1,NULL,NULL,NULL,NULL,NULL,NULL,NULL,NULL,NULL,NULL,'NA',NULL,NULL,11,'2018-02-16 15:03:59',0,NULL,NULL,NULL,'364498c2-751d-4f74-b632-7b15ae2bdc5a',NULL),(1297,53,187,81,NULL,'2018-02-16 15:03:57',1,NULL,NULL,NULL,NULL,NULL,NULL,NULL,NULL,NULL,NULL,'NA',NULL,NULL,11,'2018-02-16 15:03:59',0,NULL,NULL,NULL,'8d3fdbc3-7963-457e-868c-2c2167419e1f',NULL),(1298,53,188,81,NULL,'2018-02-16 15:03:57',1,NULL,NULL,NULL,NULL,NULL,NULL,NULL,NULL,NULL,NULL,'NA',NULL,NULL,11,'2018-02-16 15:03:59',0,NULL,NULL,NULL,'98638226-d9ec-4fcb-a8b8-26247a9a5f9e',NULL),(1299,53,185,81,NULL,'2018-02-16 15:03:57',1,NULL,NULL,NULL,NULL,NULL,NULL,NULL,NULL,NULL,NULL,'NA',NULL,NULL,11,'2018-02-16 15:03:59',0,NULL,NULL,NULL,'bb6bc119-9660-4992-8316-f2997906d2e2',NULL),(1300,53,186,81,NULL,'2018-02-16 15:03:57',1,NULL,NULL,NULL,NULL,NULL,NULL,NULL,NULL,NULL,NULL,'NA',NULL,NULL,11,'2018-02-16 15:03:59',0,NULL,NULL,NULL,'d78a3ab8-a3a1-4e1d-b351-13a0cf2f532f',NULL),(1301,53,142,81,NULL,'2018-02-16 15:03:57',1,NULL,NULL,NULL,NULL,NULL,NULL,NULL,NULL,NULL,NULL,'Rectruited',NULL,NULL,11,'2018-02-16 15:03:59',0,NULL,NULL,NULL,'7fab0f18-5bac-42b1-bf15-6d5508193e7e',NULL),(1302,53,141,81,NULL,'2018-02-16 15:03:57',1,NULL,NULL,NULL,NULL,NULL,NULL,NULL,NULL,NULL,NULL,'done',NULL,NULL,11,'2018-02-16 15:03:59',0,NULL,NULL,NULL,'86759f8e-99fe-46ae-9276-fbde612129d9',NULL),(1303,53,155,81,NULL,'2018-02-16 15:03:57',1,NULL,NULL,NULL,NULL,NULL,NULL,NULL,NULL,NULL,NULL,'0',NULL,NULL,11,'2018-02-16 15:03:59',0,NULL,NULL,NULL,'b256dd7c-559d-46d7-923d-7a4de89aadda',NULL),(1304,53,154,81,NULL,'2018-02-16 15:03:57',1,NULL,NULL,NULL,NULL,NULL,NULL,NULL,NULL,NULL,NULL,'0',NULL,NULL,11,'2018-02-16 15:03:59',0,NULL,NULL,NULL,'0aa80958-1789-4cce-8260-ca8399f5bc92',NULL),(1305,53,159,81,NULL,'2018-02-16 15:03:57',1,NULL,NULL,NULL,NULL,NULL,NULL,NULL,NULL,NULL,NULL,'0',NULL,NULL,11,'2018-02-16 15:03:59',0,NULL,NULL,NULL,'d6399b78-6efe-4518-bdd4-6575e748f72d',NULL),(1306,53,158,81,NULL,'2018-02-16 15:03:57',1,NULL,NULL,NULL,NULL,NULL,NULL,NULL,NULL,NULL,NULL,'16-2-2018',NULL,NULL,11,'2018-02-16 15:03:59',0,NULL,NULL,NULL,'39c8bbcc-f0d3-44d7-abe2-c04b14e44751',NULL),(1307,53,153,81,NULL,'2018-02-16 15:03:57',1,NULL,NULL,NULL,NULL,NULL,NULL,NULL,NULL,NULL,NULL,'NA',NULL,NULL,11,'2018-02-16 15:03:59',0,NULL,NULL,NULL,'2145a09c-3121-4898-9c0b-9da76323466d',NULL),(1308,53,35,81,NULL,'2018-02-16 15:03:57',1,NULL,NULL,NULL,NULL,NULL,NULL,NULL,NULL,NULL,NULL,'41',NULL,NULL,11,'2018-02-16 15:03:59',0,NULL,NULL,NULL,'a0c5be2a-3b2d-4026-bb6d-a623795696c8',NULL),(1309,53,162,81,NULL,'2018-02-16 15:03:57',1,NULL,NULL,NULL,NULL,NULL,NULL,NULL,NULL,NULL,NULL,'140',NULL,NULL,11,'2018-02-16 15:03:59',0,NULL,NULL,NULL,'2ad55eb3-768e-41f3-8b92-dfc9f6d5959a',NULL),(1310,53,163,81,NULL,'2018-02-16 15:03:57',1,NULL,NULL,NULL,NULL,NULL,NULL,NULL,NULL,NULL,NULL,'2,4',NULL,NULL,11,'2018-02-16 15:03:59',0,NULL,NULL,NULL,'e37b71ad-ea86-4b29-8f59-5d2a7c077bff',NULL),(1311,53,157,81,NULL,'2018-02-16 15:03:57',1,NULL,NULL,NULL,NULL,NULL,NULL,NULL,NULL,NULL,NULL,'9.8',NULL,NULL,11,'2018-02-16 15:03:59',0,NULL,NULL,NULL,'14922687-6bc8-470b-848c-2e4a466821c2',NULL),(1312,53,156,81,NULL,'2018-02-16 15:03:57',1,NULL,NULL,NULL,NULL,NULL,NULL,NULL,NULL,NULL,NULL,'16-2-2018',NULL,NULL,11,'2018-02-16 15:03:59',0,NULL,NULL,NULL,'2b762289-1ff2-4d64-b85c-52fcb991b0f8',NULL),(1313,54,153,82,NULL,'2018-02-16 15:04:01',1,NULL,NULL,NULL,NULL,NULL,NULL,NULL,NULL,NULL,NULL,'NA',NULL,NULL,11,'2018-02-16 15:04:01',0,NULL,NULL,NULL,'0acded51-6cc2-4d81-b1f4-93a8a83b5853',NULL),(1314,54,154,82,NULL,'2018-02-16 15:04:01',1,NULL,NULL,NULL,NULL,NULL,NULL,NULL,NULL,NULL,NULL,'0',NULL,NULL,11,'2018-02-16 15:04:01',0,NULL,NULL,NULL,'c946a920-6775-40d8-81d6-f6538bb6a4bd',NULL),(1315,54,162,82,NULL,'2018-02-16 15:04:01',1,NULL,NULL,NULL,NULL,NULL,NULL,NULL,NULL,NULL,NULL,'140',NULL,NULL,11,'2018-02-16 15:04:01',0,NULL,NULL,NULL,'e1f9ac8a-1b7a-4d00-adbe-c75bab1af3db',NULL),(1316,54,156,82,NULL,'2018-02-16 15:04:01',1,NULL,NULL,NULL,NULL,NULL,NULL,NULL,NULL,NULL,NULL,'16-2-2018',NULL,NULL,11,'2018-02-16 15:04:01',0,NULL,NULL,NULL,'3ede3223-9ade-4c37-98c5-fa61e5c7d768',NULL),(1317,54,170,82,NULL,'2018-02-16 15:04:01',1,NULL,NULL,NULL,NULL,NULL,NULL,NULL,NULL,NULL,NULL,'6',NULL,NULL,11,'2018-02-16 15:04:01',0,NULL,NULL,NULL,'01309052-ead1-470d-98dd-de49c779ad22',NULL),(1318,54,163,82,NULL,'2018-02-16 15:04:01',1,NULL,NULL,NULL,NULL,NULL,NULL,NULL,NULL,NULL,NULL,'2,3',NULL,NULL,11,'2018-02-16 15:04:01',0,NULL,NULL,NULL,'3f832b3e-a460-4dda-afb2-0755f605e87c',NULL),(1319,54,159,82,NULL,'2018-02-16 15:04:01',1,NULL,NULL,NULL,NULL,NULL,NULL,NULL,NULL,NULL,NULL,'0',NULL,NULL,11,'2018-02-16 15:04:01',0,NULL,NULL,NULL,'fe9c5d1e-3901-4492-855b-66e20b2f599d',NULL),(1320,54,35,82,NULL,'2018-02-16 15:04:01',1,NULL,NULL,NULL,NULL,NULL,NULL,NULL,NULL,NULL,NULL,'58',NULL,NULL,11,'2018-02-16 15:04:01',0,NULL,NULL,NULL,'6b414dda-d909-44d3-affb-6d93406cb637',NULL),(1321,54,157,82,NULL,'2018-02-16 15:04:01',1,NULL,NULL,NULL,NULL,NULL,NULL,NULL,NULL,NULL,NULL,'10.15',NULL,NULL,11,'2018-02-16 15:04:01',0,NULL,NULL,NULL,'8bed2945-0cda-444e-b572-a758f5310106',NULL),(1322,54,158,82,NULL,'2018-02-16 15:04:01',1,NULL,NULL,NULL,NULL,NULL,NULL,NULL,NULL,NULL,NULL,'16-2-2018',NULL,NULL,11,'2018-02-16 15:04:01',0,NULL,NULL,NULL,'d864faeb-a01e-41a0-90a3-eaebe9975dd6',NULL),(1323,54,20,82,NULL,'2018-02-16 15:04:01',1,NULL,NULL,NULL,NULL,NULL,NULL,NULL,NULL,NULL,NULL,'16-2-2018',NULL,NULL,11,'2018-02-16 15:04:01',0,NULL,NULL,NULL,'23189c81-37dc-419e-bf4f-514e3546a234',NULL),(1324,54,22,82,NULL,'2018-02-16 15:04:01',1,NULL,NULL,NULL,NULL,NULL,NULL,NULL,NULL,NULL,NULL,'F',NULL,NULL,11,'2018-02-16 15:04:01',0,NULL,NULL,NULL,'6b93b205-80fe-4d67-b55e-3d94a5728d69',NULL),(1325,54,115,82,NULL,'2018-02-16 15:04:01',1,NULL,NULL,NULL,NULL,NULL,NULL,NULL,NULL,NULL,NULL,'16-02-2018 10:24:03',NULL,NULL,11,'2018-02-16 15:04:01',0,NULL,NULL,NULL,'a24fc0c0-b5fe-4ba0-9ac3-4a6facdb9f16',NULL),(1326,54,114,82,NULL,'2018-02-16 15:04:01',1,NULL,NULL,NULL,NULL,NULL,NULL,NULL,NULL,NULL,NULL,'16-02-2018 10:24:03',NULL,NULL,11,'2018-02-16 15:04:01',0,NULL,NULL,NULL,'ff0a588a-65fb-453e-b625-191748412372',NULL),(1327,54,119,82,NULL,'2018-02-16 15:04:01',1,NULL,NULL,NULL,NULL,NULL,NULL,NULL,NULL,NULL,NULL,'SH_CVD_ASHA_SCREENING_1',NULL,NULL,11,'2018-02-16 15:04:01',0,NULL,NULL,NULL,'1767b9ab-db87-4207-8532-9d392a280cab',NULL),(1328,54,118,82,NULL,'2018-02-16 15:04:01',1,NULL,NULL,NULL,NULL,NULL,NULL,NULL,NULL,NULL,NULL,'NA',NULL,NULL,11,'2018-02-16 15:04:01',0,NULL,NULL,NULL,'78ceeecb-761b-4cfd-adf0-288010f54c7a',NULL),(1329,54,7,82,NULL,'2018-02-16 15:04:01',1,NULL,NULL,NULL,NULL,NULL,NULL,NULL,NULL,NULL,NULL,'ha_1',NULL,NULL,11,'2018-02-16 15:04:01',0,NULL,NULL,NULL,'ad62c648-cd58-485d-9627-8350bdc62aae',NULL),(1330,54,9,82,NULL,'2018-02-16 15:04:01',1,NULL,NULL,NULL,NULL,NULL,NULL,NULL,NULL,NULL,NULL,'16-02-2018 10:24:03',NULL,NULL,11,'2018-02-16 15:04:02',0,NULL,NULL,NULL,'93508cc1-13b5-4880-b060-a07773af1a00',NULL),(1331,54,8,82,NULL,'2018-02-16 15:04:01',1,NULL,NULL,NULL,NULL,NULL,NULL,NULL,NULL,NULL,NULL,'SH_CVD_ASHA_SCREENING_1',NULL,NULL,11,'2018-02-16 15:04:02',0,NULL,NULL,NULL,'6f23d014-91dd-412e-8ab2-26cbb0de25e3',NULL),(1332,54,18,82,NULL,'2018-02-16 15:04:01',1,NULL,NULL,NULL,NULL,NULL,NULL,NULL,NULL,NULL,NULL,'1-1-1960',NULL,NULL,11,'2018-02-16 15:04:02',0,NULL,NULL,NULL,'f0ace565-4016-4dfe-be44-304b02408733',NULL),(1333,54,15,82,NULL,'2018-02-16 15:04:01',1,NULL,NULL,NULL,NULL,NULL,NULL,NULL,NULL,NULL,NULL,'dddd',NULL,NULL,11,'2018-02-16 15:04:02',0,NULL,NULL,NULL,'aaa7034e-e10a-4e9f-8b12-d49fc05334b4',NULL),(1334,54,12,82,NULL,'2018-02-16 15:04:01',1,NULL,NULL,NULL,NULL,NULL,NULL,NULL,NULL,NULL,NULL,'1040010008',NULL,NULL,11,'2018-02-16 15:04:02',0,NULL,NULL,NULL,'f161ccc7-b406-4cd4-ae4f-c74135113bd0',NULL),(1335,54,116,82,NULL,'2018-02-16 15:04:01',1,NULL,NULL,NULL,NULL,NULL,NULL,NULL,NULL,NULL,NULL,'ha_1',NULL,NULL,11,'2018-02-16 15:04:02',0,NULL,NULL,NULL,'aa75ac8d-44d7-41d9-8543-fdda017914d3',NULL),(1336,54,14,82,NULL,'2018-02-16 15:04:01',1,NULL,NULL,NULL,NULL,NULL,NULL,NULL,NULL,NULL,NULL,'dddd',NULL,NULL,11,'2018-02-16 15:04:02',0,NULL,NULL,NULL,'9f6cd836-389f-4f03-8e4e-81f2ace011e2',NULL),(1337,54,182,82,NULL,'2018-02-16 15:04:01',1,NULL,NULL,NULL,NULL,NULL,NULL,NULL,NULL,NULL,NULL,'NA',NULL,NULL,11,'2018-02-16 15:04:02',0,NULL,NULL,NULL,'4baa66af-ef22-4f11-b676-eb8bf0e08c86',NULL),(1338,54,187,82,NULL,'2018-02-16 15:04:01',1,NULL,NULL,NULL,NULL,NULL,NULL,NULL,NULL,NULL,NULL,'NA',NULL,NULL,11,'2018-02-16 15:04:02',0,NULL,NULL,NULL,'646220a7-1365-48c2-aecd-9d9c84305511',NULL),(1339,54,188,82,NULL,'2018-02-16 15:04:01',1,NULL,NULL,NULL,NULL,NULL,NULL,NULL,NULL,NULL,NULL,'NA',NULL,NULL,11,'2018-02-16 15:04:02',0,NULL,NULL,NULL,'2d5b75f8-88ed-4079-abc5-fc8d9b8fdea7',NULL),(1340,54,185,82,NULL,'2018-02-16 15:04:01',1,NULL,NULL,NULL,NULL,NULL,NULL,NULL,NULL,NULL,NULL,'NA',NULL,NULL,11,'2018-02-16 15:04:02',0,NULL,NULL,NULL,'1eb4f2ba-2b59-414d-a02f-bcd9b427e970',NULL),(1341,54,186,82,NULL,'2018-02-16 15:04:01',1,NULL,NULL,NULL,NULL,NULL,NULL,NULL,NULL,NULL,NULL,'NA',NULL,NULL,11,'2018-02-16 15:04:02',0,NULL,NULL,NULL,'7f767a0b-b33d-47dd-a7bc-1114b82802ff',NULL),(1342,54,142,82,NULL,'2018-02-16 15:04:01',1,NULL,NULL,NULL,NULL,NULL,NULL,NULL,NULL,NULL,NULL,'Rectruited',NULL,NULL,11,'2018-02-16 15:04:02',0,NULL,NULL,NULL,'89f59121-6655-45be-b050-7bc27281b7f5',NULL),(1343,54,141,82,NULL,'2018-02-16 15:04:01',1,NULL,NULL,NULL,NULL,NULL,NULL,NULL,NULL,NULL,NULL,'done',NULL,NULL,11,'2018-02-16 15:04:02',0,NULL,NULL,NULL,'0eca1afa-aa62-4f64-b5b1-568fa6643570',NULL),(1344,54,138,82,NULL,'2018-02-16 15:04:01',1,NULL,NULL,NULL,NULL,NULL,NULL,NULL,NULL,NULL,NULL,'1',NULL,NULL,11,'2018-02-16 15:04:02',0,NULL,NULL,NULL,'f97fecf1-55ae-4b59-8f37-7cff7fbaf441',NULL),(1345,54,184,82,NULL,'2018-02-16 15:04:01',1,NULL,NULL,NULL,NULL,NULL,NULL,NULL,NULL,NULL,NULL,'NA',NULL,NULL,11,'2018-02-16 15:04:02',0,NULL,NULL,NULL,'cc97cc35-4f28-47e3-981f-f16d1bf04688',NULL),(1346,54,181,82,NULL,'2018-02-16 15:04:01',1,NULL,NULL,NULL,NULL,NULL,NULL,NULL,NULL,NULL,NULL,'NA',NULL,NULL,11,'2018-02-16 15:04:02',0,NULL,NULL,NULL,'5ecbe8c0-97b5-4047-bcb7-1f6370d3b5ed',NULL),(1347,54,136,82,NULL,'2018-02-16 15:04:01',1,NULL,NULL,NULL,NULL,NULL,NULL,NULL,NULL,NULL,NULL,'0',NULL,NULL,11,'2018-02-16 15:04:02',0,NULL,NULL,NULL,'5f16120c-0942-45e8-bcc8-10edcaa4ca3e',NULL),(1348,54,133,82,NULL,'2018-02-16 15:04:01',1,NULL,NULL,NULL,NULL,NULL,NULL,NULL,NULL,NULL,NULL,'0',NULL,NULL,11,'2018-02-16 15:04:02',0,NULL,NULL,NULL,'3787245c-5f4d-4d5c-a953-bbcbf0d15d16',NULL),(1349,54,134,82,NULL,'2018-02-16 15:04:01',1,NULL,NULL,NULL,NULL,NULL,NULL,NULL,NULL,NULL,NULL,'120',NULL,NULL,11,'2018-02-16 15:04:02',0,NULL,NULL,NULL,'6827c39f-b0ee-402a-b016-eb68ec9c2a65',NULL),(1350,54,139,82,NULL,'2018-02-16 15:04:01',1,NULL,NULL,NULL,NULL,NULL,NULL,NULL,NULL,NULL,NULL,'80',NULL,NULL,11,'2018-02-16 15:04:02',0,NULL,NULL,NULL,'1ea208ec-06cf-4d53-8555-44cdec4b6f2f',NULL),(1351,54,143,82,NULL,'2018-02-16 15:04:01',1,NULL,NULL,NULL,NULL,NULL,NULL,NULL,NULL,NULL,NULL,'1',NULL,NULL,11,'2018-02-16 15:04:02',0,NULL,NULL,NULL,'6b1c7a60-cdcb-4dd0-8596-1225a03f81ae',NULL),(1352,54,152,82,NULL,'2018-02-16 15:04:01',1,NULL,NULL,NULL,NULL,NULL,NULL,NULL,NULL,NULL,NULL,'0',NULL,NULL,11,'2018-02-16 15:04:02',0,NULL,NULL,NULL,'f0ae54dd-ffc1-4c3a-978c-8190dbf30410',NULL),(1353,54,151,82,NULL,'2018-02-16 15:04:01',1,NULL,NULL,NULL,NULL,NULL,NULL,NULL,NULL,NULL,NULL,'0',NULL,NULL,11,'2018-02-16 15:04:02',0,NULL,NULL,NULL,'c9ab1ed3-1606-49f6-aac3-ab08422417d4',NULL),(1354,54,135,82,NULL,'2018-02-16 15:04:01',1,NULL,NULL,NULL,NULL,NULL,NULL,NULL,NULL,NULL,NULL,'1',NULL,NULL,11,'2018-02-16 15:04:02',0,NULL,NULL,NULL,'33708e16-4ea1-47a2-9f9f-e0d9706f4420',NULL),(1355,54,140,82,NULL,'2018-02-16 15:04:01',1,NULL,NULL,NULL,NULL,NULL,NULL,NULL,NULL,NULL,NULL,'7',NULL,NULL,11,'2018-02-16 15:04:02',0,NULL,NULL,NULL,'6eb5be6f-a4ad-41e4-a3e1-f21c2f097e7d',NULL),(1356,54,137,82,NULL,'2018-02-16 15:04:01',1,NULL,NULL,NULL,NULL,NULL,NULL,NULL,NULL,NULL,NULL,'NA',NULL,NULL,11,'2018-02-16 15:04:02',0,NULL,NULL,NULL,'025a3422-e28d-4c9e-a731-1ab5e18033fc',NULL),(1357,54,16,82,NULL,'2018-02-16 15:04:01',1,NULL,NULL,NULL,NULL,NULL,NULL,NULL,NULL,NULL,NULL,'8554845454',NULL,NULL,11,'2018-02-16 15:04:02',0,NULL,NULL,NULL,'c2ecf7c9-9ef9-447f-9464-7e0bf7c7929d',NULL),(1358,54,19,82,NULL,'2018-02-16 15:04:01',1,NULL,NULL,NULL,NULL,NULL,NULL,NULL,NULL,NULL,NULL,'NA',NULL,NULL,11,'2018-02-16 15:04:02',0,NULL,NULL,NULL,'5d449d41-438a-4920-a782-c55067d6901b',NULL),(1359,54,165,82,NULL,'2018-02-16 15:04:01',1,NULL,NULL,NULL,NULL,NULL,NULL,NULL,NULL,NULL,NULL,'H',NULL,NULL,11,'2018-02-16 15:04:02',0,NULL,NULL,NULL,'02e32115-b863-46f2-8bed-3b1ee378871e',NULL),(1360,54,173,82,NULL,'2018-02-16 15:04:01',1,NULL,NULL,NULL,NULL,NULL,NULL,NULL,NULL,NULL,NULL,'4',NULL,NULL,11,'2018-02-16 15:04:02',0,NULL,NULL,NULL,'d80fcea0-3f9d-41de-be6d-92d35086db52',NULL),(1361,54,116,82,NULL,'2018-02-16 15:04:01',1,NULL,NULL,NULL,NULL,NULL,NULL,NULL,NULL,NULL,NULL,'ha_1',NULL,NULL,11,'2018-02-16 15:04:02',0,NULL,NULL,NULL,'22ffb2e9-c960-474a-bca2-cbf227f703c3',NULL),(1362,54,175,82,NULL,'2018-02-16 15:04:01',1,NULL,NULL,NULL,NULL,NULL,NULL,NULL,NULL,NULL,NULL,'16-2-2018',NULL,NULL,11,'2018-02-16 15:04:02',0,NULL,NULL,NULL,'6e3ee9ad-76e4-427e-b38d-8d0697f073b9',NULL),(1363,54,169,82,NULL,'2018-02-16 15:04:01',1,NULL,NULL,NULL,NULL,NULL,NULL,NULL,NULL,NULL,NULL,'gxggd',NULL,NULL,11,'2018-02-16 15:04:02',0,NULL,NULL,NULL,'1c49ba68-8cbf-480c-ac8b-99910baa1c5c',NULL),(1364,54,166,82,NULL,'2018-02-16 15:04:01',1,NULL,NULL,NULL,NULL,NULL,NULL,NULL,NULL,NULL,NULL,'887878',NULL,NULL,11,'2018-02-16 15:04:02',0,NULL,NULL,NULL,'796d2c19-840f-4abf-872c-58bdce9c08be',NULL),(1365,54,167,82,NULL,'2018-02-16 15:04:01',1,NULL,NULL,NULL,NULL,NULL,NULL,NULL,NULL,NULL,NULL,'857874',NULL,NULL,11,'2018-02-16 15:04:02',0,NULL,NULL,NULL,'e7f17492-8e2f-40d5-8693-3db0418fc011',NULL),(1366,54,164,82,NULL,'2018-02-16 15:04:01',1,NULL,NULL,NULL,NULL,NULL,NULL,NULL,NULL,NULL,NULL,'hgdgd',NULL,NULL,11,'2018-02-16 15:04:02',0,NULL,NULL,NULL,'900c4064-119b-4b95-8b84-d484718f6da4',NULL),(1367,54,171,82,NULL,'2018-02-16 15:04:01',1,NULL,NULL,NULL,NULL,NULL,NULL,NULL,NULL,NULL,NULL,'5',NULL,NULL,11,'2018-02-16 15:04:02',0,NULL,NULL,NULL,'433b0e2b-a5d7-43b3-bc50-7bbb2bd0f1ef',NULL),(1368,54,168,82,NULL,'2018-02-16 15:04:01',1,NULL,NULL,NULL,NULL,NULL,NULL,NULL,NULL,NULL,NULL,'1',NULL,NULL,11,'2018-02-16 15:04:02',0,NULL,NULL,NULL,'071b8a89-fb36-4755-aa1e-630aee9a7712',NULL),(1369,54,6,82,NULL,'2018-02-16 15:04:01',1,NULL,NULL,NULL,NULL,NULL,NULL,NULL,NULL,NULL,NULL,'hhdhdhd',NULL,NULL,11,'2018-02-16 15:04:02',0,NULL,NULL,NULL,'1064e590-797f-4825-8b2c-66d48c6db47b',NULL),(1370,54,5,82,NULL,'2018-02-16 15:04:01',1,NULL,NULL,NULL,NULL,NULL,NULL,NULL,NULL,NULL,NULL,'3',NULL,NULL,11,'2018-02-16 15:04:02',0,NULL,NULL,NULL,'ec92ab66-fdd7-4f97-9b8a-a1adbd068392',NULL),(1371,54,21,82,NULL,'2018-02-16 15:04:01',1,NULL,NULL,NULL,NULL,NULL,NULL,NULL,NULL,NULL,NULL,'58',NULL,NULL,11,'2018-02-16 15:04:02',0,NULL,NULL,NULL,'bf105582-5c5b-46db-ab7f-ba0a4a6ab628',NULL),(1372,54,22,82,NULL,'2018-02-16 15:04:01',1,NULL,NULL,NULL,NULL,NULL,NULL,NULL,NULL,NULL,NULL,'F',NULL,NULL,11,'2018-02-16 15:04:02',0,NULL,NULL,NULL,'f7e3a247-813d-4137-a994-601d3cf5dc56',NULL),(1373,54,128,82,NULL,'2018-02-16 15:04:01',1,NULL,NULL,NULL,NULL,NULL,NULL,NULL,NULL,NULL,NULL,'554848484545',NULL,NULL,11,'2018-02-16 15:04:02',0,NULL,NULL,NULL,'c972f75b-239d-419b-bfd9-5d5af8789c44',NULL),(1374,54,174,82,NULL,'2018-02-16 15:04:01',1,NULL,NULL,NULL,NULL,NULL,NULL,NULL,NULL,NULL,NULL,'hydhd',NULL,NULL,11,'2018-02-16 15:04:02',0,NULL,NULL,NULL,'a51efefe-9602-436e-83fa-d542630f3520',NULL),(1375,54,148,82,NULL,'2018-02-16 15:04:01',1,NULL,NULL,NULL,NULL,NULL,NULL,NULL,NULL,NULL,NULL,'0',NULL,NULL,11,'2018-02-16 15:04:02',0,NULL,NULL,NULL,'b3cf4ce9-bb8a-49c1-9ba5-f3e93c52dede',NULL),(1376,54,149,82,NULL,'2018-02-16 15:04:01',1,NULL,NULL,NULL,NULL,NULL,NULL,NULL,NULL,NULL,NULL,'1',NULL,NULL,11,'2018-02-16 15:04:02',0,NULL,NULL,NULL,'aa3ff385-d008-4608-a747-a03ee8c29b5e',NULL),(1377,54,146,82,NULL,'2018-02-16 15:04:01',1,NULL,NULL,NULL,NULL,NULL,NULL,NULL,NULL,NULL,NULL,'80',NULL,NULL,11,'2018-02-16 15:04:02',0,NULL,NULL,NULL,'99798afc-5a1a-403f-9de6-18d58cde9515',NULL),(1378,54,147,82,NULL,'2018-02-16 15:04:01',1,NULL,NULL,NULL,NULL,NULL,NULL,NULL,NULL,NULL,NULL,'140',NULL,NULL,11,'2018-02-16 15:04:03',0,NULL,NULL,NULL,'26871dd3-c808-4fe0-8d46-e0ff34deb4c1',NULL),(1379,54,160,82,NULL,'2018-02-16 15:04:01',1,NULL,NULL,NULL,NULL,NULL,NULL,NULL,NULL,NULL,NULL,'0',NULL,NULL,11,'2018-02-16 15:04:03',0,NULL,NULL,NULL,'a2200f35-08f1-4f1c-9cea-e88b44de3e91',NULL),(1380,54,155,82,NULL,'2018-02-16 15:04:01',1,NULL,NULL,NULL,NULL,NULL,NULL,NULL,NULL,NULL,NULL,'0',NULL,NULL,11,'2018-02-16 15:04:03',0,NULL,NULL,NULL,'6a755ab1-2658-4d98-aac1-204a3a54deb1',NULL),(1381,54,150,82,NULL,'2018-02-16 15:04:01',1,NULL,NULL,NULL,NULL,NULL,NULL,NULL,NULL,NULL,NULL,'0',NULL,NULL,11,'2018-02-16 15:04:03',0,NULL,NULL,NULL,'6c8a777e-dd28-4030-aa1d-d43a4e4d8b5d',NULL),(1382,54,161,82,NULL,'2018-02-16 15:04:01',1,NULL,NULL,NULL,NULL,NULL,NULL,NULL,NULL,NULL,NULL,'1',NULL,NULL,11,'2018-02-16 15:04:03',0,NULL,NULL,NULL,'8e81d25e-1e81-48cb-b7c1-57f9c421f3be',NULL),(1383,54,144,82,NULL,'2018-02-16 15:04:01',1,NULL,NULL,NULL,NULL,NULL,NULL,NULL,NULL,NULL,NULL,'0',NULL,NULL,11,'2018-02-16 15:04:03',0,NULL,NULL,NULL,'b5853f18-f92b-4c31-8f0d-7d95670e0f36',NULL),(1384,54,145,82,NULL,'2018-02-16 15:04:01',1,NULL,NULL,NULL,NULL,NULL,NULL,NULL,NULL,NULL,NULL,'40.82',NULL,NULL,11,'2018-02-16 15:04:03',0,NULL,NULL,NULL,'caabfb9c-f87e-4fa8-a927-83209f7db539',NULL),(1385,54,117,82,NULL,'2018-02-16 15:04:01',1,NULL,NULL,NULL,NULL,NULL,NULL,NULL,NULL,NULL,NULL,'asha',NULL,NULL,11,'2018-02-16 15:04:03',0,NULL,NULL,NULL,'6e137382-70f5-4046-91be-75efe71bdf5e',NULL),(1386,54,179,82,NULL,'2018-02-16 15:04:01',1,NULL,NULL,NULL,NULL,NULL,NULL,NULL,NULL,NULL,NULL,'NA',NULL,NULL,11,'2018-02-16 15:04:03',0,NULL,NULL,NULL,'f989d4d1-2886-4732-a757-70c97c948de9',NULL),(1387,54,176,82,NULL,'2018-02-16 15:04:01',1,NULL,NULL,NULL,NULL,NULL,NULL,NULL,NULL,NULL,NULL,'NA',NULL,NULL,11,'2018-02-16 15:04:03',0,NULL,NULL,NULL,'054c0b3a-a9e7-4351-b36d-9b89bc45f5a3',NULL),(1388,54,180,82,NULL,'2018-02-16 15:04:01',1,NULL,NULL,NULL,NULL,NULL,NULL,NULL,NULL,NULL,NULL,'NA',NULL,NULL,11,'2018-02-16 15:04:03',0,NULL,NULL,NULL,'57058c3a-91a5-47c1-8ca3-e7e617b16b10',NULL),(1389,54,172,82,NULL,'2018-02-16 15:04:01',1,NULL,NULL,NULL,NULL,NULL,NULL,NULL,NULL,NULL,NULL,'NA',NULL,NULL,11,'2018-02-16 15:04:03',0,NULL,NULL,NULL,'ac4c41d9-943a-410b-bd3f-1f056aca3536',NULL),(1390,54,183,82,NULL,'2018-02-16 15:04:01',1,NULL,NULL,NULL,NULL,NULL,NULL,NULL,NULL,NULL,NULL,'NA',NULL,NULL,11,'2018-02-16 15:04:03',0,NULL,NULL,NULL,'06103416-5350-420a-b175-835b050772e0',NULL),(1391,54,80,82,NULL,'2018-02-16 15:04:01',1,NULL,NULL,NULL,NULL,NULL,NULL,NULL,NULL,NULL,NULL,'NA',NULL,NULL,11,'2018-02-16 15:04:03',0,NULL,NULL,NULL,'505dbff7-7aa1-46c5-9489-db07ac8ddf83',NULL),(1392,54,79,82,NULL,'2018-02-16 15:04:01',1,NULL,NULL,NULL,NULL,NULL,NULL,NULL,NULL,NULL,NULL,'NA',NULL,NULL,11,'2018-02-16 15:04:03',0,NULL,NULL,NULL,'405ea1f7-7979-4adf-badb-dbf5a46455ce',NULL),(1393,54,178,82,NULL,'2018-02-16 15:04:01',1,NULL,NULL,NULL,NULL,NULL,NULL,NULL,NULL,NULL,NULL,'NA',NULL,NULL,11,'2018-02-16 15:04:03',0,NULL,NULL,NULL,'8d479750-bf1a-4241-935c-954db85a916e',NULL),(1394,54,177,82,NULL,'2018-02-16 15:04:01',1,NULL,NULL,NULL,NULL,NULL,NULL,NULL,NULL,NULL,NULL,'NA',NULL,NULL,11,'2018-02-16 15:04:03',0,NULL,NULL,NULL,'33a891b5-4aec-46bf-a6d9-6a20b1557e08',NULL),(1395,55,128,83,NULL,'2018-02-16 15:04:04',1,NULL,NULL,NULL,NULL,NULL,NULL,NULL,NULL,NULL,NULL,'554848424845',NULL,NULL,11,'2018-02-16 15:04:05',0,NULL,NULL,NULL,'f31afbe0-3789-4182-9a40-a38ece840b58',NULL),(1396,55,22,83,NULL,'2018-02-16 15:04:04',1,NULL,NULL,NULL,NULL,NULL,NULL,NULL,NULL,NULL,NULL,'F',NULL,NULL,11,'2018-02-16 15:04:05',0,NULL,NULL,NULL,'2b9efc15-9a82-4afc-8217-b5d11f398437',NULL),(1397,55,5,83,NULL,'2018-02-16 15:04:04',1,NULL,NULL,NULL,NULL,NULL,NULL,NULL,NULL,NULL,NULL,'3',NULL,NULL,11,'2018-02-16 15:04:05',0,NULL,NULL,NULL,'76f03b50-8d80-4b77-b65f-d4deda7307b3',NULL),(1398,55,6,83,NULL,'2018-02-16 15:04:04',1,NULL,NULL,NULL,NULL,NULL,NULL,NULL,NULL,NULL,NULL,'gd6dhhr',NULL,NULL,11,'2018-02-16 15:04:05',0,NULL,NULL,NULL,'eb7b8aa7-e9f4-4491-a027-06d389e1929b',NULL),(1399,55,21,83,NULL,'2018-02-16 15:04:04',1,NULL,NULL,NULL,NULL,NULL,NULL,NULL,NULL,NULL,NULL,'58',NULL,NULL,11,'2018-02-16 15:04:05',0,NULL,NULL,NULL,'cdc8adfe-513e-4a76-93f5-a0e50d4089c1',NULL),(1400,55,16,83,NULL,'2018-02-16 15:04:04',1,NULL,NULL,NULL,NULL,NULL,NULL,NULL,NULL,NULL,NULL,'8575484554',NULL,NULL,11,'2018-02-16 15:04:05',0,NULL,NULL,NULL,'40f74f7a-65f8-453a-8e7d-5a6d468739c4',NULL),(1401,55,116,83,NULL,'2018-02-16 15:04:04',1,NULL,NULL,NULL,NULL,NULL,NULL,NULL,NULL,NULL,NULL,'ha_1',NULL,NULL,11,'2018-02-16 15:04:05',0,NULL,NULL,NULL,'a2429099-c60b-4aba-ba2b-f51537d69aeb',NULL),(1402,55,173,83,NULL,'2018-02-16 15:04:04',1,NULL,NULL,NULL,NULL,NULL,NULL,NULL,NULL,NULL,NULL,'4',NULL,NULL,11,'2018-02-16 15:04:05',0,NULL,NULL,NULL,'c9ca66b9-a6ea-4c38-9826-f4dfabdb9aa9',NULL),(1403,55,174,83,NULL,'2018-02-16 15:04:04',1,NULL,NULL,NULL,NULL,NULL,NULL,NULL,NULL,NULL,NULL,'uydyd',NULL,NULL,11,'2018-02-16 15:04:05',0,NULL,NULL,NULL,'70f53094-b34e-495e-a7ab-5474776bf21b',NULL),(1404,55,175,83,NULL,'2018-02-16 15:04:04',1,NULL,NULL,NULL,NULL,NULL,NULL,NULL,NULL,NULL,NULL,'16-2-2018',NULL,NULL,11,'2018-02-16 15:04:05',0,NULL,NULL,NULL,'ccbf64e6-968d-4185-8c0b-e317c1d08372',NULL),(1405,55,167,83,NULL,'2018-02-16 15:04:04',1,NULL,NULL,NULL,NULL,NULL,NULL,NULL,NULL,NULL,NULL,'557848757',NULL,NULL,11,'2018-02-16 15:04:05',0,NULL,NULL,NULL,'0ca77a6d-ba3f-4b50-a0e5-ab2e28d0f8fa',NULL),(1406,55,166,83,NULL,'2018-02-16 15:04:04',1,NULL,NULL,NULL,NULL,NULL,NULL,NULL,NULL,NULL,NULL,'854848',NULL,NULL,11,'2018-02-16 15:04:05',0,NULL,NULL,NULL,'73fac0cb-9a62-499d-989e-d8e9d5e16b36',NULL),(1407,55,165,83,NULL,'2018-02-16 15:04:04',1,NULL,NULL,NULL,NULL,NULL,NULL,NULL,NULL,NULL,NULL,'H',NULL,NULL,11,'2018-02-16 15:04:05',0,NULL,NULL,NULL,'2949817b-b7f1-4746-b837-96d819ace473',NULL),(1408,55,164,83,NULL,'2018-02-16 15:04:04',1,NULL,NULL,NULL,NULL,NULL,NULL,NULL,NULL,NULL,NULL,'hhdgr',NULL,NULL,11,'2018-02-16 15:04:05',0,NULL,NULL,NULL,'afbf82e8-039b-4800-80f1-b78c50e22a9a',NULL),(1409,55,169,83,NULL,'2018-02-16 15:04:04',1,NULL,NULL,NULL,NULL,NULL,NULL,NULL,NULL,NULL,NULL,'hdydy',NULL,NULL,11,'2018-02-16 15:04:05',0,NULL,NULL,NULL,'1a0e0a99-cc2e-4100-969b-282663e90443',NULL),(1410,55,168,83,NULL,'2018-02-16 15:04:04',1,NULL,NULL,NULL,NULL,NULL,NULL,NULL,NULL,NULL,NULL,'2',NULL,NULL,11,'2018-02-16 15:04:05',0,NULL,NULL,NULL,'b7723413-4501-4bb9-bed0-65eefe995b05',NULL),(1411,55,159,83,NULL,'2018-02-16 15:04:04',1,NULL,NULL,NULL,NULL,NULL,NULL,NULL,NULL,NULL,NULL,'0',NULL,NULL,11,'2018-02-16 15:04:05',0,NULL,NULL,NULL,'aee6d23b-1168-466e-b3d9-1c109f278f25',NULL),(1412,55,14,83,NULL,'2018-02-16 15:04:04',1,NULL,NULL,NULL,NULL,NULL,NULL,NULL,NULL,NULL,NULL,'abcd',NULL,NULL,11,'2018-02-16 15:04:05',0,NULL,NULL,NULL,'84601638-ec63-490f-9949-1bdb645e06bc',NULL),(1413,55,157,83,NULL,'2018-02-16 15:04:04',1,NULL,NULL,NULL,NULL,NULL,NULL,NULL,NULL,NULL,NULL,'8.7',NULL,NULL,11,'2018-02-16 15:04:05',0,NULL,NULL,NULL,'3d98c8d2-2840-4f04-b703-927171547433',NULL),(1414,55,156,83,NULL,'2018-02-16 15:04:04',1,NULL,NULL,NULL,NULL,NULL,NULL,NULL,NULL,NULL,NULL,'16-2-2018',NULL,NULL,11,'2018-02-16 15:04:05',0,NULL,NULL,NULL,'74c30627-8800-4fd3-b5af-1c807aa69d20',NULL),(1415,55,162,83,NULL,'2018-02-16 15:04:04',1,NULL,NULL,NULL,NULL,NULL,NULL,NULL,NULL,NULL,NULL,'140',NULL,NULL,11,'2018-02-16 15:04:05',0,NULL,NULL,NULL,'cfd88d06-37d9-46a5-9902-3658ac968cba',NULL),(1416,55,163,83,NULL,'2018-02-16 15:04:04',1,NULL,NULL,NULL,NULL,NULL,NULL,NULL,NULL,NULL,NULL,'2,3',NULL,NULL,11,'2018-02-16 15:04:05',0,NULL,NULL,NULL,'55683494-93e2-41ac-bc80-9d5a7a9497a1',NULL),(1417,55,116,83,NULL,'2018-02-16 15:04:04',1,NULL,NULL,NULL,NULL,NULL,NULL,NULL,NULL,NULL,NULL,'ha_1',NULL,NULL,11,'2018-02-16 15:04:05',0,NULL,NULL,NULL,'ab8780af-f3ee-4c91-9e10-f2da6755c297',NULL),(1418,55,171,83,NULL,'2018-02-16 15:04:04',1,NULL,NULL,NULL,NULL,NULL,NULL,NULL,NULL,NULL,NULL,'5',NULL,NULL,11,'2018-02-16 15:04:05',0,NULL,NULL,NULL,'994319ff-ec5d-42c0-9a2c-609921c27fff',NULL),(1419,55,153,83,NULL,'2018-02-16 15:04:04',1,NULL,NULL,NULL,NULL,NULL,NULL,NULL,NULL,NULL,NULL,'NA',NULL,NULL,11,'2018-02-16 15:04:05',0,NULL,NULL,NULL,'4d2f20db-0ce7-4380-8129-07357b02d345',NULL),(1420,55,35,83,NULL,'2018-02-16 15:04:04',1,NULL,NULL,NULL,NULL,NULL,NULL,NULL,NULL,NULL,NULL,'58',NULL,NULL,11,'2018-02-16 15:04:05',0,NULL,NULL,NULL,'93e2c92b-8e77-4999-8577-954f3d37034f',NULL),(1421,55,146,83,NULL,'2018-02-16 15:04:04',1,NULL,NULL,NULL,NULL,NULL,NULL,NULL,NULL,NULL,NULL,'80',NULL,NULL,11,'2018-02-16 15:04:05',0,NULL,NULL,NULL,'4d57b8e9-9b35-4c9e-a1cd-9f579c9c541b',NULL),(1422,55,150,83,NULL,'2018-02-16 15:04:04',1,NULL,NULL,NULL,NULL,NULL,NULL,NULL,NULL,NULL,NULL,'0',NULL,NULL,11,'2018-02-16 15:04:05',0,NULL,NULL,NULL,'02f6c3b7-08e5-4a33-a830-2578ae682a8e',NULL),(1423,55,149,83,NULL,'2018-02-16 15:04:04',1,NULL,NULL,NULL,NULL,NULL,NULL,NULL,NULL,NULL,NULL,'1',NULL,NULL,11,'2018-02-16 15:04:05',0,NULL,NULL,NULL,'07479350-a2f7-40d8-b444-7c333da28649',NULL),(1424,55,148,83,NULL,'2018-02-16 15:04:04',1,NULL,NULL,NULL,NULL,NULL,NULL,NULL,NULL,NULL,NULL,'0',NULL,NULL,11,'2018-02-16 15:04:05',0,NULL,NULL,NULL,'9dea4aad-d030-4774-85b5-a66b77bf2383',NULL),(1425,55,147,83,NULL,'2018-02-16 15:04:04',1,NULL,NULL,NULL,NULL,NULL,NULL,NULL,NULL,NULL,NULL,'140',NULL,NULL,11,'2018-02-16 15:04:05',0,NULL,NULL,NULL,'a17f1e63-229e-475a-9c8a-c09fefe90fca',NULL),(1426,55,154,83,NULL,'2018-02-16 15:04:04',1,NULL,NULL,NULL,NULL,NULL,NULL,NULL,NULL,NULL,NULL,'0',NULL,NULL,11,'2018-02-16 15:04:05',0,NULL,NULL,NULL,'56e480a1-e934-4c5b-8c5d-782cbf778841',NULL),(1427,55,155,83,NULL,'2018-02-16 15:04:04',1,NULL,NULL,NULL,NULL,NULL,NULL,NULL,NULL,NULL,NULL,'0',NULL,NULL,11,'2018-02-16 15:04:05',0,NULL,NULL,NULL,'4ca0d112-8b8a-44ca-be4b-07d88bcb7116',NULL),(1428,55,160,83,NULL,'2018-02-16 15:04:04',1,NULL,NULL,NULL,NULL,NULL,NULL,NULL,NULL,NULL,NULL,'0',NULL,NULL,11,'2018-02-16 15:04:05',0,NULL,NULL,NULL,'23f99af0-51e8-41ad-bc62-ecf0f119f9ba',NULL),(1429,55,161,83,NULL,'2018-02-16 15:04:04',1,NULL,NULL,NULL,NULL,NULL,NULL,NULL,NULL,NULL,NULL,'1',NULL,NULL,11,'2018-02-16 15:04:05',0,NULL,NULL,NULL,'74e554d9-a787-4131-9359-d2406a011fc4',NULL),(1430,55,19,83,NULL,'2018-02-16 15:04:04',1,NULL,NULL,NULL,NULL,NULL,NULL,NULL,NULL,NULL,NULL,'NA',NULL,NULL,11,'2018-02-16 15:04:06',0,NULL,NULL,NULL,'662687a0-8f3c-4358-a600-646475fc766e',NULL),(1431,55,145,83,NULL,'2018-02-16 15:04:04',1,NULL,NULL,NULL,NULL,NULL,NULL,NULL,NULL,NULL,NULL,'40.82',NULL,NULL,11,'2018-02-16 15:04:06',0,NULL,NULL,NULL,'585ef2ed-5985-48bc-b532-42d12b249431',NULL),(1432,55,15,83,NULL,'2018-02-16 15:04:04',1,NULL,NULL,NULL,NULL,NULL,NULL,NULL,NULL,NULL,NULL,'abcd',NULL,NULL,11,'2018-02-16 15:04:06',0,NULL,NULL,NULL,'c4156694-79a8-438b-86b9-e9e0902d5068',NULL),(1433,55,158,83,NULL,'2018-02-16 15:04:04',1,NULL,NULL,NULL,NULL,NULL,NULL,NULL,NULL,NULL,NULL,'16-2-2018',NULL,NULL,11,'2018-02-16 15:04:06',0,NULL,NULL,NULL,'f1b30d6e-155a-4530-ac4d-650a52b84449',NULL),(1434,55,22,83,NULL,'2018-02-16 15:04:04',1,NULL,NULL,NULL,NULL,NULL,NULL,NULL,NULL,NULL,NULL,'F',NULL,NULL,11,'2018-02-16 15:04:06',0,NULL,NULL,NULL,'837eebee-0be3-4a45-b32b-7a74715526be',NULL),(1435,55,12,83,NULL,'2018-02-16 15:04:04',1,NULL,NULL,NULL,NULL,NULL,NULL,NULL,NULL,NULL,NULL,'1040010009',NULL,NULL,11,'2018-02-16 15:04:06',0,NULL,NULL,NULL,'6e389f47-b47e-4906-9885-35e8e995d69f',NULL),(1436,55,140,83,NULL,'2018-02-16 15:04:04',1,NULL,NULL,NULL,NULL,NULL,NULL,NULL,NULL,NULL,NULL,'7',NULL,NULL,11,'2018-02-16 15:04:06',0,NULL,NULL,NULL,'0b62ef89-2260-4636-9c62-21456a96eaec',NULL),(1437,55,139,83,NULL,'2018-02-16 15:04:04',1,NULL,NULL,NULL,NULL,NULL,NULL,NULL,NULL,NULL,NULL,'80',NULL,NULL,11,'2018-02-16 15:04:06',0,NULL,NULL,NULL,'a1c319b1-2c22-410d-b267-171c01148768',NULL),(1438,55,170,83,NULL,'2018-02-16 15:04:04',1,NULL,NULL,NULL,NULL,NULL,NULL,NULL,NULL,NULL,NULL,'6',NULL,NULL,11,'2018-02-16 15:04:06',0,NULL,NULL,NULL,'7a28220a-643d-4caa-9058-8a975885d599',NULL),(1439,55,143,83,NULL,'2018-02-16 15:04:04',1,NULL,NULL,NULL,NULL,NULL,NULL,NULL,NULL,NULL,NULL,'0',NULL,NULL,11,'2018-02-16 15:04:06',0,NULL,NULL,NULL,'3c0f92f7-7072-4f6d-8308-0cb7951c9e9c',NULL),(1440,55,144,83,NULL,'2018-02-16 15:04:04',1,NULL,NULL,NULL,NULL,NULL,NULL,NULL,NULL,NULL,NULL,'1',NULL,NULL,11,'2018-02-16 15:04:06',0,NULL,NULL,NULL,'aa1d21af-956e-4d64-94f5-5bc08c96f6b2',NULL),(1441,55,151,83,NULL,'2018-02-16 15:04:04',1,NULL,NULL,NULL,NULL,NULL,NULL,NULL,NULL,NULL,NULL,'0',NULL,NULL,11,'2018-02-16 15:04:06',0,NULL,NULL,NULL,'20a0a006-ff6a-41e3-8a69-a5c1fc450217',NULL),(1442,55,152,83,NULL,'2018-02-16 15:04:04',1,NULL,NULL,NULL,NULL,NULL,NULL,NULL,NULL,NULL,NULL,'0',NULL,NULL,11,'2018-02-16 15:04:06',0,NULL,NULL,NULL,'c6c5a9e9-d4fe-4c2a-a559-4a3158970aaf',NULL),(1443,55,136,83,NULL,'2018-02-16 15:04:04',1,NULL,NULL,NULL,NULL,NULL,NULL,NULL,NULL,NULL,NULL,'0',NULL,NULL,11,'2018-02-16 15:04:06',0,NULL,NULL,NULL,'f6499c56-8fbc-4eef-9907-50fe7baf344e',NULL),(1444,55,135,83,NULL,'2018-02-16 15:04:04',1,NULL,NULL,NULL,NULL,NULL,NULL,NULL,NULL,NULL,NULL,'1',NULL,NULL,11,'2018-02-16 15:04:06',0,NULL,NULL,NULL,'3b8f66cc-c017-4f80-9469-8880f6034f0e',NULL),(1445,55,134,83,NULL,'2018-02-16 15:04:04',1,NULL,NULL,NULL,NULL,NULL,NULL,NULL,NULL,NULL,NULL,'120',NULL,NULL,11,'2018-02-16 15:04:06',0,NULL,NULL,NULL,'be6b2b84-7a7e-46b4-a6dc-59e32d45ade4',NULL),(1446,55,133,83,NULL,'2018-02-16 15:04:04',1,NULL,NULL,NULL,NULL,NULL,NULL,NULL,NULL,NULL,NULL,'0',NULL,NULL,11,'2018-02-16 15:04:06',0,NULL,NULL,NULL,'240825c9-1bd9-40cd-a835-efbf13a5834d',NULL),(1447,55,180,83,NULL,'2018-02-16 15:04:04',1,NULL,NULL,NULL,NULL,NULL,NULL,NULL,NULL,NULL,NULL,'NA',NULL,NULL,11,'2018-02-16 15:04:06',0,NULL,NULL,NULL,'53d5c948-61b1-4405-97ab-da1095e37785',NULL),(1448,55,172,83,NULL,'2018-02-16 15:04:04',1,NULL,NULL,NULL,NULL,NULL,NULL,NULL,NULL,NULL,NULL,'NA',NULL,NULL,11,'2018-02-16 15:04:06',0,NULL,NULL,NULL,'e84ff9e4-c99b-4ca3-af54-92da2c25303e',NULL),(1449,55,183,83,NULL,'2018-02-16 15:04:04',1,NULL,NULL,NULL,NULL,NULL,NULL,NULL,NULL,NULL,NULL,'NA',NULL,NULL,11,'2018-02-16 15:04:06',0,NULL,NULL,NULL,'d31db3f2-9c7d-41b8-841e-86f237a2809b',NULL),(1450,55,184,83,NULL,'2018-02-16 15:04:04',1,NULL,NULL,NULL,NULL,NULL,NULL,NULL,NULL,NULL,NULL,'NA',NULL,NULL,11,'2018-02-16 15:04:06',0,NULL,NULL,NULL,'76766f7f-d54f-4ebe-831d-8396275436fc',NULL),(1451,55,79,83,NULL,'2018-02-16 15:04:04',1,NULL,NULL,NULL,NULL,NULL,NULL,NULL,NULL,NULL,NULL,'NA',NULL,NULL,11,'2018-02-16 15:04:06',0,NULL,NULL,NULL,'7a37bffa-28c8-4dff-a5df-4e616bb09882',NULL),(1452,55,178,83,NULL,'2018-02-16 15:04:04',1,NULL,NULL,NULL,NULL,NULL,NULL,NULL,NULL,NULL,NULL,'NA',NULL,NULL,11,'2018-02-16 15:04:06',0,NULL,NULL,NULL,'ed710d64-f3f3-4f68-b5dd-db382b13589a',NULL),(1453,55,177,83,NULL,'2018-02-16 15:04:04',1,NULL,NULL,NULL,NULL,NULL,NULL,NULL,NULL,NULL,NULL,'NA',NULL,NULL,11,'2018-02-16 15:04:06',0,NULL,NULL,NULL,'81859317-629c-4410-bb02-7975956c480d',NULL),(1454,55,176,83,NULL,'2018-02-16 15:04:04',1,NULL,NULL,NULL,NULL,NULL,NULL,NULL,NULL,NULL,NULL,'NA',NULL,NULL,11,'2018-02-16 15:04:06',0,NULL,NULL,NULL,'3a211943-9d62-4cf1-8b4a-79ecb4e0c75f',NULL),(1455,55,179,83,NULL,'2018-02-16 15:04:04',1,NULL,NULL,NULL,NULL,NULL,NULL,NULL,NULL,NULL,NULL,'NA',NULL,NULL,11,'2018-02-16 15:04:06',0,NULL,NULL,NULL,'ee4dbe32-09c1-4999-8b5b-e1af222b7af4',NULL),(1456,55,80,83,NULL,'2018-02-16 15:04:04',1,NULL,NULL,NULL,NULL,NULL,NULL,NULL,NULL,NULL,NULL,'NA',NULL,NULL,11,'2018-02-16 15:04:06',0,NULL,NULL,NULL,'b2d28d6d-17f2-494c-b7f8-d5d22403a7bc',NULL),(1457,55,182,83,NULL,'2018-02-16 15:04:04',1,NULL,NULL,NULL,NULL,NULL,NULL,NULL,NULL,NULL,NULL,'NA',NULL,NULL,11,'2018-02-16 15:04:06',0,NULL,NULL,NULL,'2b462693-481c-4930-8a64-76236e234f1f',NULL),(1458,55,181,83,NULL,'2018-02-16 15:04:04',1,NULL,NULL,NULL,NULL,NULL,NULL,NULL,NULL,NULL,NULL,'NA',NULL,NULL,11,'2018-02-16 15:04:06',0,NULL,NULL,NULL,'9fd6841d-ce52-4bf5-a729-298001a95fe9',NULL),(1459,55,188,83,NULL,'2018-02-16 15:04:04',1,NULL,NULL,NULL,NULL,NULL,NULL,NULL,NULL,NULL,NULL,'NA',NULL,NULL,11,'2018-02-16 15:04:06',0,NULL,NULL,NULL,'f90215c5-286d-44c7-9089-7e2d809ba229',NULL),(1460,55,187,83,NULL,'2018-02-16 15:04:04',1,NULL,NULL,NULL,NULL,NULL,NULL,NULL,NULL,NULL,NULL,'NA',NULL,NULL,11,'2018-02-16 15:04:06',0,NULL,NULL,NULL,'2ae50a86-1443-45da-8939-44fd7f97477b',NULL),(1461,55,186,83,NULL,'2018-02-16 15:04:04',1,NULL,NULL,NULL,NULL,NULL,NULL,NULL,NULL,NULL,NULL,'NA',NULL,NULL,11,'2018-02-16 15:04:06',0,NULL,NULL,NULL,'abd245d9-8cd0-4e94-a13a-be5ec4b1039a',NULL),(1462,55,185,83,NULL,'2018-02-16 15:04:04',1,NULL,NULL,NULL,NULL,NULL,NULL,NULL,NULL,NULL,NULL,'NA',NULL,NULL,11,'2018-02-16 15:04:06',0,NULL,NULL,NULL,'d1407f6a-cf02-4e03-bae8-ee61fc5ec9b4',NULL),(1463,55,141,83,NULL,'2018-02-16 15:04:04',1,NULL,NULL,NULL,NULL,NULL,NULL,NULL,NULL,NULL,NULL,'done',NULL,NULL,11,'2018-02-16 15:04:06',0,NULL,NULL,NULL,'8ee36371-ef27-423e-b312-aca24a4a3dc0',NULL),(1464,55,142,83,NULL,'2018-02-16 15:04:04',1,NULL,NULL,NULL,NULL,NULL,NULL,NULL,NULL,NULL,NULL,'Rectruited',NULL,NULL,11,'2018-02-16 15:04:06',0,NULL,NULL,NULL,'0a5baed3-6265-44b1-ba2e-ac19d9649c73',NULL),(1465,55,137,83,NULL,'2018-02-16 15:04:04',1,NULL,NULL,NULL,NULL,NULL,NULL,NULL,NULL,NULL,NULL,'NA',NULL,NULL,11,'2018-02-16 15:04:06',0,NULL,NULL,NULL,'2ff78f2b-3d27-468d-bd8e-9d9d4742d13a',NULL),(1466,55,138,83,NULL,'2018-02-16 15:04:04',1,NULL,NULL,NULL,NULL,NULL,NULL,NULL,NULL,NULL,NULL,'1',NULL,NULL,11,'2018-02-16 15:04:06',0,NULL,NULL,NULL,'94f69bb6-779e-448c-bc39-ce280d6b9233',NULL),(1467,55,117,83,NULL,'2018-02-16 15:04:04',1,NULL,NULL,NULL,NULL,NULL,NULL,NULL,NULL,NULL,NULL,'asha',NULL,NULL,11,'2018-02-16 15:04:06',0,NULL,NULL,NULL,'f08d23fd-c542-431a-9727-4f2b5134938c',NULL),(1468,55,115,83,NULL,'2018-02-16 15:04:04',1,NULL,NULL,NULL,NULL,NULL,NULL,NULL,NULL,NULL,NULL,'16-02-2018 10:24:45',NULL,NULL,11,'2018-02-16 15:04:06',0,NULL,NULL,NULL,'64bf9bb9-9702-43f7-942c-34b2672d397a',NULL),(1469,55,114,83,NULL,'2018-02-16 15:04:04',1,NULL,NULL,NULL,NULL,NULL,NULL,NULL,NULL,NULL,NULL,'16-02-2018 10:24:45',NULL,NULL,11,'2018-02-16 15:04:06',0,NULL,NULL,NULL,'940070cf-3786-4c8b-9f76-3c2ea8d88fc0',NULL),(1470,55,119,83,NULL,'2018-02-16 15:04:04',1,NULL,NULL,NULL,NULL,NULL,NULL,NULL,NULL,NULL,NULL,'SH_CVD_ASHA_SCREENING_1',NULL,NULL,11,'2018-02-16 15:04:06',0,NULL,NULL,NULL,'47c8bd40-e612-4550-ae79-cc12ea838c81',NULL),(1471,55,118,83,NULL,'2018-02-16 15:04:04',1,NULL,NULL,NULL,NULL,NULL,NULL,NULL,NULL,NULL,NULL,'NA',NULL,NULL,11,'2018-02-16 15:04:06',0,NULL,NULL,NULL,'f0cf69ed-c125-42db-9c2d-3cafc007fa61',NULL),(1472,55,7,83,NULL,'2018-02-16 15:04:04',1,NULL,NULL,NULL,NULL,NULL,NULL,NULL,NULL,NULL,NULL,'ha_1',NULL,NULL,11,'2018-02-16 15:04:06',0,NULL,NULL,NULL,'a9cd8b9a-327b-4e2b-9b9b-ff25e2de9113',NULL),(1473,55,9,83,NULL,'2018-02-16 15:04:04',1,NULL,NULL,NULL,NULL,NULL,NULL,NULL,NULL,NULL,NULL,'16-02-2018 10:24:45',NULL,NULL,11,'2018-02-16 15:04:06',0,NULL,NULL,NULL,'45a5aca0-a878-4c2c-a0c8-c2771e226433',NULL),(1474,55,8,83,NULL,'2018-02-16 15:04:04',1,NULL,NULL,NULL,NULL,NULL,NULL,NULL,NULL,NULL,NULL,'SH_CVD_ASHA_SCREENING_1',NULL,NULL,11,'2018-02-16 15:04:06',0,NULL,NULL,NULL,'0daf93d0-4613-4d25-b2ef-33895816cf4d',NULL),(1475,55,18,83,NULL,'2018-02-16 15:04:04',1,NULL,NULL,NULL,NULL,NULL,NULL,NULL,NULL,NULL,NULL,'1-1-1960',NULL,NULL,11,'2018-02-16 15:04:06',0,NULL,NULL,NULL,'dd0389dc-3fc1-4190-b11c-add476846a9b',NULL),(1476,55,20,83,NULL,'2018-02-16 15:04:04',1,NULL,NULL,NULL,NULL,NULL,NULL,NULL,NULL,NULL,NULL,'16-2-2018',NULL,NULL,11,'2018-02-16 15:04:06',0,NULL,NULL,NULL,'304d9977-7381-43d6-b9b6-ae097410c01b',NULL),(1477,50,133,84,NULL,'2018-02-16 15:24:45',1,NULL,NULL,NULL,NULL,NULL,NULL,NULL,NULL,NULL,NULL,'0',NULL,NULL,5,'2018-02-16 15:24:45',0,NULL,NULL,NULL,'6227e75c-4edf-4cca-9b27-f391d5028844',NULL),(1478,50,134,84,NULL,'2018-02-16 15:24:45',1,NULL,NULL,NULL,NULL,NULL,NULL,NULL,NULL,NULL,NULL,'120',NULL,NULL,5,'2018-02-16 15:24:45',0,NULL,NULL,NULL,'614c9cf4-7a5c-46af-83b2-855909b7061f',NULL),(1479,50,135,84,NULL,'2018-02-16 15:24:45',1,NULL,NULL,NULL,NULL,NULL,NULL,NULL,NULL,NULL,NULL,'1',NULL,NULL,5,'2018-02-16 15:24:45',0,NULL,NULL,NULL,'11cf9021-4cf0-47cb-907c-5b34e0e5672a',NULL),(1480,50,136,84,NULL,'2018-02-16 15:24:45',1,NULL,NULL,NULL,NULL,NULL,NULL,NULL,NULL,NULL,NULL,'0',NULL,NULL,5,'2018-02-16 15:24:45',0,NULL,NULL,NULL,'9944ea88-1df9-44d1-b3d6-8f371e3cfb12',NULL),(1481,50,137,84,NULL,'2018-02-16 15:24:45',1,NULL,NULL,NULL,NULL,NULL,NULL,NULL,NULL,NULL,NULL,'NA',NULL,NULL,5,'2018-02-16 15:24:45',0,NULL,NULL,NULL,'6ef135de-ad4c-4450-be31-eea4c1d9943d',NULL),(1482,50,138,84,NULL,'2018-02-16 15:24:45',1,NULL,NULL,NULL,NULL,NULL,NULL,NULL,NULL,NULL,NULL,'1',NULL,NULL,5,'2018-02-16 15:24:45',0,NULL,NULL,NULL,'ba0a67e6-5454-4613-a5cd-9677f8a35b76',NULL),(1483,50,139,84,NULL,'2018-02-16 15:24:45',1,NULL,NULL,NULL,NULL,NULL,NULL,NULL,NULL,NULL,NULL,'80',NULL,NULL,5,'2018-02-16 15:24:45',0,NULL,NULL,NULL,'708c966b-735d-496e-8ce0-894ca33c7bc3',NULL),(1484,50,140,84,NULL,'2018-02-16 15:24:45',1,NULL,NULL,NULL,NULL,NULL,NULL,NULL,NULL,NULL,NULL,'7',NULL,NULL,5,'2018-02-16 15:24:46',0,NULL,NULL,NULL,'02b4d9a9-3164-494a-864b-984c18a81089',NULL),(1485,50,141,84,NULL,'2018-02-16 15:24:45',1,NULL,NULL,NULL,NULL,NULL,NULL,NULL,NULL,NULL,NULL,'done',NULL,NULL,5,'2018-02-16 15:24:46',0,NULL,NULL,NULL,'af2e07ff-7c3d-4605-ac19-ae1f84f66543',NULL),(1486,50,142,84,NULL,'2018-02-16 15:24:45',1,NULL,NULL,NULL,NULL,NULL,NULL,NULL,NULL,NULL,NULL,'Rectruited',NULL,NULL,5,'2018-02-16 15:24:46',0,NULL,NULL,NULL,'be914b88-fb23-4b49-9277-e1da655d70df',NULL),(1487,50,143,84,NULL,'2018-02-16 15:24:45',1,NULL,NULL,NULL,NULL,NULL,NULL,NULL,NULL,NULL,NULL,'1',NULL,NULL,5,'2018-02-16 15:24:46',0,NULL,NULL,NULL,'bfa973b3-4bd7-403e-9573-fae8a91b4585',NULL),(1488,50,144,84,NULL,'2018-02-16 15:24:45',1,NULL,NULL,NULL,NULL,NULL,NULL,NULL,NULL,NULL,NULL,'0',NULL,NULL,5,'2018-02-16 15:24:46',0,NULL,NULL,NULL,'b175aee7-9f08-4feb-a4c5-7c411ae3077f',NULL),(1489,50,145,84,NULL,'2018-02-16 15:24:45',1,NULL,NULL,NULL,NULL,NULL,NULL,NULL,NULL,NULL,NULL,'40.82',NULL,NULL,5,'2018-02-16 15:24:46',0,NULL,NULL,NULL,'13f6e729-3280-45b9-b99d-c70260599a34',NULL),(1490,50,146,84,NULL,'2018-02-16 15:24:45',1,NULL,NULL,NULL,NULL,NULL,NULL,NULL,NULL,NULL,NULL,'80',NULL,NULL,5,'2018-02-16 15:24:46',0,NULL,NULL,NULL,'0eafad61-15bd-4051-80fe-589f9ad67160',NULL),(1491,50,147,84,NULL,'2018-02-16 15:24:45',1,NULL,NULL,NULL,NULL,NULL,NULL,NULL,NULL,NULL,NULL,'140',NULL,NULL,5,'2018-02-16 15:24:46',0,NULL,NULL,NULL,'8e83ce30-d5f7-4dbb-8fb9-b7ad025345e3',NULL),(1492,50,148,84,NULL,'2018-02-16 15:24:45',1,NULL,NULL,NULL,NULL,NULL,NULL,NULL,NULL,NULL,NULL,'0',NULL,NULL,5,'2018-02-16 15:24:46',0,NULL,NULL,NULL,'d85d0c4c-214d-4ab5-a33a-5d91660f0dce',NULL),(1493,50,149,84,NULL,'2018-02-16 15:24:45',1,NULL,NULL,NULL,NULL,NULL,NULL,NULL,NULL,NULL,NULL,'1',NULL,NULL,5,'2018-02-16 15:24:46',0,NULL,NULL,NULL,'6cc969b8-303a-418b-994a-619883507828',NULL),(1494,50,150,84,NULL,'2018-02-16 15:24:45',1,NULL,NULL,NULL,NULL,NULL,NULL,NULL,NULL,NULL,NULL,'0',NULL,NULL,5,'2018-02-16 15:24:46',0,NULL,NULL,NULL,'62991b30-d6c7-4e79-a5a3-c567af235d33',NULL),(1495,50,151,84,NULL,'2018-02-16 15:24:45',1,NULL,NULL,NULL,NULL,NULL,NULL,NULL,NULL,NULL,NULL,'0',NULL,NULL,5,'2018-02-16 15:24:46',0,NULL,NULL,NULL,'b86290ab-a2fb-4c22-8bee-92a67b6d9637',NULL),(1496,50,152,84,NULL,'2018-02-16 15:24:45',1,NULL,NULL,NULL,NULL,NULL,NULL,NULL,NULL,NULL,NULL,'0',NULL,NULL,5,'2018-02-16 15:24:46',0,NULL,NULL,NULL,'e390a7da-c4ad-474e-931f-09caaee6e80e',NULL),(1497,50,35,84,NULL,'2018-02-16 15:24:45',1,NULL,NULL,NULL,NULL,NULL,NULL,NULL,NULL,NULL,NULL,'32',NULL,NULL,5,'2018-02-16 15:24:46',0,NULL,NULL,NULL,'e4f22b22-dd19-491f-bb3a-90b2a2ad014b',NULL),(1498,50,153,84,NULL,'2018-02-16 15:24:45',1,NULL,NULL,NULL,NULL,NULL,NULL,NULL,NULL,NULL,NULL,'NA',NULL,NULL,5,'2018-02-16 15:24:46',0,NULL,NULL,NULL,'374c1a12-ca60-45c0-b0df-49d540677814',NULL),(1499,50,154,84,NULL,'2018-02-16 15:24:45',1,NULL,NULL,NULL,NULL,NULL,NULL,NULL,NULL,NULL,NULL,'0',NULL,NULL,5,'2018-02-16 15:24:46',0,NULL,NULL,NULL,'23b30c27-0845-49ad-8bbc-395b69ea97e9',NULL),(1500,50,155,84,NULL,'2018-02-16 15:24:45',1,NULL,NULL,NULL,NULL,NULL,NULL,NULL,NULL,NULL,NULL,'0',NULL,NULL,5,'2018-02-16 15:24:46',0,NULL,NULL,NULL,'6a9802d2-96bb-49eb-83a6-d65cb9044c35',NULL),(1501,50,156,84,NULL,'2018-02-16 15:24:45',1,NULL,NULL,NULL,NULL,NULL,NULL,NULL,NULL,NULL,NULL,'16-2-2018',NULL,NULL,5,'2018-02-16 15:24:46',0,NULL,NULL,NULL,'39cd01f6-0a9b-47a3-9b0d-ab88cd7f9a79',NULL),(1502,50,157,84,NULL,'2018-02-16 15:24:45',1,NULL,NULL,NULL,NULL,NULL,NULL,NULL,NULL,NULL,NULL,'8.1',NULL,NULL,5,'2018-02-16 15:24:46',0,NULL,NULL,NULL,'3ac19910-1057-4842-a0e4-9df702cf3f1a',NULL),(1503,50,158,84,NULL,'2018-02-16 15:24:45',1,NULL,NULL,NULL,NULL,NULL,NULL,NULL,NULL,NULL,NULL,'16-2-2018',NULL,NULL,5,'2018-02-16 15:24:46',0,NULL,NULL,NULL,'9e835b32-e814-413b-8df3-67bdbe4ee967',NULL),(1504,50,159,84,NULL,'2018-02-16 15:24:45',1,NULL,NULL,NULL,NULL,NULL,NULL,NULL,NULL,NULL,NULL,'0',NULL,NULL,5,'2018-02-16 15:24:46',0,NULL,NULL,NULL,'5fb856ae-d8c3-42fe-8ea3-1fdfe0335ba3',NULL),(1505,50,160,84,NULL,'2018-02-16 15:24:45',1,NULL,NULL,NULL,NULL,NULL,NULL,NULL,NULL,NULL,NULL,'0',NULL,NULL,5,'2018-02-16 15:24:46',0,NULL,NULL,NULL,'b0056c81-7ddf-485b-a7e0-b9a4f5140249',NULL),(1506,50,161,84,NULL,'2018-02-16 15:24:45',1,NULL,NULL,NULL,NULL,NULL,NULL,NULL,NULL,NULL,NULL,'2',NULL,NULL,5,'2018-02-16 15:24:46',0,NULL,NULL,NULL,'0f976927-815b-4ef5-aa5e-6d96bac94a4e',NULL),(1507,50,116,84,NULL,'2018-02-16 15:24:45',1,NULL,NULL,NULL,NULL,NULL,NULL,NULL,NULL,NULL,NULL,'ha_3',NULL,NULL,5,'2018-02-16 15:24:46',0,NULL,NULL,NULL,'b808f6e5-ecaf-475d-95e3-1edf7819e8b5',NULL),(1508,50,162,84,NULL,'2018-02-16 15:24:45',1,NULL,NULL,NULL,NULL,NULL,NULL,NULL,NULL,NULL,NULL,'140',NULL,NULL,5,'2018-02-16 15:24:46',0,NULL,NULL,NULL,'b74c4972-9e5e-48bc-8907-f61ad1a09494',NULL),(1509,50,163,84,NULL,'2018-02-16 15:24:45',1,NULL,NULL,NULL,NULL,NULL,NULL,NULL,NULL,NULL,NULL,'2,5',NULL,NULL,5,'2018-02-16 15:24:46',0,NULL,NULL,NULL,'c5eb1f8d-b0f5-484c-a49e-078209505a75',NULL),(1510,50,164,84,NULL,'2018-02-16 15:24:45',1,NULL,NULL,NULL,NULL,NULL,NULL,NULL,NULL,NULL,NULL,'yfyfyf',NULL,NULL,5,'2018-02-16 15:24:46',0,NULL,NULL,NULL,'3b84ea1f-6d9c-4964-8ac7-02a3ee30b88f',NULL),(1511,50,165,84,NULL,'2018-02-16 15:24:45',1,NULL,NULL,NULL,NULL,NULL,NULL,NULL,NULL,NULL,NULL,'H',NULL,NULL,5,'2018-02-16 15:24:46',0,NULL,NULL,NULL,'24ee3688-ab43-40b3-aa37-5959c1577bcc',NULL),(1512,50,166,84,NULL,'2018-02-16 15:24:45',1,NULL,NULL,NULL,NULL,NULL,NULL,NULL,NULL,NULL,NULL,'5585',NULL,NULL,5,'2018-02-16 15:24:46',0,NULL,NULL,NULL,'0f928ef2-2998-44db-8584-6ea0a2575836',NULL),(1513,50,167,84,NULL,'2018-02-16 15:24:45',1,NULL,NULL,NULL,NULL,NULL,NULL,NULL,NULL,NULL,NULL,'656565',NULL,NULL,5,'2018-02-16 15:24:46',0,NULL,NULL,NULL,'02538c56-c2fe-4fdc-8c63-500e6004219a',NULL),(1514,50,168,84,NULL,'2018-02-16 15:24:45',1,NULL,NULL,NULL,NULL,NULL,NULL,NULL,NULL,NULL,NULL,'1',NULL,NULL,5,'2018-02-16 15:24:46',0,NULL,NULL,NULL,'950ca955-baaf-42db-8caa-f0a1f77c67de',NULL),(1515,50,169,84,NULL,'2018-02-16 15:24:45',1,NULL,NULL,NULL,NULL,NULL,NULL,NULL,NULL,NULL,NULL,'gdydhd',NULL,NULL,5,'2018-02-16 15:24:46',0,NULL,NULL,NULL,'6fdda439-6a91-416c-8709-aaa174db65f7',NULL),(1516,50,170,84,NULL,'2018-02-16 15:24:45',1,NULL,NULL,NULL,NULL,NULL,NULL,NULL,NULL,NULL,NULL,'7',NULL,NULL,5,'2018-02-16 15:24:46',0,NULL,NULL,NULL,'813457b4-e705-4d68-b82e-20fbcdfe5cbf',NULL),(1517,50,171,84,NULL,'2018-02-16 15:24:45',1,NULL,NULL,NULL,NULL,NULL,NULL,NULL,NULL,NULL,NULL,'6',NULL,NULL,5,'2018-02-16 15:24:46',0,NULL,NULL,NULL,'0e3b24fb-17a9-49d5-afc7-777d9027bb78',NULL),(1518,50,14,84,NULL,'2018-02-16 15:24:45',1,NULL,NULL,NULL,NULL,NULL,NULL,NULL,NULL,NULL,NULL,'jfjrj',NULL,NULL,5,'2018-02-16 15:24:46',0,NULL,NULL,NULL,'c0d4597c-36c4-42d3-bb4d-3f813b8ed413',NULL),(1519,50,15,84,NULL,'2018-02-16 15:24:45',1,NULL,NULL,NULL,NULL,NULL,NULL,NULL,NULL,NULL,NULL,'jfjrj',NULL,NULL,5,'2018-02-16 15:24:46',0,NULL,NULL,NULL,'37338415-4e41-446b-9438-336d829d02ba',NULL),(1520,50,8,84,NULL,'2018-02-16 15:24:45',1,NULL,NULL,NULL,NULL,NULL,NULL,NULL,NULL,NULL,NULL,'SH_CVD_ASHA_SCREENING_1',NULL,NULL,5,'2018-02-16 15:24:46',0,NULL,NULL,NULL,'cfbfdeb6-d420-4f82-af39-cc81d654b0b3',NULL),(1521,50,9,84,NULL,'2018-02-16 15:24:45',1,NULL,NULL,NULL,NULL,NULL,NULL,NULL,NULL,NULL,NULL,'16-02-2018 15:01:28',NULL,NULL,5,'2018-02-16 15:24:46',0,NULL,NULL,NULL,'17a2f8fa-d608-4bfa-a2a2-7600e6fac2e6',NULL),(1522,50,7,84,NULL,'2018-02-16 15:24:45',1,NULL,NULL,NULL,NULL,NULL,NULL,NULL,NULL,NULL,NULL,'ha_3',NULL,NULL,5,'2018-02-16 15:24:46',0,NULL,NULL,NULL,'5c476621-a8b6-47d1-bd6e-e59e2f1cdbe4',NULL),(1523,50,118,84,NULL,'2018-02-16 15:24:45',1,NULL,NULL,NULL,NULL,NULL,NULL,NULL,NULL,NULL,NULL,'NA',NULL,NULL,5,'2018-02-16 15:24:46',0,NULL,NULL,NULL,'78ca72e0-7ac4-4521-99bd-6b38b8550202',NULL),(1524,50,12,84,NULL,'2018-02-16 15:24:45',1,NULL,NULL,NULL,NULL,NULL,NULL,NULL,NULL,NULL,NULL,'1030030001',NULL,NULL,5,'2018-02-16 15:24:46',0,NULL,NULL,NULL,'9aabdb22-1d6b-410f-8a1d-c7115100fa18',NULL),(1525,50,22,84,NULL,'2018-02-16 15:24:45',1,NULL,NULL,NULL,NULL,NULL,NULL,NULL,NULL,NULL,NULL,'F',NULL,NULL,5,'2018-02-16 15:24:46',0,NULL,NULL,NULL,'5f972202-a1f7-4cfa-a508-aad851bf1a09',NULL),(1526,50,20,84,NULL,'2018-02-16 15:24:45',1,NULL,NULL,NULL,NULL,NULL,NULL,NULL,NULL,NULL,NULL,'16-2-2018',NULL,NULL,5,'2018-02-16 15:24:46',0,NULL,NULL,NULL,'4b1d64bd-3d87-4bb3-aa1f-f5e7ed7a150b',NULL),(1527,50,18,84,NULL,'2018-02-16 15:24:45',1,NULL,NULL,NULL,NULL,NULL,NULL,NULL,NULL,NULL,NULL,'1-1-1960',NULL,NULL,5,'2018-02-16 15:24:46',0,NULL,NULL,NULL,'3455bc6f-a7b1-46c6-80af-365b56106537',NULL),(1528,50,172,84,NULL,'2018-02-16 15:24:45',1,NULL,NULL,NULL,NULL,NULL,NULL,NULL,NULL,NULL,NULL,'NA',NULL,NULL,5,'2018-02-16 15:24:46',0,NULL,NULL,NULL,'1e291b3d-a4e3-4819-9ed4-6cb7366117ec',NULL),(1529,50,19,84,NULL,'2018-02-16 15:24:45',1,NULL,NULL,NULL,NULL,NULL,NULL,NULL,NULL,NULL,NULL,'NA',NULL,NULL,5,'2018-02-16 15:24:46',0,NULL,NULL,NULL,'2523d478-0ab3-4859-833e-5e440bfa7d9d',NULL),(1530,50,116,84,NULL,'2018-02-16 15:24:45',1,NULL,NULL,NULL,NULL,NULL,NULL,NULL,NULL,NULL,NULL,'ha_3',NULL,NULL,5,'2018-02-16 15:24:46',0,NULL,NULL,NULL,'2cf4aedc-08ba-453e-b8fd-ab9cd205c312',NULL),(1531,50,173,84,NULL,'2018-02-16 15:24:45',1,NULL,NULL,NULL,NULL,NULL,NULL,NULL,NULL,NULL,NULL,'3',NULL,NULL,5,'2018-02-16 15:24:46',0,NULL,NULL,NULL,'3c44ac5c-87cd-4c7f-86e5-34be3ec58c75',NULL),(1532,50,174,84,NULL,'2018-02-16 15:24:45',1,NULL,NULL,NULL,NULL,NULL,NULL,NULL,NULL,NULL,NULL,'gd',NULL,NULL,5,'2018-02-16 15:24:46',0,NULL,NULL,NULL,'c625b47b-6693-422d-9a73-c96490ee7ac1',NULL),(1533,50,175,84,NULL,'2018-02-16 15:24:45',1,NULL,NULL,NULL,NULL,NULL,NULL,NULL,NULL,NULL,NULL,'16-2-2018',NULL,NULL,5,'2018-02-16 15:24:46',0,NULL,NULL,NULL,'4b192f55-3118-4f36-b52a-59c790209b33',NULL),(1534,50,22,84,NULL,'2018-02-16 15:24:45',1,NULL,NULL,NULL,NULL,NULL,NULL,NULL,NULL,NULL,NULL,'F',NULL,NULL,5,'2018-02-16 15:24:46',0,NULL,NULL,NULL,'a7e1d4b4-5a42-4aff-967a-7d40b777e691',NULL),(1535,50,128,84,NULL,'2018-02-16 15:24:45',1,NULL,NULL,NULL,NULL,NULL,NULL,NULL,NULL,NULL,NULL,'454554848545',NULL,NULL,5,'2018-02-16 15:24:46',0,NULL,NULL,NULL,'458d0c64-8ae2-4323-ae64-73702770626d',NULL),(1536,50,16,84,NULL,'2018-02-16 15:24:45',1,NULL,NULL,NULL,NULL,NULL,NULL,NULL,NULL,NULL,NULL,'8579797644',NULL,NULL,5,'2018-02-16 15:24:47',0,NULL,NULL,NULL,'9f2d9419-b643-4d6e-b626-872b56c367cb',NULL),(1537,50,21,84,NULL,'2018-02-16 15:24:45',1,NULL,NULL,NULL,NULL,NULL,NULL,NULL,NULL,NULL,NULL,'58',NULL,NULL,5,'2018-02-16 15:24:47',0,NULL,NULL,NULL,'df4f6b9b-4911-4810-8558-955fddb2248a',NULL),(1538,50,6,84,NULL,'2018-02-16 15:24:45',1,NULL,NULL,NULL,NULL,NULL,NULL,NULL,NULL,NULL,NULL,'dyyydtd',NULL,NULL,5,'2018-02-16 15:24:47',0,NULL,NULL,NULL,'9176e5ef-575a-44cc-ab75-5032a5d9bf06',NULL),(1539,50,5,84,NULL,'2018-02-16 15:24:45',1,NULL,NULL,NULL,NULL,NULL,NULL,NULL,NULL,NULL,NULL,'3',NULL,NULL,5,'2018-02-16 15:24:47',0,NULL,NULL,NULL,'354d13f6-9ff3-4b1c-a298-1f3574375dfd',NULL),(1540,50,114,84,NULL,'2018-02-16 15:24:45',1,NULL,NULL,NULL,NULL,NULL,NULL,NULL,NULL,NULL,NULL,'16-02-2018 15:01:28',NULL,NULL,5,'2018-02-16 15:24:47',0,NULL,NULL,NULL,'5be2deb4-0af0-4904-b195-51e98a0afc87',NULL),(1541,50,119,84,NULL,'2018-02-16 15:24:45',1,NULL,NULL,NULL,NULL,NULL,NULL,NULL,NULL,NULL,NULL,'SH_CVD_ASHA_SCREENING_1',NULL,NULL,5,'2018-02-16 15:24:47',0,NULL,NULL,NULL,'52f114cf-87ec-4477-88b5-2f210eb520d2',NULL),(1542,50,176,84,NULL,'2018-02-16 15:24:45',1,NULL,NULL,NULL,NULL,NULL,NULL,NULL,NULL,NULL,NULL,'NA',NULL,NULL,5,'2018-02-16 15:24:47',0,NULL,NULL,NULL,'6029f397-72a0-41e9-a3ed-ba826a38bcdd',NULL),(1543,50,177,84,NULL,'2018-02-16 15:24:45',1,NULL,NULL,NULL,NULL,NULL,NULL,NULL,NULL,NULL,NULL,'NA',NULL,NULL,5,'2018-02-16 15:24:47',0,NULL,NULL,NULL,'3bee2f8f-6748-4ee2-9156-2107e68f948f',NULL),(1544,50,178,84,NULL,'2018-02-16 15:24:45',1,NULL,NULL,NULL,NULL,NULL,NULL,NULL,NULL,NULL,NULL,'NA',NULL,NULL,5,'2018-02-16 15:24:47',0,NULL,NULL,NULL,'24c074ae-0485-456e-b5a5-17269e5eb0ec',NULL),(1545,50,79,84,NULL,'2018-02-16 15:24:45',1,NULL,NULL,NULL,NULL,NULL,NULL,NULL,NULL,NULL,NULL,'NA',NULL,NULL,5,'2018-02-16 15:24:47',0,NULL,NULL,NULL,'6b5e7078-53ac-4ab1-8e5c-92ab3f78d7fd',NULL),(1546,50,80,84,NULL,'2018-02-16 15:24:45',1,NULL,NULL,NULL,NULL,NULL,NULL,NULL,NULL,NULL,NULL,'NA',NULL,NULL,5,'2018-02-16 15:24:47',0,NULL,NULL,NULL,'6b4f2cd7-965c-4bea-94ad-29e5a840a0a6',NULL),(1547,50,179,84,NULL,'2018-02-16 15:24:45',1,NULL,NULL,NULL,NULL,NULL,NULL,NULL,NULL,NULL,NULL,'NA',NULL,NULL,5,'2018-02-16 15:24:47',0,NULL,NULL,NULL,'1a54be18-a7cc-4b5f-b78c-011ba1707e92',NULL),(1548,50,117,84,NULL,'2018-02-16 15:24:45',1,NULL,NULL,NULL,NULL,NULL,NULL,NULL,NULL,NULL,NULL,'asha',NULL,NULL,5,'2018-02-16 15:24:47',0,NULL,NULL,NULL,'4d021663-2e04-4e92-900e-62dadd9b104c',NULL),(1549,50,115,84,NULL,'2018-02-16 15:24:45',1,NULL,NULL,NULL,NULL,NULL,NULL,NULL,NULL,NULL,NULL,'16-02-2018 15:01:28',NULL,NULL,5,'2018-02-16 15:24:47',0,NULL,NULL,NULL,'4d0a13a7-0ffc-4456-aa35-857bcb9c5ac1',NULL),(1550,50,180,84,NULL,'2018-02-16 15:24:45',1,NULL,NULL,NULL,NULL,NULL,NULL,NULL,NULL,NULL,NULL,'NA',NULL,NULL,5,'2018-02-16 15:24:47',0,NULL,NULL,NULL,'cdcc0231-341f-4da1-b017-b09f63128e25',NULL),(1551,50,181,84,NULL,'2018-02-16 15:24:45',1,NULL,NULL,NULL,NULL,NULL,NULL,NULL,NULL,NULL,NULL,'NA',NULL,NULL,5,'2018-02-16 15:24:47',0,NULL,NULL,NULL,'0037ce22-4131-4533-9722-e53822a7f47b',NULL),(1552,50,182,84,NULL,'2018-02-16 15:24:45',1,NULL,NULL,NULL,NULL,NULL,NULL,NULL,NULL,NULL,NULL,'NA',NULL,NULL,5,'2018-02-16 15:24:47',0,NULL,NULL,NULL,'7b55bab0-ceda-452f-987d-b2e219c7cea1',NULL),(1553,50,183,84,NULL,'2018-02-16 15:24:45',1,NULL,NULL,NULL,NULL,NULL,NULL,NULL,NULL,NULL,NULL,'NA',NULL,NULL,5,'2018-02-16 15:24:47',0,NULL,NULL,NULL,'0b3e09de-df3f-46ee-933b-b202778ac2a4',NULL),(1554,50,184,84,NULL,'2018-02-16 15:24:45',1,NULL,NULL,NULL,NULL,NULL,NULL,NULL,NULL,NULL,NULL,'NA',NULL,NULL,5,'2018-02-16 15:24:47',0,NULL,NULL,NULL,'9ebeaa3c-a4c2-4989-bc79-52db070e45f8',NULL),(1555,50,185,84,NULL,'2018-02-16 15:24:45',1,NULL,NULL,NULL,NULL,NULL,NULL,NULL,NULL,NULL,NULL,'NA',NULL,NULL,5,'2018-02-16 15:24:47',0,NULL,NULL,NULL,'0dc3baa9-7107-429d-a938-e4be0384a76b',NULL),(1556,50,186,84,NULL,'2018-02-16 15:24:45',1,NULL,NULL,NULL,NULL,NULL,NULL,NULL,NULL,NULL,NULL,'NA',NULL,NULL,5,'2018-02-16 15:24:47',0,NULL,NULL,NULL,'bac6fd06-87d1-4d9c-bfae-46742fea397c',NULL),(1557,50,187,84,NULL,'2018-02-16 15:24:45',1,NULL,NULL,NULL,NULL,NULL,NULL,NULL,NULL,NULL,NULL,'NA',NULL,NULL,5,'2018-02-16 15:24:47',0,NULL,NULL,NULL,'1ea9fccc-a908-4024-9e93-5b898730b7c9',NULL),(1558,50,188,84,NULL,'2018-02-16 15:24:45',1,NULL,NULL,NULL,NULL,NULL,NULL,NULL,NULL,NULL,NULL,'NA',NULL,NULL,5,'2018-02-16 15:24:47',0,NULL,NULL,NULL,'f0eb667d-2f37-4c25-b8c2-86814800743c',NULL),(1559,57,116,85,NULL,'2018-02-16 15:24:49',1,NULL,NULL,NULL,NULL,NULL,NULL,NULL,NULL,NULL,NULL,'ha_3',NULL,NULL,5,'2018-02-16 15:24:49',0,NULL,NULL,NULL,'6511a8c0-c663-4e96-9a73-a57e630b8ab6',NULL),(1560,57,14,85,NULL,'2018-02-16 15:24:49',1,NULL,NULL,NULL,NULL,NULL,NULL,NULL,NULL,NULL,NULL,'abcd',NULL,NULL,5,'2018-02-16 15:24:49',0,NULL,NULL,NULL,'d82cf1fd-b877-4a7d-8867-132fbc163edb',NULL),(1561,57,165,85,NULL,'2018-02-16 15:24:49',1,NULL,NULL,NULL,NULL,NULL,NULL,NULL,NULL,NULL,NULL,'H',NULL,NULL,5,'2018-02-16 15:24:49',0,NULL,NULL,NULL,'e4ae522f-66ae-4aff-828a-bc80f878c696',NULL),(1562,57,173,85,NULL,'2018-02-16 15:24:49',1,NULL,NULL,NULL,NULL,NULL,NULL,NULL,NULL,NULL,NULL,'3',NULL,NULL,5,'2018-02-16 15:24:49',0,NULL,NULL,NULL,'9d7f796b-c940-4c64-9599-bd28d31cd5ae',NULL),(1563,57,167,85,NULL,'2018-02-16 15:24:49',1,NULL,NULL,NULL,NULL,NULL,NULL,NULL,NULL,NULL,NULL,'665558',NULL,NULL,5,'2018-02-16 15:24:49',0,NULL,NULL,NULL,'1dd0c43b-8b2e-40ac-936f-00794e4ac8d1',NULL),(1564,57,164,85,NULL,'2018-02-16 15:24:49',1,NULL,NULL,NULL,NULL,NULL,NULL,NULL,NULL,NULL,NULL,'hgvv',NULL,NULL,5,'2018-02-16 15:24:49',0,NULL,NULL,NULL,'35a01781-3660-416c-9f17-521dae53a190',NULL),(1565,57,169,85,NULL,'2018-02-16 15:24:49',1,NULL,NULL,NULL,NULL,NULL,NULL,NULL,NULL,NULL,NULL,'gcvg',NULL,NULL,5,'2018-02-16 15:24:49',0,NULL,NULL,NULL,'4affeadf-55a0-44d2-aa56-3cc7d5fce29f',NULL),(1566,57,166,85,NULL,'2018-02-16 15:24:49',1,NULL,NULL,NULL,NULL,NULL,NULL,NULL,NULL,NULL,NULL,'55886',NULL,NULL,5,'2018-02-16 15:24:49',0,NULL,NULL,NULL,'2f08bf73-8965-469e-8bc6-146ce5872672',NULL),(1567,57,171,85,NULL,'2018-02-16 15:24:49',1,NULL,NULL,NULL,NULL,NULL,NULL,NULL,NULL,NULL,NULL,'6',NULL,NULL,5,'2018-02-16 15:24:49',0,NULL,NULL,NULL,'a5e8531e-e033-4560-8b38-5949e938d5ce',NULL),(1568,57,168,85,NULL,'2018-02-16 15:24:49',1,NULL,NULL,NULL,NULL,NULL,NULL,NULL,NULL,NULL,NULL,'1',NULL,NULL,5,'2018-02-16 15:24:49',0,NULL,NULL,NULL,'008767f8-aedd-44a5-8f94-c95ea33adbf8',NULL),(1569,57,163,85,NULL,'2018-02-16 15:24:49',1,NULL,NULL,NULL,NULL,NULL,NULL,NULL,NULL,NULL,NULL,'4,5',NULL,NULL,5,'2018-02-16 15:24:49',0,NULL,NULL,NULL,'c4603cfa-1749-406b-896a-c09655a7dfd4',NULL),(1570,57,170,85,NULL,'2018-02-16 15:24:49',1,NULL,NULL,NULL,NULL,NULL,NULL,NULL,NULL,NULL,NULL,'7',NULL,NULL,5,'2018-02-16 15:24:49',0,NULL,NULL,NULL,'3bb23323-36b5-42cd-8ad4-5c9fd5f720d5',NULL),(1571,57,128,85,NULL,'2018-02-16 15:24:49',1,NULL,NULL,NULL,NULL,NULL,NULL,NULL,NULL,NULL,NULL,'558855685698',NULL,NULL,5,'2018-02-16 15:24:49',0,NULL,NULL,NULL,'d32b0e21-744c-452c-91b9-9df603635be4',NULL),(1572,57,174,85,NULL,'2018-02-16 15:24:49',1,NULL,NULL,NULL,NULL,NULL,NULL,NULL,NULL,NULL,NULL,'bhhbg',NULL,NULL,5,'2018-02-16 15:24:49',0,NULL,NULL,NULL,'4a638159-db16-400d-bfa6-9f3b4e57cccc',NULL),(1573,57,21,85,NULL,'2018-02-16 15:24:49',1,NULL,NULL,NULL,NULL,NULL,NULL,NULL,NULL,NULL,NULL,'58',NULL,NULL,5,'2018-02-16 15:24:49',0,NULL,NULL,NULL,'3df7da02-1bd4-405d-b8c1-0db2dbaa090f',NULL),(1574,57,22,85,NULL,'2018-02-16 15:24:49',1,NULL,NULL,NULL,NULL,NULL,NULL,NULL,NULL,NULL,NULL,'F',NULL,NULL,5,'2018-02-16 15:24:49',0,NULL,NULL,NULL,'7ba1d5bc-9482-4182-bf52-f01445b23eaa',NULL),(1575,57,5,85,NULL,'2018-02-16 15:24:49',1,NULL,NULL,NULL,NULL,NULL,NULL,NULL,NULL,NULL,NULL,'3',NULL,NULL,5,'2018-02-16 15:24:49',0,NULL,NULL,NULL,'54b4ddd6-ee41-40b5-a62b-4f1c71af2452',NULL),(1576,57,16,85,NULL,'2018-02-16 15:24:49',1,NULL,NULL,NULL,NULL,NULL,NULL,NULL,NULL,NULL,NULL,'8856855685',NULL,NULL,5,'2018-02-16 15:24:49',0,NULL,NULL,NULL,'e937a00d-de98-458a-84f1-8187458f4c7f',NULL),(1577,57,6,85,NULL,'2018-02-16 15:24:49',1,NULL,NULL,NULL,NULL,NULL,NULL,NULL,NULL,NULL,NULL,'ftyvf',NULL,NULL,5,'2018-02-16 15:24:49',0,NULL,NULL,NULL,'74d3aa51-1309-4bec-a1b9-14e02a914c83',NULL),(1578,57,175,85,NULL,'2018-02-16 15:24:49',1,NULL,NULL,NULL,NULL,NULL,NULL,NULL,NULL,NULL,NULL,'16-2-2018',NULL,NULL,5,'2018-02-16 15:24:49',0,NULL,NULL,NULL,'b01b7e43-3f9d-4c27-9004-a69fc036a5a6',NULL),(1579,57,116,85,NULL,'2018-02-16 15:24:49',1,NULL,NULL,NULL,NULL,NULL,NULL,NULL,NULL,NULL,NULL,'ha_3',NULL,NULL,5,'2018-02-16 15:24:49',0,NULL,NULL,NULL,'b18927d6-7381-4756-8e54-298ea4677d21',NULL),(1580,57,176,85,NULL,'2018-02-16 15:24:49',1,NULL,NULL,NULL,NULL,NULL,NULL,NULL,NULL,NULL,NULL,'NA',NULL,NULL,5,'2018-02-16 15:24:49',0,NULL,NULL,NULL,'6128b773-a373-4dcc-8f39-e60b58142443',NULL),(1581,57,180,85,NULL,'2018-02-16 15:24:49',1,NULL,NULL,NULL,NULL,NULL,NULL,NULL,NULL,NULL,NULL,'NA',NULL,NULL,5,'2018-02-16 15:24:49',0,NULL,NULL,NULL,'2fe6dd94-7e5f-4c4a-a76b-83b663fd32be',NULL),(1582,57,178,85,NULL,'2018-02-16 15:24:49',1,NULL,NULL,NULL,NULL,NULL,NULL,NULL,NULL,NULL,NULL,'NA',NULL,NULL,5,'2018-02-16 15:24:49',0,NULL,NULL,NULL,'79bf7593-b118-4b38-b031-fd5106e0f4e4',NULL),(1583,57,177,85,NULL,'2018-02-16 15:24:49',1,NULL,NULL,NULL,NULL,NULL,NULL,NULL,NULL,NULL,NULL,'NA',NULL,NULL,5,'2018-02-16 15:24:49',0,NULL,NULL,NULL,'361d5bb1-f503-458b-973f-2ae911828f95',NULL),(1584,57,80,85,NULL,'2018-02-16 15:24:49',1,NULL,NULL,NULL,NULL,NULL,NULL,NULL,NULL,NULL,NULL,'NA',NULL,NULL,5,'2018-02-16 15:24:49',0,NULL,NULL,NULL,'c316fc8b-985a-41d8-9a5a-1138b9adeb34',NULL),(1585,57,79,85,NULL,'2018-02-16 15:24:49',1,NULL,NULL,NULL,NULL,NULL,NULL,NULL,NULL,NULL,NULL,'NA',NULL,NULL,5,'2018-02-16 15:24:49',0,NULL,NULL,NULL,'deed7afb-0786-481b-80eb-6166c542ac91',NULL),(1586,57,117,85,NULL,'2018-02-16 15:24:49',1,NULL,NULL,NULL,NULL,NULL,NULL,NULL,NULL,NULL,NULL,'asha',NULL,NULL,5,'2018-02-16 15:24:49',0,NULL,NULL,NULL,'2c05da52-ce2b-4a86-b0c0-576d68521b99',NULL),(1587,57,179,85,NULL,'2018-02-16 15:24:49',1,NULL,NULL,NULL,NULL,NULL,NULL,NULL,NULL,NULL,NULL,'NA',NULL,NULL,5,'2018-02-16 15:24:49',0,NULL,NULL,NULL,'0a35917c-ac17-4578-be8f-5456f602fcde',NULL),(1588,57,114,85,NULL,'2018-02-16 15:24:49',1,NULL,NULL,NULL,NULL,NULL,NULL,NULL,NULL,NULL,NULL,'16-02-2018 15:01:56',NULL,NULL,5,'2018-02-16 15:24:49',0,NULL,NULL,NULL,'9202b33d-3773-4072-b673-eae4f8c00935',NULL),(1589,57,115,85,NULL,'2018-02-16 15:24:49',1,NULL,NULL,NULL,NULL,NULL,NULL,NULL,NULL,NULL,NULL,'16-02-2018 15:01:56',NULL,NULL,5,'2018-02-16 15:24:49',0,NULL,NULL,NULL,'3c9f6be3-0348-4fb9-8f9c-28d185008460',NULL),(1590,57,133,85,NULL,'2018-02-16 15:24:49',1,NULL,NULL,NULL,NULL,NULL,NULL,NULL,NULL,NULL,NULL,'1',NULL,NULL,5,'2018-02-16 15:24:49',0,NULL,NULL,NULL,'ba5258ab-8549-43a6-88f6-3e1cbefe606c',NULL),(1591,57,136,85,NULL,'2018-02-16 15:24:49',1,NULL,NULL,NULL,NULL,NULL,NULL,NULL,NULL,NULL,NULL,'0',NULL,NULL,5,'2018-02-16 15:24:50',0,NULL,NULL,NULL,'f2aaf4b2-8a39-486a-a02b-320bef028f52',NULL),(1592,57,135,85,NULL,'2018-02-16 15:24:49',1,NULL,NULL,NULL,NULL,NULL,NULL,NULL,NULL,NULL,NULL,'0',NULL,NULL,5,'2018-02-16 15:24:50',0,NULL,NULL,NULL,'19f2a7f5-b43d-48f8-b195-f6c9c7c2384c',NULL),(1593,57,151,85,NULL,'2018-02-16 15:24:49',1,NULL,NULL,NULL,NULL,NULL,NULL,NULL,NULL,NULL,NULL,'1',NULL,NULL,5,'2018-02-16 15:24:50',0,NULL,NULL,NULL,'b5112ee8-7446-49ba-8373-5708b6f93c36',NULL),(1594,57,137,85,NULL,'2018-02-16 15:24:49',1,NULL,NULL,NULL,NULL,NULL,NULL,NULL,NULL,NULL,NULL,'NA',NULL,NULL,5,'2018-02-16 15:24:50',0,NULL,NULL,NULL,'a6327f20-3b5e-452b-856d-901d96951911',NULL),(1595,57,140,85,NULL,'2018-02-16 15:24:49',1,NULL,NULL,NULL,NULL,NULL,NULL,NULL,NULL,NULL,NULL,'7',NULL,NULL,5,'2018-02-16 15:24:50',0,NULL,NULL,NULL,'d7336de7-1a1a-4f62-897f-de84ef96add6',NULL),(1596,57,139,85,NULL,'2018-02-16 15:24:49',1,NULL,NULL,NULL,NULL,NULL,NULL,NULL,NULL,NULL,NULL,'80',NULL,NULL,5,'2018-02-16 15:24:50',0,NULL,NULL,NULL,'37d6537f-7613-4405-94e7-2da506d52cb5',NULL),(1597,57,134,85,NULL,'2018-02-16 15:24:49',1,NULL,NULL,NULL,NULL,NULL,NULL,NULL,NULL,NULL,NULL,'120',NULL,NULL,5,'2018-02-16 15:24:50',0,NULL,NULL,NULL,'550213d8-5151-404c-8541-889feec91f16',NULL),(1598,57,141,85,NULL,'2018-02-16 15:24:49',1,NULL,NULL,NULL,NULL,NULL,NULL,NULL,NULL,NULL,NULL,'done',NULL,NULL,5,'2018-02-16 15:24:50',0,NULL,NULL,NULL,'8514e900-dea0-49ac-912a-3bc780419c0c',NULL),(1599,57,138,85,NULL,'2018-02-16 15:24:49',1,NULL,NULL,NULL,NULL,NULL,NULL,NULL,NULL,NULL,NULL,'1',NULL,NULL,5,'2018-02-16 15:24:50',0,NULL,NULL,NULL,'5c3cfaba-6c75-4a05-8d02-e0e060f6ac00',NULL),(1600,57,162,85,NULL,'2018-02-16 15:24:49',1,NULL,NULL,NULL,NULL,NULL,NULL,NULL,NULL,NULL,NULL,'140',NULL,NULL,5,'2018-02-16 15:24:50',0,NULL,NULL,NULL,'06b7eb71-3569-4b10-bc6b-3b39f58e7f3b',NULL),(1601,57,19,85,NULL,'2018-02-16 15:24:49',1,NULL,NULL,NULL,NULL,NULL,NULL,NULL,NULL,NULL,NULL,'NA',NULL,NULL,5,'2018-02-16 15:24:50',0,NULL,NULL,NULL,'37d22bb7-04b9-44fe-99aa-3860d91fe612',NULL),(1602,57,20,85,NULL,'2018-02-16 15:24:49',1,NULL,NULL,NULL,NULL,NULL,NULL,NULL,NULL,NULL,NULL,'16-2-2018',NULL,NULL,5,'2018-02-16 15:24:50',0,NULL,NULL,NULL,'b440fa88-04f7-47b9-bf86-14c03d5b59f9',NULL),(1603,57,22,85,NULL,'2018-02-16 15:24:49',1,NULL,NULL,NULL,NULL,NULL,NULL,NULL,NULL,NULL,NULL,'F',NULL,NULL,5,'2018-02-16 15:24:50',0,NULL,NULL,NULL,'6c754634-6133-4d40-8f86-bb660397c791',NULL),(1604,57,8,85,NULL,'2018-02-16 15:24:49',1,NULL,NULL,NULL,NULL,NULL,NULL,NULL,NULL,NULL,NULL,'SH_CVD_ASHA_SCREENING_1',NULL,NULL,5,'2018-02-16 15:24:50',0,NULL,NULL,NULL,'f0331869-a32b-4998-8a0e-f4168f4f5535',NULL),(1605,57,18,85,NULL,'2018-02-16 15:24:49',1,NULL,NULL,NULL,NULL,NULL,NULL,NULL,NULL,NULL,NULL,'1-1-1960',NULL,NULL,5,'2018-02-16 15:24:50',0,NULL,NULL,NULL,'110038bc-1ca7-4c82-931c-adca5001c1c9',NULL),(1606,57,7,85,NULL,'2018-02-16 15:24:49',1,NULL,NULL,NULL,NULL,NULL,NULL,NULL,NULL,NULL,NULL,'ha_3',NULL,NULL,5,'2018-02-16 15:24:50',0,NULL,NULL,NULL,'9470bea9-19bd-4162-87ce-799a2ef7b5bf',NULL),(1607,57,9,85,NULL,'2018-02-16 15:24:49',1,NULL,NULL,NULL,NULL,NULL,NULL,NULL,NULL,NULL,NULL,'16-02-2018 15:01:56',NULL,NULL,5,'2018-02-16 15:24:50',0,NULL,NULL,NULL,'368247cf-866a-4e4e-9a13-acdb9580a5af',NULL),(1608,57,119,85,NULL,'2018-02-16 15:24:49',1,NULL,NULL,NULL,NULL,NULL,NULL,NULL,NULL,NULL,NULL,'SH_CVD_ASHA_SCREENING_1',NULL,NULL,5,'2018-02-16 15:24:50',0,NULL,NULL,NULL,'a3afa5f4-05c5-480d-b4ae-f977f8767bdc',NULL),(1609,57,118,85,NULL,'2018-02-16 15:24:49',1,NULL,NULL,NULL,NULL,NULL,NULL,NULL,NULL,NULL,NULL,'NA',NULL,NULL,5,'2018-02-16 15:24:50',0,NULL,NULL,NULL,'eff457f5-f094-46da-8b02-ca9ba50ce916',NULL),(1610,57,12,85,NULL,'2018-02-16 15:24:49',1,NULL,NULL,NULL,NULL,NULL,NULL,NULL,NULL,NULL,NULL,'1030030002',NULL,NULL,5,'2018-02-16 15:24:50',0,NULL,NULL,NULL,'853806fb-43e6-4db5-8b07-3962965896b8',NULL),(1611,57,15,85,NULL,'2018-02-16 15:24:49',1,NULL,NULL,NULL,NULL,NULL,NULL,NULL,NULL,NULL,NULL,'abcd',NULL,NULL,5,'2018-02-16 15:24:50',0,NULL,NULL,NULL,'29b8a2d5-0480-42c7-8f07-b0b5be49750a',NULL),(1612,57,142,85,NULL,'2018-02-16 15:24:49',1,NULL,NULL,NULL,NULL,NULL,NULL,NULL,NULL,NULL,NULL,'Rectruited',NULL,NULL,5,'2018-02-16 15:24:50',0,NULL,NULL,NULL,'4ccbf7c4-cd8b-4726-ac81-c80bd2850260',NULL),(1613,57,186,85,NULL,'2018-02-16 15:24:49',1,NULL,NULL,NULL,NULL,NULL,NULL,NULL,NULL,NULL,NULL,'NA',NULL,NULL,5,'2018-02-16 15:24:50',0,NULL,NULL,NULL,'0c7d79a3-2b88-4e30-b7d7-c9ebfd22d6db',NULL),(1614,57,185,85,NULL,'2018-02-16 15:24:49',1,NULL,NULL,NULL,NULL,NULL,NULL,NULL,NULL,NULL,NULL,'NA',NULL,NULL,5,'2018-02-16 15:24:50',0,NULL,NULL,NULL,'9a68fcd3-7655-4c42-af0b-3128e5e70f04',NULL),(1615,57,188,85,NULL,'2018-02-16 15:24:49',1,NULL,NULL,NULL,NULL,NULL,NULL,NULL,NULL,NULL,NULL,'NA',NULL,NULL,5,'2018-02-16 15:24:50',0,NULL,NULL,NULL,'5936d437-7fd6-4f36-b403-5d997b160d10',NULL),(1616,57,187,85,NULL,'2018-02-16 15:24:49',1,NULL,NULL,NULL,NULL,NULL,NULL,NULL,NULL,NULL,NULL,'NA',NULL,NULL,5,'2018-02-16 15:24:50',0,NULL,NULL,NULL,'b33e4b22-c041-413a-a38a-91826e657964',NULL),(1617,57,182,85,NULL,'2018-02-16 15:24:49',1,NULL,NULL,NULL,NULL,NULL,NULL,NULL,NULL,NULL,NULL,'NA',NULL,NULL,5,'2018-02-16 15:24:50',0,NULL,NULL,NULL,'3d631e41-b3e5-4e02-9e31-589231a94b46',NULL),(1618,57,181,85,NULL,'2018-02-16 15:24:49',1,NULL,NULL,NULL,NULL,NULL,NULL,NULL,NULL,NULL,NULL,'NA',NULL,NULL,5,'2018-02-16 15:24:50',0,NULL,NULL,NULL,'f34aca28-9c41-4055-9ed8-41d4dd0f0e88',NULL),(1619,57,184,85,NULL,'2018-02-16 15:24:49',1,NULL,NULL,NULL,NULL,NULL,NULL,NULL,NULL,NULL,NULL,'NA',NULL,NULL,5,'2018-02-16 15:24:50',0,NULL,NULL,NULL,'a0b92686-4b23-40d0-814c-6d36ea1c01a8',NULL),(1620,57,183,85,NULL,'2018-02-16 15:24:49',1,NULL,NULL,NULL,NULL,NULL,NULL,NULL,NULL,NULL,NULL,'NA',NULL,NULL,5,'2018-02-16 15:24:50',0,NULL,NULL,NULL,'f4e3c780-25d4-4dac-bc19-4a4e9a8bafbd',NULL),(1621,57,172,85,NULL,'2018-02-16 15:24:49',1,NULL,NULL,NULL,NULL,NULL,NULL,NULL,NULL,NULL,NULL,'NA',NULL,NULL,5,'2018-02-16 15:24:50',0,NULL,NULL,NULL,'c6e61f0f-ee4c-4fde-836b-f56f478a1a45',NULL),(1622,57,35,85,NULL,'2018-02-16 15:24:49',1,NULL,NULL,NULL,NULL,NULL,NULL,NULL,NULL,NULL,NULL,'54',NULL,NULL,5,'2018-02-16 15:24:50',0,NULL,NULL,NULL,'6b7219ee-879f-422e-bc95-01ca94479876',NULL),(1623,57,159,85,NULL,'2018-02-16 15:24:49',1,NULL,NULL,NULL,NULL,NULL,NULL,NULL,NULL,NULL,NULL,'0',NULL,NULL,5,'2018-02-16 15:24:50',0,NULL,NULL,NULL,'c4324b54-fefc-43ce-a975-8fdd5e82c02e',NULL),(1624,57,154,85,NULL,'2018-02-16 15:24:49',1,NULL,NULL,NULL,NULL,NULL,NULL,NULL,NULL,NULL,NULL,'0',NULL,NULL,5,'2018-02-16 15:24:50',0,NULL,NULL,NULL,'174bfb94-62c5-41d3-a11a-3a65e37e98e8',NULL),(1625,57,153,85,NULL,'2018-02-16 15:24:49',1,NULL,NULL,NULL,NULL,NULL,NULL,NULL,NULL,NULL,NULL,'NA',NULL,NULL,5,'2018-02-16 15:24:50',0,NULL,NULL,NULL,'c3cbcebb-d5b8-4a93-b10b-85b564837275',NULL),(1626,57,156,85,NULL,'2018-02-16 15:24:49',1,NULL,NULL,NULL,NULL,NULL,NULL,NULL,NULL,NULL,NULL,'16-2-2018',NULL,NULL,5,'2018-02-16 15:24:50',0,NULL,NULL,NULL,'30a7260c-0676-4788-b023-02b64a5e9b6a',NULL),(1627,57,158,85,NULL,'2018-02-16 15:24:49',1,NULL,NULL,NULL,NULL,NULL,NULL,NULL,NULL,NULL,NULL,'16-2-2018',NULL,NULL,5,'2018-02-16 15:24:50',0,NULL,NULL,NULL,'0cb44543-3b41-4050-b660-e330f12ba8e5',NULL),(1628,57,157,85,NULL,'2018-02-16 15:24:49',1,NULL,NULL,NULL,NULL,NULL,NULL,NULL,NULL,NULL,NULL,'9.8',NULL,NULL,5,'2018-02-16 15:24:50',0,NULL,NULL,NULL,'c4669090-70da-41a6-8543-8483fa67f346',NULL),(1629,57,160,85,NULL,'2018-02-16 15:24:49',1,NULL,NULL,NULL,NULL,NULL,NULL,NULL,NULL,NULL,NULL,'0',NULL,NULL,5,'2018-02-16 15:24:50',0,NULL,NULL,NULL,'51138762-3d20-4d35-8f9b-bd4d6198df45',NULL),(1630,57,155,85,NULL,'2018-02-16 15:24:49',1,NULL,NULL,NULL,NULL,NULL,NULL,NULL,NULL,NULL,NULL,'0',NULL,NULL,5,'2018-02-16 15:24:50',0,NULL,NULL,NULL,'33fe10a9-e165-416f-9d10-3f1b67a26e53',NULL),(1631,57,143,85,NULL,'2018-02-16 15:24:49',1,NULL,NULL,NULL,NULL,NULL,NULL,NULL,NULL,NULL,NULL,'0',NULL,NULL,5,'2018-02-16 15:24:50',0,NULL,NULL,NULL,'61c130c3-7657-4fbf-a079-253528d9f2e6',NULL),(1632,57,152,85,NULL,'2018-02-16 15:24:49',1,NULL,NULL,NULL,NULL,NULL,NULL,NULL,NULL,NULL,NULL,'0',NULL,NULL,5,'2018-02-16 15:24:50',0,NULL,NULL,NULL,'6a38d02f-e605-425f-8ced-dfee215d3661',NULL),(1633,57,149,85,NULL,'2018-02-16 15:24:49',1,NULL,NULL,NULL,NULL,NULL,NULL,NULL,NULL,NULL,NULL,'1',NULL,NULL,5,'2018-02-16 15:24:50',0,NULL,NULL,NULL,'6786ea4f-d59b-4e66-8780-58001817c1f3',NULL),(1634,57,148,85,NULL,'2018-02-16 15:24:49',1,NULL,NULL,NULL,NULL,NULL,NULL,NULL,NULL,NULL,NULL,'0',NULL,NULL,5,'2018-02-16 15:24:50',0,NULL,NULL,NULL,'673b0661-dd6a-4984-9b7d-f8516c8254bc',NULL),(1635,57,161,85,NULL,'2018-02-16 15:24:49',1,NULL,NULL,NULL,NULL,NULL,NULL,NULL,NULL,NULL,NULL,'1',NULL,NULL,5,'2018-02-16 15:24:50',0,NULL,NULL,NULL,'c3d44bce-010d-4fe6-a4f1-742b73a3a5f1',NULL),(1636,57,150,85,NULL,'2018-02-16 15:24:49',1,NULL,NULL,NULL,NULL,NULL,NULL,NULL,NULL,NULL,NULL,'0',NULL,NULL,5,'2018-02-16 15:24:50',0,NULL,NULL,NULL,'81546f29-bbd8-452a-99b6-d83c2a8c5b90',NULL),(1637,57,145,85,NULL,'2018-02-16 15:24:49',1,NULL,NULL,NULL,NULL,NULL,NULL,NULL,NULL,NULL,NULL,'40.82',NULL,NULL,5,'2018-02-16 15:24:50',0,NULL,NULL,NULL,'c0dba6db-4658-4737-ae2a-44b6193478e9',NULL),(1638,57,144,85,NULL,'2018-02-16 15:24:49',1,NULL,NULL,NULL,NULL,NULL,NULL,NULL,NULL,NULL,NULL,'1',NULL,NULL,5,'2018-02-16 15:24:50',0,NULL,NULL,NULL,'9eee8b65-f3fa-43dc-a588-f66c443a9290',NULL),(1639,57,147,85,NULL,'2018-02-16 15:24:49',1,NULL,NULL,NULL,NULL,NULL,NULL,NULL,NULL,NULL,NULL,'140',NULL,NULL,5,'2018-02-16 15:24:50',0,NULL,NULL,NULL,'e007cb64-eb24-4f4e-9034-9c5fc32b29b7',NULL),(1640,57,146,85,NULL,'2018-02-16 15:24:49',1,NULL,NULL,NULL,NULL,NULL,NULL,NULL,NULL,NULL,NULL,'80',NULL,NULL,5,'2018-02-16 15:24:50',0,NULL,NULL,NULL,'dfb2dbc4-5481-4517-99c5-e40a9aafe7f8',NULL),(1641,58,175,86,NULL,'2018-02-16 15:24:53',1,NULL,NULL,NULL,NULL,NULL,NULL,NULL,NULL,NULL,NULL,'16-2-2018',NULL,NULL,5,'2018-02-16 15:24:54',0,NULL,NULL,NULL,'0f1e4fdf-1f07-4ba7-9d47-a1e40123a077',NULL),(1642,58,174,86,NULL,'2018-02-16 15:24:53',1,NULL,NULL,NULL,NULL,NULL,NULL,NULL,NULL,NULL,NULL,'hdhhdhd',NULL,NULL,5,'2018-02-16 15:24:54',0,NULL,NULL,NULL,'26a457d2-dd86-4252-9e2a-66eea55e3845',NULL),(1643,58,128,86,NULL,'2018-02-16 15:24:53',1,NULL,NULL,NULL,NULL,NULL,NULL,NULL,NULL,NULL,NULL,'599595596494',NULL,NULL,5,'2018-02-16 15:24:54',0,NULL,NULL,NULL,'48c493f5-53dc-4c05-bad0-1c73c74ce275',NULL),(1644,58,22,86,NULL,'2018-02-16 15:24:53',1,NULL,NULL,NULL,NULL,NULL,NULL,NULL,NULL,NULL,NULL,'F',NULL,NULL,5,'2018-02-16 15:24:54',0,NULL,NULL,NULL,'430af9b8-2991-4fbe-99c7-fa0c225d0f0f',NULL),(1645,58,21,86,NULL,'2018-02-16 15:24:53',1,NULL,NULL,NULL,NULL,NULL,NULL,NULL,NULL,NULL,NULL,'58',NULL,NULL,5,'2018-02-16 15:24:54',0,NULL,NULL,NULL,'7c8e7a89-5fed-4250-a445-04287fd2b08f',NULL),(1646,58,16,86,NULL,'2018-02-16 15:24:53',1,NULL,NULL,NULL,NULL,NULL,NULL,NULL,NULL,NULL,NULL,'9679497679',NULL,NULL,5,'2018-02-16 15:24:54',0,NULL,NULL,NULL,'b8958909-3a53-453b-ba5b-9c56a80d4cb2',NULL),(1647,58,5,86,NULL,'2018-02-16 15:24:53',1,NULL,NULL,NULL,NULL,NULL,NULL,NULL,NULL,NULL,NULL,'3',NULL,NULL,5,'2018-02-16 15:24:54',0,NULL,NULL,NULL,'534b9e6b-0647-424a-9fa5-6d5abe97ffe6',NULL),(1648,58,6,86,NULL,'2018-02-16 15:24:53',1,NULL,NULL,NULL,NULL,NULL,NULL,NULL,NULL,NULL,NULL,'dhdhhd',NULL,NULL,5,'2018-02-16 15:24:54',0,NULL,NULL,NULL,'0f4cbaed-e9a8-49b0-b50d-70f04dbddad9',NULL),(1649,58,150,86,NULL,'2018-02-16 15:24:53',1,NULL,NULL,NULL,NULL,NULL,NULL,NULL,NULL,NULL,NULL,'0',NULL,NULL,5,'2018-02-16 15:24:54',0,NULL,NULL,NULL,'2dcc5c8a-df55-4c1c-b4cf-65669c13657b',NULL),(1650,58,149,86,NULL,'2018-02-16 15:24:53',1,NULL,NULL,NULL,NULL,NULL,NULL,NULL,NULL,NULL,NULL,'1',NULL,NULL,5,'2018-02-16 15:24:54',0,NULL,NULL,NULL,'628f8111-7a19-4737-b95e-7d94d5a06d47',NULL),(1651,58,160,86,NULL,'2018-02-16 15:24:53',1,NULL,NULL,NULL,NULL,NULL,NULL,NULL,NULL,NULL,NULL,'0',NULL,NULL,5,'2018-02-16 15:24:54',0,NULL,NULL,NULL,'eea72256-16ca-44cd-bca5-f6cbc6a0ebb8',NULL),(1652,58,161,86,NULL,'2018-02-16 15:24:53',1,NULL,NULL,NULL,NULL,NULL,NULL,NULL,NULL,NULL,NULL,'1',NULL,NULL,5,'2018-02-16 15:24:54',0,NULL,NULL,NULL,'2ef17daa-1870-4401-aba9-14ab069a8e47',NULL),(1653,58,146,86,NULL,'2018-02-16 15:24:53',1,NULL,NULL,NULL,NULL,NULL,NULL,NULL,NULL,NULL,NULL,'82',NULL,NULL,5,'2018-02-16 15:24:54',0,NULL,NULL,NULL,'7dff29be-b617-4799-bee3-8b445d857bb4',NULL),(1654,58,145,86,NULL,'2018-02-16 15:24:53',1,NULL,NULL,NULL,NULL,NULL,NULL,NULL,NULL,NULL,NULL,'40.67',NULL,NULL,5,'2018-02-16 15:24:54',0,NULL,NULL,NULL,'faa2820a-c3ae-4b88-923a-5a46b7f66ed8',NULL),(1655,58,148,86,NULL,'2018-02-16 15:24:53',1,NULL,NULL,NULL,NULL,NULL,NULL,NULL,NULL,NULL,NULL,'0',NULL,NULL,5,'2018-02-16 15:24:54',0,NULL,NULL,NULL,'2f117b7e-7e58-43aa-8532-be7199d9c69a',NULL),(1656,58,147,86,NULL,'2018-02-16 15:24:53',1,NULL,NULL,NULL,NULL,NULL,NULL,NULL,NULL,NULL,NULL,'142',NULL,NULL,5,'2018-02-16 15:24:54',0,NULL,NULL,NULL,'f8c1c4f7-dfd6-41f8-a810-eb239494e823',NULL),(1657,58,144,86,NULL,'2018-02-16 15:24:53',1,NULL,NULL,NULL,NULL,NULL,NULL,NULL,NULL,NULL,NULL,'1',NULL,NULL,5,'2018-02-16 15:24:54',0,NULL,NULL,NULL,'a2eab69a-01cf-4c58-b7c6-a7bfa9c2f2b3',NULL),(1658,58,143,86,NULL,'2018-02-16 15:24:53',1,NULL,NULL,NULL,NULL,NULL,NULL,NULL,NULL,NULL,NULL,'0',NULL,NULL,5,'2018-02-16 15:24:54',0,NULL,NULL,NULL,'dd2fb6cf-cab5-4b9e-87fb-ac378258546d',NULL),(1659,58,171,86,NULL,'2018-02-16 15:24:53',1,NULL,NULL,NULL,NULL,NULL,NULL,NULL,NULL,NULL,NULL,'6',NULL,NULL,5,'2018-02-16 15:24:54',0,NULL,NULL,NULL,'2e279f07-cac4-40d2-8cc4-d893ce892dd0',NULL),(1660,58,170,86,NULL,'2018-02-16 15:24:53',1,NULL,NULL,NULL,NULL,NULL,NULL,NULL,NULL,NULL,NULL,'7',NULL,NULL,5,'2018-02-16 15:24:54',0,NULL,NULL,NULL,'291a3d86-0bfc-488a-be77-5ec327e61664',NULL),(1661,58,183,86,NULL,'2018-02-16 15:24:53',1,NULL,NULL,NULL,NULL,NULL,NULL,NULL,NULL,NULL,NULL,'NA',NULL,NULL,5,'2018-02-16 15:24:54',0,NULL,NULL,NULL,'cb148683-b084-4b4a-b07c-6c9279ef2229',NULL),(1662,58,184,86,NULL,'2018-02-16 15:24:53',1,NULL,NULL,NULL,NULL,NULL,NULL,NULL,NULL,NULL,NULL,'NA',NULL,NULL,5,'2018-02-16 15:24:54',0,NULL,NULL,NULL,'a24eefc4-cc78-4838-a912-fb267f5e4ab4',NULL),(1663,58,167,86,NULL,'2018-02-16 15:24:53',1,NULL,NULL,NULL,NULL,NULL,NULL,NULL,NULL,NULL,NULL,'8464644',NULL,NULL,5,'2018-02-16 15:24:54',0,NULL,NULL,NULL,'188a90e4-1163-493c-899d-34d993105c1d',NULL),(1664,58,166,86,NULL,'2018-02-16 15:24:53',1,NULL,NULL,NULL,NULL,NULL,NULL,NULL,NULL,NULL,NULL,'484855',NULL,NULL,5,'2018-02-16 15:24:54',0,NULL,NULL,NULL,'f90329c3-81df-4024-8a2b-53e76097376a',NULL),(1665,58,169,86,NULL,'2018-02-16 15:24:53',1,NULL,NULL,NULL,NULL,NULL,NULL,NULL,NULL,NULL,NULL,'gdgdgd',NULL,NULL,5,'2018-02-16 15:24:54',0,NULL,NULL,NULL,'dec8df01-1676-4e95-9bdc-0b586b595989',NULL),(1666,58,168,86,NULL,'2018-02-16 15:24:53',1,NULL,NULL,NULL,NULL,NULL,NULL,NULL,NULL,NULL,NULL,'1',NULL,NULL,5,'2018-02-16 15:24:54',0,NULL,NULL,NULL,'dd461f0c-a050-46aa-b35b-7a8a16017b93',NULL),(1667,58,116,86,NULL,'2018-02-16 15:24:53',1,NULL,NULL,NULL,NULL,NULL,NULL,NULL,NULL,NULL,NULL,'ha_3',NULL,NULL,5,'2018-02-16 15:24:54',0,NULL,NULL,NULL,'10953bd7-4664-464e-8fec-9da973a14081',NULL),(1668,58,173,86,NULL,'2018-02-16 15:24:53',1,NULL,NULL,NULL,NULL,NULL,NULL,NULL,NULL,NULL,NULL,'3',NULL,NULL,5,'2018-02-16 15:24:54',0,NULL,NULL,NULL,'37b9ef43-130c-4c5e-a765-8d4b464077b0',NULL),(1669,58,165,86,NULL,'2018-02-16 15:24:53',1,NULL,NULL,NULL,NULL,NULL,NULL,NULL,NULL,NULL,NULL,'F',NULL,NULL,5,'2018-02-16 15:24:54',0,NULL,NULL,NULL,'2f92cfc2-7ab0-433c-bafd-cf353830bc1a',NULL),(1670,58,164,86,NULL,'2018-02-16 15:24:53',1,NULL,NULL,NULL,NULL,NULL,NULL,NULL,NULL,NULL,NULL,'yddhgd',NULL,NULL,5,'2018-02-16 15:24:54',0,NULL,NULL,NULL,'9a79beaa-2266-44d3-b73d-4658674a3cef',NULL),(1671,58,137,86,NULL,'2018-02-16 15:24:53',1,NULL,NULL,NULL,NULL,NULL,NULL,NULL,NULL,NULL,NULL,'NA',NULL,NULL,5,'2018-02-16 15:24:54',0,NULL,NULL,NULL,'637ae8dc-9f11-4ae0-be72-77cc0868c6cc',NULL),(1672,58,138,86,NULL,'2018-02-16 15:24:53',1,NULL,NULL,NULL,NULL,NULL,NULL,NULL,NULL,NULL,NULL,'1',NULL,NULL,5,'2018-02-16 15:24:54',0,NULL,NULL,NULL,'29c887d6-ef05-4ac3-bcac-ae21459427e3',NULL),(1673,58,133,86,NULL,'2018-02-16 15:24:53',1,NULL,NULL,NULL,NULL,NULL,NULL,NULL,NULL,NULL,NULL,'1',NULL,NULL,5,'2018-02-16 15:24:54',0,NULL,NULL,NULL,'53b594fb-8630-4e3c-8eec-85160ed25eda',NULL),(1674,58,134,86,NULL,'2018-02-16 15:24:53',1,NULL,NULL,NULL,NULL,NULL,NULL,NULL,NULL,NULL,NULL,'120',NULL,NULL,5,'2018-02-16 15:24:54',0,NULL,NULL,NULL,'f090688d-11fc-41b4-8fdf-690c7ef6f10e',NULL),(1675,58,139,86,NULL,'2018-02-16 15:24:53',1,NULL,NULL,NULL,NULL,NULL,NULL,NULL,NULL,NULL,NULL,'80',NULL,NULL,5,'2018-02-16 15:24:54',0,NULL,NULL,NULL,'7c129370-3fcc-42f6-a62b-3ada0c131593',NULL),(1676,58,140,86,NULL,'2018-02-16 15:24:53',1,NULL,NULL,NULL,NULL,NULL,NULL,NULL,NULL,NULL,NULL,'7',NULL,NULL,5,'2018-02-16 15:24:54',0,NULL,NULL,NULL,'e5574a85-8c92-4a3b-ba6e-ef69deb548a7',NULL),(1677,58,152,86,NULL,'2018-02-16 15:24:53',1,NULL,NULL,NULL,NULL,NULL,NULL,NULL,NULL,NULL,NULL,'0',NULL,NULL,5,'2018-02-16 15:24:54',0,NULL,NULL,NULL,'d3b02f93-65dc-486b-a59d-b8e67f3dea89',NULL),(1678,58,151,86,NULL,'2018-02-16 15:24:53',1,NULL,NULL,NULL,NULL,NULL,NULL,NULL,NULL,NULL,NULL,'1',NULL,NULL,5,'2018-02-16 15:24:54',0,NULL,NULL,NULL,'32ff1e1d-2adf-417c-9610-e3f5772d208b',NULL),(1679,58,135,86,NULL,'2018-02-16 15:24:53',1,NULL,NULL,NULL,NULL,NULL,NULL,NULL,NULL,NULL,NULL,'0',NULL,NULL,5,'2018-02-16 15:24:54',0,NULL,NULL,NULL,'1e358f15-0252-412c-9d46-da4f839e4ced',NULL),(1680,58,136,86,NULL,'2018-02-16 15:24:53',1,NULL,NULL,NULL,NULL,NULL,NULL,NULL,NULL,NULL,NULL,'0',NULL,NULL,5,'2018-02-16 15:24:54',0,NULL,NULL,NULL,'600565eb-aba4-4b2a-a29b-65dcc0cac49c',NULL),(1681,58,19,86,NULL,'2018-02-16 15:24:53',1,NULL,NULL,NULL,NULL,NULL,NULL,NULL,NULL,NULL,NULL,'NA',NULL,NULL,5,'2018-02-16 15:24:55',0,NULL,NULL,NULL,'190b2cdd-96d2-47b1-a4a1-5d317db7157c',NULL),(1682,58,119,86,NULL,'2018-02-16 15:24:53',1,NULL,NULL,NULL,NULL,NULL,NULL,NULL,NULL,NULL,NULL,'SH_CVD_ASHA_SCREENING_1',NULL,NULL,5,'2018-02-16 15:24:55',0,NULL,NULL,NULL,'0c5b2e19-2d03-4155-ad59-fe8c14250854',NULL),(1683,58,114,86,NULL,'2018-02-16 15:24:53',1,NULL,NULL,NULL,NULL,NULL,NULL,NULL,NULL,NULL,NULL,'16-02-2018 15:02:22',NULL,NULL,5,'2018-02-16 15:24:55',0,NULL,NULL,NULL,'cc7f7f84-2e94-43cf-8b5d-6acfa79672e5',NULL),(1684,58,7,86,NULL,'2018-02-16 15:24:53',1,NULL,NULL,NULL,NULL,NULL,NULL,NULL,NULL,NULL,NULL,'ha_3',NULL,NULL,5,'2018-02-16 15:24:55',0,NULL,NULL,NULL,'91b999a7-a618-4761-9c95-ef994eb9bc33',NULL),(1685,58,118,86,NULL,'2018-02-16 15:24:53',1,NULL,NULL,NULL,NULL,NULL,NULL,NULL,NULL,NULL,NULL,'NA',NULL,NULL,5,'2018-02-16 15:24:55',0,NULL,NULL,NULL,'fa3d634c-5499-4979-aa0b-cb65e06bd15f',NULL),(1686,58,8,86,NULL,'2018-02-16 15:24:53',1,NULL,NULL,NULL,NULL,NULL,NULL,NULL,NULL,NULL,NULL,'SH_CVD_ASHA_SCREENING_1',NULL,NULL,5,'2018-02-16 15:24:55',0,NULL,NULL,NULL,'f1541e39-cce4-4644-8625-4ba3dcc61e35',NULL),(1687,58,9,86,NULL,'2018-02-16 15:24:53',1,NULL,NULL,NULL,NULL,NULL,NULL,NULL,NULL,NULL,NULL,'16-02-2018 15:02:22',NULL,NULL,5,'2018-02-16 15:24:55',0,NULL,NULL,NULL,'87938e9f-a497-4de3-8a11-9c5ac0ca0b7b',NULL),(1688,58,20,86,NULL,'2018-02-16 15:24:53',1,NULL,NULL,NULL,NULL,NULL,NULL,NULL,NULL,NULL,NULL,'16-2-2018',NULL,NULL,5,'2018-02-16 15:24:55',0,NULL,NULL,NULL,'63d8d8fd-de52-468b-881f-6dc1e890e27b',NULL),(1689,58,18,86,NULL,'2018-02-16 15:24:53',1,NULL,NULL,NULL,NULL,NULL,NULL,NULL,NULL,NULL,NULL,'1-1-1960',NULL,NULL,5,'2018-02-16 15:24:55',0,NULL,NULL,NULL,'ba40f8e7-da6b-4d85-9c47-fb14e30919f5',NULL),(1690,58,12,86,NULL,'2018-02-16 15:24:53',1,NULL,NULL,NULL,NULL,NULL,NULL,NULL,NULL,NULL,NULL,'1030030003',NULL,NULL,5,'2018-02-16 15:24:55',0,NULL,NULL,NULL,'3a5c9f18-6010-4e33-8b9a-f7c19e8f4bb1',NULL),(1691,58,22,86,NULL,'2018-02-16 15:24:53',1,NULL,NULL,NULL,NULL,NULL,NULL,NULL,NULL,NULL,NULL,'F',NULL,NULL,5,'2018-02-16 15:24:55',0,NULL,NULL,NULL,'7abf0432-0c74-4526-8922-a71053b91a9a',NULL),(1692,58,80,86,NULL,'2018-02-16 15:24:53',1,NULL,NULL,NULL,NULL,NULL,NULL,NULL,NULL,NULL,NULL,'NA',NULL,NULL,5,'2018-02-16 15:24:55',0,NULL,NULL,NULL,'3364c458-40ba-41de-9084-ea021e3c2c2a',NULL),(1693,58,179,86,NULL,'2018-02-16 15:24:53',1,NULL,NULL,NULL,NULL,NULL,NULL,NULL,NULL,NULL,NULL,'NA',NULL,NULL,5,'2018-02-16 15:24:55',0,NULL,NULL,NULL,'cfc0ee8c-0826-4e94-af7e-7f803b79bc1c',NULL),(1694,58,178,86,NULL,'2018-02-16 15:24:53',1,NULL,NULL,NULL,NULL,NULL,NULL,NULL,NULL,NULL,NULL,'NA',NULL,NULL,5,'2018-02-16 15:24:55',0,NULL,NULL,NULL,'44680c71-9fa1-43c8-8adc-4d9b6d6018ee',NULL),(1695,58,79,86,NULL,'2018-02-16 15:24:53',1,NULL,NULL,NULL,NULL,NULL,NULL,NULL,NULL,NULL,NULL,'NA',NULL,NULL,5,'2018-02-16 15:24:55',0,NULL,NULL,NULL,'5c34d7b4-86c7-4a2c-a91a-aa715da60edb',NULL),(1696,58,176,86,NULL,'2018-02-16 15:24:53',1,NULL,NULL,NULL,NULL,NULL,NULL,NULL,NULL,NULL,NULL,'NA',NULL,NULL,5,'2018-02-16 15:24:55',0,NULL,NULL,NULL,'357dca42-3f46-47db-aa86-41d726a699d9',NULL),(1697,58,177,86,NULL,'2018-02-16 15:24:53',1,NULL,NULL,NULL,NULL,NULL,NULL,NULL,NULL,NULL,NULL,'NA',NULL,NULL,5,'2018-02-16 15:24:55',0,NULL,NULL,NULL,'f150df25-0886-4ae8-bada-a249ce3f658c',NULL),(1698,58,172,86,NULL,'2018-02-16 15:24:53',1,NULL,NULL,NULL,NULL,NULL,NULL,NULL,NULL,NULL,NULL,'NA',NULL,NULL,5,'2018-02-16 15:24:55',0,NULL,NULL,NULL,'69a838dd-73bb-46f9-8f89-82e080df8b8f',NULL),(1699,58,180,86,NULL,'2018-02-16 15:24:53',1,NULL,NULL,NULL,NULL,NULL,NULL,NULL,NULL,NULL,NULL,'NA',NULL,NULL,5,'2018-02-16 15:24:55',0,NULL,NULL,NULL,'eb28eabe-4e89-4905-8bd6-9c503d950df9',NULL),(1700,58,117,86,NULL,'2018-02-16 15:24:53',1,NULL,NULL,NULL,NULL,NULL,NULL,NULL,NULL,NULL,NULL,'asha',NULL,NULL,5,'2018-02-16 15:24:55',0,NULL,NULL,NULL,'984dd670-1ac9-4610-9117-723e62015aa5',NULL),(1701,58,115,86,NULL,'2018-02-16 15:24:53',1,NULL,NULL,NULL,NULL,NULL,NULL,NULL,NULL,NULL,NULL,'16-02-2018 15:02:22',NULL,NULL,5,'2018-02-16 15:24:55',0,NULL,NULL,NULL,'c3853583-3ced-4fde-a0c2-4818677cde20',NULL),(1702,58,15,86,NULL,'2018-02-16 15:24:53',1,NULL,NULL,NULL,NULL,NULL,NULL,NULL,NULL,NULL,NULL,'bcd',NULL,NULL,5,'2018-02-16 15:24:55',0,NULL,NULL,NULL,'73fe4a0f-3eb4-4b92-b4f2-f76e1ea568c6',NULL),(1703,58,14,86,NULL,'2018-02-16 15:24:53',1,NULL,NULL,NULL,NULL,NULL,NULL,NULL,NULL,NULL,NULL,'bcd',NULL,NULL,5,'2018-02-16 15:24:55',0,NULL,NULL,NULL,'18a4796b-270e-471a-80d3-28247b3301d7',NULL),(1704,58,116,86,NULL,'2018-02-16 15:24:53',1,NULL,NULL,NULL,NULL,NULL,NULL,NULL,NULL,NULL,NULL,'ha_3',NULL,NULL,5,'2018-02-16 15:24:55',0,NULL,NULL,NULL,'9fb82dfa-301f-454c-a817-f93d45340465',NULL),(1705,58,181,86,NULL,'2018-02-16 15:24:53',1,NULL,NULL,NULL,NULL,NULL,NULL,NULL,NULL,NULL,NULL,'NA',NULL,NULL,5,'2018-02-16 15:24:55',0,NULL,NULL,NULL,'26c385b4-9503-4058-b64e-d85ac649817b',NULL),(1706,58,182,86,NULL,'2018-02-16 15:24:53',1,NULL,NULL,NULL,NULL,NULL,NULL,NULL,NULL,NULL,NULL,'NA',NULL,NULL,5,'2018-02-16 15:24:55',0,NULL,NULL,NULL,'70b2583b-454c-47eb-91d5-af6de0a36827',NULL),(1707,58,187,86,NULL,'2018-02-16 15:24:53',1,NULL,NULL,NULL,NULL,NULL,NULL,NULL,NULL,NULL,NULL,'NA',NULL,NULL,5,'2018-02-16 15:24:55',0,NULL,NULL,NULL,'7273f746-8582-4189-8ca5-eb5f1c6bacdc',NULL),(1708,58,188,86,NULL,'2018-02-16 15:24:53',1,NULL,NULL,NULL,NULL,NULL,NULL,NULL,NULL,NULL,NULL,'NA',NULL,NULL,5,'2018-02-16 15:24:55',0,NULL,NULL,NULL,'6c296ce2-f87d-49eb-9131-99c710b17dbf',NULL),(1709,58,185,86,NULL,'2018-02-16 15:24:53',1,NULL,NULL,NULL,NULL,NULL,NULL,NULL,NULL,NULL,NULL,'NA',NULL,NULL,5,'2018-02-16 15:24:55',0,NULL,NULL,NULL,'e7533b3e-5b3a-484a-9f9c-929c955e6e27',NULL),(1710,58,186,86,NULL,'2018-02-16 15:24:53',1,NULL,NULL,NULL,NULL,NULL,NULL,NULL,NULL,NULL,NULL,'NA',NULL,NULL,5,'2018-02-16 15:24:55',0,NULL,NULL,NULL,'e1847cd0-21f3-413b-b5c9-ea704d347f47',NULL),(1711,58,142,86,NULL,'2018-02-16 15:24:53',1,NULL,NULL,NULL,NULL,NULL,NULL,NULL,NULL,NULL,NULL,'Rectruited',NULL,NULL,5,'2018-02-16 15:24:55',0,NULL,NULL,NULL,'3c84f579-2aab-45bb-96e3-97b45658acbd',NULL),(1712,58,141,86,NULL,'2018-02-16 15:24:53',1,NULL,NULL,NULL,NULL,NULL,NULL,NULL,NULL,NULL,NULL,'done',NULL,NULL,5,'2018-02-16 15:24:55',0,NULL,NULL,NULL,'48229f53-b912-4974-b5a6-b836c521c856',NULL),(1713,58,155,86,NULL,'2018-02-16 15:24:53',1,NULL,NULL,NULL,NULL,NULL,NULL,NULL,NULL,NULL,NULL,'0',NULL,NULL,5,'2018-02-16 15:24:55',0,NULL,NULL,NULL,'c7ff1946-4866-4e0d-a46e-1b861645cb34',NULL),(1714,58,154,86,NULL,'2018-02-16 15:24:53',1,NULL,NULL,NULL,NULL,NULL,NULL,NULL,NULL,NULL,NULL,'0',NULL,NULL,5,'2018-02-16 15:24:55',0,NULL,NULL,NULL,'a1efac28-89b2-4fa8-b745-de71848c6144',NULL),(1715,58,159,86,NULL,'2018-02-16 15:24:53',1,NULL,NULL,NULL,NULL,NULL,NULL,NULL,NULL,NULL,NULL,'0',NULL,NULL,5,'2018-02-16 15:24:55',0,NULL,NULL,NULL,'ef06dfb8-0cee-4c88-936b-b3d837c0a26e',NULL),(1716,58,158,86,NULL,'2018-02-16 15:24:53',1,NULL,NULL,NULL,NULL,NULL,NULL,NULL,NULL,NULL,NULL,'16-2-2018',NULL,NULL,5,'2018-02-16 15:24:55',0,NULL,NULL,NULL,'ab7264c2-63e6-4191-ba66-1f22549ce33a',NULL),(1717,58,153,86,NULL,'2018-02-16 15:24:53',1,NULL,NULL,NULL,NULL,NULL,NULL,NULL,NULL,NULL,NULL,'NA',NULL,NULL,5,'2018-02-16 15:24:55',0,NULL,NULL,NULL,'3ecde6a4-765f-4266-a0db-4479aa01d742',NULL),(1718,58,35,86,NULL,'2018-02-16 15:24:53',1,NULL,NULL,NULL,NULL,NULL,NULL,NULL,NULL,NULL,NULL,'23',NULL,NULL,5,'2018-02-16 15:24:55',0,NULL,NULL,NULL,'a4c2e7e4-a8a1-4c20-82ae-cc4ed0143eeb',NULL),(1719,58,162,86,NULL,'2018-02-16 15:24:53',1,NULL,NULL,NULL,NULL,NULL,NULL,NULL,NULL,NULL,NULL,'140',NULL,NULL,5,'2018-02-16 15:24:55',0,NULL,NULL,NULL,'5ea6cf87-a5cc-4607-81d9-361f0883f436',NULL),(1720,58,163,86,NULL,'2018-02-16 15:24:53',1,NULL,NULL,NULL,NULL,NULL,NULL,NULL,NULL,NULL,NULL,'2,4',NULL,NULL,5,'2018-02-16 15:24:55',0,NULL,NULL,NULL,'f6d2e33a-690a-4617-8f38-4da62ed4e236',NULL),(1721,58,157,86,NULL,'2018-02-16 15:24:53',1,NULL,NULL,NULL,NULL,NULL,NULL,NULL,NULL,NULL,NULL,'11.5',NULL,NULL,5,'2018-02-16 15:24:55',0,NULL,NULL,NULL,'5c548f91-875e-42e9-8adb-052dcb9302c6',NULL),(1722,58,156,86,NULL,'2018-02-16 15:24:53',1,NULL,NULL,NULL,NULL,NULL,NULL,NULL,NULL,NULL,NULL,'16-2-2018',NULL,NULL,5,'2018-02-16 15:24:55',0,NULL,NULL,NULL,'7af5fd2c-5190-44f3-b86e-fb3ead95d358',NULL),(1723,59,153,87,NULL,'2018-02-16 15:24:57',1,NULL,NULL,NULL,NULL,NULL,NULL,NULL,NULL,NULL,NULL,'NA',NULL,NULL,5,'2018-02-16 15:24:57',0,NULL,NULL,NULL,'dd6f000c-bc40-4bac-a9b8-b43d9a857f78',NULL),(1724,59,154,87,NULL,'2018-02-16 15:24:57',1,NULL,NULL,NULL,NULL,NULL,NULL,NULL,NULL,NULL,NULL,'0',NULL,NULL,5,'2018-02-16 15:24:57',0,NULL,NULL,NULL,'1d1eefe8-06cb-4835-91a6-6f398b9e1b14',NULL),(1725,59,162,87,NULL,'2018-02-16 15:24:57',1,NULL,NULL,NULL,NULL,NULL,NULL,NULL,NULL,NULL,NULL,'140',NULL,NULL,5,'2018-02-16 15:24:57',0,NULL,NULL,NULL,'438092b3-2ecb-4302-b15c-057bfc18ca18',NULL),(1726,59,156,87,NULL,'2018-02-16 15:24:57',1,NULL,NULL,NULL,NULL,NULL,NULL,NULL,NULL,NULL,NULL,'16-2-2018',NULL,NULL,5,'2018-02-16 15:24:57',0,NULL,NULL,NULL,'b4bb6fd5-bb73-4b88-84e6-3faf06c3f5b3',NULL),(1727,59,170,87,NULL,'2018-02-16 15:24:57',1,NULL,NULL,NULL,NULL,NULL,NULL,NULL,NULL,NULL,NULL,'6',NULL,NULL,5,'2018-02-16 15:24:57',0,NULL,NULL,NULL,'4b7f947e-581f-435f-a99d-8b7f070c7564',NULL),(1728,59,163,87,NULL,'2018-02-16 15:24:57',1,NULL,NULL,NULL,NULL,NULL,NULL,NULL,NULL,NULL,NULL,'3,4',NULL,NULL,5,'2018-02-16 15:24:57',0,NULL,NULL,NULL,'80d0fc54-bbc1-4589-9360-1c78044526f4',NULL),(1729,59,159,87,NULL,'2018-02-16 15:24:57',1,NULL,NULL,NULL,NULL,NULL,NULL,NULL,NULL,NULL,NULL,'0',NULL,NULL,5,'2018-02-16 15:24:57',0,NULL,NULL,NULL,'f96b04a5-f3eb-40ef-bf6d-4423d2666069',NULL),(1730,59,35,87,NULL,'2018-02-16 15:24:57',1,NULL,NULL,NULL,NULL,NULL,NULL,NULL,NULL,NULL,NULL,'54',NULL,NULL,5,'2018-02-16 15:24:57',0,NULL,NULL,NULL,'ae0645eb-3d07-44ce-b72a-9102ab5cb4dc',NULL),(1731,59,157,87,NULL,'2018-02-16 15:24:57',1,NULL,NULL,NULL,NULL,NULL,NULL,NULL,NULL,NULL,NULL,'8.2',NULL,NULL,5,'2018-02-16 15:24:57',0,NULL,NULL,NULL,'42e779df-6a1b-4652-a4af-1d186349d803',NULL),(1732,59,158,87,NULL,'2018-02-16 15:24:57',1,NULL,NULL,NULL,NULL,NULL,NULL,NULL,NULL,NULL,NULL,'16-2-2018',NULL,NULL,5,'2018-02-16 15:24:57',0,NULL,NULL,NULL,'f68f2c09-131f-415b-a696-6d358c090390',NULL),(1733,59,20,87,NULL,'2018-02-16 15:24:57',1,NULL,NULL,NULL,NULL,NULL,NULL,NULL,NULL,NULL,NULL,'16-2-2018',NULL,NULL,5,'2018-02-16 15:24:57',0,NULL,NULL,NULL,'bcaa0a83-c23f-43d5-a39b-95d7fdf25699',NULL),(1734,59,22,87,NULL,'2018-02-16 15:24:57',1,NULL,NULL,NULL,NULL,NULL,NULL,NULL,NULL,NULL,NULL,'F',NULL,NULL,5,'2018-02-16 15:24:57',0,NULL,NULL,NULL,'3c58f590-81d9-450a-80aa-196108ebe3be',NULL),(1735,59,115,87,NULL,'2018-02-16 15:24:57',1,NULL,NULL,NULL,NULL,NULL,NULL,NULL,NULL,NULL,NULL,'16-02-2018 15:02:47',NULL,NULL,5,'2018-02-16 15:24:57',0,NULL,NULL,NULL,'efd83010-0248-4876-88ac-ab99cc2a2ed8',NULL),(1736,59,114,87,NULL,'2018-02-16 15:24:57',1,NULL,NULL,NULL,NULL,NULL,NULL,NULL,NULL,NULL,NULL,'16-02-2018 15:02:47',NULL,NULL,5,'2018-02-16 15:24:57',0,NULL,NULL,NULL,'142bf10d-019b-40ca-907d-85c76a0ba324',NULL),(1737,59,119,87,NULL,'2018-02-16 15:24:57',1,NULL,NULL,NULL,NULL,NULL,NULL,NULL,NULL,NULL,NULL,'SH_CVD_ASHA_SCREENING_1',NULL,NULL,5,'2018-02-16 15:24:57',0,NULL,NULL,NULL,'9f79cb0c-37aa-41e0-8fcc-90159d34836d',NULL),(1738,59,118,87,NULL,'2018-02-16 15:24:57',1,NULL,NULL,NULL,NULL,NULL,NULL,NULL,NULL,NULL,NULL,'NA',NULL,NULL,5,'2018-02-16 15:24:57',0,NULL,NULL,NULL,'a8366b06-40be-4c1b-91fa-5d1dea1a1142',NULL),(1739,59,7,87,NULL,'2018-02-16 15:24:57',1,NULL,NULL,NULL,NULL,NULL,NULL,NULL,NULL,NULL,NULL,'ha_3',NULL,NULL,5,'2018-02-16 15:24:57',0,NULL,NULL,NULL,'d48eca95-633c-4254-8b90-a769652ccbbb',NULL),(1740,59,9,87,NULL,'2018-02-16 15:24:57',1,NULL,NULL,NULL,NULL,NULL,NULL,NULL,NULL,NULL,NULL,'16-02-2018 15:02:47',NULL,NULL,5,'2018-02-16 15:24:57',0,NULL,NULL,NULL,'58917114-5759-480c-a3d7-8a01d43fca80',NULL),(1741,59,8,87,NULL,'2018-02-16 15:24:57',1,NULL,NULL,NULL,NULL,NULL,NULL,NULL,NULL,NULL,NULL,'SH_CVD_ASHA_SCREENING_1',NULL,NULL,5,'2018-02-16 15:24:58',0,NULL,NULL,NULL,'dbfd1d2e-2144-4123-93fe-7436c377624b',NULL),(1742,59,18,87,NULL,'2018-02-16 15:24:57',1,NULL,NULL,NULL,NULL,NULL,NULL,NULL,NULL,NULL,NULL,'1-1-1953',NULL,NULL,5,'2018-02-16 15:24:58',0,NULL,NULL,NULL,'d1ebb9ba-8ee2-4866-a1f9-233ce0a79404',NULL),(1743,59,15,87,NULL,'2018-02-16 15:24:57',1,NULL,NULL,NULL,NULL,NULL,NULL,NULL,NULL,NULL,NULL,'cde',NULL,NULL,5,'2018-02-16 15:24:58',0,NULL,NULL,NULL,'7fa8f545-acc6-4b33-8b01-0f59b619ca51',NULL),(1744,59,12,87,NULL,'2018-02-16 15:24:57',1,NULL,NULL,NULL,NULL,NULL,NULL,NULL,NULL,NULL,NULL,'1030030004',NULL,NULL,5,'2018-02-16 15:24:58',0,NULL,NULL,NULL,'5329cfe4-bde7-4fa6-911f-ac595545c4a9',NULL),(1745,59,116,87,NULL,'2018-02-16 15:24:57',1,NULL,NULL,NULL,NULL,NULL,NULL,NULL,NULL,NULL,NULL,'ha_3',NULL,NULL,5,'2018-02-16 15:24:58',0,NULL,NULL,NULL,'96088d88-5d04-4252-98d5-48ff7241b64e',NULL),(1746,59,14,87,NULL,'2018-02-16 15:24:57',1,NULL,NULL,NULL,NULL,NULL,NULL,NULL,NULL,NULL,NULL,'cde',NULL,NULL,5,'2018-02-16 15:24:58',0,NULL,NULL,NULL,'81cce6d0-a569-4f7d-9713-8dd59a2a9824',NULL),(1747,59,182,87,NULL,'2018-02-16 15:24:57',1,NULL,NULL,NULL,NULL,NULL,NULL,NULL,NULL,NULL,NULL,'NA',NULL,NULL,5,'2018-02-16 15:24:58',0,NULL,NULL,NULL,'64f81337-c3a4-46b1-b544-e329ceb04efe',NULL),(1748,59,187,87,NULL,'2018-02-16 15:24:57',1,NULL,NULL,NULL,NULL,NULL,NULL,NULL,NULL,NULL,NULL,'NA',NULL,NULL,5,'2018-02-16 15:24:58',0,NULL,NULL,NULL,'8feceba1-3a11-4198-85d6-f4a87f7aaf14',NULL),(1749,59,188,87,NULL,'2018-02-16 15:24:57',1,NULL,NULL,NULL,NULL,NULL,NULL,NULL,NULL,NULL,NULL,'NA',NULL,NULL,5,'2018-02-16 15:24:58',0,NULL,NULL,NULL,'aa89724c-0c82-487d-b166-8bc681644a33',NULL),(1750,59,185,87,NULL,'2018-02-16 15:24:57',1,NULL,NULL,NULL,NULL,NULL,NULL,NULL,NULL,NULL,NULL,'NA',NULL,NULL,5,'2018-02-16 15:24:58',0,NULL,NULL,NULL,'af2a1efd-60f3-4e2a-bb58-5b4931754b16',NULL),(1751,59,186,87,NULL,'2018-02-16 15:24:57',1,NULL,NULL,NULL,NULL,NULL,NULL,NULL,NULL,NULL,NULL,'NA',NULL,NULL,5,'2018-02-16 15:24:58',0,NULL,NULL,NULL,'c3c59c93-0668-4959-ae64-6e8dbf1a0169',NULL),(1752,59,142,87,NULL,'2018-02-16 15:24:57',1,NULL,NULL,NULL,NULL,NULL,NULL,NULL,NULL,NULL,NULL,'Rectruited',NULL,NULL,5,'2018-02-16 15:24:58',0,NULL,NULL,NULL,'e6ef7cff-9276-412d-a76c-e824c5934696',NULL),(1753,59,141,87,NULL,'2018-02-16 15:24:57',1,NULL,NULL,NULL,NULL,NULL,NULL,NULL,NULL,NULL,NULL,'done',NULL,NULL,5,'2018-02-16 15:24:58',0,NULL,NULL,NULL,'250a814d-dbd7-4698-a322-52cc64eb3655',NULL),(1754,59,138,87,NULL,'2018-02-16 15:24:57',1,NULL,NULL,NULL,NULL,NULL,NULL,NULL,NULL,NULL,NULL,'1',NULL,NULL,5,'2018-02-16 15:24:58',0,NULL,NULL,NULL,'e89e8db8-e815-4328-9906-412ea717dcae',NULL),(1755,59,184,87,NULL,'2018-02-16 15:24:57',1,NULL,NULL,NULL,NULL,NULL,NULL,NULL,NULL,NULL,NULL,'NA',NULL,NULL,5,'2018-02-16 15:24:58',0,NULL,NULL,NULL,'23a59393-7b35-45b9-8b80-9e2bcd554ed3',NULL),(1756,59,181,87,NULL,'2018-02-16 15:24:57',1,NULL,NULL,NULL,NULL,NULL,NULL,NULL,NULL,NULL,NULL,'NA',NULL,NULL,5,'2018-02-16 15:24:58',0,NULL,NULL,NULL,'89be3990-9dfd-4e52-8f6b-d3c304c8ca0b',NULL),(1757,59,136,87,NULL,'2018-02-16 15:24:57',1,NULL,NULL,NULL,NULL,NULL,NULL,NULL,NULL,NULL,NULL,'0',NULL,NULL,5,'2018-02-16 15:24:58',0,NULL,NULL,NULL,'d264c027-d0a1-4bf3-9957-850863392364',NULL),(1758,59,133,87,NULL,'2018-02-16 15:24:57',1,NULL,NULL,NULL,NULL,NULL,NULL,NULL,NULL,NULL,NULL,'1',NULL,NULL,5,'2018-02-16 15:24:58',0,NULL,NULL,NULL,'2f62020f-cf16-4cb6-a332-367f87fbcb88',NULL),(1759,59,134,87,NULL,'2018-02-16 15:24:57',1,NULL,NULL,NULL,NULL,NULL,NULL,NULL,NULL,NULL,NULL,'120',NULL,NULL,5,'2018-02-16 15:24:58',0,NULL,NULL,NULL,'b4743b6a-7116-4c55-ab67-b7736cc71b7c',NULL),(1760,59,139,87,NULL,'2018-02-16 15:24:57',1,NULL,NULL,NULL,NULL,NULL,NULL,NULL,NULL,NULL,NULL,'80',NULL,NULL,5,'2018-02-16 15:24:58',0,NULL,NULL,NULL,'f8e6a639-0751-4ba3-b7b2-c2a1b3cf5275',NULL),(1761,59,143,87,NULL,'2018-02-16 15:24:57',1,NULL,NULL,NULL,NULL,NULL,NULL,NULL,NULL,NULL,NULL,'0',NULL,NULL,5,'2018-02-16 15:24:58',0,NULL,NULL,NULL,'4d74365b-bbbb-4284-a0c1-b802e6261d0d',NULL),(1762,59,152,87,NULL,'2018-02-16 15:24:57',1,NULL,NULL,NULL,NULL,NULL,NULL,NULL,NULL,NULL,NULL,'0',NULL,NULL,5,'2018-02-16 15:24:58',0,NULL,NULL,NULL,'e6feac2d-a62c-4f8c-9341-c7a8da8e76f1',NULL),(1763,59,151,87,NULL,'2018-02-16 15:24:57',1,NULL,NULL,NULL,NULL,NULL,NULL,NULL,NULL,NULL,NULL,'1',NULL,NULL,5,'2018-02-16 15:24:58',0,NULL,NULL,NULL,'11b4b12f-e5e5-4145-96e3-f846d02c1a36',NULL),(1764,59,135,87,NULL,'2018-02-16 15:24:57',1,NULL,NULL,NULL,NULL,NULL,NULL,NULL,NULL,NULL,NULL,'0',NULL,NULL,5,'2018-02-16 15:24:58',0,NULL,NULL,NULL,'47bc9c04-c318-46ce-92c9-8de678043e6b',NULL),(1765,59,140,87,NULL,'2018-02-16 15:24:57',1,NULL,NULL,NULL,NULL,NULL,NULL,NULL,NULL,NULL,NULL,'7',NULL,NULL,5,'2018-02-16 15:24:58',0,NULL,NULL,NULL,'33a38717-e924-4f73-90cb-cc2a2ea4b219',NULL),(1766,59,137,87,NULL,'2018-02-16 15:24:57',1,NULL,NULL,NULL,NULL,NULL,NULL,NULL,NULL,NULL,NULL,'NA',NULL,NULL,5,'2018-02-16 15:24:58',0,NULL,NULL,NULL,'d2b62397-99f3-49da-9456-41ad20225dec',NULL),(1767,59,16,87,NULL,'2018-02-16 15:24:57',1,NULL,NULL,NULL,NULL,NULL,NULL,NULL,NULL,NULL,NULL,'8548846131',NULL,NULL,5,'2018-02-16 15:24:58',0,NULL,NULL,NULL,'c3369a2b-3ee3-4e93-bff3-ae937abc9324',NULL),(1768,59,19,87,NULL,'2018-02-16 15:24:57',1,NULL,NULL,NULL,NULL,NULL,NULL,NULL,NULL,NULL,NULL,'NA',NULL,NULL,5,'2018-02-16 15:24:58',0,NULL,NULL,NULL,'acc77a08-bd3a-4d8c-b7a8-5240e902f0b0',NULL),(1769,59,165,87,NULL,'2018-02-16 15:24:57',1,NULL,NULL,NULL,NULL,NULL,NULL,NULL,NULL,NULL,NULL,'H',NULL,NULL,5,'2018-02-16 15:24:58',0,NULL,NULL,NULL,'5b775c96-d2fb-4f88-b9f0-d82e8e399b06',NULL),(1770,59,173,87,NULL,'2018-02-16 15:24:57',1,NULL,NULL,NULL,NULL,NULL,NULL,NULL,NULL,NULL,NULL,'3',NULL,NULL,5,'2018-02-16 15:24:58',0,NULL,NULL,NULL,'adffe82e-056c-4c75-86b2-756f41215be4',NULL),(1771,59,116,87,NULL,'2018-02-16 15:24:57',1,NULL,NULL,NULL,NULL,NULL,NULL,NULL,NULL,NULL,NULL,'ha_3',NULL,NULL,5,'2018-02-16 15:24:58',0,NULL,NULL,NULL,'6a8a8f46-50ed-46ba-a654-3b11ef5d7139',NULL),(1772,59,175,87,NULL,'2018-02-16 15:24:57',1,NULL,NULL,NULL,NULL,NULL,NULL,NULL,NULL,NULL,NULL,'16-2-2018',NULL,NULL,5,'2018-02-16 15:24:58',0,NULL,NULL,NULL,'41b331f1-5629-46c3-be0e-afff2e3f1fce',NULL),(1773,59,169,87,NULL,'2018-02-16 15:24:57',1,NULL,NULL,NULL,NULL,NULL,NULL,NULL,NULL,NULL,NULL,'dydhhd',NULL,NULL,5,'2018-02-16 15:24:58',0,NULL,NULL,NULL,'157c88e5-669c-4f12-9324-9ce8d663eea3',NULL),(1774,59,166,87,NULL,'2018-02-16 15:24:57',1,NULL,NULL,NULL,NULL,NULL,NULL,NULL,NULL,NULL,NULL,'84848',NULL,NULL,5,'2018-02-16 15:24:58',0,NULL,NULL,NULL,'352c5497-a6d1-4403-8172-a02d56d760dd',NULL),(1775,59,167,87,NULL,'2018-02-16 15:24:57',1,NULL,NULL,NULL,NULL,NULL,NULL,NULL,NULL,NULL,NULL,'848454',NULL,NULL,5,'2018-02-16 15:24:58',0,NULL,NULL,NULL,'f9d2ccfe-cb22-41ad-937c-a0beff5d19ff',NULL),(1776,59,164,87,NULL,'2018-02-16 15:24:57',1,NULL,NULL,NULL,NULL,NULL,NULL,NULL,NULL,NULL,NULL,'hhdhdhd',NULL,NULL,5,'2018-02-16 15:24:58',0,NULL,NULL,NULL,'d7c748ad-0fba-4d60-b5d1-3559846fbf55',NULL),(1777,59,171,87,NULL,'2018-02-16 15:24:57',1,NULL,NULL,NULL,NULL,NULL,NULL,NULL,NULL,NULL,NULL,'6',NULL,NULL,5,'2018-02-16 15:24:58',0,NULL,NULL,NULL,'c2ca354a-8c40-4140-b3b4-38e4c621669d',NULL),(1778,59,168,87,NULL,'2018-02-16 15:24:57',1,NULL,NULL,NULL,NULL,NULL,NULL,NULL,NULL,NULL,NULL,'1',NULL,NULL,5,'2018-02-16 15:24:58',0,NULL,NULL,NULL,'8ad7ffb0-a69d-414f-8cda-7b946de89e07',NULL),(1779,59,6,87,NULL,'2018-02-16 15:24:57',1,NULL,NULL,NULL,NULL,NULL,NULL,NULL,NULL,NULL,NULL,'hduhdbd',NULL,NULL,5,'2018-02-16 15:24:58',0,NULL,NULL,NULL,'437b2ab7-1eec-42ed-b9cb-bcccaa20e23b',NULL),(1780,59,5,87,NULL,'2018-02-16 15:24:57',1,NULL,NULL,NULL,NULL,NULL,NULL,NULL,NULL,NULL,NULL,'3',NULL,NULL,5,'2018-02-16 15:24:58',0,NULL,NULL,NULL,'dc0a5268-a5f9-4b25-a218-23fe77100395',NULL),(1781,59,21,87,NULL,'2018-02-16 15:24:57',1,NULL,NULL,NULL,NULL,NULL,NULL,NULL,NULL,NULL,NULL,'65',NULL,NULL,5,'2018-02-16 15:24:58',0,NULL,NULL,NULL,'a555eff9-376b-492a-86cc-a1b0c50a61ba',NULL),(1782,59,22,87,NULL,'2018-02-16 15:24:57',1,NULL,NULL,NULL,NULL,NULL,NULL,NULL,NULL,NULL,NULL,'F',NULL,NULL,5,'2018-02-16 15:24:58',0,NULL,NULL,NULL,'1344a88a-d683-455a-95a0-c50c84de9cb1',NULL),(1783,59,128,87,NULL,'2018-02-16 15:24:57',1,NULL,NULL,NULL,NULL,NULL,NULL,NULL,NULL,NULL,NULL,'488464648484',NULL,NULL,5,'2018-02-16 15:24:58',0,NULL,NULL,NULL,'d4e0cd68-0e54-49ff-b592-625876d779f6',NULL),(1784,59,174,87,NULL,'2018-02-16 15:24:57',1,NULL,NULL,NULL,NULL,NULL,NULL,NULL,NULL,NULL,NULL,'hdhdhhd',NULL,NULL,5,'2018-02-16 15:24:58',0,NULL,NULL,NULL,'0da91fbf-b4be-4250-b969-bddd8ce24a42',NULL),(1785,59,148,87,NULL,'2018-02-16 15:24:57',1,NULL,NULL,NULL,NULL,NULL,NULL,NULL,NULL,NULL,NULL,'0',NULL,NULL,5,'2018-02-16 15:24:58',0,NULL,NULL,NULL,'157b8f49-1b08-4bab-953f-cdb033c4f7c2',NULL),(1786,59,149,87,NULL,'2018-02-16 15:24:57',1,NULL,NULL,NULL,NULL,NULL,NULL,NULL,NULL,NULL,NULL,'1',NULL,NULL,5,'2018-02-16 15:24:58',0,NULL,NULL,NULL,'93e26b33-7133-4ed7-af58-cdb28d1963b8',NULL),(1787,59,146,87,NULL,'2018-02-16 15:24:57',1,NULL,NULL,NULL,NULL,NULL,NULL,NULL,NULL,NULL,NULL,'80',NULL,NULL,5,'2018-02-16 15:24:58',0,NULL,NULL,NULL,'28dcae41-a2c7-47c4-b687-85bdf03a2929',NULL),(1788,59,147,87,NULL,'2018-02-16 15:24:57',1,NULL,NULL,NULL,NULL,NULL,NULL,NULL,NULL,NULL,NULL,'145',NULL,NULL,5,'2018-02-16 15:24:58',0,NULL,NULL,NULL,'cf666e01-51b5-4cef-97b9-52da97dabb20',NULL),(1789,59,160,87,NULL,'2018-02-16 15:24:57',1,NULL,NULL,NULL,NULL,NULL,NULL,NULL,NULL,NULL,NULL,'0',NULL,NULL,5,'2018-02-16 15:24:58',0,NULL,NULL,NULL,'219a97a8-fab8-4503-9285-a613e4e4c6a9',NULL),(1790,59,155,87,NULL,'2018-02-16 15:24:57',1,NULL,NULL,NULL,NULL,NULL,NULL,NULL,NULL,NULL,NULL,'0',NULL,NULL,5,'2018-02-16 15:24:59',0,NULL,NULL,NULL,'ce3b61e1-8b16-413b-95c9-c4a2096112cc',NULL),(1791,59,150,87,NULL,'2018-02-16 15:24:57',1,NULL,NULL,NULL,NULL,NULL,NULL,NULL,NULL,NULL,NULL,'0',NULL,NULL,5,'2018-02-16 15:24:59',0,NULL,NULL,NULL,'c0d18a77-d69e-484b-a233-6bf8a1039bf5',NULL),(1792,59,161,87,NULL,'2018-02-16 15:24:57',1,NULL,NULL,NULL,NULL,NULL,NULL,NULL,NULL,NULL,NULL,'2',NULL,NULL,5,'2018-02-16 15:24:59',0,NULL,NULL,NULL,'ac652a85-7d97-48eb-9ad7-eea2ef949531',NULL),(1793,59,144,87,NULL,'2018-02-16 15:24:57',1,NULL,NULL,NULL,NULL,NULL,NULL,NULL,NULL,NULL,NULL,'1',NULL,NULL,5,'2018-02-16 15:24:59',0,NULL,NULL,NULL,'7b16e909-43e1-4ee1-952a-8c757ad88002',NULL),(1794,59,145,87,NULL,'2018-02-16 15:24:57',1,NULL,NULL,NULL,NULL,NULL,NULL,NULL,NULL,NULL,NULL,'38.05',NULL,NULL,5,'2018-02-16 15:24:59',0,NULL,NULL,NULL,'9512fc49-db23-4267-8ae0-6ec6faebe8c0',NULL),(1795,59,117,87,NULL,'2018-02-16 15:24:57',1,NULL,NULL,NULL,NULL,NULL,NULL,NULL,NULL,NULL,NULL,'asha',NULL,NULL,5,'2018-02-16 15:24:59',0,NULL,NULL,NULL,'a9260429-9071-4150-914e-16bf6f3cdc28',NULL),(1796,59,179,87,NULL,'2018-02-16 15:24:57',1,NULL,NULL,NULL,NULL,NULL,NULL,NULL,NULL,NULL,NULL,'NA',NULL,NULL,5,'2018-02-16 15:24:59',0,NULL,NULL,NULL,'623b99fc-9f4d-4d39-bdd7-23a7b8353077',NULL),(1797,59,176,87,NULL,'2018-02-16 15:24:57',1,NULL,NULL,NULL,NULL,NULL,NULL,NULL,NULL,NULL,NULL,'NA',NULL,NULL,5,'2018-02-16 15:24:59',0,NULL,NULL,NULL,'19274c5c-cc32-43c6-91db-362c374b6abd',NULL),(1798,59,180,87,NULL,'2018-02-16 15:24:57',1,NULL,NULL,NULL,NULL,NULL,NULL,NULL,NULL,NULL,NULL,'NA',NULL,NULL,5,'2018-02-16 15:24:59',0,NULL,NULL,NULL,'1d1ac714-71a7-40bb-966f-3399e49eebfd',NULL),(1799,59,172,87,NULL,'2018-02-16 15:24:57',1,NULL,NULL,NULL,NULL,NULL,NULL,NULL,NULL,NULL,NULL,'NA',NULL,NULL,5,'2018-02-16 15:24:59',0,NULL,NULL,NULL,'657b6780-bcd0-4950-9059-c76e1e29563e',NULL),(1800,59,183,87,NULL,'2018-02-16 15:24:57',1,NULL,NULL,NULL,NULL,NULL,NULL,NULL,NULL,NULL,NULL,'NA',NULL,NULL,5,'2018-02-16 15:24:59',0,NULL,NULL,NULL,'7dc66612-5000-4e31-a9d4-f12b1af95be2',NULL),(1801,59,80,87,NULL,'2018-02-16 15:24:57',1,NULL,NULL,NULL,NULL,NULL,NULL,NULL,NULL,NULL,NULL,'NA',NULL,NULL,5,'2018-02-16 15:24:59',0,NULL,NULL,NULL,'0852ed73-d050-4dda-ba2a-f70a8b8efe83',NULL),(1802,59,79,87,NULL,'2018-02-16 15:24:57',1,NULL,NULL,NULL,NULL,NULL,NULL,NULL,NULL,NULL,NULL,'NA',NULL,NULL,5,'2018-02-16 15:24:59',0,NULL,NULL,NULL,'44fbbeea-c1af-4257-a5b0-f44bd451ef42',NULL),(1803,59,178,87,NULL,'2018-02-16 15:24:57',1,NULL,NULL,NULL,NULL,NULL,NULL,NULL,NULL,NULL,NULL,'NA',NULL,NULL,5,'2018-02-16 15:24:59',0,NULL,NULL,NULL,'7740ec76-72bf-4ff1-be01-ff9ace9dd9ab',NULL),(1804,59,177,87,NULL,'2018-02-16 15:24:57',1,NULL,NULL,NULL,NULL,NULL,NULL,NULL,NULL,NULL,NULL,'NA',NULL,NULL,5,'2018-02-16 15:24:59',0,NULL,NULL,NULL,'3833beee-0f0b-4a9f-9059-17a4b22e4cf3',NULL),(1805,50,133,88,NULL,'2018-02-16 15:48:06',1,NULL,NULL,NULL,NULL,NULL,NULL,NULL,NULL,NULL,NULL,'1',NULL,NULL,11,'2018-02-16 15:48:06',0,NULL,NULL,NULL,'071ee82b-b8f2-4306-97b9-d258acdf3bcd',NULL),(1806,50,134,88,NULL,'2018-02-16 15:48:06',1,NULL,NULL,NULL,NULL,NULL,NULL,NULL,NULL,NULL,NULL,'120',NULL,NULL,11,'2018-02-16 15:48:06',0,NULL,NULL,NULL,'ad392c81-aab6-4051-bf0d-32ab369042af',NULL),(1807,50,135,88,NULL,'2018-02-16 15:48:06',1,NULL,NULL,NULL,NULL,NULL,NULL,NULL,NULL,NULL,NULL,'1',NULL,NULL,11,'2018-02-16 15:48:06',0,NULL,NULL,NULL,'c52d7ce9-351d-401e-b2de-6f427a992cfd',NULL),(1808,50,136,88,NULL,'2018-02-16 15:48:06',1,NULL,NULL,NULL,NULL,NULL,NULL,NULL,NULL,NULL,NULL,'1',NULL,NULL,11,'2018-02-16 15:48:06',0,NULL,NULL,NULL,'50c2071a-a09f-4d85-9f99-6900c4860cb7',NULL),(1809,50,137,88,NULL,'2018-02-16 15:48:06',1,NULL,NULL,NULL,NULL,NULL,NULL,NULL,NULL,NULL,NULL,'NA',NULL,NULL,11,'2018-02-16 15:48:06',0,NULL,NULL,NULL,'def0cd2d-3ac7-4e99-ac17-e37524f686e8',NULL),(1810,50,138,88,NULL,'2018-02-16 15:48:06',1,NULL,NULL,NULL,NULL,NULL,NULL,NULL,NULL,NULL,NULL,'1',NULL,NULL,11,'2018-02-16 15:48:06',0,NULL,NULL,NULL,'789c9a53-abb2-47ae-82cf-6778100c5615',NULL),(1811,50,139,88,NULL,'2018-02-16 15:48:06',1,NULL,NULL,NULL,NULL,NULL,NULL,NULL,NULL,NULL,NULL,'80',NULL,NULL,11,'2018-02-16 15:48:06',0,NULL,NULL,NULL,'acc2f880-8cc2-40a7-b3ae-1426f55bdeb3',NULL),(1812,50,140,88,NULL,'2018-02-16 15:48:06',1,NULL,NULL,NULL,NULL,NULL,NULL,NULL,NULL,NULL,NULL,'11.5',NULL,NULL,11,'2018-02-16 15:48:06',0,NULL,NULL,NULL,'a496ad43-7f08-4e1f-89f5-1deb744b5eae',NULL),(1813,50,141,88,NULL,'2018-02-16 15:48:06',1,NULL,NULL,NULL,NULL,NULL,NULL,NULL,NULL,NULL,NULL,'done',NULL,NULL,11,'2018-02-16 15:48:06',0,NULL,NULL,NULL,'66cf6517-b7cd-4665-8e4c-57878c7d389b',NULL),(1814,50,142,88,NULL,'2018-02-16 15:48:06',1,NULL,NULL,NULL,NULL,NULL,NULL,NULL,NULL,NULL,NULL,'Rectruited',NULL,NULL,11,'2018-02-16 15:48:06',0,NULL,NULL,NULL,'77a9cee8-4393-4ca5-af10-2fb3eb286775',NULL),(1815,50,143,88,NULL,'2018-02-16 15:48:06',1,NULL,NULL,NULL,NULL,NULL,NULL,NULL,NULL,NULL,NULL,'0',NULL,NULL,11,'2018-02-16 15:48:07',0,NULL,NULL,NULL,'3d5ef978-0c71-4975-bdb1-d0d2a2578297',NULL),(1816,50,144,88,NULL,'2018-02-16 15:48:06',1,NULL,NULL,NULL,NULL,NULL,NULL,NULL,NULL,NULL,NULL,'1',NULL,NULL,11,'2018-02-16 15:48:07',0,NULL,NULL,NULL,'16dc6316-8bc9-4a5a-937f-4ca221668410',NULL),(1817,50,145,88,NULL,'2018-02-16 15:48:06',1,NULL,NULL,NULL,NULL,NULL,NULL,NULL,NULL,NULL,NULL,'23.22',NULL,NULL,11,'2018-02-16 15:48:07',0,NULL,NULL,NULL,'061e79bf-f9a6-47cd-9098-a719f5af28fd',NULL),(1818,50,146,88,NULL,'2018-02-16 15:48:06',1,NULL,NULL,NULL,NULL,NULL,NULL,NULL,NULL,NULL,NULL,'58.4',NULL,NULL,11,'2018-02-16 15:48:07',0,NULL,NULL,NULL,'35fd7883-47db-4e8c-9e97-b76f4f18b940',NULL),(1819,50,147,88,NULL,'2018-02-16 15:48:06',1,NULL,NULL,NULL,NULL,NULL,NULL,NULL,NULL,NULL,NULL,'158.6',NULL,NULL,11,'2018-02-16 15:48:07',0,NULL,NULL,NULL,'2180c8f6-0711-45ee-bf3c-37835757c7fb',NULL),(1820,50,148,88,NULL,'2018-02-16 15:48:06',1,NULL,NULL,NULL,NULL,NULL,NULL,NULL,NULL,NULL,NULL,'0',NULL,NULL,11,'2018-02-16 15:48:07',0,NULL,NULL,NULL,'b6eda982-5dc4-4d89-9045-299c7923d128',NULL),(1821,50,149,88,NULL,'2018-02-16 15:48:06',1,NULL,NULL,NULL,NULL,NULL,NULL,NULL,NULL,NULL,NULL,'1',NULL,NULL,11,'2018-02-16 15:48:07',0,NULL,NULL,NULL,'ee617897-cd5a-415a-bbe2-4d0f9d8f4131',NULL),(1822,50,150,88,NULL,'2018-02-16 15:48:06',1,NULL,NULL,NULL,NULL,NULL,NULL,NULL,NULL,NULL,NULL,'0',NULL,NULL,11,'2018-02-16 15:48:07',0,NULL,NULL,NULL,'d6c3114b-5b3b-4149-8363-3f96dad3bf6a',NULL),(1823,50,151,88,NULL,'2018-02-16 15:48:06',1,NULL,NULL,NULL,NULL,NULL,NULL,NULL,NULL,NULL,NULL,'1',NULL,NULL,11,'2018-02-16 15:48:07',0,NULL,NULL,NULL,'0d3d3e3e-f5a8-435f-9768-82804edc331c',NULL),(1824,50,152,88,NULL,'2018-02-16 15:48:06',1,NULL,NULL,NULL,NULL,NULL,NULL,NULL,NULL,NULL,NULL,'0',NULL,NULL,11,'2018-02-16 15:48:07',0,NULL,NULL,NULL,'1946d57a-55a2-4480-88dc-2632926d0774',NULL),(1825,50,35,88,NULL,'2018-02-16 15:48:06',1,NULL,NULL,NULL,NULL,NULL,NULL,NULL,NULL,NULL,NULL,'6',NULL,NULL,11,'2018-02-16 15:48:07',0,NULL,NULL,NULL,'fbfd691a-aaa7-4793-9332-23d663f5ce36',NULL),(1826,50,153,88,NULL,'2018-02-16 15:48:06',1,NULL,NULL,NULL,NULL,NULL,NULL,NULL,NULL,NULL,NULL,'1',NULL,NULL,11,'2018-02-16 15:48:07',0,NULL,NULL,NULL,'dd4ab43d-81d3-4c19-9886-f6517a6293d3',NULL),(1827,50,154,88,NULL,'2018-02-16 15:48:06',1,NULL,NULL,NULL,NULL,NULL,NULL,NULL,NULL,NULL,NULL,'1',NULL,NULL,11,'2018-02-16 15:48:07',0,NULL,NULL,NULL,'dc03121e-a9f4-4857-96f2-0e482168934e',NULL),(1828,50,155,88,NULL,'2018-02-16 15:48:06',1,NULL,NULL,NULL,NULL,NULL,NULL,NULL,NULL,NULL,NULL,'0',NULL,NULL,11,'2018-02-16 15:48:07',0,NULL,NULL,NULL,'84d591ff-bc8b-47d5-81ae-95e6c08f927c',NULL),(1829,50,156,88,NULL,'2018-02-16 15:48:06',1,NULL,NULL,NULL,NULL,NULL,NULL,NULL,NULL,NULL,NULL,'16-2-2018',NULL,NULL,11,'2018-02-16 15:48:07',0,NULL,NULL,NULL,'78b67bc4-3c43-44d0-99d5-fa113b9672fc',NULL),(1830,50,157,88,NULL,'2018-02-16 15:48:06',1,NULL,NULL,NULL,NULL,NULL,NULL,NULL,NULL,NULL,NULL,'11.5',NULL,NULL,11,'2018-02-16 15:48:07',0,NULL,NULL,NULL,'2c23459f-603a-4f8a-8d33-c4650b3b289d',NULL),(1831,50,158,88,NULL,'2018-02-16 15:48:06',1,NULL,NULL,NULL,NULL,NULL,NULL,NULL,NULL,NULL,NULL,'16-2-2018',NULL,NULL,11,'2018-02-16 15:48:07',0,NULL,NULL,NULL,'7ea7c412-f0da-4a71-b263-044d4f2843d3',NULL),(1832,50,159,88,NULL,'2018-02-16 15:48:06',1,NULL,NULL,NULL,NULL,NULL,NULL,NULL,NULL,NULL,NULL,'1',NULL,NULL,11,'2018-02-16 15:48:07',0,NULL,NULL,NULL,'fcda7d5d-a438-4a91-bbbb-062229071d03',NULL),(1833,50,160,88,NULL,'2018-02-16 15:48:06',1,NULL,NULL,NULL,NULL,NULL,NULL,NULL,NULL,NULL,NULL,'0',NULL,NULL,11,'2018-02-16 15:48:07',0,NULL,NULL,NULL,'1f319f0d-bd3f-4651-86ec-8e5203bf893a',NULL),(1834,50,161,88,NULL,'2018-02-16 15:48:06',1,NULL,NULL,NULL,NULL,NULL,NULL,NULL,NULL,NULL,NULL,'1',NULL,NULL,11,'2018-02-16 15:48:07',0,NULL,NULL,NULL,'1e6003f5-be54-4704-b74f-59c945054a08',NULL),(1835,50,116,88,NULL,'2018-02-16 15:48:06',1,NULL,NULL,NULL,NULL,NULL,NULL,NULL,NULL,NULL,NULL,'ruhsa_1',NULL,NULL,11,'2018-02-16 15:48:07',0,NULL,NULL,NULL,'580d917f-aadd-4cd3-a31b-1d5dc01af96f',NULL),(1836,50,162,88,NULL,'2018-02-16 15:48:06',1,NULL,NULL,NULL,NULL,NULL,NULL,NULL,NULL,NULL,NULL,'199',NULL,NULL,11,'2018-02-16 15:48:07',0,NULL,NULL,NULL,'569d4203-305f-4e74-8860-19d44403da47',NULL),(1837,50,163,88,NULL,'2018-02-16 15:48:06',1,NULL,NULL,NULL,NULL,NULL,NULL,NULL,NULL,NULL,NULL,'1,2,4',NULL,NULL,11,'2018-02-16 15:48:07',0,NULL,NULL,NULL,'8b97020d-d04d-403a-b127-7e1d39d7a7f1',NULL),(1838,50,164,88,NULL,'2018-02-16 15:48:06',1,NULL,NULL,NULL,NULL,NULL,NULL,NULL,NULL,NULL,NULL,'baskar',NULL,NULL,11,'2018-02-16 15:48:07',0,NULL,NULL,NULL,'cf889779-fdd1-4152-9dd3-c696d2372b3d',NULL),(1839,50,165,88,NULL,'2018-02-16 15:48:06',1,NULL,NULL,NULL,NULL,NULL,NULL,NULL,NULL,NULL,NULL,'F',NULL,NULL,11,'2018-02-16 15:48:07',0,NULL,NULL,NULL,'9ab9caa3-7baa-4f07-b200-3150fe18f48e',NULL),(1840,50,166,88,NULL,'2018-02-16 15:48:06',1,NULL,NULL,NULL,NULL,NULL,NULL,NULL,NULL,NULL,NULL,'999999',NULL,NULL,11,'2018-02-16 15:48:07',0,NULL,NULL,NULL,'daaf37d9-ff7e-4ef2-b500-8d463488cb30',NULL),(1841,50,167,88,NULL,'2018-02-16 15:48:06',1,NULL,NULL,NULL,NULL,NULL,NULL,NULL,NULL,NULL,NULL,'333333',NULL,NULL,11,'2018-02-16 15:48:07',0,NULL,NULL,NULL,'cfc3d91b-b41e-4b11-8458-8b3f64783e94',NULL),(1842,50,168,88,NULL,'2018-02-16 15:48:06',1,NULL,NULL,NULL,NULL,NULL,NULL,NULL,NULL,NULL,NULL,'3',NULL,NULL,11,'2018-02-16 15:48:07',0,NULL,NULL,NULL,'d17ce123-7b5c-4bae-ad26-e00ca7f3796a',NULL),(1843,50,169,88,NULL,'2018-02-16 15:48:06',1,NULL,NULL,NULL,NULL,NULL,NULL,NULL,NULL,NULL,NULL,'12',NULL,NULL,11,'2018-02-16 15:48:07',0,NULL,NULL,NULL,'beb904d0-ae6e-4140-9291-f787dfc42275',NULL),(1844,50,170,88,NULL,'2018-02-16 15:48:06',1,NULL,NULL,NULL,NULL,NULL,NULL,NULL,NULL,NULL,NULL,'4',NULL,NULL,11,'2018-02-16 15:48:07',0,NULL,NULL,NULL,'185ef25d-48bf-4d8b-b4a7-29a2796ed5f3',NULL),(1845,50,171,88,NULL,'2018-02-16 15:48:06',1,NULL,NULL,NULL,NULL,NULL,NULL,NULL,NULL,NULL,NULL,'5',NULL,NULL,11,'2018-02-16 15:48:07',0,NULL,NULL,NULL,'f0a6afc9-0235-46f8-9773-4c031047259c',NULL),(1846,50,14,88,NULL,'2018-02-16 15:48:06',1,NULL,NULL,NULL,NULL,NULL,NULL,NULL,NULL,NULL,NULL,'jfjrj',NULL,NULL,11,'2018-02-16 15:48:07',0,NULL,NULL,NULL,'fc97946d-a709-4fae-a5fe-bf2711119646',NULL),(1847,50,15,88,NULL,'2018-02-16 15:48:06',1,NULL,NULL,NULL,NULL,NULL,NULL,NULL,NULL,NULL,NULL,'jfjrj',NULL,NULL,11,'2018-02-16 15:48:07',0,NULL,NULL,NULL,'49f94468-b37b-4c64-80f5-f46c84b5c978',NULL),(1848,50,8,88,NULL,'2018-02-16 15:48:06',1,NULL,NULL,NULL,NULL,NULL,NULL,NULL,NULL,NULL,NULL,'SH_CVD_DOCTOR_FOLLOWUP_1',NULL,NULL,11,'2018-02-16 15:48:07',0,NULL,NULL,NULL,'3bcc2737-a58c-42df-9a54-b4919960a079',NULL),(1849,50,9,88,NULL,'2018-02-16 15:48:06',1,NULL,NULL,NULL,NULL,NULL,NULL,NULL,NULL,NULL,NULL,'16-02-2018 15:35:44',NULL,NULL,11,'2018-02-16 15:48:07',0,NULL,NULL,NULL,'b547da3b-739c-4b32-ab67-09dd7c221108',NULL),(1850,50,7,88,NULL,'2018-02-16 15:48:06',1,NULL,NULL,NULL,NULL,NULL,NULL,NULL,NULL,NULL,NULL,'ha_3',NULL,NULL,11,'2018-02-16 15:48:07',0,NULL,NULL,NULL,'a220d1b3-d275-4d40-a5a5-69f47118ab50',NULL),(1851,50,118,88,NULL,'2018-02-16 15:48:06',1,NULL,NULL,NULL,NULL,NULL,NULL,NULL,NULL,NULL,NULL,'NA',NULL,NULL,11,'2018-02-16 15:48:07',0,NULL,NULL,NULL,'d5482f43-d477-4d1b-8827-5937099be706',NULL),(1852,50,12,88,NULL,'2018-02-16 15:48:06',1,NULL,NULL,NULL,NULL,NULL,NULL,NULL,NULL,NULL,NULL,'1030030001',NULL,NULL,11,'2018-02-16 15:48:07',0,NULL,NULL,NULL,'f72660e2-778d-4ecc-a59c-a271a41e1ce6',NULL),(1853,50,22,88,NULL,'2018-02-16 15:48:06',1,NULL,NULL,NULL,NULL,NULL,NULL,NULL,NULL,NULL,NULL,'F',NULL,NULL,11,'2018-02-16 15:48:07',0,NULL,NULL,NULL,'39217a64-bc5c-4316-8004-a1fcd15ae8d6',NULL),(1854,50,20,88,NULL,'2018-02-16 15:48:06',1,NULL,NULL,NULL,NULL,NULL,NULL,NULL,NULL,NULL,NULL,'16-2-2018',NULL,NULL,11,'2018-02-16 15:48:07',0,NULL,NULL,NULL,'32ba2b7a-e353-489f-86c1-731e26b99a9f',NULL),(1855,50,18,88,NULL,'2018-02-16 15:48:06',1,NULL,NULL,NULL,NULL,NULL,NULL,NULL,NULL,NULL,NULL,'1-1-1969',NULL,NULL,11,'2018-02-16 15:48:07',0,NULL,NULL,NULL,'5dbb04c5-0968-4a93-a4b5-fb72a8bf3805',NULL),(1856,50,172,88,NULL,'2018-02-16 15:48:06',1,NULL,NULL,NULL,NULL,NULL,NULL,NULL,NULL,NULL,NULL,'1',NULL,NULL,11,'2018-02-16 15:48:07',0,NULL,NULL,NULL,'9359dd87-dedd-46f3-889a-e726f10077dd',NULL),(1857,50,19,88,NULL,'2018-02-16 15:48:06',1,NULL,NULL,NULL,NULL,NULL,NULL,NULL,NULL,NULL,NULL,'NA',NULL,NULL,11,'2018-02-16 15:48:07',0,NULL,NULL,NULL,'81defe26-8c7b-4cf1-b898-b89079995eab',NULL),(1858,50,116,88,NULL,'2018-02-16 15:48:06',1,NULL,NULL,NULL,NULL,NULL,NULL,NULL,NULL,NULL,NULL,'ruhsa_1',NULL,NULL,11,'2018-02-16 15:48:07',0,NULL,NULL,NULL,'ad08cc54-cd8a-4113-954e-13958449600e',NULL),(1859,50,173,88,NULL,'2018-02-16 15:48:06',1,NULL,NULL,NULL,NULL,NULL,NULL,NULL,NULL,NULL,NULL,'3',NULL,NULL,11,'2018-02-16 15:48:07',0,NULL,NULL,NULL,'e120572c-3ee7-4f61-bb7a-c4f357b63ef2',NULL),(1860,50,174,88,NULL,'2018-02-16 15:48:06',1,NULL,NULL,NULL,NULL,NULL,NULL,NULL,NULL,NULL,NULL,'big st',NULL,NULL,11,'2018-02-16 15:48:08',0,NULL,NULL,NULL,'e90170a3-fe27-415b-988e-868c02d5eb54',NULL),(1861,50,175,88,NULL,'2018-02-16 15:48:06',1,NULL,NULL,NULL,NULL,NULL,NULL,NULL,NULL,NULL,NULL,'16-2-2018',NULL,NULL,11,'2018-02-16 15:48:08',0,NULL,NULL,NULL,'d57b5a80-d641-41a6-9b34-c486ad59cfce',NULL),(1862,50,22,88,NULL,'2018-02-16 15:48:06',1,NULL,NULL,NULL,NULL,NULL,NULL,NULL,NULL,NULL,NULL,'F',NULL,NULL,11,'2018-02-16 15:48:08',0,NULL,NULL,NULL,'4d2611ee-cc7d-43f8-ad60-f7011c127836',NULL),(1863,50,128,88,NULL,'2018-02-16 15:48:06',1,NULL,NULL,NULL,NULL,NULL,NULL,NULL,NULL,NULL,NULL,'987654321987',NULL,NULL,11,'2018-02-16 15:48:08',0,NULL,NULL,NULL,'2739ae59-443a-45d3-917b-e4be2e273b13',NULL),(1864,50,16,88,NULL,'2018-02-16 15:48:06',1,NULL,NULL,NULL,NULL,NULL,NULL,NULL,NULL,NULL,NULL,'987456321',NULL,NULL,11,'2018-02-16 15:48:08',0,NULL,NULL,NULL,'e1957f1f-e529-4815-9372-daa4d3994355',NULL),(1865,50,21,88,NULL,'2018-02-16 15:48:06',1,NULL,NULL,NULL,NULL,NULL,NULL,NULL,NULL,NULL,NULL,'49',NULL,NULL,11,'2018-02-16 15:48:08',0,NULL,NULL,NULL,'3663a8db-e258-4838-abb4-6f1beda83c78',NULL),(1866,50,6,88,NULL,'2018-02-16 15:48:06',1,NULL,NULL,NULL,NULL,NULL,NULL,NULL,NULL,NULL,NULL,'DR kuppam',NULL,NULL,11,'2018-02-16 15:48:08',0,NULL,NULL,NULL,'36ff5d68-d900-4a4a-9500-587882a8bb93',NULL),(1867,50,5,88,NULL,'2018-02-16 15:48:06',1,NULL,NULL,NULL,NULL,NULL,NULL,NULL,NULL,NULL,NULL,'3',NULL,NULL,11,'2018-02-16 15:48:08',0,NULL,NULL,NULL,'dcf96391-10b1-4ce8-a5e5-e2402643e881',NULL),(1868,50,114,88,NULL,'2018-02-16 15:48:06',1,NULL,NULL,NULL,NULL,NULL,NULL,NULL,NULL,NULL,NULL,'16-02-2018 15:35:44',NULL,NULL,11,'2018-02-16 15:48:08',0,NULL,NULL,NULL,'bcd342c5-f565-47be-a5a0-351de2b35e06',NULL),(1869,50,119,88,NULL,'2018-02-16 15:48:06',1,NULL,NULL,NULL,NULL,NULL,NULL,NULL,NULL,NULL,NULL,'SH_CVD_DOCTOR_FOLLOWUP_1',NULL,NULL,11,'2018-02-16 15:48:08',0,NULL,NULL,NULL,'d4a288f5-9402-4a2c-8336-9bc88cfebe9d',NULL),(1870,50,176,88,NULL,'2018-02-16 15:48:06',1,NULL,NULL,NULL,NULL,NULL,NULL,NULL,NULL,NULL,NULL,'80',NULL,NULL,11,'2018-02-16 15:48:08',0,NULL,NULL,NULL,'1faa1586-c711-40ad-8b47-23bccbfea6cf',NULL),(1871,50,177,88,NULL,'2018-02-16 15:48:06',1,NULL,NULL,NULL,NULL,NULL,NULL,NULL,NULL,NULL,NULL,'80',NULL,NULL,11,'2018-02-16 15:48:08',0,NULL,NULL,NULL,'e2505d78-84bc-4218-be1b-e995bc2d4b54',NULL),(1872,50,178,88,NULL,'2018-02-16 15:48:06',1,NULL,NULL,NULL,NULL,NULL,NULL,NULL,NULL,NULL,NULL,'90',NULL,NULL,11,'2018-02-16 15:48:08',0,NULL,NULL,NULL,'91b13bfc-4bbd-43ff-87aa-ba3cbd155e91',NULL),(1873,50,79,88,NULL,'2018-02-16 15:48:06',1,NULL,NULL,NULL,NULL,NULL,NULL,NULL,NULL,NULL,NULL,'90',NULL,NULL,11,'2018-02-16 15:48:08',0,NULL,NULL,NULL,'c90975a9-98cc-4af6-a136-bfe383497bd3',NULL),(1874,50,80,88,NULL,'2018-02-16 15:48:06',1,NULL,NULL,NULL,NULL,NULL,NULL,NULL,NULL,NULL,NULL,'90',NULL,NULL,11,'2018-02-16 15:48:08',0,NULL,NULL,NULL,'ba224f3b-51bb-4c15-bc7e-0fbc8b0f2976',NULL),(1875,50,179,88,NULL,'2018-02-16 15:48:06',1,NULL,NULL,NULL,NULL,NULL,NULL,NULL,NULL,NULL,NULL,'1',NULL,NULL,11,'2018-02-16 15:48:08',0,NULL,NULL,NULL,'48cb5990-ccd1-4998-8e6b-95384149f331',NULL),(1876,50,117,88,NULL,'2018-02-16 15:48:06',1,NULL,NULL,NULL,NULL,NULL,NULL,NULL,NULL,NULL,NULL,'doctor',NULL,NULL,11,'2018-02-16 15:48:08',0,NULL,NULL,NULL,'546c7a87-616d-44b9-bb47-7295e22f80d4',NULL),(1877,50,115,88,NULL,'2018-02-16 15:48:06',1,NULL,NULL,NULL,NULL,NULL,NULL,NULL,NULL,NULL,NULL,'16-02-2018 15:35:44',NULL,NULL,11,'2018-02-16 15:48:08',0,NULL,NULL,NULL,'14e05c01-fba7-4230-976f-54ec47f10871',NULL),(1878,50,180,88,NULL,'2018-02-16 15:48:06',1,NULL,NULL,NULL,NULL,NULL,NULL,NULL,NULL,NULL,NULL,'62',NULL,NULL,11,'2018-02-16 15:48:08',0,NULL,NULL,NULL,'1d7c9f58-2063-4d29-83b4-e3bab6d421ca',NULL),(1879,50,181,88,NULL,'2018-02-16 15:48:06',1,NULL,NULL,NULL,NULL,NULL,NULL,NULL,NULL,NULL,NULL,'0',NULL,NULL,11,'2018-02-16 15:48:08',0,NULL,NULL,NULL,'42ecd7a3-8ec4-4d85-985a-707a37229a5b',NULL),(1880,50,182,88,NULL,'2018-02-16 15:48:06',1,NULL,NULL,NULL,NULL,NULL,NULL,NULL,NULL,NULL,NULL,'0',NULL,NULL,11,'2018-02-16 15:48:08',0,NULL,NULL,NULL,'fae4c066-2c6f-4267-9999-83400456a560',NULL),(1881,50,183,88,NULL,'2018-02-16 15:48:06',1,NULL,NULL,NULL,NULL,NULL,NULL,NULL,NULL,NULL,NULL,'0',NULL,NULL,11,'2018-02-16 15:48:08',0,NULL,NULL,NULL,'42a16089-5cba-4a35-abce-03e398675f54',NULL),(1882,50,184,88,NULL,'2018-02-16 15:48:06',1,NULL,NULL,NULL,NULL,NULL,NULL,NULL,NULL,NULL,NULL,'0',NULL,NULL,11,'2018-02-16 15:48:08',0,NULL,NULL,NULL,'9eee1a49-e028-4fbc-b6c5-ba7ea0f221e7',NULL),(1883,50,185,88,NULL,'2018-02-16 15:48:06',1,NULL,NULL,NULL,NULL,NULL,NULL,NULL,NULL,NULL,NULL,'NA',NULL,NULL,11,'2018-02-16 15:48:08',0,NULL,NULL,NULL,'68ba5a3c-ab3b-426f-9ebc-710c39dff2d0',NULL),(1884,50,186,88,NULL,'2018-02-16 15:48:06',1,NULL,NULL,NULL,NULL,NULL,NULL,NULL,NULL,NULL,NULL,'0',NULL,NULL,11,'2018-02-16 15:48:08',0,NULL,NULL,NULL,'c143cad7-fd7e-40c1-97a1-c141b8ec0af8',NULL),(1885,50,187,88,NULL,'2018-02-16 15:48:06',1,NULL,NULL,NULL,NULL,NULL,NULL,NULL,NULL,NULL,NULL,'NA',NULL,NULL,11,'2018-02-16 15:48:08',0,NULL,NULL,NULL,'2f6fa3c0-2230-4215-b7ba-3d8a66e12d59',NULL),(1886,50,188,88,NULL,'2018-02-16 15:48:06',1,NULL,NULL,NULL,NULL,NULL,NULL,NULL,NULL,NULL,NULL,'0',NULL,NULL,11,'2018-02-16 15:48:08',0,NULL,NULL,NULL,'fc574fbd-69f7-41ce-96db-a173265c822d',NULL),(1887,29,133,89,NULL,'2018-02-17 10:19:16',1,NULL,NULL,NULL,NULL,NULL,NULL,NULL,NULL,NULL,NULL,'1',NULL,NULL,13,'2018-02-17 10:19:16',0,NULL,NULL,NULL,'3a851ff8-23dd-4f4b-ad2d-1be256c45a8e',NULL),(1888,29,134,89,NULL,'2018-02-17 10:19:16',1,NULL,NULL,NULL,NULL,NULL,NULL,NULL,NULL,NULL,NULL,'120',NULL,NULL,13,'2018-02-17 10:19:16',0,NULL,NULL,NULL,'c5ce9b25-0c38-444f-9b08-2ae8d8ec9411',NULL),(1889,29,135,89,NULL,'2018-02-17 10:19:16',1,NULL,NULL,NULL,NULL,NULL,NULL,NULL,NULL,NULL,NULL,'1',NULL,NULL,13,'2018-02-17 10:19:16',0,NULL,NULL,NULL,'2f663dad-9853-4bff-8e63-1a43d99ce33b',NULL),(1890,29,136,89,NULL,'2018-02-17 10:19:16',1,NULL,NULL,NULL,NULL,NULL,NULL,NULL,NULL,NULL,NULL,'1',NULL,NULL,13,'2018-02-17 10:19:16',0,NULL,NULL,NULL,'24ba03d1-592a-4dc1-9dbc-b93bcd8a5fb6',NULL),(1891,29,137,89,NULL,'2018-02-17 10:19:16',1,NULL,NULL,NULL,NULL,NULL,NULL,NULL,NULL,NULL,NULL,'NA',NULL,NULL,13,'2018-02-17 10:19:16',0,NULL,NULL,NULL,'dcc1a7bd-8a08-444d-b68d-f361a12903b9',NULL),(1892,29,138,89,NULL,'2018-02-17 10:19:16',1,NULL,NULL,NULL,NULL,NULL,NULL,NULL,NULL,NULL,NULL,'1',NULL,NULL,13,'2018-02-17 10:19:16',0,NULL,NULL,NULL,'af060bfb-4269-4f97-a6e2-1aba76b1de5b',NULL),(1893,29,139,89,NULL,'2018-02-17 10:19:16',1,NULL,NULL,NULL,NULL,NULL,NULL,NULL,NULL,NULL,NULL,'80',NULL,NULL,13,'2018-02-17 10:19:16',0,NULL,NULL,NULL,'2b8d18bc-d0d3-4c64-b13a-696b898b92f9',NULL),(1894,29,140,89,NULL,'2018-02-17 10:19:16',1,NULL,NULL,NULL,NULL,NULL,NULL,NULL,NULL,NULL,NULL,'7',NULL,NULL,13,'2018-02-17 10:19:16',0,NULL,NULL,NULL,'a9b1824c-0ce5-4794-be95-bda4f382c070',NULL),(1895,29,141,89,NULL,'2018-02-17 10:19:16',1,NULL,NULL,NULL,NULL,NULL,NULL,NULL,NULL,NULL,NULL,'done',NULL,NULL,13,'2018-02-17 10:19:16',0,NULL,NULL,NULL,'f9acb0c8-fd23-48a1-904d-024b5fda00ea',NULL),(1896,29,142,89,NULL,'2018-02-17 10:19:16',1,NULL,NULL,NULL,NULL,NULL,NULL,NULL,NULL,NULL,NULL,'Rectruited',NULL,NULL,13,'2018-02-17 10:19:16',0,NULL,NULL,NULL,'fb05a9c2-d459-42dd-b0e9-17d7c9c71e73',NULL),(1897,29,143,89,NULL,'2018-02-17 10:19:16',1,NULL,NULL,NULL,NULL,NULL,NULL,NULL,NULL,NULL,NULL,'0',NULL,NULL,13,'2018-02-17 10:19:16',0,NULL,NULL,NULL,'4383a2d6-ad81-4c7b-811d-dea1bc60191d',NULL),(1898,29,144,89,NULL,'2018-02-17 10:19:16',1,NULL,NULL,NULL,NULL,NULL,NULL,NULL,NULL,NULL,NULL,'1',NULL,NULL,13,'2018-02-17 10:19:16',0,NULL,NULL,NULL,'3adf86c0-96aa-48a2-a6ac-f64935a30bfb',NULL),(1899,29,145,89,NULL,'2018-02-17 10:19:16',1,NULL,NULL,NULL,NULL,NULL,NULL,NULL,NULL,NULL,NULL,'29.95',NULL,NULL,13,'2018-02-17 10:19:16',0,NULL,NULL,NULL,'24adb3fc-8bd5-42da-b080-51e05d12acbd',NULL),(1900,29,146,89,NULL,'2018-02-17 10:19:16',1,NULL,NULL,NULL,NULL,NULL,NULL,NULL,NULL,NULL,NULL,'70.1',NULL,NULL,13,'2018-02-17 10:19:16',0,NULL,NULL,NULL,'598343e0-7db8-4d85-b970-9bf09981fbbe',NULL),(1901,29,147,89,NULL,'2018-02-17 10:19:16',1,NULL,NULL,NULL,NULL,NULL,NULL,NULL,NULL,NULL,NULL,'153',NULL,NULL,13,'2018-02-17 10:19:16',0,NULL,NULL,NULL,'9b362ec6-f080-4fff-81f0-7ea8493fa834',NULL),(1902,29,148,89,NULL,'2018-02-17 10:19:16',1,NULL,NULL,NULL,NULL,NULL,NULL,NULL,NULL,NULL,NULL,'0',NULL,NULL,13,'2018-02-17 10:19:16',0,NULL,NULL,NULL,'ca9435fe-f9c9-4c3e-9a83-e9f8cadb1c6d',NULL),(1903,29,149,89,NULL,'2018-02-17 10:19:16',1,NULL,NULL,NULL,NULL,NULL,NULL,NULL,NULL,NULL,NULL,'1',NULL,NULL,13,'2018-02-17 10:19:17',0,NULL,NULL,NULL,'3086c9f7-8156-4026-97ff-cd6ff8fff3c8',NULL),(1904,29,150,89,NULL,'2018-02-17 10:19:16',1,NULL,NULL,NULL,NULL,NULL,NULL,NULL,NULL,NULL,NULL,'0',NULL,NULL,13,'2018-02-17 10:19:17',0,NULL,NULL,NULL,'8667c78d-e8da-4ed3-b7ec-0490f987aaa5',NULL),(1905,29,151,89,NULL,'2018-02-17 10:19:16',1,NULL,NULL,NULL,NULL,NULL,NULL,NULL,NULL,NULL,NULL,'1',NULL,NULL,13,'2018-02-17 10:19:17',0,NULL,NULL,NULL,'5d7334f5-b9ad-4f18-bd19-83729c02ba4a',NULL),(1906,29,152,89,NULL,'2018-02-17 10:19:16',1,NULL,NULL,NULL,NULL,NULL,NULL,NULL,NULL,NULL,NULL,'0',NULL,NULL,13,'2018-02-17 10:19:17',0,NULL,NULL,NULL,'98d05eec-b498-4c5e-b09b-fba1d8dd580f',NULL),(1907,29,35,89,NULL,'2018-02-17 10:19:16',1,NULL,NULL,NULL,NULL,NULL,NULL,NULL,NULL,NULL,NULL,'0',NULL,NULL,13,'2018-02-17 10:19:17',0,NULL,NULL,NULL,'af7c38d5-2667-4c3f-873c-eb8d8477434d',NULL),(1908,29,153,89,NULL,'2018-02-17 10:19:16',1,NULL,NULL,NULL,NULL,NULL,NULL,NULL,NULL,NULL,NULL,'1',NULL,NULL,13,'2018-02-17 10:19:17',0,NULL,NULL,NULL,'82f038e6-cf67-49f6-b0dc-c741954798b4',NULL),(1909,29,154,89,NULL,'2018-02-17 10:19:16',1,NULL,NULL,NULL,NULL,NULL,NULL,NULL,NULL,NULL,NULL,'0',NULL,NULL,13,'2018-02-17 10:19:17',0,NULL,NULL,NULL,'65d2d041-3061-48f7-84ff-4aa558fd502e',NULL),(1910,29,155,89,NULL,'2018-02-17 10:19:16',1,NULL,NULL,NULL,NULL,NULL,NULL,NULL,NULL,NULL,NULL,'0',NULL,NULL,13,'2018-02-17 10:19:17',0,NULL,NULL,NULL,'fa160765-aaf0-46bd-808e-2ca5b680bf3f',NULL),(1911,29,156,89,NULL,'2018-02-17 10:19:16',1,NULL,NULL,NULL,NULL,NULL,NULL,NULL,NULL,NULL,NULL,'17-2-2018',NULL,NULL,13,'2018-02-17 10:19:17',0,NULL,NULL,NULL,'6494536b-cea8-410f-be4b-943122cde65e',NULL),(1912,29,157,89,NULL,'2018-02-17 10:19:16',1,NULL,NULL,NULL,NULL,NULL,NULL,NULL,NULL,NULL,NULL,'7',NULL,NULL,13,'2018-02-17 10:19:17',0,NULL,NULL,NULL,'581da947-f533-4f61-b507-10b5e5e0cdcb',NULL),(1913,29,158,89,NULL,'2018-02-17 10:19:16',1,NULL,NULL,NULL,NULL,NULL,NULL,NULL,NULL,NULL,NULL,'17-2-2018',NULL,NULL,13,'2018-02-17 10:19:17',0,NULL,NULL,NULL,'3f5d1fe5-c518-4514-8ae7-60af53105d6d',NULL),(1914,29,159,89,NULL,'2018-02-17 10:19:16',1,NULL,NULL,NULL,NULL,NULL,NULL,NULL,NULL,NULL,NULL,'1',NULL,NULL,13,'2018-02-17 10:19:17',0,NULL,NULL,NULL,'14838379-7cac-495f-8968-33201cbf2127',NULL),(1915,29,160,89,NULL,'2018-02-17 10:19:16',1,NULL,NULL,NULL,NULL,NULL,NULL,NULL,NULL,NULL,NULL,'0',NULL,NULL,13,'2018-02-17 10:19:17',0,NULL,NULL,NULL,'a69feef2-0699-4478-a38f-64b10515739f',NULL),(1916,29,161,89,NULL,'2018-02-17 10:19:16',1,NULL,NULL,NULL,NULL,NULL,NULL,NULL,NULL,NULL,NULL,'1',NULL,NULL,13,'2018-02-17 10:19:17',0,NULL,NULL,NULL,'8e540f03-e792-4aa7-8c8f-14631f01e664',NULL),(1917,29,116,89,NULL,'2018-02-17 10:19:16',1,NULL,NULL,NULL,NULL,NULL,NULL,NULL,NULL,NULL,NULL,'ha_1',NULL,NULL,13,'2018-02-17 10:19:17',0,NULL,NULL,NULL,'ce0f1604-aaa3-44fb-83b5-4b96a81f1bc9',NULL),(1918,29,162,89,NULL,'2018-02-17 10:19:16',1,NULL,NULL,NULL,NULL,NULL,NULL,NULL,NULL,NULL,NULL,'150',NULL,NULL,13,'2018-02-17 10:19:17',0,NULL,NULL,NULL,'b6c88406-4dd3-4e5b-9f76-fb02191e5443',NULL),(1919,29,163,89,NULL,'2018-02-17 10:19:16',1,NULL,NULL,NULL,NULL,NULL,NULL,NULL,NULL,NULL,NULL,'2,5',NULL,NULL,13,'2018-02-17 10:19:17',0,NULL,NULL,NULL,'1d1ac29d-c4fa-4a92-8e2e-e2addbde6440',NULL),(1920,29,164,89,NULL,'2018-02-17 10:19:16',1,NULL,NULL,NULL,NULL,NULL,NULL,NULL,NULL,NULL,NULL,'khalid',NULL,NULL,13,'2018-02-17 10:19:17',0,NULL,NULL,NULL,'98efc0b8-8177-4e80-99c5-c85f3a458fd7',NULL),(1921,29,165,89,NULL,'2018-02-17 10:19:16',1,NULL,NULL,NULL,NULL,NULL,NULL,NULL,NULL,NULL,NULL,'H',NULL,NULL,13,'2018-02-17 10:19:17',0,NULL,NULL,NULL,'aaf993f2-1e28-4f6a-858f-8bafe66f9e1d',NULL),(1922,29,166,89,NULL,'2018-02-17 10:19:16',1,NULL,NULL,NULL,NULL,NULL,NULL,NULL,NULL,NULL,NULL,'123464',NULL,NULL,13,'2018-02-17 10:19:17',0,NULL,NULL,NULL,'0c5eaf2c-f549-4889-ae59-52d1ecf5b0c6',NULL),(1923,29,167,89,NULL,'2018-02-17 10:19:16',1,NULL,NULL,NULL,NULL,NULL,NULL,NULL,NULL,NULL,NULL,'12346875',NULL,NULL,13,'2018-02-17 10:19:17',0,NULL,NULL,NULL,'30ce2a8f-6f38-4863-992d-6afc4554bcc9',NULL),(1924,29,168,89,NULL,'2018-02-17 10:19:16',1,NULL,NULL,NULL,NULL,NULL,NULL,NULL,NULL,NULL,NULL,'1',NULL,NULL,13,'2018-02-17 10:19:17',0,NULL,NULL,NULL,'41777b91-0f8a-4e10-9a1f-be5bc6eee89a',NULL),(1925,29,169,89,NULL,'2018-02-17 10:19:16',1,NULL,NULL,NULL,NULL,NULL,NULL,NULL,NULL,NULL,NULL,'57',NULL,NULL,13,'2018-02-17 10:19:17',0,NULL,NULL,NULL,'426305f1-9e9e-4301-b43e-bb69c0d89d80',NULL),(1926,29,170,89,NULL,'2018-02-17 10:19:16',1,NULL,NULL,NULL,NULL,NULL,NULL,NULL,NULL,NULL,NULL,'1',NULL,NULL,13,'2018-02-17 10:19:17',0,NULL,NULL,NULL,'edae0eb3-69cb-4137-80db-65fa5da1051a',NULL),(1927,29,171,89,NULL,'2018-02-17 10:19:16',1,NULL,NULL,NULL,NULL,NULL,NULL,NULL,NULL,NULL,NULL,'5',NULL,NULL,13,'2018-02-17 10:19:17',0,NULL,NULL,NULL,'3c45e2ec-8cfe-450d-a704-b40e0fe3eee4',NULL),(1928,29,14,89,NULL,'2018-02-17 10:19:16',1,NULL,NULL,NULL,NULL,NULL,NULL,NULL,NULL,NULL,NULL,'zamana',NULL,NULL,13,'2018-02-17 10:19:17',0,NULL,NULL,NULL,'07db71b1-11d5-4854-8f86-0f77aa846c53',NULL),(1929,29,15,89,NULL,'2018-02-17 10:19:16',1,NULL,NULL,NULL,NULL,NULL,NULL,NULL,NULL,NULL,NULL,'zamana',NULL,NULL,13,'2018-02-17 10:19:17',0,NULL,NULL,NULL,'acdedbb4-2b6e-4b61-8945-85202f651574',NULL),(1930,29,8,89,NULL,'2018-02-17 10:19:16',1,NULL,NULL,NULL,NULL,NULL,NULL,NULL,NULL,NULL,NULL,'SH_CVD_ASHA_SCREENING_1',NULL,NULL,13,'2018-02-17 10:19:17',0,NULL,NULL,NULL,'754a1edb-a752-47fc-af7c-f784edc57fd6',NULL),(1931,29,9,89,NULL,'2018-02-17 10:19:16',1,NULL,NULL,NULL,NULL,NULL,NULL,NULL,NULL,NULL,NULL,'17-02-2018 10:27:46',NULL,NULL,13,'2018-02-17 10:19:17',0,NULL,NULL,NULL,'af2b30f8-508b-4d76-b520-190e55a79ddc',NULL),(1932,29,7,89,NULL,'2018-02-17 10:19:16',1,NULL,NULL,NULL,NULL,NULL,NULL,NULL,NULL,NULL,NULL,'ha_1',NULL,NULL,13,'2018-02-17 10:19:17',0,NULL,NULL,NULL,'a7b52096-79f2-4e11-aadc-9e6e9c8b8586',NULL),(1933,29,118,89,NULL,'2018-02-17 10:19:16',1,NULL,NULL,NULL,NULL,NULL,NULL,NULL,NULL,NULL,NULL,'NA',NULL,NULL,13,'2018-02-17 10:19:17',0,NULL,NULL,NULL,'e76d9d41-a3fe-4546-aedf-6b7671ee0117',NULL),(1934,29,12,89,NULL,'2018-02-17 10:19:16',1,NULL,NULL,NULL,NULL,NULL,NULL,NULL,NULL,NULL,NULL,'1010010001',NULL,NULL,13,'2018-02-17 10:19:17',0,NULL,NULL,NULL,'2008d89e-c8ac-4d6e-bae8-2edf98216b06',NULL),(1935,29,22,89,NULL,'2018-02-17 10:19:16',1,NULL,NULL,NULL,NULL,NULL,NULL,NULL,NULL,NULL,NULL,'F',NULL,NULL,13,'2018-02-17 10:19:17',0,NULL,NULL,NULL,'bc1d4582-347a-44ff-8d2e-785c97fe0bdd',NULL),(1936,29,20,89,NULL,'2018-02-17 10:19:16',1,NULL,NULL,NULL,NULL,NULL,NULL,NULL,NULL,NULL,NULL,'17-2-2018',NULL,NULL,13,'2018-02-17 10:19:17',0,NULL,NULL,NULL,'c1b1921f-953c-47d0-a919-843cf1134ba8',NULL),(1937,29,18,89,NULL,'2018-02-17 10:19:16',1,NULL,NULL,NULL,NULL,NULL,NULL,NULL,NULL,NULL,NULL,'1-1-1966',NULL,NULL,13,'2018-02-17 10:19:17',0,NULL,NULL,NULL,'ab1fae26-088f-4d39-89a0-61e28ba4d843',NULL),(1938,29,172,89,NULL,'2018-02-17 10:19:16',1,NULL,NULL,NULL,NULL,NULL,NULL,NULL,NULL,NULL,NULL,'NA',NULL,NULL,13,'2018-02-17 10:19:17',0,NULL,NULL,NULL,'8ccce995-14a8-49c1-990a-b7ec74919023',NULL),(1939,29,19,89,NULL,'2018-02-17 10:19:16',1,NULL,NULL,NULL,NULL,NULL,NULL,NULL,NULL,NULL,NULL,'NA',NULL,NULL,13,'2018-02-17 10:19:17',0,NULL,NULL,NULL,'85563d20-0a3d-4447-b583-3ce5b8f4344b',NULL),(1940,29,116,89,NULL,'2018-02-17 10:19:16',1,NULL,NULL,NULL,NULL,NULL,NULL,NULL,NULL,NULL,NULL,'ha_1',NULL,NULL,13,'2018-02-17 10:19:17',0,NULL,NULL,NULL,'8833017a-c27b-4da6-b413-38fc5000a04e',NULL),(1941,29,173,89,NULL,'2018-02-17 10:19:16',1,NULL,NULL,NULL,NULL,NULL,NULL,NULL,NULL,NULL,NULL,'1',NULL,NULL,13,'2018-02-17 10:19:17',0,NULL,NULL,NULL,'813df86f-4fdb-4674-a68d-ca5bd51ead9b',NULL),(1942,29,174,89,NULL,'2018-02-17 10:19:16',1,NULL,NULL,NULL,NULL,NULL,NULL,NULL,NULL,NULL,NULL,'nvhhud',NULL,NULL,13,'2018-02-17 10:19:17',0,NULL,NULL,NULL,'e0113db7-7bb0-4e20-b6d5-17ecf4f8f54c',NULL),(1943,29,175,89,NULL,'2018-02-17 10:19:16',1,NULL,NULL,NULL,NULL,NULL,NULL,NULL,NULL,NULL,NULL,'17-2-2018',NULL,NULL,13,'2018-02-17 10:19:17',0,NULL,NULL,NULL,'9ff3aa45-b752-4207-90c6-bffcbd7dacec',NULL),(1944,29,22,89,NULL,'2018-02-17 10:19:16',1,NULL,NULL,NULL,NULL,NULL,NULL,NULL,NULL,NULL,NULL,'F',NULL,NULL,13,'2018-02-17 10:19:17',0,NULL,NULL,NULL,'796712f0-6da0-4875-885f-c24f78a832f0',NULL),(1945,29,128,89,NULL,'2018-02-17 10:19:16',1,NULL,NULL,NULL,NULL,NULL,NULL,NULL,NULL,NULL,NULL,'124346978750',NULL,NULL,13,'2018-02-17 10:19:17',0,NULL,NULL,NULL,'7201c33d-50a6-4cd9-b2d4-f73ca72e05fc',NULL),(1946,29,16,89,NULL,'2018-02-17 10:19:16',1,NULL,NULL,NULL,NULL,NULL,NULL,NULL,NULL,NULL,NULL,'1243797507',NULL,NULL,13,'2018-02-17 10:19:17',0,NULL,NULL,NULL,'61f55677-335c-48a7-84f3-2a4dc932706d',NULL),(1947,29,21,89,NULL,'2018-02-17 10:19:16',1,NULL,NULL,NULL,NULL,NULL,NULL,NULL,NULL,NULL,NULL,'52',NULL,NULL,13,'2018-02-17 10:19:17',0,NULL,NULL,NULL,'724b67c6-73a0-43e6-84f2-b15cba87882d',NULL),(1948,29,6,89,NULL,'2018-02-17 10:19:16',1,NULL,NULL,NULL,NULL,NULL,NULL,NULL,NULL,NULL,NULL,'vndhhdh',NULL,NULL,13,'2018-02-17 10:19:17',0,NULL,NULL,NULL,'963294f1-a9ec-458a-8888-0161514f5be8',NULL),(1949,29,5,89,NULL,'2018-02-17 10:19:16',1,NULL,NULL,NULL,NULL,NULL,NULL,NULL,NULL,NULL,NULL,'3',NULL,NULL,13,'2018-02-17 10:19:17',0,NULL,NULL,NULL,'3f4066ef-4366-4d27-b560-9952ad10fc5d',NULL),(1950,29,114,89,NULL,'2018-02-17 10:19:16',1,NULL,NULL,NULL,NULL,NULL,NULL,NULL,NULL,NULL,NULL,'17-02-2018 10:27:46',NULL,NULL,13,'2018-02-17 10:19:18',0,NULL,NULL,NULL,'6e4a3d1c-0bb8-4093-afea-e84f8af99a30',NULL),(1951,29,119,89,NULL,'2018-02-17 10:19:16',1,NULL,NULL,NULL,NULL,NULL,NULL,NULL,NULL,NULL,NULL,'SH_CVD_ASHA_SCREENING_1',NULL,NULL,13,'2018-02-17 10:19:18',0,NULL,NULL,NULL,'0a25da50-516e-4ab6-8480-f196dd0b8ac6',NULL),(1952,29,176,89,NULL,'2018-02-17 10:19:16',1,NULL,NULL,NULL,NULL,NULL,NULL,NULL,NULL,NULL,NULL,'NA',NULL,NULL,13,'2018-02-17 10:19:18',0,NULL,NULL,NULL,'20309ba9-7a4b-4cdf-9880-2aca6f1a0563',NULL),(1953,29,177,89,NULL,'2018-02-17 10:19:16',1,NULL,NULL,NULL,NULL,NULL,NULL,NULL,NULL,NULL,NULL,'NA',NULL,NULL,13,'2018-02-17 10:19:18',0,NULL,NULL,NULL,'f3d68bb8-2d6d-4d3f-8b7a-ae01571806b0',NULL),(1954,29,178,89,NULL,'2018-02-17 10:19:16',1,NULL,NULL,NULL,NULL,NULL,NULL,NULL,NULL,NULL,NULL,'NA',NULL,NULL,13,'2018-02-17 10:19:18',0,NULL,NULL,NULL,'ca33005a-936b-42af-87ef-10c275b7c57b',NULL),(1955,29,79,89,NULL,'2018-02-17 10:19:16',1,NULL,NULL,NULL,NULL,NULL,NULL,NULL,NULL,NULL,NULL,'NA',NULL,NULL,13,'2018-02-17 10:19:18',0,NULL,NULL,NULL,'f2086e65-6d4d-457b-88de-63b771cef2af',NULL),(1956,29,80,89,NULL,'2018-02-17 10:19:16',1,NULL,NULL,NULL,NULL,NULL,NULL,NULL,NULL,NULL,NULL,'NA',NULL,NULL,13,'2018-02-17 10:19:18',0,NULL,NULL,NULL,'30f0767b-2c44-4537-8266-64b22e31cf1e',NULL),(1957,29,179,89,NULL,'2018-02-17 10:19:16',1,NULL,NULL,NULL,NULL,NULL,NULL,NULL,NULL,NULL,NULL,'NA',NULL,NULL,13,'2018-02-17 10:19:18',0,NULL,NULL,NULL,'4dc7dbd2-61ae-44b2-899c-39e4144b9ee8',NULL),(1958,29,117,89,NULL,'2018-02-17 10:19:16',1,NULL,NULL,NULL,NULL,NULL,NULL,NULL,NULL,NULL,NULL,'asha',NULL,NULL,13,'2018-02-17 10:19:18',0,NULL,NULL,NULL,'e27bdea3-f37c-4b6c-a75e-ac86d3350ee0',NULL),(1959,29,115,89,NULL,'2018-02-17 10:19:16',1,NULL,NULL,NULL,NULL,NULL,NULL,NULL,NULL,NULL,NULL,'17-02-2018 10:27:46',NULL,NULL,13,'2018-02-17 10:19:18',0,NULL,NULL,NULL,'f8f22d5f-a890-491f-ba4a-a92ff977fc76',NULL),(1960,29,180,89,NULL,'2018-02-17 10:19:16',1,NULL,NULL,NULL,NULL,NULL,NULL,NULL,NULL,NULL,NULL,'NA',NULL,NULL,13,'2018-02-17 10:19:18',0,NULL,NULL,NULL,'04fc9a50-3c5f-4165-826d-ad342bb0e75c',NULL),(1961,29,181,89,NULL,'2018-02-17 10:19:16',1,NULL,NULL,NULL,NULL,NULL,NULL,NULL,NULL,NULL,NULL,'NA',NULL,NULL,13,'2018-02-17 10:19:18',0,NULL,NULL,NULL,'512dc928-9ea0-4c23-819e-a053cb665519',NULL),(1962,29,182,89,NULL,'2018-02-17 10:19:16',1,NULL,NULL,NULL,NULL,NULL,NULL,NULL,NULL,NULL,NULL,'NA',NULL,NULL,13,'2018-02-17 10:19:18',0,NULL,NULL,NULL,'d37a7314-7245-41dc-b0f4-f3f387da0060',NULL),(1963,29,183,89,NULL,'2018-02-17 10:19:16',1,NULL,NULL,NULL,NULL,NULL,NULL,NULL,NULL,NULL,NULL,'NA',NULL,NULL,13,'2018-02-17 10:19:18',0,NULL,NULL,NULL,'8a8ca02e-1fb2-4033-8b39-cb481641926d',NULL),(1964,29,184,89,NULL,'2018-02-17 10:19:16',1,NULL,NULL,NULL,NULL,NULL,NULL,NULL,NULL,NULL,NULL,'NA',NULL,NULL,13,'2018-02-17 10:19:18',0,NULL,NULL,NULL,'6c616a94-c5e0-4dad-9ab5-f145c6d92383',NULL),(1965,29,185,89,NULL,'2018-02-17 10:19:16',1,NULL,NULL,NULL,NULL,NULL,NULL,NULL,NULL,NULL,NULL,'NA',NULL,NULL,13,'2018-02-17 10:19:18',0,NULL,NULL,NULL,'4a7499ee-e4b7-4ade-8674-013002f36c11',NULL),(1966,29,186,89,NULL,'2018-02-17 10:19:16',1,NULL,NULL,NULL,NULL,NULL,NULL,NULL,NULL,NULL,NULL,'NA',NULL,NULL,13,'2018-02-17 10:19:18',0,NULL,NULL,NULL,'67919366-671d-4624-8f3c-7e817deb47fe',NULL),(1967,29,187,89,NULL,'2018-02-17 10:19:16',1,NULL,NULL,NULL,NULL,NULL,NULL,NULL,NULL,NULL,NULL,'NA',NULL,NULL,13,'2018-02-17 10:19:18',0,NULL,NULL,NULL,'e95e5012-a110-4874-9d32-27c6a7d4b2d3',NULL),(1968,29,188,89,NULL,'2018-02-17 10:19:16',1,NULL,NULL,NULL,NULL,NULL,NULL,NULL,NULL,NULL,NULL,'NA',NULL,NULL,13,'2018-02-17 10:19:18',0,NULL,NULL,NULL,'b9359f6c-387e-4ab4-9787-b58e96953620',NULL),(1969,60,175,90,NULL,'2018-02-19 09:36:34',1,NULL,NULL,NULL,NULL,NULL,NULL,NULL,NULL,NULL,NULL,'17-2-2018',NULL,NULL,13,'2018-02-19 09:36:34',0,NULL,NULL,NULL,'9da5da44-a625-49ea-bdc7-37166c4fd77c',NULL),(1970,60,174,90,NULL,'2018-02-19 09:36:34',1,NULL,NULL,NULL,NULL,NULL,NULL,NULL,NULL,NULL,NULL,'big st',NULL,NULL,13,'2018-02-19 09:36:34',0,NULL,NULL,NULL,'efe456cc-f804-499c-8466-8bc2c8e15b90',NULL),(1971,60,128,90,NULL,'2018-02-19 09:36:34',1,NULL,NULL,NULL,NULL,NULL,NULL,NULL,NULL,NULL,NULL,'525652556335',NULL,NULL,13,'2018-02-19 09:36:34',0,NULL,NULL,NULL,'fe5b791b-81bb-4393-a462-383fa32140a9',NULL),(1972,60,22,90,NULL,'2018-02-19 09:36:34',1,NULL,NULL,NULL,NULL,NULL,NULL,NULL,NULL,NULL,NULL,'M',NULL,NULL,13,'2018-02-19 09:36:34',0,NULL,NULL,NULL,'68e22edc-85dd-4754-99af-ebc5098d8534',NULL),(1973,60,21,90,NULL,'2018-02-19 09:36:34',1,NULL,NULL,NULL,NULL,NULL,NULL,NULL,NULL,NULL,NULL,'55',NULL,NULL,13,'2018-02-19 09:36:34',0,NULL,NULL,NULL,'8850091d-5c75-4d05-a75c-cdafaf22b469',NULL),(1974,60,16,90,NULL,'2018-02-19 09:36:34',1,NULL,NULL,NULL,NULL,NULL,NULL,NULL,NULL,NULL,NULL,'9562352514',NULL,NULL,13,'2018-02-19 09:36:34',0,NULL,NULL,NULL,'7e577a94-9823-4c33-adad-0cc8f60811c3',NULL),(1975,60,5,90,NULL,'2018-02-19 09:36:34',1,NULL,NULL,NULL,NULL,NULL,NULL,NULL,NULL,NULL,NULL,'3',NULL,NULL,13,'2018-02-19 09:36:34',0,NULL,NULL,NULL,'467c046c-76ad-4da1-8a59-055cbd242fd5',NULL),(1976,60,6,90,NULL,'2018-02-19 09:36:34',1,NULL,NULL,NULL,NULL,NULL,NULL,NULL,NULL,NULL,NULL,'panamadangi',NULL,NULL,13,'2018-02-19 09:36:34',0,NULL,NULL,NULL,'eeb3766b-4ad5-4c66-85cb-314ecb6604f1',NULL),(1977,60,150,90,NULL,'2018-02-19 09:36:34',1,NULL,NULL,NULL,NULL,NULL,NULL,NULL,NULL,NULL,NULL,'0',NULL,NULL,13,'2018-02-19 09:36:34',0,NULL,NULL,NULL,'9745ef03-4284-414f-9597-bb1b5d6a7e2b',NULL),(1978,60,149,90,NULL,'2018-02-19 09:36:34',1,NULL,NULL,NULL,NULL,NULL,NULL,NULL,NULL,NULL,NULL,'1',NULL,NULL,13,'2018-02-19 09:36:34',0,NULL,NULL,NULL,'8ce21776-a874-4cc1-beff-e4653ce17bc1',NULL),(1979,60,160,90,NULL,'2018-02-19 09:36:34',1,NULL,NULL,NULL,NULL,NULL,NULL,NULL,NULL,NULL,NULL,'0',NULL,NULL,13,'2018-02-19 09:36:34',0,NULL,NULL,NULL,'2321ec90-9f4d-4bb2-92c6-b789dcf4376b',NULL),(1980,60,161,90,NULL,'2018-02-19 09:36:34',1,NULL,NULL,NULL,NULL,NULL,NULL,NULL,NULL,NULL,NULL,'1',NULL,NULL,13,'2018-02-19 09:36:34',0,NULL,NULL,NULL,'da54787d-555f-48cd-982a-0d9d9be7ed9a',NULL),(1981,60,146,90,NULL,'2018-02-19 09:36:34',1,NULL,NULL,NULL,NULL,NULL,NULL,NULL,NULL,NULL,NULL,'52',NULL,NULL,13,'2018-02-19 09:36:34',0,NULL,NULL,NULL,'a37dfca3-e67f-4b08-89f6-1448f6e5860e',NULL),(1982,60,145,90,NULL,'2018-02-19 09:36:34',1,NULL,NULL,NULL,NULL,NULL,NULL,NULL,NULL,NULL,NULL,'21.37',NULL,NULL,13,'2018-02-19 09:36:34',0,NULL,NULL,NULL,'5b19b7ce-7327-41b2-a9ec-166304ac7601',NULL),(1983,60,148,90,NULL,'2018-02-19 09:36:34',1,NULL,NULL,NULL,NULL,NULL,NULL,NULL,NULL,NULL,NULL,'0',NULL,NULL,13,'2018-02-19 09:36:34',0,NULL,NULL,NULL,'ffd72d85-b0e0-47ec-bde0-58d01ee93551',NULL),(1984,60,147,90,NULL,'2018-02-19 09:36:34',1,NULL,NULL,NULL,NULL,NULL,NULL,NULL,NULL,NULL,NULL,'156',NULL,NULL,13,'2018-02-19 09:36:34',0,NULL,NULL,NULL,'cc5eb7a7-872f-4213-b055-6a596dabdaff',NULL),(1985,60,144,90,NULL,'2018-02-19 09:36:34',1,NULL,NULL,NULL,NULL,NULL,NULL,NULL,NULL,NULL,NULL,'1',NULL,NULL,13,'2018-02-19 09:36:34',0,NULL,NULL,NULL,'9fec6500-8bca-4cef-9d0e-f54526fb8151',NULL),(1986,60,143,90,NULL,'2018-02-19 09:36:34',1,NULL,NULL,NULL,NULL,NULL,NULL,NULL,NULL,NULL,NULL,'0',NULL,NULL,13,'2018-02-19 09:36:34',0,NULL,NULL,NULL,'c47c9618-6bf9-46d0-912c-9ffac07ee24b',NULL),(1987,60,171,90,NULL,'2018-02-19 09:36:34',1,NULL,NULL,NULL,NULL,NULL,NULL,NULL,NULL,NULL,NULL,'4',NULL,NULL,13,'2018-02-19 09:36:34',0,NULL,NULL,NULL,'6c4daa59-6eab-483a-adf2-4449f4659696',NULL),(1988,60,170,90,NULL,'2018-02-19 09:36:34',1,NULL,NULL,NULL,NULL,NULL,NULL,NULL,NULL,NULL,NULL,'4',NULL,NULL,13,'2018-02-19 09:36:34',0,NULL,NULL,NULL,'36022c73-1244-4735-9193-896744daa145',NULL),(1989,60,183,90,NULL,'2018-02-19 09:36:34',1,NULL,NULL,NULL,NULL,NULL,NULL,NULL,NULL,NULL,NULL,'NA',NULL,NULL,13,'2018-02-19 09:36:34',0,NULL,NULL,NULL,'75a86185-09fe-4e47-b3ed-115690a2db64',NULL),(1990,60,184,90,NULL,'2018-02-19 09:36:34',1,NULL,NULL,NULL,NULL,NULL,NULL,NULL,NULL,NULL,NULL,'NA',NULL,NULL,13,'2018-02-19 09:36:34',0,NULL,NULL,NULL,'8bc1784f-3859-467d-b795-7a5ea77cb932',NULL),(1991,60,167,90,NULL,'2018-02-19 09:36:34',1,NULL,NULL,NULL,NULL,NULL,NULL,NULL,NULL,NULL,NULL,'1256352',NULL,NULL,13,'2018-02-19 09:36:34',0,NULL,NULL,NULL,'a249e495-ce65-4e32-a57d-3e709f4200a5',NULL),(1992,60,166,90,NULL,'2018-02-19 09:36:34',1,NULL,NULL,NULL,NULL,NULL,NULL,NULL,NULL,NULL,NULL,'652536',NULL,NULL,13,'2018-02-19 09:36:35',0,NULL,NULL,NULL,'fe043a5e-5d61-40c5-a18c-f4a65cf9aa9d',NULL),(1993,60,169,90,NULL,'2018-02-19 09:36:34',1,NULL,NULL,NULL,NULL,NULL,NULL,NULL,NULL,NULL,NULL,'34',NULL,NULL,13,'2018-02-19 09:36:35',0,NULL,NULL,NULL,'9fc1b918-ada9-479e-b242-ddc000780780',NULL),(1994,60,168,90,NULL,'2018-02-19 09:36:34',1,NULL,NULL,NULL,NULL,NULL,NULL,NULL,NULL,NULL,NULL,'2',NULL,NULL,13,'2018-02-19 09:36:35',0,NULL,NULL,NULL,'2850b5ad-774e-4618-b42d-9b95a335cf21',NULL),(1995,60,116,90,NULL,'2018-02-19 09:36:34',1,NULL,NULL,NULL,NULL,NULL,NULL,NULL,NULL,NULL,NULL,'ha_5',NULL,NULL,13,'2018-02-19 09:36:35',0,NULL,NULL,NULL,'23397214-dee4-47bd-9455-571482e645c8',NULL),(1996,60,173,90,NULL,'2018-02-19 09:36:34',1,NULL,NULL,NULL,NULL,NULL,NULL,NULL,NULL,NULL,NULL,'1',NULL,NULL,13,'2018-02-19 09:36:35',0,NULL,NULL,NULL,'8a2bc3af-446a-4145-8525-fd5f95681bd9',NULL),(1997,60,165,90,NULL,'2018-02-19 09:36:34',1,NULL,NULL,NULL,NULL,NULL,NULL,NULL,NULL,NULL,NULL,'F',NULL,NULL,13,'2018-02-19 09:36:35',0,NULL,NULL,NULL,'ae60ca50-b4a8-470e-a910-ef145a55b897',NULL),(1998,60,164,90,NULL,'2018-02-19 09:36:34',1,NULL,NULL,NULL,NULL,NULL,NULL,NULL,NULL,NULL,NULL,'father1',NULL,NULL,13,'2018-02-19 09:36:35',0,NULL,NULL,NULL,'838410b3-1cb0-4114-8b47-4a8577b31e22',NULL),(1999,60,137,90,NULL,'2018-02-19 09:36:34',1,NULL,NULL,NULL,NULL,NULL,NULL,NULL,NULL,NULL,NULL,'NA',NULL,NULL,13,'2018-02-19 09:36:35',0,NULL,NULL,NULL,'52d69141-96b4-42b8-b18b-8d0d226f24ac',NULL),(2000,60,138,90,NULL,'2018-02-19 09:36:34',1,NULL,NULL,NULL,NULL,NULL,NULL,NULL,NULL,NULL,NULL,'1',NULL,NULL,13,'2018-02-19 09:36:35',0,NULL,NULL,NULL,'b33a97ec-91f5-4518-b132-28404d675200',NULL),(2001,60,133,90,NULL,'2018-02-19 09:36:34',1,NULL,NULL,NULL,NULL,NULL,NULL,NULL,NULL,NULL,NULL,'1',NULL,NULL,13,'2018-02-19 09:36:35',0,NULL,NULL,NULL,'844aabce-0e3a-4260-944d-84aa948fd4af',NULL),(2002,60,134,90,NULL,'2018-02-19 09:36:34',1,NULL,NULL,NULL,NULL,NULL,NULL,NULL,NULL,NULL,NULL,'120',NULL,NULL,13,'2018-02-19 09:36:35',0,NULL,NULL,NULL,'471a0575-e100-43f8-a884-14b92fe5dbf1',NULL),(2003,60,139,90,NULL,'2018-02-19 09:36:34',1,NULL,NULL,NULL,NULL,NULL,NULL,NULL,NULL,NULL,NULL,'80',NULL,NULL,13,'2018-02-19 09:36:35',0,NULL,NULL,NULL,'1a38fd2c-2aa3-4da0-a78d-2d30a57862e8',NULL),(2004,60,140,90,NULL,'2018-02-19 09:36:34',1,NULL,NULL,NULL,NULL,NULL,NULL,NULL,NULL,NULL,NULL,'9.1',NULL,NULL,13,'2018-02-19 09:36:35',0,NULL,NULL,NULL,'b7d326e1-1413-422e-9a95-adfddc87f63c',NULL),(2005,60,152,90,NULL,'2018-02-19 09:36:34',1,NULL,NULL,NULL,NULL,NULL,NULL,NULL,NULL,NULL,NULL,'0',NULL,NULL,13,'2018-02-19 09:36:35',0,NULL,NULL,NULL,'32689189-5f07-4baf-a858-d289d8aa41b8',NULL),(2006,60,151,90,NULL,'2018-02-19 09:36:34',1,NULL,NULL,NULL,NULL,NULL,NULL,NULL,NULL,NULL,NULL,'1',NULL,NULL,13,'2018-02-19 09:36:35',0,NULL,NULL,NULL,'b28a6516-1c8f-4d4a-801a-823443a62484',NULL),(2007,60,135,90,NULL,'2018-02-19 09:36:34',1,NULL,NULL,NULL,NULL,NULL,NULL,NULL,NULL,NULL,NULL,'1',NULL,NULL,13,'2018-02-19 09:36:35',0,NULL,NULL,NULL,'7fb39f60-8e9b-4129-9dae-f1d8918d2498',NULL),(2008,60,136,90,NULL,'2018-02-19 09:36:34',1,NULL,NULL,NULL,NULL,NULL,NULL,NULL,NULL,NULL,NULL,'1',NULL,NULL,13,'2018-02-19 09:36:35',0,NULL,NULL,NULL,'d113d7ac-3942-4ce9-8e10-998b49e8e99d',NULL),(2009,60,19,90,NULL,'2018-02-19 09:36:34',1,NULL,NULL,NULL,NULL,NULL,NULL,NULL,NULL,NULL,NULL,'NA',NULL,NULL,13,'2018-02-19 09:36:35',0,NULL,NULL,NULL,'9c5d5fe2-a4de-47fb-95df-a4bd2fca944d',NULL),(2010,60,119,90,NULL,'2018-02-19 09:36:34',1,NULL,NULL,NULL,NULL,NULL,NULL,NULL,NULL,NULL,NULL,'SH_CVD_ASHA_SCREENING_1',NULL,NULL,13,'2018-02-19 09:36:35',0,NULL,NULL,NULL,'0d5c3804-bb1d-43bb-b877-ba7b105bcfd7',NULL),(2011,60,114,90,NULL,'2018-02-19 09:36:34',1,NULL,NULL,NULL,NULL,NULL,NULL,NULL,NULL,NULL,NULL,'19-02-2018 09:33:25',NULL,NULL,13,'2018-02-19 09:36:35',0,NULL,NULL,NULL,'9daa4b53-718d-4fd2-b423-e23027cba55e',NULL),(2012,60,7,90,NULL,'2018-02-19 09:36:34',1,NULL,NULL,NULL,NULL,NULL,NULL,NULL,NULL,NULL,NULL,'ha_5',NULL,NULL,13,'2018-02-19 09:36:35',0,NULL,NULL,NULL,'e9d97c53-da90-4866-89dd-270151c84d3d',NULL),(2013,60,118,90,NULL,'2018-02-19 09:36:34',1,NULL,NULL,NULL,NULL,NULL,NULL,NULL,NULL,NULL,NULL,'NA',NULL,NULL,13,'2018-02-19 09:36:35',0,NULL,NULL,NULL,'fa558ced-bcdc-4aa3-9ccd-5b573134bab5',NULL),(2014,60,8,90,NULL,'2018-02-19 09:36:34',1,NULL,NULL,NULL,NULL,NULL,NULL,NULL,NULL,NULL,NULL,'SH_CVD_ASHA_SCREENING_1',NULL,NULL,13,'2018-02-19 09:36:35',0,NULL,NULL,NULL,'999c98e6-87d1-416d-b974-ca2adfc60940',NULL),(2015,60,9,90,NULL,'2018-02-19 09:36:34',1,NULL,NULL,NULL,NULL,NULL,NULL,NULL,NULL,NULL,NULL,'19-02-2018 09:33:25',NULL,NULL,13,'2018-02-19 09:36:35',0,NULL,NULL,NULL,'c24333cb-c131-4313-96e4-9cd00206d303',NULL),(2016,60,20,90,NULL,'2018-02-19 09:36:34',1,NULL,NULL,NULL,NULL,NULL,NULL,NULL,NULL,NULL,NULL,'17-2-2018',NULL,NULL,13,'2018-02-19 09:36:35',0,NULL,NULL,NULL,'3e1fdb2a-b807-4d78-ade4-6939a13217c7',NULL),(2017,60,18,90,NULL,'2018-02-19 09:36:34',1,NULL,NULL,NULL,NULL,NULL,NULL,NULL,NULL,NULL,NULL,'1-1-1963',NULL,NULL,13,'2018-02-19 09:36:35',0,NULL,NULL,NULL,'0b418c2d-a122-46c5-8254-53f22ce84edf',NULL),(2018,60,12,90,NULL,'2018-02-19 09:36:34',1,NULL,NULL,NULL,NULL,NULL,NULL,NULL,NULL,NULL,NULL,'1010050001',NULL,NULL,13,'2018-02-19 09:36:35',0,NULL,NULL,NULL,'c5c1b51e-fac1-416a-ad1a-d2bd3a2730ba',NULL),(2019,60,22,90,NULL,'2018-02-19 09:36:34',1,NULL,NULL,NULL,NULL,NULL,NULL,NULL,NULL,NULL,NULL,'M',NULL,NULL,13,'2018-02-19 09:36:35',0,NULL,NULL,NULL,'5cf86de8-7135-4bb5-847e-d2bda1b7c24a',NULL),(2020,60,80,90,NULL,'2018-02-19 09:36:34',1,NULL,NULL,NULL,NULL,NULL,NULL,NULL,NULL,NULL,NULL,'NA',NULL,NULL,13,'2018-02-19 09:36:35',0,NULL,NULL,NULL,'d2f875de-1579-4137-9c6e-36c169904c7f',NULL),(2021,60,179,90,NULL,'2018-02-19 09:36:34',1,NULL,NULL,NULL,NULL,NULL,NULL,NULL,NULL,NULL,NULL,'NA',NULL,NULL,13,'2018-02-19 09:36:35',0,NULL,NULL,NULL,'6b0ba999-b5bb-4e46-a1c9-1c586d1981a9',NULL),(2022,60,178,90,NULL,'2018-02-19 09:36:34',1,NULL,NULL,NULL,NULL,NULL,NULL,NULL,NULL,NULL,NULL,'NA',NULL,NULL,13,'2018-02-19 09:36:35',0,NULL,NULL,NULL,'febe0b3a-2ca3-439e-83e5-34016ec32cd6',NULL),(2023,60,79,90,NULL,'2018-02-19 09:36:34',1,NULL,NULL,NULL,NULL,NULL,NULL,NULL,NULL,NULL,NULL,'NA',NULL,NULL,13,'2018-02-19 09:36:35',0,NULL,NULL,NULL,'0d961b89-1d8e-4f90-b7c4-369afe38f149',NULL),(2024,60,176,90,NULL,'2018-02-19 09:36:34',1,NULL,NULL,NULL,NULL,NULL,NULL,NULL,NULL,NULL,NULL,'NA',NULL,NULL,13,'2018-02-19 09:36:35',0,NULL,NULL,NULL,'e7104591-15b2-40db-b3ef-34e16240ee21',NULL),(2025,60,177,90,NULL,'2018-02-19 09:36:34',1,NULL,NULL,NULL,NULL,NULL,NULL,NULL,NULL,NULL,NULL,'NA',NULL,NULL,13,'2018-02-19 09:36:35',0,NULL,NULL,NULL,'fbf1c0b2-4cd4-4aeb-b0f8-f6245ee8e864',NULL),(2026,60,172,90,NULL,'2018-02-19 09:36:34',1,NULL,NULL,NULL,NULL,NULL,NULL,NULL,NULL,NULL,NULL,'NA',NULL,NULL,13,'2018-02-19 09:36:35',0,NULL,NULL,NULL,'99555ccc-b980-4de8-b1fc-604038ddcd88',NULL),(2027,60,180,90,NULL,'2018-02-19 09:36:34',1,NULL,NULL,NULL,NULL,NULL,NULL,NULL,NULL,NULL,NULL,'NA',NULL,NULL,13,'2018-02-19 09:36:35',0,NULL,NULL,NULL,'d444b07a-59b1-4301-bc3f-dd6de7753610',NULL),(2028,60,117,90,NULL,'2018-02-19 09:36:34',1,NULL,NULL,NULL,NULL,NULL,NULL,NULL,NULL,NULL,NULL,'asha',NULL,NULL,13,'2018-02-19 09:36:35',0,NULL,NULL,NULL,'a9ada214-eec2-4ef8-9b29-7d7f13bd2390',NULL),(2029,60,115,90,NULL,'2018-02-19 09:36:34',1,NULL,NULL,NULL,NULL,NULL,NULL,NULL,NULL,NULL,NULL,'19-02-2018 09:33:25',NULL,NULL,13,'2018-02-19 09:36:35',0,NULL,NULL,NULL,'1f9910d9-9765-44c2-b510-f3b0af861e64',NULL),(2030,60,15,90,NULL,'2018-02-19 09:36:34',1,NULL,NULL,NULL,NULL,NULL,NULL,NULL,NULL,NULL,NULL,'test1',NULL,NULL,13,'2018-02-19 09:36:35',0,NULL,NULL,NULL,'f0e155be-85f3-4f7f-bf25-eee79b7f1fe4',NULL),(2031,60,14,90,NULL,'2018-02-19 09:36:34',1,NULL,NULL,NULL,NULL,NULL,NULL,NULL,NULL,NULL,NULL,'test1',NULL,NULL,13,'2018-02-19 09:36:35',0,NULL,NULL,NULL,'c6858af6-3800-4c57-b4cd-2977b192cae8',NULL),(2032,60,116,90,NULL,'2018-02-19 09:36:34',1,NULL,NULL,NULL,NULL,NULL,NULL,NULL,NULL,NULL,NULL,'ha_5',NULL,NULL,13,'2018-02-19 09:36:35',0,NULL,NULL,NULL,'d535686a-04ae-42dc-9844-4a4a05e37763',NULL),(2033,60,181,90,NULL,'2018-02-19 09:36:34',1,NULL,NULL,NULL,NULL,NULL,NULL,NULL,NULL,NULL,NULL,'NA',NULL,NULL,13,'2018-02-19 09:36:35',0,NULL,NULL,NULL,'e4b5b544-4729-493f-ab1e-3b94e260c156',NULL),(2034,60,182,90,NULL,'2018-02-19 09:36:34',1,NULL,NULL,NULL,NULL,NULL,NULL,NULL,NULL,NULL,NULL,'NA',NULL,NULL,13,'2018-02-19 09:36:35',0,NULL,NULL,NULL,'404635bc-2cdd-460c-991f-24365c9f5d8e',NULL),(2035,60,187,90,NULL,'2018-02-19 09:36:34',1,NULL,NULL,NULL,NULL,NULL,NULL,NULL,NULL,NULL,NULL,'NA',NULL,NULL,13,'2018-02-19 09:36:35',0,NULL,NULL,NULL,'540214b8-0b75-4891-9dff-3a7e7a8b4823',NULL),(2036,60,188,90,NULL,'2018-02-19 09:36:34',1,NULL,NULL,NULL,NULL,NULL,NULL,NULL,NULL,NULL,NULL,'NA',NULL,NULL,13,'2018-02-19 09:36:35',0,NULL,NULL,NULL,'10254197-25a9-4dd7-a9b4-24b00f07a3cd',NULL),(2037,60,185,90,NULL,'2018-02-19 09:36:34',1,NULL,NULL,NULL,NULL,NULL,NULL,NULL,NULL,NULL,NULL,'NA',NULL,NULL,13,'2018-02-19 09:36:35',0,NULL,NULL,NULL,'c86f94f7-627f-4d07-ba68-5a174321c915',NULL),(2038,60,186,90,NULL,'2018-02-19 09:36:34',1,NULL,NULL,NULL,NULL,NULL,NULL,NULL,NULL,NULL,NULL,'NA',NULL,NULL,13,'2018-02-19 09:36:35',0,NULL,NULL,NULL,'743450ea-a771-48c5-9dad-accecdfa6079',NULL),(2039,60,142,90,NULL,'2018-02-19 09:36:34',1,NULL,NULL,NULL,NULL,NULL,NULL,NULL,NULL,NULL,NULL,'Rectruited',NULL,NULL,13,'2018-02-19 09:36:35',0,NULL,NULL,NULL,'5ad04ceb-5821-4aa7-a183-320ce6d46d4e',NULL),(2040,60,141,90,NULL,'2018-02-19 09:36:34',1,NULL,NULL,NULL,NULL,NULL,NULL,NULL,NULL,NULL,NULL,'done',NULL,NULL,13,'2018-02-19 09:36:35',0,NULL,NULL,NULL,'d8171881-121a-416a-bfba-75a19089ce99',NULL),(2041,60,155,90,NULL,'2018-02-19 09:36:34',1,NULL,NULL,NULL,NULL,NULL,NULL,NULL,NULL,NULL,NULL,'0',NULL,NULL,13,'2018-02-19 09:36:35',0,NULL,NULL,NULL,'c8ac591c-01f4-4c3d-a560-2a59cf50d6f0',NULL),(2042,60,154,90,NULL,'2018-02-19 09:36:34',1,NULL,NULL,NULL,NULL,NULL,NULL,NULL,NULL,NULL,NULL,'1',NULL,NULL,13,'2018-02-19 09:36:35',0,NULL,NULL,NULL,'8843ed40-f383-4acf-9a4d-4922a1e2191f',NULL),(2043,60,159,90,NULL,'2018-02-19 09:36:34',1,NULL,NULL,NULL,NULL,NULL,NULL,NULL,NULL,NULL,NULL,'1',NULL,NULL,13,'2018-02-19 09:36:35',0,NULL,NULL,NULL,'6d665dbb-c114-4e72-b9e9-0ae5a9fd16a1',NULL),(2044,60,158,90,NULL,'2018-02-19 09:36:34',1,NULL,NULL,NULL,NULL,NULL,NULL,NULL,NULL,NULL,NULL,'19-2-2018',NULL,NULL,13,'2018-02-19 09:36:36',0,NULL,NULL,NULL,'8fa70441-cd84-4684-83da-1c4a48284995',NULL),(2045,60,153,90,NULL,'2018-02-19 09:36:34',1,NULL,NULL,NULL,NULL,NULL,NULL,NULL,NULL,NULL,NULL,'1',NULL,NULL,13,'2018-02-19 09:36:36',0,NULL,NULL,NULL,'103702f1-1332-4d43-a35e-3a94d4a2e2f9',NULL),(2046,60,35,90,NULL,'2018-02-19 09:36:34',1,NULL,NULL,NULL,NULL,NULL,NULL,NULL,NULL,NULL,NULL,'4',NULL,NULL,13,'2018-02-19 09:36:36',0,NULL,NULL,NULL,'43efeffd-40fb-463d-a133-0e4ad10c4478',NULL),(2047,60,162,90,NULL,'2018-02-19 09:36:34',1,NULL,NULL,NULL,NULL,NULL,NULL,NULL,NULL,NULL,NULL,'180',NULL,NULL,13,'2018-02-19 09:36:36',0,NULL,NULL,NULL,'eede0e08-0a01-4029-8e28-624abae99b79',NULL),(2048,60,163,90,NULL,'2018-02-19 09:36:34',1,NULL,NULL,NULL,NULL,NULL,NULL,NULL,NULL,NULL,NULL,'1,2',NULL,NULL,13,'2018-02-19 09:36:36',0,NULL,NULL,NULL,'a6fb83ab-83b7-4a13-92a7-3c238a3f2c04',NULL),(2049,60,157,90,NULL,'2018-02-19 09:36:34',1,NULL,NULL,NULL,NULL,NULL,NULL,NULL,NULL,NULL,NULL,'9.1',NULL,NULL,13,'2018-02-19 09:36:36',0,NULL,NULL,NULL,'1883fcc4-d784-455d-aa97-91c716096b03',NULL),(2050,60,156,90,NULL,'2018-02-19 09:36:34',1,NULL,NULL,NULL,NULL,NULL,NULL,NULL,NULL,NULL,NULL,'19-2-2018',NULL,NULL,13,'2018-02-19 09:36:36',0,NULL,NULL,NULL,'32bdc185-d004-4b03-a120-96c350671059',NULL),(2051,61,153,91,NULL,'2018-02-19 09:36:39',1,NULL,NULL,NULL,NULL,NULL,NULL,NULL,NULL,NULL,NULL,'NA',NULL,NULL,13,'2018-02-19 09:36:39',0,NULL,NULL,NULL,'7bda9199-7645-423d-813f-e78fcfd6e271',NULL),(2052,61,154,91,NULL,'2018-02-19 09:36:39',1,NULL,NULL,NULL,NULL,NULL,NULL,NULL,NULL,NULL,NULL,'0',NULL,NULL,13,'2018-02-19 09:36:39',0,NULL,NULL,NULL,'23e06024-7ef7-412b-aa7f-57e72ae3d536',NULL),(2053,61,162,91,NULL,'2018-02-19 09:36:39',1,NULL,NULL,NULL,NULL,NULL,NULL,NULL,NULL,NULL,NULL,'190',NULL,NULL,13,'2018-02-19 09:36:39',0,NULL,NULL,NULL,'3a479632-0878-47d1-8bd1-60305bfbb161',NULL),(2054,61,156,91,NULL,'2018-02-19 09:36:39',1,NULL,NULL,NULL,NULL,NULL,NULL,NULL,NULL,NULL,NULL,'1-2-2018',NULL,NULL,13,'2018-02-19 09:36:39',0,NULL,NULL,NULL,'87a1772d-f925-48ab-8864-8ebd742b6757',NULL),(2055,61,170,91,NULL,'2018-02-19 09:36:39',1,NULL,NULL,NULL,NULL,NULL,NULL,NULL,NULL,NULL,NULL,'3',NULL,NULL,13,'2018-02-19 09:36:39',0,NULL,NULL,NULL,'07c6be11-3578-4da1-99c3-e8ff195c6e22',NULL),(2056,61,163,91,NULL,'2018-02-19 09:36:39',1,NULL,NULL,NULL,NULL,NULL,NULL,NULL,NULL,NULL,NULL,'2',NULL,NULL,13,'2018-02-19 09:36:39',0,NULL,NULL,NULL,'8b49d7a4-595c-4ef1-919c-f3cf7fddecd1',NULL),(2057,61,159,91,NULL,'2018-02-19 09:36:39',1,NULL,NULL,NULL,NULL,NULL,NULL,NULL,NULL,NULL,NULL,'0',NULL,NULL,13,'2018-02-19 09:36:39',0,NULL,NULL,NULL,'80099b6d-ce3f-43d2-a3a5-591dff89ba86',NULL),(2058,61,35,91,NULL,'2018-02-19 09:36:39',1,NULL,NULL,NULL,NULL,NULL,NULL,NULL,NULL,NULL,NULL,'5',NULL,NULL,13,'2018-02-19 09:36:39',0,NULL,NULL,NULL,'4afc42c4-7d42-4fd9-9fc0-9b22e4540741',NULL),(2059,61,157,91,NULL,'2018-02-19 09:36:39',1,NULL,NULL,NULL,NULL,NULL,NULL,NULL,NULL,NULL,NULL,'9.1',NULL,NULL,13,'2018-02-19 09:36:39',0,NULL,NULL,NULL,'8a5e28d2-2d1e-4a1f-9f90-cdbec9b2d25e',NULL),(2060,61,158,91,NULL,'2018-02-19 09:36:39',1,NULL,NULL,NULL,NULL,NULL,NULL,NULL,NULL,NULL,NULL,'14-2-2018',NULL,NULL,13,'2018-02-19 09:36:39',0,NULL,NULL,NULL,'c28fd508-0148-4237-aa2b-142219766da9',NULL),(2061,61,20,91,NULL,'2018-02-19 09:36:39',1,NULL,NULL,NULL,NULL,NULL,NULL,NULL,NULL,NULL,NULL,'19-1-2018',NULL,NULL,13,'2018-02-19 09:36:39',0,NULL,NULL,NULL,'b8aacb98-7dac-4021-a327-1853e206b892',NULL),(2062,61,22,91,NULL,'2018-02-19 09:36:39',1,NULL,NULL,NULL,NULL,NULL,NULL,NULL,NULL,NULL,NULL,'F',NULL,NULL,13,'2018-02-19 09:36:39',0,NULL,NULL,NULL,'dc5b5f09-7303-436a-9b32-2ab3caa84e59',NULL),(2063,61,115,91,NULL,'2018-02-19 09:36:39',1,NULL,NULL,NULL,NULL,NULL,NULL,NULL,NULL,NULL,NULL,'19-02-2018 09:36:49',NULL,NULL,13,'2018-02-19 09:36:39',0,NULL,NULL,NULL,'78f3775f-7267-455c-8d8e-c96e0caa2f06',NULL),(2064,61,114,91,NULL,'2018-02-19 09:36:39',1,NULL,NULL,NULL,NULL,NULL,NULL,NULL,NULL,NULL,NULL,'19-02-2018 09:36:49',NULL,NULL,13,'2018-02-19 09:36:39',0,NULL,NULL,NULL,'874cc5bf-79ba-4688-93fd-8834450b1134',NULL),(2065,61,119,91,NULL,'2018-02-19 09:36:39',1,NULL,NULL,NULL,NULL,NULL,NULL,NULL,NULL,NULL,NULL,'SH_CVD_ASHA_SCREENING_1',NULL,NULL,13,'2018-02-19 09:36:39',0,NULL,NULL,NULL,'c2ae20dc-e3dc-4dfa-b524-3587f22a71cc',NULL),(2066,61,118,91,NULL,'2018-02-19 09:36:39',1,NULL,NULL,NULL,NULL,NULL,NULL,NULL,NULL,NULL,NULL,'NA',NULL,NULL,13,'2018-02-19 09:36:39',0,NULL,NULL,NULL,'a84eacdb-e724-40c7-b699-0b5cde2fb343',NULL),(2067,61,7,91,NULL,'2018-02-19 09:36:39',1,NULL,NULL,NULL,NULL,NULL,NULL,NULL,NULL,NULL,NULL,'ha_5',NULL,NULL,13,'2018-02-19 09:36:39',0,NULL,NULL,NULL,'ff1fec19-2027-41a5-a70b-6fbc83eb1ea8',NULL),(2068,61,9,91,NULL,'2018-02-19 09:36:39',1,NULL,NULL,NULL,NULL,NULL,NULL,NULL,NULL,NULL,NULL,'19-02-2018 09:36:49',NULL,NULL,13,'2018-02-19 09:36:39',0,NULL,NULL,NULL,'c92efcf6-760f-4f0d-b676-be9d32d55956',NULL),(2069,61,8,91,NULL,'2018-02-19 09:36:39',1,NULL,NULL,NULL,NULL,NULL,NULL,NULL,NULL,NULL,NULL,'SH_CVD_ASHA_SCREENING_1',NULL,NULL,13,'2018-02-19 09:36:39',0,NULL,NULL,NULL,'150fd1de-d071-4f77-8dc2-fe68b467cca7',NULL),(2070,61,18,91,NULL,'2018-02-19 09:36:39',1,NULL,NULL,NULL,NULL,NULL,NULL,NULL,NULL,NULL,NULL,'1-1-1972',NULL,NULL,13,'2018-02-19 09:36:39',0,NULL,NULL,NULL,'8ffcb16a-5c5a-4747-bb88-d7c7f4fb7967',NULL),(2071,61,15,91,NULL,'2018-02-19 09:36:39',1,NULL,NULL,NULL,NULL,NULL,NULL,NULL,NULL,NULL,NULL,'test2',NULL,NULL,13,'2018-02-19 09:36:39',0,NULL,NULL,NULL,'6f1f8fc6-739f-441f-b881-27e81fbf2d12',NULL),(2072,61,12,91,NULL,'2018-02-19 09:36:39',1,NULL,NULL,NULL,NULL,NULL,NULL,NULL,NULL,NULL,NULL,'1010050002',NULL,NULL,13,'2018-02-19 09:36:39',0,NULL,NULL,NULL,'a1288db6-93b2-4ee4-9fb3-87123b9a914b',NULL),(2073,61,116,91,NULL,'2018-02-19 09:36:39',1,NULL,NULL,NULL,NULL,NULL,NULL,NULL,NULL,NULL,NULL,'ha_5',NULL,NULL,13,'2018-02-19 09:36:39',0,NULL,NULL,NULL,'06ca83d9-f712-4b8f-93d4-d314c36c3162',NULL),(2074,61,14,91,NULL,'2018-02-19 09:36:39',1,NULL,NULL,NULL,NULL,NULL,NULL,NULL,NULL,NULL,NULL,'test2',NULL,NULL,13,'2018-02-19 09:36:39',0,NULL,NULL,NULL,'b87c28f9-0e18-4b96-9d7a-8e0129a70b2e',NULL),(2075,61,182,91,NULL,'2018-02-19 09:36:39',1,NULL,NULL,NULL,NULL,NULL,NULL,NULL,NULL,NULL,NULL,'NA',NULL,NULL,13,'2018-02-19 09:36:39',0,NULL,NULL,NULL,'d0ed0897-a648-4108-9c1a-481f2e6d5684',NULL),(2076,61,187,91,NULL,'2018-02-19 09:36:39',1,NULL,NULL,NULL,NULL,NULL,NULL,NULL,NULL,NULL,NULL,'NA',NULL,NULL,13,'2018-02-19 09:36:39',0,NULL,NULL,NULL,'f1e9be41-fe45-418c-8a82-2449d6390dcf',NULL),(2077,61,188,91,NULL,'2018-02-19 09:36:39',1,NULL,NULL,NULL,NULL,NULL,NULL,NULL,NULL,NULL,NULL,'NA',NULL,NULL,13,'2018-02-19 09:36:39',0,NULL,NULL,NULL,'1d2cefb4-4224-4c43-8452-a9398b8268ad',NULL),(2078,61,185,91,NULL,'2018-02-19 09:36:39',1,NULL,NULL,NULL,NULL,NULL,NULL,NULL,NULL,NULL,NULL,'NA',NULL,NULL,13,'2018-02-19 09:36:39',0,NULL,NULL,NULL,'9bafa35d-a41b-4d1a-bee3-7b29752167f4',NULL),(2079,61,186,91,NULL,'2018-02-19 09:36:39',1,NULL,NULL,NULL,NULL,NULL,NULL,NULL,NULL,NULL,NULL,'NA',NULL,NULL,13,'2018-02-19 09:36:40',0,NULL,NULL,NULL,'a2f95570-ddda-4527-80d5-6b833f60a8dc',NULL),(2080,61,142,91,NULL,'2018-02-19 09:36:39',1,NULL,NULL,NULL,NULL,NULL,NULL,NULL,NULL,NULL,NULL,'Rectruited',NULL,NULL,13,'2018-02-19 09:36:40',0,NULL,NULL,NULL,'a326b675-c708-4d63-bc1c-305674a6ba1a',NULL),(2081,61,141,91,NULL,'2018-02-19 09:36:39',1,NULL,NULL,NULL,NULL,NULL,NULL,NULL,NULL,NULL,NULL,'done',NULL,NULL,13,'2018-02-19 09:36:40',0,NULL,NULL,NULL,'7d7e6fa6-93cc-4537-8666-c6429058897e',NULL),(2082,61,138,91,NULL,'2018-02-19 09:36:39',1,NULL,NULL,NULL,NULL,NULL,NULL,NULL,NULL,NULL,NULL,'1',NULL,NULL,13,'2018-02-19 09:36:40',0,NULL,NULL,NULL,'2616daa9-c2b2-443c-8380-06c3eeb201a6',NULL),(2083,61,184,91,NULL,'2018-02-19 09:36:39',1,NULL,NULL,NULL,NULL,NULL,NULL,NULL,NULL,NULL,NULL,'NA',NULL,NULL,13,'2018-02-19 09:36:40',0,NULL,NULL,NULL,'590c12c8-94d0-4211-8e98-b6c564e2f886',NULL),(2084,61,181,91,NULL,'2018-02-19 09:36:39',1,NULL,NULL,NULL,NULL,NULL,NULL,NULL,NULL,NULL,NULL,'NA',NULL,NULL,13,'2018-02-19 09:36:40',0,NULL,NULL,NULL,'fe63b77e-3c23-4b51-a762-674531e66be9',NULL),(2085,61,136,91,NULL,'2018-02-19 09:36:39',1,NULL,NULL,NULL,NULL,NULL,NULL,NULL,NULL,NULL,NULL,'1',NULL,NULL,13,'2018-02-19 09:36:40',0,NULL,NULL,NULL,'e95307d0-5b7f-418f-8fb3-cf1eba5afbf0',NULL),(2086,61,133,91,NULL,'2018-02-19 09:36:39',1,NULL,NULL,NULL,NULL,NULL,NULL,NULL,NULL,NULL,NULL,'1',NULL,NULL,13,'2018-02-19 09:36:40',0,NULL,NULL,NULL,'fe5c997e-84bb-4ee0-a79f-9a3023b29dc2',NULL),(2087,61,134,91,NULL,'2018-02-19 09:36:39',1,NULL,NULL,NULL,NULL,NULL,NULL,NULL,NULL,NULL,NULL,'130',NULL,NULL,13,'2018-02-19 09:36:40',0,NULL,NULL,NULL,'0072b9ba-04cb-425f-bef7-45f22d374e58',NULL),(2088,61,139,91,NULL,'2018-02-19 09:36:39',1,NULL,NULL,NULL,NULL,NULL,NULL,NULL,NULL,NULL,NULL,'90',NULL,NULL,13,'2018-02-19 09:36:40',0,NULL,NULL,NULL,'69c75b05-fc14-4f88-84c3-75a5053ec262',NULL),(2089,61,143,91,NULL,'2018-02-19 09:36:39',1,NULL,NULL,NULL,NULL,NULL,NULL,NULL,NULL,NULL,NULL,'1',NULL,NULL,13,'2018-02-19 09:36:40',0,NULL,NULL,NULL,'1f7e73df-e7f9-48f4-ab87-3b3b54da16c5',NULL),(2090,61,152,91,NULL,'2018-02-19 09:36:39',1,NULL,NULL,NULL,NULL,NULL,NULL,NULL,NULL,NULL,NULL,'0',NULL,NULL,13,'2018-02-19 09:36:40',0,NULL,NULL,NULL,'b6615144-f3c8-4f32-9071-ad8dce3f43bd',NULL),(2091,61,151,91,NULL,'2018-02-19 09:36:39',1,NULL,NULL,NULL,NULL,NULL,NULL,NULL,NULL,NULL,NULL,'1',NULL,NULL,13,'2018-02-19 09:36:40',0,NULL,NULL,NULL,'9f9d4a39-f467-4c98-9a55-9ec97c03f35d',NULL),(2092,61,135,91,NULL,'2018-02-19 09:36:39',1,NULL,NULL,NULL,NULL,NULL,NULL,NULL,NULL,NULL,NULL,'1',NULL,NULL,13,'2018-02-19 09:36:40',0,NULL,NULL,NULL,'612bd708-b151-4281-a2fe-69013c4724f7',NULL),(2093,61,140,91,NULL,'2018-02-19 09:36:39',1,NULL,NULL,NULL,NULL,NULL,NULL,NULL,NULL,NULL,NULL,'9.1',NULL,NULL,13,'2018-02-19 09:36:40',0,NULL,NULL,NULL,'46c815ae-a9f8-40b5-87fe-42ae22481ab5',NULL),(2094,61,137,91,NULL,'2018-02-19 09:36:39',1,NULL,NULL,NULL,NULL,NULL,NULL,NULL,NULL,NULL,NULL,'NA',NULL,NULL,13,'2018-02-19 09:36:40',0,NULL,NULL,NULL,'81933b5d-4939-4aca-a176-ef4d772c6e16',NULL),(2095,61,16,91,NULL,'2018-02-19 09:36:39',1,NULL,NULL,NULL,NULL,NULL,NULL,NULL,NULL,NULL,NULL,'9856553828',NULL,NULL,13,'2018-02-19 09:36:40',0,NULL,NULL,NULL,'a1c04821-e8f9-4be9-b037-a7bbca98f376',NULL),(2096,61,19,91,NULL,'2018-02-19 09:36:39',1,NULL,NULL,NULL,NULL,NULL,NULL,NULL,NULL,NULL,NULL,'NA',NULL,NULL,13,'2018-02-19 09:36:40',0,NULL,NULL,NULL,'9490969b-f752-42d1-bfa5-b27d258d1657',NULL),(2097,61,165,91,NULL,'2018-02-19 09:36:39',1,NULL,NULL,NULL,NULL,NULL,NULL,NULL,NULL,NULL,NULL,'H',NULL,NULL,13,'2018-02-19 09:36:40',0,NULL,NULL,NULL,'2ed3c1db-24b0-4f50-8270-37540222d451',NULL),(2098,61,173,91,NULL,'2018-02-19 09:36:39',1,NULL,NULL,NULL,NULL,NULL,NULL,NULL,NULL,NULL,NULL,'1',NULL,NULL,13,'2018-02-19 09:36:40',0,NULL,NULL,NULL,'2776e24d-8d44-4ebf-a1bc-f667844c97e4',NULL),(2099,61,116,91,NULL,'2018-02-19 09:36:39',1,NULL,NULL,NULL,NULL,NULL,NULL,NULL,NULL,NULL,NULL,'ha_5',NULL,NULL,13,'2018-02-19 09:36:40',0,NULL,NULL,NULL,'78f13743-7a68-4a2e-87fd-9604b7e68c24',NULL),(2100,61,175,91,NULL,'2018-02-19 09:36:39',1,NULL,NULL,NULL,NULL,NULL,NULL,NULL,NULL,NULL,NULL,'19-1-2018',NULL,NULL,13,'2018-02-19 09:36:40',0,NULL,NULL,NULL,'66bedf18-5d40-4b90-8b38-bfd4e74ddc5d',NULL),(2101,61,169,91,NULL,'2018-02-19 09:36:39',1,NULL,NULL,NULL,NULL,NULL,NULL,NULL,NULL,NULL,NULL,'34',NULL,NULL,13,'2018-02-19 09:36:40',0,NULL,NULL,NULL,'46dee02f-83a9-4201-ad67-76fc46cd469d',NULL),(2102,61,166,91,NULL,'2018-02-19 09:36:39',1,NULL,NULL,NULL,NULL,NULL,NULL,NULL,NULL,NULL,NULL,'255652',NULL,NULL,13,'2018-02-19 09:36:40',0,NULL,NULL,NULL,'0e5d2620-8353-413a-9876-90a06f2e178e',NULL),(2103,61,167,91,NULL,'2018-02-19 09:36:39',1,NULL,NULL,NULL,NULL,NULL,NULL,NULL,NULL,NULL,NULL,'552582',NULL,NULL,13,'2018-02-19 09:36:40',0,NULL,NULL,NULL,'5421c73d-0b4a-4e99-aac6-ea950d6f0aaa',NULL),(2104,61,164,91,NULL,'2018-02-19 09:36:39',1,NULL,NULL,NULL,NULL,NULL,NULL,NULL,NULL,NULL,NULL,'husband',NULL,NULL,13,'2018-02-19 09:36:40',0,NULL,NULL,NULL,'0e95b844-02a3-41f4-8db9-c82fe5478224',NULL),(2105,61,171,91,NULL,'2018-02-19 09:36:39',1,NULL,NULL,NULL,NULL,NULL,NULL,NULL,NULL,NULL,NULL,'4',NULL,NULL,13,'2018-02-19 09:36:40',0,NULL,NULL,NULL,'ef994c06-8800-462a-a415-5c815d8e1a5d',NULL),(2106,61,168,91,NULL,'2018-02-19 09:36:39',1,NULL,NULL,NULL,NULL,NULL,NULL,NULL,NULL,NULL,NULL,'3',NULL,NULL,13,'2018-02-19 09:36:40',0,NULL,NULL,NULL,'aa6a37d4-968f-4fd8-8152-9cefa037ca43',NULL),(2107,61,6,91,NULL,'2018-02-19 09:36:39',1,NULL,NULL,NULL,NULL,NULL,NULL,NULL,NULL,NULL,NULL,'panamadangi',NULL,NULL,13,'2018-02-19 09:36:40',0,NULL,NULL,NULL,'23299c61-99b3-40c2-b9a3-2b69f0d2e1ea',NULL),(2108,61,5,91,NULL,'2018-02-19 09:36:39',1,NULL,NULL,NULL,NULL,NULL,NULL,NULL,NULL,NULL,NULL,'3',NULL,NULL,13,'2018-02-19 09:36:40',0,NULL,NULL,NULL,'e20c911b-db00-45f3-939e-e4c6840f2e08',NULL),(2109,61,21,91,NULL,'2018-02-19 09:36:39',1,NULL,NULL,NULL,NULL,NULL,NULL,NULL,NULL,NULL,NULL,'46',NULL,NULL,13,'2018-02-19 09:36:40',0,NULL,NULL,NULL,'95c087b8-6a67-4fc6-abc7-e2d4dfee0be8',NULL),(2110,61,22,91,NULL,'2018-02-19 09:36:39',1,NULL,NULL,NULL,NULL,NULL,NULL,NULL,NULL,NULL,NULL,'F',NULL,NULL,13,'2018-02-19 09:36:40',0,NULL,NULL,NULL,'3248d416-e4fb-4b1e-b156-7d1e9a89db83',NULL),(2111,61,128,91,NULL,'2018-02-19 09:36:39',1,NULL,NULL,NULL,NULL,NULL,NULL,NULL,NULL,NULL,NULL,'856652596685',NULL,NULL,13,'2018-02-19 09:36:40',0,NULL,NULL,NULL,'a97b7551-54b4-4259-bb0c-eadaf3aca808',NULL),(2112,61,174,91,NULL,'2018-02-19 09:36:39',1,NULL,NULL,NULL,NULL,NULL,NULL,NULL,NULL,NULL,NULL,'bazaar st',NULL,NULL,13,'2018-02-19 09:36:40',0,NULL,NULL,NULL,'ca1789ae-5f87-4acd-a342-3d697d210de4',NULL),(2113,61,148,91,NULL,'2018-02-19 09:36:39',1,NULL,NULL,NULL,NULL,NULL,NULL,NULL,NULL,NULL,NULL,'0',NULL,NULL,13,'2018-02-19 09:36:40',0,NULL,NULL,NULL,'7bc86c91-92f4-46c0-b5a5-81d47ad845b4',NULL),(2114,61,149,91,NULL,'2018-02-19 09:36:39',1,NULL,NULL,NULL,NULL,NULL,NULL,NULL,NULL,NULL,NULL,'1',NULL,NULL,13,'2018-02-19 09:36:40',0,NULL,NULL,NULL,'2a0c8447-28cb-4d3b-9409-4704e19aefbe',NULL),(2115,61,146,91,NULL,'2018-02-19 09:36:39',1,NULL,NULL,NULL,NULL,NULL,NULL,NULL,NULL,NULL,NULL,'56.5',NULL,NULL,13,'2018-02-19 09:36:40',0,NULL,NULL,NULL,'e0161eb9-eb9c-45ac-9fb9-e6e74cad4d34',NULL),(2116,61,147,91,NULL,'2018-02-19 09:36:39',1,NULL,NULL,NULL,NULL,NULL,NULL,NULL,NULL,NULL,NULL,'158',NULL,NULL,13,'2018-02-19 09:36:40',0,NULL,NULL,NULL,'fdc8da9a-e93e-414b-b4b9-ec2a3811ab3a',NULL),(2117,61,160,91,NULL,'2018-02-19 09:36:39',1,NULL,NULL,NULL,NULL,NULL,NULL,NULL,NULL,NULL,NULL,'0',NULL,NULL,13,'2018-02-19 09:36:40',0,NULL,NULL,NULL,'04ef37d9-e84b-44ff-b606-4bcdf9fe000b',NULL),(2118,61,155,91,NULL,'2018-02-19 09:36:39',1,NULL,NULL,NULL,NULL,NULL,NULL,NULL,NULL,NULL,NULL,'0',NULL,NULL,13,'2018-02-19 09:36:40',0,NULL,NULL,NULL,'5cd304cb-09a0-45d8-b87d-05533c9ce320',NULL),(2119,61,150,91,NULL,'2018-02-19 09:36:39',1,NULL,NULL,NULL,NULL,NULL,NULL,NULL,NULL,NULL,NULL,'0',NULL,NULL,13,'2018-02-19 09:36:40',0,NULL,NULL,NULL,'6f6f4831-def8-40e3-bf05-e6345794bf89',NULL),(2120,61,161,91,NULL,'2018-02-19 09:36:39',1,NULL,NULL,NULL,NULL,NULL,NULL,NULL,NULL,NULL,NULL,'1',NULL,NULL,13,'2018-02-19 09:36:40',0,NULL,NULL,NULL,'619debbf-a783-489e-a970-9b3bf56bb9e3',NULL),(2121,61,144,91,NULL,'2018-02-19 09:36:39',1,NULL,NULL,NULL,NULL,NULL,NULL,NULL,NULL,NULL,NULL,'1',NULL,NULL,13,'2018-02-19 09:36:40',0,NULL,NULL,NULL,'97f7e64b-1fbf-4105-8bd9-ec32ed0b93ef',NULL),(2122,61,145,91,NULL,'2018-02-19 09:36:39',1,NULL,NULL,NULL,NULL,NULL,NULL,NULL,NULL,NULL,NULL,'22.63',NULL,NULL,13,'2018-02-19 09:36:40',0,NULL,NULL,NULL,'d5fb5e49-e4bd-4b7a-8422-8f3f200e16d4',NULL),(2123,61,117,91,NULL,'2018-02-19 09:36:39',1,NULL,NULL,NULL,NULL,NULL,NULL,NULL,NULL,NULL,NULL,'asha',NULL,NULL,13,'2018-02-19 09:36:40',0,NULL,NULL,NULL,'17d9f7ee-bd55-41d2-bdec-b486c83dc1b3',NULL),(2124,61,179,91,NULL,'2018-02-19 09:36:39',1,NULL,NULL,NULL,NULL,NULL,NULL,NULL,NULL,NULL,NULL,'NA',NULL,NULL,13,'2018-02-19 09:36:40',0,NULL,NULL,NULL,'4e69cf29-9b15-4328-a855-cf9295f96a8f',NULL),(2125,61,176,91,NULL,'2018-02-19 09:36:39',1,NULL,NULL,NULL,NULL,NULL,NULL,NULL,NULL,NULL,NULL,'NA',NULL,NULL,13,'2018-02-19 09:36:40',0,NULL,NULL,NULL,'17eef20d-407b-4bc7-8375-2ec750bd1365',NULL),(2126,61,180,91,NULL,'2018-02-19 09:36:39',1,NULL,NULL,NULL,NULL,NULL,NULL,NULL,NULL,NULL,NULL,'NA',NULL,NULL,13,'2018-02-19 09:36:40',0,NULL,NULL,NULL,'e0acfe03-da25-4d3a-9c85-ac3ef5763c46',NULL),(2127,61,172,91,NULL,'2018-02-19 09:36:39',1,NULL,NULL,NULL,NULL,NULL,NULL,NULL,NULL,NULL,NULL,'NA',NULL,NULL,13,'2018-02-19 09:36:40',0,NULL,NULL,NULL,'bf181f83-b823-4107-a9a2-337cda5ddcaf',NULL),(2128,61,183,91,NULL,'2018-02-19 09:36:39',1,NULL,NULL,NULL,NULL,NULL,NULL,NULL,NULL,NULL,NULL,'NA',NULL,NULL,13,'2018-02-19 09:36:40',0,NULL,NULL,NULL,'852f38b2-886c-4b8b-acbe-84442141fe2a',NULL),(2129,61,80,91,NULL,'2018-02-19 09:36:39',1,NULL,NULL,NULL,NULL,NULL,NULL,NULL,NULL,NULL,NULL,'NA',NULL,NULL,13,'2018-02-19 09:36:41',0,NULL,NULL,NULL,'9e9affab-038a-441a-8e4e-c0cc89ef9c2f',NULL),(2130,61,79,91,NULL,'2018-02-19 09:36:39',1,NULL,NULL,NULL,NULL,NULL,NULL,NULL,NULL,NULL,NULL,'NA',NULL,NULL,13,'2018-02-19 09:36:41',0,NULL,NULL,NULL,'e031c074-fccb-4985-a712-e6bbff06898c',NULL),(2131,61,178,91,NULL,'2018-02-19 09:36:39',1,NULL,NULL,NULL,NULL,NULL,NULL,NULL,NULL,NULL,NULL,'NA',NULL,NULL,13,'2018-02-19 09:36:41',0,NULL,NULL,NULL,'61a83a4e-ec9b-4503-943f-3eaa916a7734',NULL),(2132,61,177,91,NULL,'2018-02-19 09:36:39',1,NULL,NULL,NULL,NULL,NULL,NULL,NULL,NULL,NULL,NULL,'NA',NULL,NULL,13,'2018-02-19 09:36:41',0,NULL,NULL,NULL,'5fe6525e-0c21-4d63-a300-5f4784728170',NULL),(2133,62,128,92,NULL,'2018-02-19 09:36:42',1,NULL,NULL,NULL,NULL,NULL,NULL,NULL,NULL,NULL,NULL,'562535566525',NULL,NULL,13,'2018-02-19 09:36:43',0,NULL,NULL,NULL,'ba8ba8b4-a22e-4735-8264-67e0fedcd778',NULL),(2134,62,22,92,NULL,'2018-02-19 09:36:42',1,NULL,NULL,NULL,NULL,NULL,NULL,NULL,NULL,NULL,NULL,'F',NULL,NULL,13,'2018-02-19 09:36:43',0,NULL,NULL,NULL,'769a43d9-3686-4022-b99d-9d1bd74b42f8',NULL),(2135,62,5,92,NULL,'2018-02-19 09:36:42',1,NULL,NULL,NULL,NULL,NULL,NULL,NULL,NULL,NULL,NULL,'3',NULL,NULL,13,'2018-02-19 09:36:43',0,NULL,NULL,NULL,'5d0551e3-081b-400c-a6bb-b00af9c33c96',NULL),(2136,62,6,92,NULL,'2018-02-19 09:36:42',1,NULL,NULL,NULL,NULL,NULL,NULL,NULL,NULL,NULL,NULL,'kalambut',NULL,NULL,13,'2018-02-19 09:36:43',0,NULL,NULL,NULL,'a50d5bbb-10dd-4f9c-9c9e-6d69f495b4d9',NULL),(2137,62,21,92,NULL,'2018-02-19 09:36:42',1,NULL,NULL,NULL,NULL,NULL,NULL,NULL,NULL,NULL,NULL,'55',NULL,NULL,13,'2018-02-19 09:36:43',0,NULL,NULL,NULL,'9862e36b-e8be-478b-997e-34343b9185d0',NULL),(2138,62,16,92,NULL,'2018-02-19 09:36:42',1,NULL,NULL,NULL,NULL,NULL,NULL,NULL,NULL,NULL,NULL,'6523528475',NULL,NULL,13,'2018-02-19 09:36:43',0,NULL,NULL,NULL,'d81e68db-d41c-4c62-a658-8e734ab72e44',NULL),(2139,62,116,92,NULL,'2018-02-19 09:36:42',1,NULL,NULL,NULL,NULL,NULL,NULL,NULL,NULL,NULL,NULL,'ha_5',NULL,NULL,13,'2018-02-19 09:36:43',0,NULL,NULL,NULL,'70bd2a0e-2b93-4831-b480-cbe916af531f',NULL),(2140,62,173,92,NULL,'2018-02-19 09:36:42',1,NULL,NULL,NULL,NULL,NULL,NULL,NULL,NULL,NULL,NULL,'1',NULL,NULL,13,'2018-02-19 09:36:43',0,NULL,NULL,NULL,'9c42afa2-a280-4149-a7be-76354bf77eb0',NULL),(2141,62,174,92,NULL,'2018-02-19 09:36:42',1,NULL,NULL,NULL,NULL,NULL,NULL,NULL,NULL,NULL,NULL,'bajanai koil st',NULL,NULL,13,'2018-02-19 09:36:43',0,NULL,NULL,NULL,'2982debe-0f83-4096-92ed-01d7172fff81',NULL),(2142,62,175,92,NULL,'2018-02-19 09:36:42',1,NULL,NULL,NULL,NULL,NULL,NULL,NULL,NULL,NULL,NULL,'16-1-2018',NULL,NULL,13,'2018-02-19 09:36:43',0,NULL,NULL,NULL,'04f45aef-8622-4ec2-8513-dfe20d8106e9',NULL),(2143,62,167,92,NULL,'2018-02-19 09:36:42',1,NULL,NULL,NULL,NULL,NULL,NULL,NULL,NULL,NULL,NULL,'652355',NULL,NULL,13,'2018-02-19 09:36:43',0,NULL,NULL,NULL,'1f59e050-1451-4531-99a6-9342ff74e6e1',NULL),(2144,62,166,92,NULL,'2018-02-19 09:36:42',1,NULL,NULL,NULL,NULL,NULL,NULL,NULL,NULL,NULL,NULL,'588628',NULL,NULL,13,'2018-02-19 09:36:43',0,NULL,NULL,NULL,'bc695026-7b09-499b-85b0-c537257fa0fd',NULL),(2145,62,165,92,NULL,'2018-02-19 09:36:42',1,NULL,NULL,NULL,NULL,NULL,NULL,NULL,NULL,NULL,NULL,'H',NULL,NULL,13,'2018-02-19 09:36:43',0,NULL,NULL,NULL,'804a0b29-914d-402e-a7a9-fa6a0602d7c5',NULL),(2146,62,164,92,NULL,'2018-02-19 09:36:42',1,NULL,NULL,NULL,NULL,NULL,NULL,NULL,NULL,NULL,NULL,'hus',NULL,NULL,13,'2018-02-19 09:36:43',0,NULL,NULL,NULL,'8f321c59-b4ce-4bf6-bea0-b6669103954d',NULL),(2147,62,169,92,NULL,'2018-02-19 09:36:42',1,NULL,NULL,NULL,NULL,NULL,NULL,NULL,NULL,NULL,NULL,'76',NULL,NULL,13,'2018-02-19 09:36:43',0,NULL,NULL,NULL,'38fb7daf-26be-4dfa-b1df-297ba7472523',NULL),(2148,62,168,92,NULL,'2018-02-19 09:36:42',1,NULL,NULL,NULL,NULL,NULL,NULL,NULL,NULL,NULL,NULL,'2',NULL,NULL,13,'2018-02-19 09:36:43',0,NULL,NULL,NULL,'6a66b8b6-9f06-4622-b179-d5f3e7c32a80',NULL),(2149,62,159,92,NULL,'2018-02-19 09:36:42',1,NULL,NULL,NULL,NULL,NULL,NULL,NULL,NULL,NULL,NULL,'1',NULL,NULL,13,'2018-02-19 09:36:43',0,NULL,NULL,NULL,'b31855b6-7246-4e18-9f8f-73d20bb44048',NULL),(2150,62,14,92,NULL,'2018-02-19 09:36:42',1,NULL,NULL,NULL,NULL,NULL,NULL,NULL,NULL,NULL,NULL,'test3',NULL,NULL,13,'2018-02-19 09:36:43',0,NULL,NULL,NULL,'5cc6bda1-07db-4903-ab6c-57a818324271',NULL),(2151,62,157,92,NULL,'2018-02-19 09:36:42',1,NULL,NULL,NULL,NULL,NULL,NULL,NULL,NULL,NULL,NULL,'12.5',NULL,NULL,13,'2018-02-19 09:36:43',0,NULL,NULL,NULL,'fd69a203-e489-4b49-a1f7-6cad9ce125b0',NULL),(2152,62,156,92,NULL,'2018-02-19 09:36:42',1,NULL,NULL,NULL,NULL,NULL,NULL,NULL,NULL,NULL,NULL,'8-2-2018',NULL,NULL,13,'2018-02-19 09:36:43',0,NULL,NULL,NULL,'fe460d76-0b03-448c-a0f2-a55b6564a8fb',NULL),(2153,62,162,92,NULL,'2018-02-19 09:36:42',1,NULL,NULL,NULL,NULL,NULL,NULL,NULL,NULL,NULL,NULL,'190',NULL,NULL,13,'2018-02-19 09:36:43',0,NULL,NULL,NULL,'b05558ce-fea5-464c-80c8-d430776dbb9b',NULL),(2154,62,163,92,NULL,'2018-02-19 09:36:42',1,NULL,NULL,NULL,NULL,NULL,NULL,NULL,NULL,NULL,NULL,'2',NULL,NULL,13,'2018-02-19 09:36:43',0,NULL,NULL,NULL,'6819c717-6517-43d0-89fc-35e5723492fc',NULL),(2155,62,116,92,NULL,'2018-02-19 09:36:42',1,NULL,NULL,NULL,NULL,NULL,NULL,NULL,NULL,NULL,NULL,'ha_5',NULL,NULL,13,'2018-02-19 09:36:43',0,NULL,NULL,NULL,'9ff95625-1e46-4d02-8d27-1436ffd8c1d9',NULL),(2156,62,171,92,NULL,'2018-02-19 09:36:42',1,NULL,NULL,NULL,NULL,NULL,NULL,NULL,NULL,NULL,NULL,'4',NULL,NULL,13,'2018-02-19 09:36:43',0,NULL,NULL,NULL,'b8e88a51-0b58-401b-828a-2f51ebc25678',NULL),(2157,62,153,92,NULL,'2018-02-19 09:36:42',1,NULL,NULL,NULL,NULL,NULL,NULL,NULL,NULL,NULL,NULL,'1,2',NULL,NULL,13,'2018-02-19 09:36:43',0,NULL,NULL,NULL,'3ea6fd94-314e-476b-8e79-e73b13c8460e',NULL),(2158,62,35,92,NULL,'2018-02-19 09:36:42',1,NULL,NULL,NULL,NULL,NULL,NULL,NULL,NULL,NULL,NULL,'4',NULL,NULL,13,'2018-02-19 09:36:43',0,NULL,NULL,NULL,'2e026fd3-cf11-4841-ac5e-6ae207929445',NULL),(2159,62,146,92,NULL,'2018-02-19 09:36:42',1,NULL,NULL,NULL,NULL,NULL,NULL,NULL,NULL,NULL,NULL,'61',NULL,NULL,13,'2018-02-19 09:36:43',0,NULL,NULL,NULL,'e1151ff6-fab8-422e-bc32-2ff338deb3b1',NULL),(2160,62,150,92,NULL,'2018-02-19 09:36:42',1,NULL,NULL,NULL,NULL,NULL,NULL,NULL,NULL,NULL,NULL,'0',NULL,NULL,13,'2018-02-19 09:36:43',0,NULL,NULL,NULL,'2549f561-12a7-4dc9-b930-0df1daece3bf',NULL),(2161,62,149,92,NULL,'2018-02-19 09:36:42',1,NULL,NULL,NULL,NULL,NULL,NULL,NULL,NULL,NULL,NULL,'2',NULL,NULL,13,'2018-02-19 09:36:43',0,NULL,NULL,NULL,'7c4a6f09-f46c-4daf-b14e-1f25d0695dc5',NULL),(2162,62,148,92,NULL,'2018-02-19 09:36:42',1,NULL,NULL,NULL,NULL,NULL,NULL,NULL,NULL,NULL,NULL,'2',NULL,NULL,13,'2018-02-19 09:36:43',0,NULL,NULL,NULL,'732c03cd-a9ff-45e7-8eab-7537b48c8464',NULL),(2163,62,147,92,NULL,'2018-02-19 09:36:42',1,NULL,NULL,NULL,NULL,NULL,NULL,NULL,NULL,NULL,NULL,'160',NULL,NULL,13,'2018-02-19 09:36:43',0,NULL,NULL,NULL,'ff3c03a1-d29a-45a4-9b4b-b6c424291587',NULL),(2164,62,154,92,NULL,'2018-02-19 09:36:42',1,NULL,NULL,NULL,NULL,NULL,NULL,NULL,NULL,NULL,NULL,'0',NULL,NULL,13,'2018-02-19 09:36:43',0,NULL,NULL,NULL,'dc4ac55b-2d80-4065-9eea-f8847a729ae6',NULL),(2165,62,155,92,NULL,'2018-02-19 09:36:42',1,NULL,NULL,NULL,NULL,NULL,NULL,NULL,NULL,NULL,NULL,'0',NULL,NULL,13,'2018-02-19 09:36:43',0,NULL,NULL,NULL,'11749852-8ffa-4f1f-a60a-74b11c17f2ac',NULL),(2166,62,160,92,NULL,'2018-02-19 09:36:42',1,NULL,NULL,NULL,NULL,NULL,NULL,NULL,NULL,NULL,NULL,'0',NULL,NULL,13,'2018-02-19 09:36:43',0,NULL,NULL,NULL,'d67c11e4-56fc-4840-a8f8-4bc3e133a1bf',NULL),(2167,62,161,92,NULL,'2018-02-19 09:36:42',1,NULL,NULL,NULL,NULL,NULL,NULL,NULL,NULL,NULL,NULL,'2',NULL,NULL,13,'2018-02-19 09:36:43',0,NULL,NULL,NULL,'cff436fe-3a7a-41b8-9317-a7b655ab9991',NULL),(2168,62,19,92,NULL,'2018-02-19 09:36:42',1,NULL,NULL,NULL,NULL,NULL,NULL,NULL,NULL,NULL,NULL,'NA',NULL,NULL,13,'2018-02-19 09:36:43',0,NULL,NULL,NULL,'735b04d5-9e91-4504-8b45-b7039a0959d7',NULL),(2169,62,145,92,NULL,'2018-02-19 09:36:42',1,NULL,NULL,NULL,NULL,NULL,NULL,NULL,NULL,NULL,NULL,'23.83',NULL,NULL,13,'2018-02-19 09:36:43',0,NULL,NULL,NULL,'b9774f47-d938-4289-91ae-f30aa4774ae3',NULL),(2170,62,15,92,NULL,'2018-02-19 09:36:42',1,NULL,NULL,NULL,NULL,NULL,NULL,NULL,NULL,NULL,NULL,'test3',NULL,NULL,13,'2018-02-19 09:36:43',0,NULL,NULL,NULL,'95ea966b-c7a3-45d9-9adf-ec20e17a3b52',NULL),(2171,62,158,92,NULL,'2018-02-19 09:36:42',1,NULL,NULL,NULL,NULL,NULL,NULL,NULL,NULL,NULL,NULL,'15-2-2018',NULL,NULL,13,'2018-02-19 09:36:43',0,NULL,NULL,NULL,'6e1dfe78-048a-491c-b3dd-3f0d03823d21',NULL),(2172,62,22,92,NULL,'2018-02-19 09:36:42',1,NULL,NULL,NULL,NULL,NULL,NULL,NULL,NULL,NULL,NULL,'F',NULL,NULL,13,'2018-02-19 09:36:43',0,NULL,NULL,NULL,'5635d5b7-c96d-433c-85d1-daee3adbae56',NULL),(2173,62,12,92,NULL,'2018-02-19 09:36:42',1,NULL,NULL,NULL,NULL,NULL,NULL,NULL,NULL,NULL,NULL,'1010050003',NULL,NULL,13,'2018-02-19 09:36:43',0,NULL,NULL,NULL,'dbaf0002-da7f-4882-9b1e-495d5a4e1478',NULL),(2174,62,140,92,NULL,'2018-02-19 09:36:42',1,NULL,NULL,NULL,NULL,NULL,NULL,NULL,NULL,NULL,NULL,'12.5',NULL,NULL,13,'2018-02-19 09:36:43',0,NULL,NULL,NULL,'71ad87d9-716a-4325-be2b-71e369a1aa25',NULL),(2175,62,139,92,NULL,'2018-02-19 09:36:42',1,NULL,NULL,NULL,NULL,NULL,NULL,NULL,NULL,NULL,NULL,'90',NULL,NULL,13,'2018-02-19 09:36:43',0,NULL,NULL,NULL,'39739bae-a671-4771-9802-9081164da7a5',NULL),(2176,62,170,92,NULL,'2018-02-19 09:36:42',1,NULL,NULL,NULL,NULL,NULL,NULL,NULL,NULL,NULL,NULL,'5',NULL,NULL,13,'2018-02-19 09:36:43',0,NULL,NULL,NULL,'be56d2d6-47bd-41b7-9221-b03cbf9d0460',NULL),(2177,62,143,92,NULL,'2018-02-19 09:36:42',1,NULL,NULL,NULL,NULL,NULL,NULL,NULL,NULL,NULL,NULL,'1',NULL,NULL,13,'2018-02-19 09:36:44',0,NULL,NULL,NULL,'c51ddf4c-bee2-4e8b-93d5-86d2d2166eb3',NULL),(2178,62,144,92,NULL,'2018-02-19 09:36:42',1,NULL,NULL,NULL,NULL,NULL,NULL,NULL,NULL,NULL,NULL,'1',NULL,NULL,13,'2018-02-19 09:36:44',0,NULL,NULL,NULL,'c4354a70-c66f-4c02-8ab3-dafebf91d777',NULL),(2179,62,151,92,NULL,'2018-02-19 09:36:42',1,NULL,NULL,NULL,NULL,NULL,NULL,NULL,NULL,NULL,NULL,'1',NULL,NULL,13,'2018-02-19 09:36:44',0,NULL,NULL,NULL,'0cd2e6d5-73b7-41c7-94b0-1d3ee1746274',NULL),(2180,62,152,92,NULL,'2018-02-19 09:36:42',1,NULL,NULL,NULL,NULL,NULL,NULL,NULL,NULL,NULL,NULL,'0',NULL,NULL,13,'2018-02-19 09:36:44',0,NULL,NULL,NULL,'cb60622e-14fd-4046-9d72-71d4a663d8bc',NULL),(2181,62,136,92,NULL,'2018-02-19 09:36:42',1,NULL,NULL,NULL,NULL,NULL,NULL,NULL,NULL,NULL,NULL,'1',NULL,NULL,13,'2018-02-19 09:36:44',0,NULL,NULL,NULL,'05b8edcc-7828-42b9-af09-970c5e7bcd50',NULL),(2182,62,135,92,NULL,'2018-02-19 09:36:42',1,NULL,NULL,NULL,NULL,NULL,NULL,NULL,NULL,NULL,NULL,'1',NULL,NULL,13,'2018-02-19 09:36:44',0,NULL,NULL,NULL,'3e450631-c0bb-4d24-99a2-3614e6fbd8af',NULL),(2183,62,134,92,NULL,'2018-02-19 09:36:42',1,NULL,NULL,NULL,NULL,NULL,NULL,NULL,NULL,NULL,NULL,'120',NULL,NULL,13,'2018-02-19 09:36:44',0,NULL,NULL,NULL,'9ffdcbef-9ba2-459c-91cf-475004bf3a70',NULL),(2184,62,133,92,NULL,'2018-02-19 09:36:42',1,NULL,NULL,NULL,NULL,NULL,NULL,NULL,NULL,NULL,NULL,'1',NULL,NULL,13,'2018-02-19 09:36:44',0,NULL,NULL,NULL,'426cebcc-53d3-4e0c-ba45-679a49b44cf5',NULL),(2185,62,180,92,NULL,'2018-02-19 09:36:42',1,NULL,NULL,NULL,NULL,NULL,NULL,NULL,NULL,NULL,NULL,'NA',NULL,NULL,13,'2018-02-19 09:36:44',0,NULL,NULL,NULL,'3004b5ca-4096-4e77-8415-0b2ff190da86',NULL),(2186,62,172,92,NULL,'2018-02-19 09:36:42',1,NULL,NULL,NULL,NULL,NULL,NULL,NULL,NULL,NULL,NULL,'NA',NULL,NULL,13,'2018-02-19 09:36:44',0,NULL,NULL,NULL,'b1f900c7-714f-4697-942e-f594e4c13153',NULL),(2187,62,183,92,NULL,'2018-02-19 09:36:42',1,NULL,NULL,NULL,NULL,NULL,NULL,NULL,NULL,NULL,NULL,'NA',NULL,NULL,13,'2018-02-19 09:36:44',0,NULL,NULL,NULL,'d71e720f-6b5d-4f00-b40d-6a73f40c422e',NULL),(2188,62,184,92,NULL,'2018-02-19 09:36:42',1,NULL,NULL,NULL,NULL,NULL,NULL,NULL,NULL,NULL,NULL,'NA',NULL,NULL,13,'2018-02-19 09:36:44',0,NULL,NULL,NULL,'2c0aa109-701e-4cbf-a6df-a25890983146',NULL),(2189,62,79,92,NULL,'2018-02-19 09:36:42',1,NULL,NULL,NULL,NULL,NULL,NULL,NULL,NULL,NULL,NULL,'NA',NULL,NULL,13,'2018-02-19 09:36:44',0,NULL,NULL,NULL,'5995acb2-82e2-4e18-8032-73eabc2ee6ac',NULL),(2190,62,178,92,NULL,'2018-02-19 09:36:42',1,NULL,NULL,NULL,NULL,NULL,NULL,NULL,NULL,NULL,NULL,'NA',NULL,NULL,13,'2018-02-19 09:36:44',0,NULL,NULL,NULL,'ec68daa7-066c-48fe-8fb1-5bcc2bcfdcf6',NULL),(2191,62,177,92,NULL,'2018-02-19 09:36:42',1,NULL,NULL,NULL,NULL,NULL,NULL,NULL,NULL,NULL,NULL,'NA',NULL,NULL,13,'2018-02-19 09:36:44',0,NULL,NULL,NULL,'623d6e71-2e87-4da3-890d-40200743d921',NULL),(2192,62,176,92,NULL,'2018-02-19 09:36:42',1,NULL,NULL,NULL,NULL,NULL,NULL,NULL,NULL,NULL,NULL,'NA',NULL,NULL,13,'2018-02-19 09:36:44',0,NULL,NULL,NULL,'f054b636-58ed-4364-adc7-c86772bd40f5',NULL),(2193,62,179,92,NULL,'2018-02-19 09:36:42',1,NULL,NULL,NULL,NULL,NULL,NULL,NULL,NULL,NULL,NULL,'NA',NULL,NULL,13,'2018-02-19 09:36:44',0,NULL,NULL,NULL,'230f0f38-847c-4777-9595-5194cdfbdafb',NULL),(2194,62,80,92,NULL,'2018-02-19 09:36:42',1,NULL,NULL,NULL,NULL,NULL,NULL,NULL,NULL,NULL,NULL,'NA',NULL,NULL,13,'2018-02-19 09:36:44',0,NULL,NULL,NULL,'8754c1d7-dcd7-47ab-b98a-b26f1541fa53',NULL),(2195,62,182,92,NULL,'2018-02-19 09:36:42',1,NULL,NULL,NULL,NULL,NULL,NULL,NULL,NULL,NULL,NULL,'NA',NULL,NULL,13,'2018-02-19 09:36:44',0,NULL,NULL,NULL,'44513e6c-b3ef-45cb-b3aa-7a1091f87afd',NULL),(2196,62,181,92,NULL,'2018-02-19 09:36:42',1,NULL,NULL,NULL,NULL,NULL,NULL,NULL,NULL,NULL,NULL,'NA',NULL,NULL,13,'2018-02-19 09:36:44',0,NULL,NULL,NULL,'d2dc8d87-e65e-49d4-b1aa-2ddf4aae0418',NULL),(2197,62,188,92,NULL,'2018-02-19 09:36:42',1,NULL,NULL,NULL,NULL,NULL,NULL,NULL,NULL,NULL,NULL,'NA',NULL,NULL,13,'2018-02-19 09:36:44',0,NULL,NULL,NULL,'182ecf91-7881-4190-9e91-b25360caae09',NULL),(2198,62,187,92,NULL,'2018-02-19 09:36:42',1,NULL,NULL,NULL,NULL,NULL,NULL,NULL,NULL,NULL,NULL,'NA',NULL,NULL,13,'2018-02-19 09:36:44',0,NULL,NULL,NULL,'95ef922b-3cd4-470a-88e1-6f7f837dfaa1',NULL),(2199,62,186,92,NULL,'2018-02-19 09:36:42',1,NULL,NULL,NULL,NULL,NULL,NULL,NULL,NULL,NULL,NULL,'NA',NULL,NULL,13,'2018-02-19 09:36:44',0,NULL,NULL,NULL,'396e7382-f830-4e99-be17-cac6c25af248',NULL),(2200,62,185,92,NULL,'2018-02-19 09:36:42',1,NULL,NULL,NULL,NULL,NULL,NULL,NULL,NULL,NULL,NULL,'NA',NULL,NULL,13,'2018-02-19 09:36:44',0,NULL,NULL,NULL,'25ade317-5eee-4973-9258-9171bab82eaa',NULL),(2201,62,141,92,NULL,'2018-02-19 09:36:42',1,NULL,NULL,NULL,NULL,NULL,NULL,NULL,NULL,NULL,NULL,'done',NULL,NULL,13,'2018-02-19 09:36:44',0,NULL,NULL,NULL,'812ed957-2357-48cf-a116-0c37c01ce029',NULL),(2202,62,142,92,NULL,'2018-02-19 09:36:42',1,NULL,NULL,NULL,NULL,NULL,NULL,NULL,NULL,NULL,NULL,'Rectruited',NULL,NULL,13,'2018-02-19 09:36:44',0,NULL,NULL,NULL,'7952d622-3f1b-4a64-b8c0-ccf07fb66944',NULL),(2203,62,137,92,NULL,'2018-02-19 09:36:42',1,NULL,NULL,NULL,NULL,NULL,NULL,NULL,NULL,NULL,NULL,'NA',NULL,NULL,13,'2018-02-19 09:36:44',0,NULL,NULL,NULL,'60c0c009-b4e3-4351-b0ea-d4369d612637',NULL),(2204,62,138,92,NULL,'2018-02-19 09:36:42',1,NULL,NULL,NULL,NULL,NULL,NULL,NULL,NULL,NULL,NULL,'1',NULL,NULL,13,'2018-02-19 09:36:44',0,NULL,NULL,NULL,'5d26a00f-5e2d-48c1-8577-cc4de33bafce',NULL),(2205,62,117,92,NULL,'2018-02-19 09:36:42',1,NULL,NULL,NULL,NULL,NULL,NULL,NULL,NULL,NULL,NULL,'asha',NULL,NULL,13,'2018-02-19 09:36:44',0,NULL,NULL,NULL,'dc3e5c8f-f64b-415c-92a0-84510382e3b1',NULL),(2206,62,115,92,NULL,'2018-02-19 09:36:42',1,NULL,NULL,NULL,NULL,NULL,NULL,NULL,NULL,NULL,NULL,'19-02-2018 09:43:56',NULL,NULL,13,'2018-02-19 09:36:44',0,NULL,NULL,NULL,'22cb743d-3d1a-456d-a861-26b87b43cec4',NULL),(2207,62,114,92,NULL,'2018-02-19 09:36:42',1,NULL,NULL,NULL,NULL,NULL,NULL,NULL,NULL,NULL,NULL,'19-02-2018 09:43:56',NULL,NULL,13,'2018-02-19 09:36:44',0,NULL,NULL,NULL,'328f1db1-343e-4260-8cc4-40e4ef2d55ff',NULL),(2208,62,119,92,NULL,'2018-02-19 09:36:42',1,NULL,NULL,NULL,NULL,NULL,NULL,NULL,NULL,NULL,NULL,'SH_CVD_ASHA_SCREENING_1',NULL,NULL,13,'2018-02-19 09:36:44',0,NULL,NULL,NULL,'d4623eea-1e6d-4034-9cb0-5d8aa18ab003',NULL),(2209,62,118,92,NULL,'2018-02-19 09:36:42',1,NULL,NULL,NULL,NULL,NULL,NULL,NULL,NULL,NULL,NULL,'NA',NULL,NULL,13,'2018-02-19 09:36:44',0,NULL,NULL,NULL,'da4ab430-06e4-48f4-acb5-eebd8ae38154',NULL),(2210,62,7,92,NULL,'2018-02-19 09:36:42',1,NULL,NULL,NULL,NULL,NULL,NULL,NULL,NULL,NULL,NULL,'ha_5',NULL,NULL,13,'2018-02-19 09:36:44',0,NULL,NULL,NULL,'b73c61d3-47bf-47db-8908-25707ee48c42',NULL),(2211,62,9,92,NULL,'2018-02-19 09:36:42',1,NULL,NULL,NULL,NULL,NULL,NULL,NULL,NULL,NULL,NULL,'19-02-2018 09:43:56',NULL,NULL,13,'2018-02-19 09:36:44',0,NULL,NULL,NULL,'db9faa83-46ed-4735-87e0-01801a398b49',NULL),(2212,62,8,92,NULL,'2018-02-19 09:36:42',1,NULL,NULL,NULL,NULL,NULL,NULL,NULL,NULL,NULL,NULL,'SH_CVD_ASHA_SCREENING_1',NULL,NULL,13,'2018-02-19 09:36:44',0,NULL,NULL,NULL,'7ffb9d1d-f545-4471-9d87-c5ef0774ace3',NULL),(2213,62,18,92,NULL,'2018-02-19 09:36:42',1,NULL,NULL,NULL,NULL,NULL,NULL,NULL,NULL,NULL,NULL,'1-1-1963',NULL,NULL,13,'2018-02-19 09:36:44',0,NULL,NULL,NULL,'f00e8dc4-27c2-4f23-a1a3-52f8f6667749',NULL),(2214,62,20,92,NULL,'2018-02-19 09:36:42',1,NULL,NULL,NULL,NULL,NULL,NULL,NULL,NULL,NULL,NULL,'16-1-2018',NULL,NULL,13,'2018-02-19 09:36:44',0,NULL,NULL,NULL,'135d5f20-817c-498a-bdd9-77af3f71f829',NULL),(2215,63,142,93,NULL,'2018-02-19 09:36:46',1,NULL,NULL,NULL,NULL,NULL,NULL,NULL,NULL,NULL,NULL,'Rectruited',NULL,NULL,13,'2018-02-19 09:36:46',0,NULL,NULL,NULL,'3060e167-6d77-4ce9-8357-c7d6916aaee6',NULL),(2216,63,146,93,NULL,'2018-02-19 09:36:46',1,NULL,NULL,NULL,NULL,NULL,NULL,NULL,NULL,NULL,NULL,'56.3',NULL,NULL,13,'2018-02-19 09:36:46',0,NULL,NULL,NULL,'38229d42-58af-4d42-9e2b-e679f3967bf5',NULL),(2217,63,147,93,NULL,'2018-02-19 09:36:46',1,NULL,NULL,NULL,NULL,NULL,NULL,NULL,NULL,NULL,NULL,'157.5',NULL,NULL,13,'2018-02-19 09:36:46',0,NULL,NULL,NULL,'452fe5ac-1742-4047-a1da-68fc4d1d85b4',NULL),(2218,63,160,93,NULL,'2018-02-19 09:36:46',1,NULL,NULL,NULL,NULL,NULL,NULL,NULL,NULL,NULL,NULL,'0',NULL,NULL,13,'2018-02-19 09:36:46',0,NULL,NULL,NULL,'a61479ea-c48b-4c8d-8a47-c6edbe10e412',NULL),(2219,63,155,93,NULL,'2018-02-19 09:36:46',1,NULL,NULL,NULL,NULL,NULL,NULL,NULL,NULL,NULL,NULL,'0',NULL,NULL,13,'2018-02-19 09:36:46',0,NULL,NULL,NULL,'97d2b777-5c67-47e0-af14-7cbc09290293',NULL),(2220,63,154,93,NULL,'2018-02-19 09:36:46',1,NULL,NULL,NULL,NULL,NULL,NULL,NULL,NULL,NULL,NULL,'0',NULL,NULL,13,'2018-02-19 09:36:47',0,NULL,NULL,NULL,'694b5c49-406b-4a96-b4ca-00baacd8a330',NULL),(2221,63,153,93,NULL,'2018-02-19 09:36:46',1,NULL,NULL,NULL,NULL,NULL,NULL,NULL,NULL,NULL,NULL,'1,2',NULL,NULL,13,'2018-02-19 09:36:47',0,NULL,NULL,NULL,'a2bd479c-fa7d-4361-b69c-55bc5281a8d9',NULL),(2222,63,148,93,NULL,'2018-02-19 09:36:46',1,NULL,NULL,NULL,NULL,NULL,NULL,NULL,NULL,NULL,NULL,'1',NULL,NULL,13,'2018-02-19 09:36:47',0,NULL,NULL,NULL,'e61d6f54-f9d4-43b5-8a34-65c3b74e11c1',NULL),(2223,63,149,93,NULL,'2018-02-19 09:36:46',1,NULL,NULL,NULL,NULL,NULL,NULL,NULL,NULL,NULL,NULL,'2',NULL,NULL,13,'2018-02-19 09:36:47',0,NULL,NULL,NULL,'7b67ee47-77a1-4d9f-bafd-d05bc37c3d4d',NULL),(2224,63,150,93,NULL,'2018-02-19 09:36:46',1,NULL,NULL,NULL,NULL,NULL,NULL,NULL,NULL,NULL,NULL,'0',NULL,NULL,13,'2018-02-19 09:36:47',0,NULL,NULL,NULL,'64526439-4df7-4670-968e-1df4c89fa034',NULL),(2225,63,161,93,NULL,'2018-02-19 09:36:46',1,NULL,NULL,NULL,NULL,NULL,NULL,NULL,NULL,NULL,NULL,'1',NULL,NULL,13,'2018-02-19 09:36:47',0,NULL,NULL,NULL,'09abfa42-b3cc-460f-b665-da75f80a28e5',NULL),(2226,63,159,93,NULL,'2018-02-19 09:36:46',1,NULL,NULL,NULL,NULL,NULL,NULL,NULL,NULL,NULL,NULL,'1',NULL,NULL,13,'2018-02-19 09:36:47',0,NULL,NULL,NULL,'e65a8c71-f241-4dfd-96ad-13b9f1a6a687',NULL),(2227,63,35,93,NULL,'2018-02-19 09:36:46',1,NULL,NULL,NULL,NULL,NULL,NULL,NULL,NULL,NULL,NULL,'6',NULL,NULL,13,'2018-02-19 09:36:47',0,NULL,NULL,NULL,'7bf1fb70-5b46-4fe8-8f56-78586014b891',NULL),(2228,63,168,93,NULL,'2018-02-19 09:36:46',1,NULL,NULL,NULL,NULL,NULL,NULL,NULL,NULL,NULL,NULL,'2',NULL,NULL,13,'2018-02-19 09:36:47',0,NULL,NULL,NULL,'5a13830d-594d-48ed-ae57-f794e89d2464',NULL),(2229,63,171,93,NULL,'2018-02-19 09:36:46',1,NULL,NULL,NULL,NULL,NULL,NULL,NULL,NULL,NULL,NULL,'5',NULL,NULL,13,'2018-02-19 09:36:47',0,NULL,NULL,NULL,'688c5f99-212f-444f-a082-dbacc41f5736',NULL),(2230,63,170,93,NULL,'2018-02-19 09:36:46',1,NULL,NULL,NULL,NULL,NULL,NULL,NULL,NULL,NULL,NULL,'5',NULL,NULL,13,'2018-02-19 09:36:47',0,NULL,NULL,NULL,'445efc69-cc68-4fb5-92d5-51734311c184',NULL),(2231,63,163,93,NULL,'2018-02-19 09:36:46',1,NULL,NULL,NULL,NULL,NULL,NULL,NULL,NULL,NULL,NULL,'2,4',NULL,NULL,13,'2018-02-19 09:36:47',0,NULL,NULL,NULL,'64674949-619a-44f6-98d0-4c6b6746ada9',NULL),(2232,63,162,93,NULL,'2018-02-19 09:36:46',1,NULL,NULL,NULL,NULL,NULL,NULL,NULL,NULL,NULL,NULL,'195',NULL,NULL,13,'2018-02-19 09:36:47',0,NULL,NULL,NULL,'52880fab-d9dd-49e5-a49b-ac9b48691153',NULL),(2233,63,156,93,NULL,'2018-02-19 09:36:46',1,NULL,NULL,NULL,NULL,NULL,NULL,NULL,NULL,NULL,NULL,'19-2-2018',NULL,NULL,13,'2018-02-19 09:36:47',0,NULL,NULL,NULL,'4bff3ac3-9889-4e87-898d-f23855b830a5',NULL),(2234,63,157,93,NULL,'2018-02-19 09:36:46',1,NULL,NULL,NULL,NULL,NULL,NULL,NULL,NULL,NULL,NULL,'8.5',NULL,NULL,13,'2018-02-19 09:36:47',0,NULL,NULL,NULL,'b6a72e73-6149-442a-b820-b4dc4ce61415',NULL),(2235,63,158,93,NULL,'2018-02-19 09:36:46',1,NULL,NULL,NULL,NULL,NULL,NULL,NULL,NULL,NULL,NULL,'12-2-2018',NULL,NULL,13,'2018-02-19 09:36:47',0,NULL,NULL,NULL,'bc76e58f-ba08-482b-bb50-bfcdf78c434a',NULL),(2236,63,12,93,NULL,'2018-02-19 09:36:46',1,NULL,NULL,NULL,NULL,NULL,NULL,NULL,NULL,NULL,NULL,'1010050004',NULL,NULL,13,'2018-02-19 09:36:47',0,NULL,NULL,NULL,'9a98d291-2a80-495c-8f80-238fbbffb7c9',NULL),(2237,63,15,93,NULL,'2018-02-19 09:36:46',1,NULL,NULL,NULL,NULL,NULL,NULL,NULL,NULL,NULL,NULL,'test4',NULL,NULL,13,'2018-02-19 09:36:47',0,NULL,NULL,NULL,'86d33341-1cba-4055-b008-2e2848f43ff0',NULL),(2238,63,20,93,NULL,'2018-02-19 09:36:46',1,NULL,NULL,NULL,NULL,NULL,NULL,NULL,NULL,NULL,NULL,'18-1-2018',NULL,NULL,13,'2018-02-19 09:36:47',0,NULL,NULL,NULL,'0db6ed92-3330-4846-9028-cd435257f255',NULL),(2239,63,22,93,NULL,'2018-02-19 09:36:46',1,NULL,NULL,NULL,NULL,NULL,NULL,NULL,NULL,NULL,NULL,'F',NULL,NULL,13,'2018-02-19 09:36:47',0,NULL,NULL,NULL,'4aea08c7-9944-43df-b551-84a44f36b74a',NULL),(2240,63,14,93,NULL,'2018-02-19 09:36:46',1,NULL,NULL,NULL,NULL,NULL,NULL,NULL,NULL,NULL,NULL,'test4',NULL,NULL,13,'2018-02-19 09:36:47',0,NULL,NULL,NULL,'e33944bb-7f19-42ce-a8ab-b4c9856c464c',NULL),(2241,63,116,93,NULL,'2018-02-19 09:36:46',1,NULL,NULL,NULL,NULL,NULL,NULL,NULL,NULL,NULL,NULL,'ha_5',NULL,NULL,13,'2018-02-19 09:36:47',0,NULL,NULL,NULL,'65236c7c-d78d-483f-9529-76f7696a5fda',NULL),(2242,63,169,93,NULL,'2018-02-19 09:36:46',1,NULL,NULL,NULL,NULL,NULL,NULL,NULL,NULL,NULL,NULL,'22',NULL,NULL,13,'2018-02-19 09:36:47',0,NULL,NULL,NULL,'aeae1806-0aad-4a3c-afee-2c76138e5147',NULL),(2243,63,166,93,NULL,'2018-02-19 09:36:46',1,NULL,NULL,NULL,NULL,NULL,NULL,NULL,NULL,NULL,NULL,'563258',NULL,NULL,13,'2018-02-19 09:36:47',0,NULL,NULL,NULL,'1b24b7b4-8896-4e86-be4b-3999318f6c94',NULL),(2244,63,165,93,NULL,'2018-02-19 09:36:46',1,NULL,NULL,NULL,NULL,NULL,NULL,NULL,NULL,NULL,NULL,'H',NULL,NULL,13,'2018-02-19 09:36:47',0,NULL,NULL,NULL,'3dd601a5-8e9b-4c7a-b842-78b3ab251d28',NULL),(2245,63,173,93,NULL,'2018-02-19 09:36:46',1,NULL,NULL,NULL,NULL,NULL,NULL,NULL,NULL,NULL,NULL,'1',NULL,NULL,13,'2018-02-19 09:36:47',0,NULL,NULL,NULL,'a5db2af4-80e6-4e0f-990f-275e3306ff91',NULL),(2246,63,167,93,NULL,'2018-02-19 09:36:46',1,NULL,NULL,NULL,NULL,NULL,NULL,NULL,NULL,NULL,NULL,'652365',NULL,NULL,13,'2018-02-19 09:36:47',0,NULL,NULL,NULL,'88c41200-deda-49df-b01e-ce0fedbae97c',NULL),(2247,63,164,93,NULL,'2018-02-19 09:36:46',1,NULL,NULL,NULL,NULL,NULL,NULL,NULL,NULL,NULL,NULL,'hus',NULL,NULL,13,'2018-02-19 09:36:47',0,NULL,NULL,NULL,'4e701df6-e81c-4b7e-b326-a50fc312151c',NULL),(2248,63,174,93,NULL,'2018-02-19 09:36:46',1,NULL,NULL,NULL,NULL,NULL,NULL,NULL,NULL,NULL,NULL,'nadu st',NULL,NULL,13,'2018-02-19 09:36:47',0,NULL,NULL,NULL,'9aa06e1f-f943-4fcd-90b5-5aebfbe721b3',NULL),(2249,63,128,93,NULL,'2018-02-19 09:36:46',1,NULL,NULL,NULL,NULL,NULL,NULL,NULL,NULL,NULL,NULL,'523654125874',NULL,NULL,13,'2018-02-19 09:36:47',0,NULL,NULL,NULL,'acf9892c-70c0-477f-bfd1-541db069de5e',NULL),(2250,63,116,93,NULL,'2018-02-19 09:36:46',1,NULL,NULL,NULL,NULL,NULL,NULL,NULL,NULL,NULL,NULL,'ha_5',NULL,NULL,13,'2018-02-19 09:36:47',0,NULL,NULL,NULL,'81643a22-d588-4941-bc47-71bceba45e2b',NULL),(2251,63,175,93,NULL,'2018-02-19 09:36:46',1,NULL,NULL,NULL,NULL,NULL,NULL,NULL,NULL,NULL,NULL,'18-1-2018',NULL,NULL,13,'2018-02-19 09:36:47',0,NULL,NULL,NULL,'96834cbd-881e-4664-9d1b-cddb30bbcf05',NULL),(2252,63,5,93,NULL,'2018-02-19 09:36:46',1,NULL,NULL,NULL,NULL,NULL,NULL,NULL,NULL,NULL,NULL,'3',NULL,NULL,13,'2018-02-19 09:36:47',0,NULL,NULL,NULL,'29ac1cd2-d64b-4fa9-8dbe-488cc7ed23a3',NULL),(2253,63,16,93,NULL,'2018-02-19 09:36:46',1,NULL,NULL,NULL,NULL,NULL,NULL,NULL,NULL,NULL,NULL,'9652351455',NULL,NULL,13,'2018-02-19 09:36:47',0,NULL,NULL,NULL,'eb9e4c26-788e-42e2-b0ee-eacb6ec2be21',NULL),(2254,63,6,93,NULL,'2018-02-19 09:36:46',1,NULL,NULL,NULL,NULL,NULL,NULL,NULL,NULL,NULL,NULL,'kalambut',NULL,NULL,13,'2018-02-19 09:36:47',0,NULL,NULL,NULL,'f72e70a5-5953-4fa8-8144-224ad24a9635',NULL),(2255,63,21,93,NULL,'2018-02-19 09:36:46',1,NULL,NULL,NULL,NULL,NULL,NULL,NULL,NULL,NULL,NULL,'52',NULL,NULL,13,'2018-02-19 09:36:47',0,NULL,NULL,NULL,'166f5b32-5c95-4fea-9be8-800fa6f758b4',NULL),(2256,63,22,93,NULL,'2018-02-19 09:36:46',1,NULL,NULL,NULL,NULL,NULL,NULL,NULL,NULL,NULL,NULL,'F',NULL,NULL,13,'2018-02-19 09:36:47',0,NULL,NULL,NULL,'ffcd062c-4a12-4b8e-b8f1-03249f5a6567',NULL),(2257,63,9,93,NULL,'2018-02-19 09:36:46',1,NULL,NULL,NULL,NULL,NULL,NULL,NULL,NULL,NULL,NULL,'19-02-2018 09:46:49',NULL,NULL,13,'2018-02-19 09:36:47',0,NULL,NULL,NULL,'54414855-f08b-4b97-9a97-4d7f45aeb0be',NULL),(2258,63,7,93,NULL,'2018-02-19 09:36:46',1,NULL,NULL,NULL,NULL,NULL,NULL,NULL,NULL,NULL,NULL,'ha_5',NULL,NULL,13,'2018-02-19 09:36:47',0,NULL,NULL,NULL,'f8488306-9dbe-4668-a9e7-ae9681634698',NULL),(2259,63,118,93,NULL,'2018-02-19 09:36:46',1,NULL,NULL,NULL,NULL,NULL,NULL,NULL,NULL,NULL,NULL,'NA',NULL,NULL,13,'2018-02-19 09:36:47',0,NULL,NULL,NULL,'3f76a1eb-2d7b-441d-a0a2-32aefbbad28e',NULL),(2260,63,119,93,NULL,'2018-02-19 09:36:46',1,NULL,NULL,NULL,NULL,NULL,NULL,NULL,NULL,NULL,NULL,'SH_CVD_ASHA_SCREENING_1',NULL,NULL,13,'2018-02-19 09:36:48',0,NULL,NULL,NULL,'11f99779-f1ef-49ab-a107-af855558bf29',NULL),(2261,63,114,93,NULL,'2018-02-19 09:36:46',1,NULL,NULL,NULL,NULL,NULL,NULL,NULL,NULL,NULL,NULL,'19-02-2018 09:46:49',NULL,NULL,13,'2018-02-19 09:36:48',0,NULL,NULL,NULL,'135cae26-c8c9-49c7-be61-81e2e4e4e9e7',NULL),(2262,63,115,93,NULL,'2018-02-19 09:36:46',1,NULL,NULL,NULL,NULL,NULL,NULL,NULL,NULL,NULL,NULL,'19-02-2018 09:46:49',NULL,NULL,13,'2018-02-19 09:36:48',0,NULL,NULL,NULL,'9477ddee-78fd-4289-869a-69a39be8950e',NULL),(2263,63,117,93,NULL,'2018-02-19 09:36:46',1,NULL,NULL,NULL,NULL,NULL,NULL,NULL,NULL,NULL,NULL,'asha',NULL,NULL,13,'2018-02-19 09:36:48',0,NULL,NULL,NULL,'523dbc00-0f70-4790-84e5-63b44518b305',NULL),(2264,63,179,93,NULL,'2018-02-19 09:36:46',1,NULL,NULL,NULL,NULL,NULL,NULL,NULL,NULL,NULL,NULL,'NA',NULL,NULL,13,'2018-02-19 09:36:48',0,NULL,NULL,NULL,'1ee7c4b2-c2fe-4d23-8ce0-0101569873ab',NULL),(2265,63,19,93,NULL,'2018-02-19 09:36:46',1,NULL,NULL,NULL,NULL,NULL,NULL,NULL,NULL,NULL,NULL,'NA',NULL,NULL,13,'2018-02-19 09:36:48',0,NULL,NULL,NULL,'21a029a0-39e0-4597-b534-43a49d1d147e',NULL),(2266,63,18,93,NULL,'2018-02-19 09:36:46',1,NULL,NULL,NULL,NULL,NULL,NULL,NULL,NULL,NULL,NULL,'1-1-1966',NULL,NULL,13,'2018-02-19 09:36:48',0,NULL,NULL,NULL,'fa001f3e-66c5-41d8-b400-5ccfc5751db1',NULL),(2267,63,8,93,NULL,'2018-02-19 09:36:46',1,NULL,NULL,NULL,NULL,NULL,NULL,NULL,NULL,NULL,NULL,'SH_CVD_ASHA_SCREENING_1',NULL,NULL,13,'2018-02-19 09:36:48',0,NULL,NULL,NULL,'4d0a9780-b229-4185-ab30-ab0134a4be24',NULL),(2268,63,180,93,NULL,'2018-02-19 09:36:46',1,NULL,NULL,NULL,NULL,NULL,NULL,NULL,NULL,NULL,NULL,'NA',NULL,NULL,13,'2018-02-19 09:36:48',0,NULL,NULL,NULL,'070ede4f-f085-4d1c-a5e1-c1b4f21ee070',NULL),(2269,63,176,93,NULL,'2018-02-19 09:36:46',1,NULL,NULL,NULL,NULL,NULL,NULL,NULL,NULL,NULL,NULL,'NA',NULL,NULL,13,'2018-02-19 09:36:48',0,NULL,NULL,NULL,'abfa1d71-be61-4639-a19d-e23de533b829',NULL),(2270,63,177,93,NULL,'2018-02-19 09:36:46',1,NULL,NULL,NULL,NULL,NULL,NULL,NULL,NULL,NULL,NULL,'NA',NULL,NULL,13,'2018-02-19 09:36:48',0,NULL,NULL,NULL,'c143ea3d-0ca9-474c-acdd-bd1a3a2102a7',NULL),(2271,63,178,93,NULL,'2018-02-19 09:36:46',1,NULL,NULL,NULL,NULL,NULL,NULL,NULL,NULL,NULL,NULL,'NA',NULL,NULL,13,'2018-02-19 09:36:48',0,NULL,NULL,NULL,'b1495218-0d72-4571-acf5-2c8c887c5f5d',NULL),(2272,63,181,93,NULL,'2018-02-19 09:36:46',1,NULL,NULL,NULL,NULL,NULL,NULL,NULL,NULL,NULL,NULL,'NA',NULL,NULL,13,'2018-02-19 09:36:48',0,NULL,NULL,NULL,'d9d8b7e8-7df5-48ed-9438-3b77f35ea9b4',NULL),(2273,63,184,93,NULL,'2018-02-19 09:36:46',1,NULL,NULL,NULL,NULL,NULL,NULL,NULL,NULL,NULL,NULL,'NA',NULL,NULL,13,'2018-02-19 09:36:48',0,NULL,NULL,NULL,'14ff6a04-9416-4962-b0ca-f228d6fcffb0',NULL),(2274,63,183,93,NULL,'2018-02-19 09:36:46',1,NULL,NULL,NULL,NULL,NULL,NULL,NULL,NULL,NULL,NULL,'NA',NULL,NULL,13,'2018-02-19 09:36:48',0,NULL,NULL,NULL,'293f45bf-22c7-4dd4-b308-8b3a06fb27aa',NULL),(2275,63,172,93,NULL,'2018-02-19 09:36:46',1,NULL,NULL,NULL,NULL,NULL,NULL,NULL,NULL,NULL,NULL,'NA',NULL,NULL,13,'2018-02-19 09:36:48',0,NULL,NULL,NULL,'331003ae-e7e0-49f1-a948-c9be7a66a15a',NULL),(2276,63,79,93,NULL,'2018-02-19 09:36:46',1,NULL,NULL,NULL,NULL,NULL,NULL,NULL,NULL,NULL,NULL,'NA',NULL,NULL,13,'2018-02-19 09:36:48',0,NULL,NULL,NULL,'b6fda57d-e36a-4f31-acfd-ebd5e148e1a4',NULL),(2277,63,80,93,NULL,'2018-02-19 09:36:46',1,NULL,NULL,NULL,NULL,NULL,NULL,NULL,NULL,NULL,NULL,'NA',NULL,NULL,13,'2018-02-19 09:36:48',0,NULL,NULL,NULL,'73d4f31c-c628-421e-b6e0-b815eaaf50f7',NULL),(2278,63,182,93,NULL,'2018-02-19 09:36:46',1,NULL,NULL,NULL,NULL,NULL,NULL,NULL,NULL,NULL,NULL,'NA',NULL,NULL,13,'2018-02-19 09:36:48',0,NULL,NULL,NULL,'da2a79b1-873c-4245-b19d-a2ae6161be9c',NULL),(2279,63,187,93,NULL,'2018-02-19 09:36:46',1,NULL,NULL,NULL,NULL,NULL,NULL,NULL,NULL,NULL,NULL,'NA',NULL,NULL,13,'2018-02-19 09:36:48',0,NULL,NULL,NULL,'31217b84-5f37-4625-8ff5-247d629bb3fb',NULL),(2280,63,137,93,NULL,'2018-02-19 09:36:46',1,NULL,NULL,NULL,NULL,NULL,NULL,NULL,NULL,NULL,NULL,'NA',NULL,NULL,13,'2018-02-19 09:36:48',0,NULL,NULL,NULL,'6f0253ad-6085-4d5f-8471-588eddc4d5a5',NULL),(2281,63,140,93,NULL,'2018-02-19 09:36:46',1,NULL,NULL,NULL,NULL,NULL,NULL,NULL,NULL,NULL,NULL,'8.5',NULL,NULL,13,'2018-02-19 09:36:48',0,NULL,NULL,NULL,'06243fa7-401c-401e-afdb-d157701d108d',NULL),(2282,63,141,93,NULL,'2018-02-19 09:36:46',1,NULL,NULL,NULL,NULL,NULL,NULL,NULL,NULL,NULL,NULL,'done',NULL,NULL,13,'2018-02-19 09:36:48',0,NULL,NULL,NULL,'e9e81019-194c-4b50-a327-70a19c22d9af',NULL),(2283,63,138,93,NULL,'2018-02-19 09:36:46',1,NULL,NULL,NULL,NULL,NULL,NULL,NULL,NULL,NULL,NULL,'1',NULL,NULL,13,'2018-02-19 09:36:48',0,NULL,NULL,NULL,'db4296ec-4377-4a67-8689-1bbb905275ca',NULL),(2284,63,186,93,NULL,'2018-02-19 09:36:46',1,NULL,NULL,NULL,NULL,NULL,NULL,NULL,NULL,NULL,NULL,'NA',NULL,NULL,13,'2018-02-19 09:36:48',0,NULL,NULL,NULL,'38a2292e-d729-4dcd-8979-aaf07a1d2969',NULL),(2285,63,188,93,NULL,'2018-02-19 09:36:46',1,NULL,NULL,NULL,NULL,NULL,NULL,NULL,NULL,NULL,NULL,'NA',NULL,NULL,13,'2018-02-19 09:36:48',0,NULL,NULL,NULL,'c69f5383-9d47-41ba-a6f3-773f665519f5',NULL),(2286,63,185,93,NULL,'2018-02-19 09:36:46',1,NULL,NULL,NULL,NULL,NULL,NULL,NULL,NULL,NULL,NULL,'NA',NULL,NULL,13,'2018-02-19 09:36:48',0,NULL,NULL,NULL,'57076f55-1e46-4eb1-afad-222dd05efa4d',NULL),(2287,63,134,93,NULL,'2018-02-19 09:36:46',1,NULL,NULL,NULL,NULL,NULL,NULL,NULL,NULL,NULL,NULL,'140',NULL,NULL,13,'2018-02-19 09:36:48',0,NULL,NULL,NULL,'635c624a-f32c-4b6b-9cf1-5d33b2f50d77',NULL),(2288,63,139,93,NULL,'2018-02-19 09:36:46',1,NULL,NULL,NULL,NULL,NULL,NULL,NULL,NULL,NULL,NULL,'100',NULL,NULL,13,'2018-02-19 09:36:48',0,NULL,NULL,NULL,'6f2bf9a8-c887-45e7-8b34-34e0048c8e61',NULL),(2289,63,136,93,NULL,'2018-02-19 09:36:46',1,NULL,NULL,NULL,NULL,NULL,NULL,NULL,NULL,NULL,NULL,'1',NULL,NULL,13,'2018-02-19 09:36:48',0,NULL,NULL,NULL,'17741aa2-05be-42a6-ae94-6168afece5a9',NULL),(2290,63,133,93,NULL,'2018-02-19 09:36:46',1,NULL,NULL,NULL,NULL,NULL,NULL,NULL,NULL,NULL,NULL,'1',NULL,NULL,13,'2018-02-19 09:36:48',0,NULL,NULL,NULL,'cd0a62cf-9830-40d1-ba51-fd213615a4a1',NULL),(2291,63,151,93,NULL,'2018-02-19 09:36:46',1,NULL,NULL,NULL,NULL,NULL,NULL,NULL,NULL,NULL,NULL,'1',NULL,NULL,13,'2018-02-19 09:36:48',0,NULL,NULL,NULL,'85f37681-4340-475c-b7c6-f52db52ad0a9',NULL),(2292,63,135,93,NULL,'2018-02-19 09:36:46',1,NULL,NULL,NULL,NULL,NULL,NULL,NULL,NULL,NULL,NULL,'0',NULL,NULL,13,'2018-02-19 09:36:48',0,NULL,NULL,NULL,'503f5f18-37d0-427c-b142-6acb155af36e',NULL),(2293,63,143,93,NULL,'2018-02-19 09:36:46',1,NULL,NULL,NULL,NULL,NULL,NULL,NULL,NULL,NULL,NULL,'0',NULL,NULL,13,'2018-02-19 09:36:48',0,NULL,NULL,NULL,'ae20d930-200c-4ded-91a9-fcc8b72d6a0c',NULL),(2294,63,152,93,NULL,'2018-02-19 09:36:46',1,NULL,NULL,NULL,NULL,NULL,NULL,NULL,NULL,NULL,NULL,'1',NULL,NULL,13,'2018-02-19 09:36:48',0,NULL,NULL,NULL,'4129e235-5729-45d7-a444-504e9aa2a2d4',NULL),(2295,63,145,93,NULL,'2018-02-19 09:36:46',1,NULL,NULL,NULL,NULL,NULL,NULL,NULL,NULL,NULL,NULL,'22.7',NULL,NULL,13,'2018-02-19 09:36:48',0,NULL,NULL,NULL,'9325583b-3b62-4bc4-b120-5bae3f9c3bf7',NULL),(2296,63,144,93,NULL,'2018-02-19 09:36:46',1,NULL,NULL,NULL,NULL,NULL,NULL,NULL,NULL,NULL,NULL,'1',NULL,NULL,13,'2018-02-19 09:36:48',0,NULL,NULL,NULL,'53f79090-8879-49fa-a1a5-f4d125acd23e',NULL),(2297,64,173,94,NULL,'2018-02-19 09:36:50',1,NULL,NULL,NULL,NULL,NULL,NULL,NULL,NULL,NULL,NULL,'1',NULL,NULL,13,'2018-02-19 09:36:50',0,NULL,NULL,NULL,'aed758df-feff-4b12-b501-57b6bf543bbb',NULL),(2298,64,116,94,NULL,'2018-02-19 09:36:50',1,NULL,NULL,NULL,NULL,NULL,NULL,NULL,NULL,NULL,NULL,'ha_5',NULL,NULL,13,'2018-02-19 09:36:51',0,NULL,NULL,NULL,'fcf6e9e4-ad1f-4437-8e5c-aa826a35d2a3',NULL),(2299,64,164,94,NULL,'2018-02-19 09:36:50',1,NULL,NULL,NULL,NULL,NULL,NULL,NULL,NULL,NULL,NULL,'father',NULL,NULL,13,'2018-02-19 09:36:51',0,NULL,NULL,NULL,'69feef0b-54f8-48a3-9c4b-f8f5f134661a',NULL),(2300,64,165,94,NULL,'2018-02-19 09:36:50',1,NULL,NULL,NULL,NULL,NULL,NULL,NULL,NULL,NULL,NULL,'F',NULL,NULL,13,'2018-02-19 09:36:51',0,NULL,NULL,NULL,'c8f384e4-84e4-4737-ab19-a6987f5b4075',NULL),(2301,64,128,94,NULL,'2018-02-19 09:36:50',1,NULL,NULL,NULL,NULL,NULL,NULL,NULL,NULL,NULL,NULL,'652352565548',NULL,NULL,13,'2018-02-19 09:36:51',0,NULL,NULL,NULL,'2a29fd89-3ced-4c42-816f-3f6dc2ca5835',NULL),(2302,64,22,94,NULL,'2018-02-19 09:36:50',1,NULL,NULL,NULL,NULL,NULL,NULL,NULL,NULL,NULL,NULL,'M',NULL,NULL,13,'2018-02-19 09:36:51',0,NULL,NULL,NULL,'55972763-0a1d-44a7-bb4e-3e33ae7f0ce9',NULL),(2303,64,175,94,NULL,'2018-02-19 09:36:50',1,NULL,NULL,NULL,NULL,NULL,NULL,NULL,NULL,NULL,NULL,'21-1-2018',NULL,NULL,13,'2018-02-19 09:36:51',0,NULL,NULL,NULL,'7d961c2b-1f08-4eca-93af-001fb78533d9',NULL),(2304,64,174,94,NULL,'2018-02-19 09:36:50',1,NULL,NULL,NULL,NULL,NULL,NULL,NULL,NULL,NULL,NULL,'new st',NULL,NULL,13,'2018-02-19 09:36:51',0,NULL,NULL,NULL,'b00a8093-b564-423c-8765-2696171ca493',NULL),(2305,64,166,94,NULL,'2018-02-19 09:36:50',1,NULL,NULL,NULL,NULL,NULL,NULL,NULL,NULL,NULL,NULL,'425365',NULL,NULL,13,'2018-02-19 09:36:51',0,NULL,NULL,NULL,'ee7a7f10-621d-4f2c-8493-a7f0411d89ce',NULL),(2306,64,167,94,NULL,'2018-02-19 09:36:50',1,NULL,NULL,NULL,NULL,NULL,NULL,NULL,NULL,NULL,NULL,'525365',NULL,NULL,13,'2018-02-19 09:36:51',0,NULL,NULL,NULL,'24c7ab72-3be0-47f3-8a4b-2e7af1485835',NULL),(2307,64,20,94,NULL,'2018-02-19 09:36:50',1,NULL,NULL,NULL,NULL,NULL,NULL,NULL,NULL,NULL,NULL,'21-1-2018',NULL,NULL,13,'2018-02-19 09:36:51',0,NULL,NULL,NULL,'97859dca-151c-452c-9fc9-5c7e1303e5da',NULL),(2308,64,18,94,NULL,'2018-02-19 09:36:50',1,NULL,NULL,NULL,NULL,NULL,NULL,NULL,NULL,NULL,NULL,'1-1-1973',NULL,NULL,13,'2018-02-19 09:36:51',0,NULL,NULL,NULL,'c3802f6e-5751-49d2-b8bd-0f8ac7aa54e8',NULL),(2309,64,12,94,NULL,'2018-02-19 09:36:50',1,NULL,NULL,NULL,NULL,NULL,NULL,NULL,NULL,NULL,NULL,'1010050005',NULL,NULL,13,'2018-02-19 09:36:51',0,NULL,NULL,NULL,'76317cd5-51b3-4d3a-bff8-17a01919c640',NULL),(2310,64,22,94,NULL,'2018-02-19 09:36:50',1,NULL,NULL,NULL,NULL,NULL,NULL,NULL,NULL,NULL,NULL,'M',NULL,NULL,13,'2018-02-19 09:36:51',0,NULL,NULL,NULL,'728fe8d4-1c6d-4476-80c3-37f80e7d126b',NULL),(2311,64,14,94,NULL,'2018-02-19 09:36:50',1,NULL,NULL,NULL,NULL,NULL,NULL,NULL,NULL,NULL,NULL,'test5',NULL,NULL,13,'2018-02-19 09:36:51',0,NULL,NULL,NULL,'7dfae4e4-69ba-41c1-8a71-a32127adbbbb',NULL),(2312,64,15,94,NULL,'2018-02-19 09:36:50',1,NULL,NULL,NULL,NULL,NULL,NULL,NULL,NULL,NULL,NULL,'test5',NULL,NULL,13,'2018-02-19 09:36:51',0,NULL,NULL,NULL,'146a3482-c7e0-4293-b4b4-d139557a0eb3',NULL),(2313,64,116,94,NULL,'2018-02-19 09:36:50',1,NULL,NULL,NULL,NULL,NULL,NULL,NULL,NULL,NULL,NULL,'ha_5',NULL,NULL,13,'2018-02-19 09:36:51',0,NULL,NULL,NULL,'f75ec74a-7b15-43ab-bde2-734bc0437a62',NULL),(2314,64,16,94,NULL,'2018-02-19 09:36:50',1,NULL,NULL,NULL,NULL,NULL,NULL,NULL,NULL,NULL,NULL,'9758584556',NULL,NULL,13,'2018-02-19 09:36:51',0,NULL,NULL,NULL,'a6c582d7-5400-4749-b4c6-d7e7386f0879',NULL),(2315,64,21,94,NULL,'2018-02-19 09:36:50',1,NULL,NULL,NULL,NULL,NULL,NULL,NULL,NULL,NULL,NULL,'45',NULL,NULL,13,'2018-02-19 09:36:51',0,NULL,NULL,NULL,'537fe51f-1f8a-4624-ae2f-d3f561b23b24',NULL),(2316,64,6,94,NULL,'2018-02-19 09:36:50',1,NULL,NULL,NULL,NULL,NULL,NULL,NULL,NULL,NULL,NULL,'pallathur',NULL,NULL,13,'2018-02-19 09:36:51',0,NULL,NULL,NULL,'76615f10-9086-4d02-83d5-1de2ceb8b171',NULL),(2317,64,5,94,NULL,'2018-02-19 09:36:50',1,NULL,NULL,NULL,NULL,NULL,NULL,NULL,NULL,NULL,NULL,'3',NULL,NULL,13,'2018-02-19 09:36:51',0,NULL,NULL,NULL,'49549db8-db54-4b28-9ede-1628f9fa2ce3',NULL),(2318,64,148,94,NULL,'2018-02-19 09:36:50',1,NULL,NULL,NULL,NULL,NULL,NULL,NULL,NULL,NULL,NULL,'0',NULL,NULL,13,'2018-02-19 09:36:51',0,NULL,NULL,NULL,'88f47355-43bd-469c-85de-53bb9f186fad',NULL),(2319,64,147,94,NULL,'2018-02-19 09:36:50',1,NULL,NULL,NULL,NULL,NULL,NULL,NULL,NULL,NULL,NULL,'152',NULL,NULL,13,'2018-02-19 09:36:51',0,NULL,NULL,NULL,'79634fd4-6d8d-4c0a-bbdb-452f43039237',NULL),(2320,64,160,94,NULL,'2018-02-19 09:36:50',1,NULL,NULL,NULL,NULL,NULL,NULL,NULL,NULL,NULL,NULL,'1',NULL,NULL,13,'2018-02-19 09:36:51',0,NULL,NULL,NULL,'4eb18d00-2bf3-422e-a3f8-c3fc946b9539',NULL),(2321,64,161,94,NULL,'2018-02-19 09:36:50',1,NULL,NULL,NULL,NULL,NULL,NULL,NULL,NULL,NULL,NULL,'1',NULL,NULL,13,'2018-02-19 09:36:51',0,NULL,NULL,NULL,'17795f99-fe2b-4acf-a863-d1941dd5329c',NULL),(2322,64,150,94,NULL,'2018-02-19 09:36:50',1,NULL,NULL,NULL,NULL,NULL,NULL,NULL,NULL,NULL,NULL,'0',NULL,NULL,13,'2018-02-19 09:36:51',0,NULL,NULL,NULL,'82bc62fe-1bb0-45a2-b302-0597b32d8d68',NULL),(2323,64,149,94,NULL,'2018-02-19 09:36:50',1,NULL,NULL,NULL,NULL,NULL,NULL,NULL,NULL,NULL,NULL,'1',NULL,NULL,13,'2018-02-19 09:36:51',0,NULL,NULL,NULL,'023ac7e5-5acf-491f-a128-293eb24729aa',NULL),(2324,64,35,94,NULL,'2018-02-19 09:36:50',1,NULL,NULL,NULL,NULL,NULL,NULL,NULL,NULL,NULL,NULL,'6',NULL,NULL,13,'2018-02-19 09:36:51',0,NULL,NULL,NULL,'b07ba34f-469f-4445-8f5f-c623cd93e42e',NULL),(2325,64,153,94,NULL,'2018-02-19 09:36:50',1,NULL,NULL,NULL,NULL,NULL,NULL,NULL,NULL,NULL,NULL,'1',NULL,NULL,13,'2018-02-19 09:36:51',0,NULL,NULL,NULL,'262f9776-b4c3-4732-991c-5e9955a7a152',NULL),(2326,64,154,94,NULL,'2018-02-19 09:36:50',1,NULL,NULL,NULL,NULL,NULL,NULL,NULL,NULL,NULL,NULL,'0',NULL,NULL,13,'2018-02-19 09:36:51',0,NULL,NULL,NULL,'3cf5610c-a543-46e3-b46b-4fbec6e094a4',NULL),(2327,64,155,94,NULL,'2018-02-19 09:36:50',1,NULL,NULL,NULL,NULL,NULL,NULL,NULL,NULL,NULL,NULL,'0',NULL,NULL,13,'2018-02-19 09:36:51',0,NULL,NULL,NULL,'d533369b-f6ed-4507-9a77-bad31d64804b',NULL),(2328,64,159,94,NULL,'2018-02-19 09:36:50',1,NULL,NULL,NULL,NULL,NULL,NULL,NULL,NULL,NULL,NULL,'1',NULL,NULL,13,'2018-02-19 09:36:51',0,NULL,NULL,NULL,'9d0024df-5377-4702-8407-a8afa232d5ef',NULL),(2329,64,158,94,NULL,'2018-02-19 09:36:50',1,NULL,NULL,NULL,NULL,NULL,NULL,NULL,NULL,NULL,NULL,'17-2-2018',NULL,NULL,13,'2018-02-19 09:36:51',0,NULL,NULL,NULL,'d4605143-3f30-4581-9098-e8870b0a828b',NULL),(2330,64,157,94,NULL,'2018-02-19 09:36:50',1,NULL,NULL,NULL,NULL,NULL,NULL,NULL,NULL,NULL,NULL,'12.9',NULL,NULL,13,'2018-02-19 09:36:51',0,NULL,NULL,NULL,'2f24f1a4-8b43-465b-ac0e-a7aedc05a087',NULL),(2331,64,156,94,NULL,'2018-02-19 09:36:50',1,NULL,NULL,NULL,NULL,NULL,NULL,NULL,NULL,NULL,NULL,'13-2-2018',NULL,NULL,13,'2018-02-19 09:36:51',0,NULL,NULL,NULL,'d113678c-b9de-4d74-aa6a-8b9b5fcb7266',NULL),(2332,64,162,94,NULL,'2018-02-19 09:36:50',1,NULL,NULL,NULL,NULL,NULL,NULL,NULL,NULL,NULL,NULL,'220',NULL,NULL,13,'2018-02-19 09:36:51',0,NULL,NULL,NULL,'005a6b94-2fa1-4a0c-af9c-9e94f1fbabff',NULL),(2333,64,163,94,NULL,'2018-02-19 09:36:50',1,NULL,NULL,NULL,NULL,NULL,NULL,NULL,NULL,NULL,NULL,'2,4',NULL,NULL,13,'2018-02-19 09:36:51',0,NULL,NULL,NULL,'234b7d2d-b49b-4a2a-ba18-6e1c71701eb0',NULL),(2334,64,170,94,NULL,'2018-02-19 09:36:50',1,NULL,NULL,NULL,NULL,NULL,NULL,NULL,NULL,NULL,NULL,'4',NULL,NULL,13,'2018-02-19 09:36:51',0,NULL,NULL,NULL,'dc890dcf-2a9a-4a7a-8998-e176df3d0f0b',NULL),(2335,64,171,94,NULL,'2018-02-19 09:36:50',1,NULL,NULL,NULL,NULL,NULL,NULL,NULL,NULL,NULL,NULL,'5',NULL,NULL,13,'2018-02-19 09:36:51',0,NULL,NULL,NULL,'8ae2116d-137b-4d61-a7a1-7a3231ba7ac0',NULL),(2336,64,168,94,NULL,'2018-02-19 09:36:50',1,NULL,NULL,NULL,NULL,NULL,NULL,NULL,NULL,NULL,NULL,'2',NULL,NULL,13,'2018-02-19 09:36:51',0,NULL,NULL,NULL,'2b097633-8645-46d6-9772-a02abe3fa249',NULL),(2337,64,169,94,NULL,'2018-02-19 09:36:50',1,NULL,NULL,NULL,NULL,NULL,NULL,NULL,NULL,NULL,NULL,'55',NULL,NULL,13,'2018-02-19 09:36:51',0,NULL,NULL,NULL,'d0adc38c-28f4-4c2e-bb8e-9a90af1f0123',NULL),(2338,64,19,94,NULL,'2018-02-19 09:36:50',1,NULL,NULL,NULL,NULL,NULL,NULL,NULL,NULL,NULL,NULL,'NA',NULL,NULL,13,'2018-02-19 09:36:51',0,NULL,NULL,NULL,'45af93d5-2a09-4c1c-8791-7ec34fcdf63f',NULL),(2339,64,188,94,NULL,'2018-02-19 09:36:50',1,NULL,NULL,NULL,NULL,NULL,NULL,NULL,NULL,NULL,NULL,'NA',NULL,NULL,13,'2018-02-19 09:36:51',0,NULL,NULL,NULL,'2bbb5c24-d849-44f1-a7a0-3c6787a458ba',NULL),(2340,64,187,94,NULL,'2018-02-19 09:36:50',1,NULL,NULL,NULL,NULL,NULL,NULL,NULL,NULL,NULL,NULL,'NA',NULL,NULL,13,'2018-02-19 09:36:51',0,NULL,NULL,NULL,'d9fd753d-6b6e-4164-b452-977b8c39c7e4',NULL),(2341,64,137,94,NULL,'2018-02-19 09:36:50',1,NULL,NULL,NULL,NULL,NULL,NULL,NULL,NULL,NULL,NULL,'NA',NULL,NULL,13,'2018-02-19 09:36:51',0,NULL,NULL,NULL,'86b56ff2-8946-4691-b57b-c07746fe2ae4',NULL),(2342,64,138,94,NULL,'2018-02-19 09:36:50',1,NULL,NULL,NULL,NULL,NULL,NULL,NULL,NULL,NULL,NULL,'1',NULL,NULL,13,'2018-02-19 09:36:51',0,NULL,NULL,NULL,'4903fc74-5f0c-42d9-b579-0df749284728',NULL),(2343,64,139,94,NULL,'2018-02-19 09:36:50',1,NULL,NULL,NULL,NULL,NULL,NULL,NULL,NULL,NULL,NULL,'80',NULL,NULL,13,'2018-02-19 09:36:51',0,NULL,NULL,NULL,'7729db0d-fa51-4ab3-b92c-48f41b2f5c01',NULL),(2344,64,140,94,NULL,'2018-02-19 09:36:50',1,NULL,NULL,NULL,NULL,NULL,NULL,NULL,NULL,NULL,NULL,'12.9',NULL,NULL,13,'2018-02-19 09:36:52',0,NULL,NULL,NULL,'b441a020-c2c2-4c82-9bad-2c45c7cc936e',NULL),(2345,64,186,94,NULL,'2018-02-19 09:36:50',1,NULL,NULL,NULL,NULL,NULL,NULL,NULL,NULL,NULL,NULL,'NA',NULL,NULL,13,'2018-02-19 09:36:52',0,NULL,NULL,NULL,'83fe88e9-36e1-4a2c-8a6b-45f5b11b476f',NULL),(2346,64,185,94,NULL,'2018-02-19 09:36:50',1,NULL,NULL,NULL,NULL,NULL,NULL,NULL,NULL,NULL,NULL,'NA',NULL,NULL,13,'2018-02-19 09:36:52',0,NULL,NULL,NULL,'52377a7d-809b-41c3-9888-8b1a6dc27005',NULL),(2347,64,141,94,NULL,'2018-02-19 09:36:50',1,NULL,NULL,NULL,NULL,NULL,NULL,NULL,NULL,NULL,NULL,'done',NULL,NULL,13,'2018-02-19 09:36:52',0,NULL,NULL,NULL,'de0b1fc2-342d-4bcc-af96-0409df05883d',NULL),(2348,64,142,94,NULL,'2018-02-19 09:36:50',1,NULL,NULL,NULL,NULL,NULL,NULL,NULL,NULL,NULL,NULL,'Rectruited',NULL,NULL,13,'2018-02-19 09:36:52',0,NULL,NULL,NULL,'393b096f-9dbd-4bcd-bef8-369a1afda9a3',NULL),(2349,64,182,94,NULL,'2018-02-19 09:36:50',1,NULL,NULL,NULL,NULL,NULL,NULL,NULL,NULL,NULL,NULL,'NA',NULL,NULL,13,'2018-02-19 09:36:52',0,NULL,NULL,NULL,'327b6810-84ad-471a-9279-f7de09434a74',NULL),(2350,64,151,94,NULL,'2018-02-19 09:36:50',1,NULL,NULL,NULL,NULL,NULL,NULL,NULL,NULL,NULL,NULL,'0',NULL,NULL,13,'2018-02-19 09:36:52',0,NULL,NULL,NULL,'6a896c4a-77c2-4e60-a117-16673b31eb34',NULL),(2351,64,152,94,NULL,'2018-02-19 09:36:50',1,NULL,NULL,NULL,NULL,NULL,NULL,NULL,NULL,NULL,NULL,'1',NULL,NULL,13,'2018-02-19 09:36:52',0,NULL,NULL,NULL,'0dd6176f-9a5c-45ce-8cbc-9207bc50ebe2',NULL),(2352,64,136,94,NULL,'2018-02-19 09:36:50',1,NULL,NULL,NULL,NULL,NULL,NULL,NULL,NULL,NULL,NULL,'1',NULL,NULL,13,'2018-02-19 09:36:52',0,NULL,NULL,NULL,'a980e9e8-b5ca-453a-a096-5e9bc55e8c48',NULL),(2353,64,135,94,NULL,'2018-02-19 09:36:50',1,NULL,NULL,NULL,NULL,NULL,NULL,NULL,NULL,NULL,NULL,'0',NULL,NULL,13,'2018-02-19 09:36:52',0,NULL,NULL,NULL,'47526e2d-e8e5-4162-b86b-a21e02edd75b',NULL),(2354,64,145,94,NULL,'2018-02-19 09:36:50',1,NULL,NULL,NULL,NULL,NULL,NULL,NULL,NULL,NULL,NULL,'19.48',NULL,NULL,13,'2018-02-19 09:36:52',0,NULL,NULL,NULL,'d3735105-b15f-4d44-9b97-e2a1e26de3a4',NULL),(2355,64,146,94,NULL,'2018-02-19 09:36:50',1,NULL,NULL,NULL,NULL,NULL,NULL,NULL,NULL,NULL,NULL,'45',NULL,NULL,13,'2018-02-19 09:36:52',0,NULL,NULL,NULL,'2f7a3ca4-5506-430f-a551-b54673986ebc',NULL),(2356,64,143,94,NULL,'2018-02-19 09:36:50',1,NULL,NULL,NULL,NULL,NULL,NULL,NULL,NULL,NULL,NULL,'1',NULL,NULL,13,'2018-02-19 09:36:52',0,NULL,NULL,NULL,'efc96ac9-5fee-44f6-a5a9-752e113c8962',NULL),(2357,64,144,94,NULL,'2018-02-19 09:36:50',1,NULL,NULL,NULL,NULL,NULL,NULL,NULL,NULL,NULL,NULL,'0',NULL,NULL,13,'2018-02-19 09:36:52',0,NULL,NULL,NULL,'f5d9abea-80c8-4c0d-85f2-c9a248681c91',NULL),(2358,64,134,94,NULL,'2018-02-19 09:36:50',1,NULL,NULL,NULL,NULL,NULL,NULL,NULL,NULL,NULL,NULL,'120',NULL,NULL,13,'2018-02-19 09:36:52',0,NULL,NULL,NULL,'1ac56909-85bc-4129-9efc-715959194cdc',NULL),(2359,64,133,94,NULL,'2018-02-19 09:36:50',1,NULL,NULL,NULL,NULL,NULL,NULL,NULL,NULL,NULL,NULL,'1',NULL,NULL,13,'2018-02-19 09:36:52',0,NULL,NULL,NULL,'02f38cbf-6999-4b0f-99cc-a91c2808eaae',NULL),(2360,64,80,94,NULL,'2018-02-19 09:36:50',1,NULL,NULL,NULL,NULL,NULL,NULL,NULL,NULL,NULL,NULL,'NA',NULL,NULL,13,'2018-02-19 09:36:52',0,NULL,NULL,NULL,'f4fcc22d-913a-4c3c-9ec5-60e0a47956c2',NULL),(2361,64,179,94,NULL,'2018-02-19 09:36:50',1,NULL,NULL,NULL,NULL,NULL,NULL,NULL,NULL,NULL,NULL,'NA',NULL,NULL,13,'2018-02-19 09:36:52',0,NULL,NULL,NULL,'b16ebf94-d7d9-4afb-8fdc-a7270517d9bb',NULL),(2362,64,117,94,NULL,'2018-02-19 09:36:50',1,NULL,NULL,NULL,NULL,NULL,NULL,NULL,NULL,NULL,NULL,'asha',NULL,NULL,13,'2018-02-19 09:36:52',0,NULL,NULL,NULL,'6369a7a2-9f34-4254-9f73-57f04f78f754',NULL),(2363,64,115,94,NULL,'2018-02-19 09:36:50',1,NULL,NULL,NULL,NULL,NULL,NULL,NULL,NULL,NULL,NULL,'19-02-2018 09:49:14',NULL,NULL,13,'2018-02-19 09:36:52',0,NULL,NULL,NULL,'b8a5964d-332c-45c0-b5a2-d0248fa8f917',NULL),(2364,64,114,94,NULL,'2018-02-19 09:36:50',1,NULL,NULL,NULL,NULL,NULL,NULL,NULL,NULL,NULL,NULL,'19-02-2018 09:49:14',NULL,NULL,13,'2018-02-19 09:36:52',0,NULL,NULL,NULL,'0596813b-ab7f-4cf9-b424-08449457db2d',NULL),(2365,64,119,94,NULL,'2018-02-19 09:36:50',1,NULL,NULL,NULL,NULL,NULL,NULL,NULL,NULL,NULL,NULL,'SH_CVD_ASHA_SCREENING_1',NULL,NULL,13,'2018-02-19 09:36:52',0,NULL,NULL,NULL,'0674af21-11a8-4fb1-9391-a4efd0c36ec7',NULL),(2366,64,118,94,NULL,'2018-02-19 09:36:50',1,NULL,NULL,NULL,NULL,NULL,NULL,NULL,NULL,NULL,NULL,'NA',NULL,NULL,13,'2018-02-19 09:36:52',0,NULL,NULL,NULL,'0f4805bc-a492-4d80-b1dd-bb249a71f4c9',NULL),(2367,64,7,94,NULL,'2018-02-19 09:36:50',1,NULL,NULL,NULL,NULL,NULL,NULL,NULL,NULL,NULL,NULL,'ha_5',NULL,NULL,13,'2018-02-19 09:36:52',0,NULL,NULL,NULL,'4816cc70-cc92-4921-b4ce-f17c6508514e',NULL),(2368,64,9,94,NULL,'2018-02-19 09:36:50',1,NULL,NULL,NULL,NULL,NULL,NULL,NULL,NULL,NULL,NULL,'19-02-2018 09:49:14',NULL,NULL,13,'2018-02-19 09:36:52',0,NULL,NULL,NULL,'77ab0ef7-74f7-4517-9c42-573c8313f3f6',NULL),(2369,64,8,94,NULL,'2018-02-19 09:36:50',1,NULL,NULL,NULL,NULL,NULL,NULL,NULL,NULL,NULL,NULL,'SH_CVD_ASHA_SCREENING_1',NULL,NULL,13,'2018-02-19 09:36:52',0,NULL,NULL,NULL,'773a78a9-5e58-4c4f-9d9f-2b5d4ffed95f',NULL),(2370,64,183,94,NULL,'2018-02-19 09:36:50',1,NULL,NULL,NULL,NULL,NULL,NULL,NULL,NULL,NULL,NULL,'NA',NULL,NULL,13,'2018-02-19 09:36:52',0,NULL,NULL,NULL,'79dcdb91-aaaa-433e-8019-d1648e6382dd',NULL),(2371,64,184,94,NULL,'2018-02-19 09:36:50',1,NULL,NULL,NULL,NULL,NULL,NULL,NULL,NULL,NULL,NULL,'NA',NULL,NULL,13,'2018-02-19 09:36:52',0,NULL,NULL,NULL,'d4a90716-961a-4261-8676-6add0cfe3552',NULL),(2372,64,181,94,NULL,'2018-02-19 09:36:50',1,NULL,NULL,NULL,NULL,NULL,NULL,NULL,NULL,NULL,NULL,'NA',NULL,NULL,13,'2018-02-19 09:36:52',0,NULL,NULL,NULL,'bea391b4-a125-443f-b35b-943850de3d3a',NULL),(2373,64,177,94,NULL,'2018-02-19 09:36:50',1,NULL,NULL,NULL,NULL,NULL,NULL,NULL,NULL,NULL,NULL,'NA',NULL,NULL,13,'2018-02-19 09:36:52',0,NULL,NULL,NULL,'577a1e66-6e6e-405b-a056-638aa1b7f48f',NULL),(2374,64,176,94,NULL,'2018-02-19 09:36:50',1,NULL,NULL,NULL,NULL,NULL,NULL,NULL,NULL,NULL,NULL,'NA',NULL,NULL,13,'2018-02-19 09:36:52',0,NULL,NULL,NULL,'ffa3c7ef-9d6b-46f4-b404-653d8e1ba27d',NULL),(2375,64,180,94,NULL,'2018-02-19 09:36:50',1,NULL,NULL,NULL,NULL,NULL,NULL,NULL,NULL,NULL,NULL,'NA',NULL,NULL,13,'2018-02-19 09:36:52',0,NULL,NULL,NULL,'258bed02-a0ee-4283-968f-aa73c875d528',NULL),(2376,64,172,94,NULL,'2018-02-19 09:36:50',1,NULL,NULL,NULL,NULL,NULL,NULL,NULL,NULL,NULL,NULL,'NA',NULL,NULL,13,'2018-02-19 09:36:52',0,NULL,NULL,NULL,'6c8b3e04-738a-40bd-ba30-46814750021a',NULL),(2377,64,79,94,NULL,'2018-02-19 09:36:50',1,NULL,NULL,NULL,NULL,NULL,NULL,NULL,NULL,NULL,NULL,'NA',NULL,NULL,13,'2018-02-19 09:36:52',0,NULL,NULL,NULL,'048cf9ca-6581-4647-9855-aeaf2a80d10e',NULL),(2378,64,178,94,NULL,'2018-02-19 09:36:50',1,NULL,NULL,NULL,NULL,NULL,NULL,NULL,NULL,NULL,NULL,'NA',NULL,NULL,13,'2018-02-19 09:36:52',0,NULL,NULL,NULL,'d1ccbd04-b71a-4a6c-adb0-fb4d4666288e',NULL),(2379,73,133,95,NULL,'2018-02-19 14:30:46',1,NULL,NULL,NULL,NULL,NULL,NULL,NULL,NULL,NULL,NULL,'0',NULL,NULL,20,'2018-02-19 14:30:46',0,NULL,NULL,NULL,'7b1456a7-670a-48e3-bc6b-02269a45d01d',NULL),(2380,73,134,95,NULL,'2018-02-19 14:30:46',1,NULL,NULL,NULL,NULL,NULL,NULL,NULL,NULL,NULL,NULL,'110',NULL,NULL,20,'2018-02-19 14:30:46',0,NULL,NULL,NULL,'eeab9563-18a2-4f26-b307-5752068c7916',NULL),(2381,73,135,95,NULL,'2018-02-19 14:30:46',1,NULL,NULL,NULL,NULL,NULL,NULL,NULL,NULL,NULL,NULL,'0',NULL,NULL,20,'2018-02-19 14:30:46',0,NULL,NULL,NULL,'ffb095f0-c64d-4e02-bbf8-0cae69bea7e0',NULL),(2382,73,136,95,NULL,'2018-02-19 14:30:46',1,NULL,NULL,NULL,NULL,NULL,NULL,NULL,NULL,NULL,NULL,'0',NULL,NULL,20,'2018-02-19 14:30:46',0,NULL,NULL,NULL,'f994af64-4055-4f13-9370-1ec2f4553214',NULL),(2383,73,137,95,NULL,'2018-02-19 14:30:46',1,NULL,NULL,NULL,NULL,NULL,NULL,NULL,NULL,NULL,NULL,'NA',NULL,NULL,20,'2018-02-19 14:30:46',0,NULL,NULL,NULL,'cb10f8bc-9eda-49c6-8a45-e636bb205306',NULL),(2384,73,138,95,NULL,'2018-02-19 14:30:46',1,NULL,NULL,NULL,NULL,NULL,NULL,NULL,NULL,NULL,NULL,'1',NULL,NULL,20,'2018-02-19 14:30:46',0,NULL,NULL,NULL,'77c2abb3-d609-4c5b-afec-53ada22a21f0',NULL),(2385,73,139,95,NULL,'2018-02-19 14:30:46',1,NULL,NULL,NULL,NULL,NULL,NULL,NULL,NULL,NULL,NULL,'70',NULL,NULL,20,'2018-02-19 14:30:46',0,NULL,NULL,NULL,'87004863-527d-4574-88a6-7ceb01fec8e6',NULL),(2386,73,140,95,NULL,'2018-02-19 14:30:46',1,NULL,NULL,NULL,NULL,NULL,NULL,NULL,NULL,NULL,NULL,'10.7',NULL,NULL,20,'2018-02-19 14:30:46',0,NULL,NULL,NULL,'24ed9e24-38a4-44fb-bf1a-968bb2e345b6',NULL),(2387,73,141,95,NULL,'2018-02-19 14:30:46',1,NULL,NULL,NULL,NULL,NULL,NULL,NULL,NULL,NULL,NULL,'done',NULL,NULL,20,'2018-02-19 14:30:46',0,NULL,NULL,NULL,'f72a020b-ac29-4a52-897b-11a662246571',NULL),(2388,73,142,95,NULL,'2018-02-19 14:30:46',1,NULL,NULL,NULL,NULL,NULL,NULL,NULL,NULL,NULL,NULL,'Rectruited',NULL,NULL,20,'2018-02-19 14:30:46',0,NULL,NULL,NULL,'d9737397-686f-44a9-9159-5e61421f4779',NULL),(2389,73,143,95,NULL,'2018-02-19 14:30:46',1,NULL,NULL,NULL,NULL,NULL,NULL,NULL,NULL,NULL,NULL,'0',NULL,NULL,20,'2018-02-19 14:30:46',0,NULL,NULL,NULL,'784e318d-1eac-4792-8d9b-9af08822bc05',NULL),(2390,73,144,95,NULL,'2018-02-19 14:30:46',1,NULL,NULL,NULL,NULL,NULL,NULL,NULL,NULL,NULL,NULL,'0',NULL,NULL,20,'2018-02-19 14:30:46',0,NULL,NULL,NULL,'afeddf59-eddc-4da0-bba1-f572ee70e98c',NULL),(2391,73,145,95,NULL,'2018-02-19 14:30:46',1,NULL,NULL,NULL,NULL,NULL,NULL,NULL,NULL,NULL,NULL,'26.96',NULL,NULL,20,'2018-02-19 14:30:46',0,NULL,NULL,NULL,'3cea5a9d-8314-456c-9dca-e287b87c45d9',NULL),(2392,73,146,95,NULL,'2018-02-19 14:30:46',1,NULL,NULL,NULL,NULL,NULL,NULL,NULL,NULL,NULL,NULL,'63.7',NULL,NULL,20,'2018-02-19 14:30:46',0,NULL,NULL,NULL,'e3395abf-9d1a-4537-a51f-158549087e5a',NULL),(2393,73,147,95,NULL,'2018-02-19 14:30:46',1,NULL,NULL,NULL,NULL,NULL,NULL,NULL,NULL,NULL,NULL,'153.7',NULL,NULL,20,'2018-02-19 14:30:46',0,NULL,NULL,NULL,'93bf0b54-9f65-48f5-994c-2176c400e345',NULL),(2394,73,148,95,NULL,'2018-02-19 14:30:46',1,NULL,NULL,NULL,NULL,NULL,NULL,NULL,NULL,NULL,NULL,'0',NULL,NULL,20,'2018-02-19 14:30:46',0,NULL,NULL,NULL,'17aa3e7e-5fab-470f-bb2e-c33abd125f67',NULL),(2395,73,149,95,NULL,'2018-02-19 14:30:46',1,NULL,NULL,NULL,NULL,NULL,NULL,NULL,NULL,NULL,NULL,'1',NULL,NULL,20,'2018-02-19 14:30:46',0,NULL,NULL,NULL,'a395fb7e-a46b-4f28-9052-3750ba198250',NULL),(2396,73,150,95,NULL,'2018-02-19 14:30:46',1,NULL,NULL,NULL,NULL,NULL,NULL,NULL,NULL,NULL,NULL,'0',NULL,NULL,20,'2018-02-19 14:30:46',0,NULL,NULL,NULL,'0182d25e-b62f-44b5-bf6d-257e585ae116',NULL),(2397,73,151,95,NULL,'2018-02-19 14:30:46',1,NULL,NULL,NULL,NULL,NULL,NULL,NULL,NULL,NULL,NULL,'0',NULL,NULL,20,'2018-02-19 14:30:46',0,NULL,NULL,NULL,'a68280e1-48a1-43ea-9d29-c96f476f779d',NULL),(2398,73,152,95,NULL,'2018-02-19 14:30:46',1,NULL,NULL,NULL,NULL,NULL,NULL,NULL,NULL,NULL,NULL,'0',NULL,NULL,20,'2018-02-19 14:30:46',0,NULL,NULL,NULL,'5dbef9ca-d952-4bb6-9afd-72ce56f09740',NULL),(2399,73,35,95,NULL,'2018-02-19 14:30:46',1,NULL,NULL,NULL,NULL,NULL,NULL,NULL,NULL,NULL,NULL,'0',NULL,NULL,20,'2018-02-19 14:30:46',0,NULL,NULL,NULL,'59d53944-f68a-4aaa-82dd-a5ccf0fb9a25',NULL),(2400,73,153,95,NULL,'2018-02-19 14:30:46',1,NULL,NULL,NULL,NULL,NULL,NULL,NULL,NULL,NULL,NULL,'1',NULL,NULL,20,'2018-02-19 14:30:46',0,NULL,NULL,NULL,'de1f86d9-7283-4ceb-ab8f-7b4d03ed770b',NULL),(2401,73,154,95,NULL,'2018-02-19 14:30:46',1,NULL,NULL,NULL,NULL,NULL,NULL,NULL,NULL,NULL,NULL,'0',NULL,NULL,20,'2018-02-19 14:30:46',0,NULL,NULL,NULL,'6bdf4ebf-9e97-444f-950e-125e78fbae2c',NULL),(2402,73,155,95,NULL,'2018-02-19 14:30:46',1,NULL,NULL,NULL,NULL,NULL,NULL,NULL,NULL,NULL,NULL,'0',NULL,NULL,20,'2018-02-19 14:30:47',0,NULL,NULL,NULL,'43166922-6856-49cb-9990-7e150a758860',NULL),(2403,73,156,95,NULL,'2018-02-19 14:30:46',1,NULL,NULL,NULL,NULL,NULL,NULL,NULL,NULL,NULL,NULL,'12-9-2017',NULL,NULL,20,'2018-02-19 14:30:47',0,NULL,NULL,NULL,'466a0a35-de42-48b9-8889-57f4bbda6697',NULL),(2404,73,157,95,NULL,'2018-02-19 14:30:46',1,NULL,NULL,NULL,NULL,NULL,NULL,NULL,NULL,NULL,NULL,'10.7',NULL,NULL,20,'2018-02-19 14:30:47',0,NULL,NULL,NULL,'92a66cb2-fc6a-4d19-b5c9-aa0b6c5d1c81',NULL),(2405,73,158,95,NULL,'2018-02-19 14:30:46',1,NULL,NULL,NULL,NULL,NULL,NULL,NULL,NULL,NULL,NULL,'15-9-2017',NULL,NULL,20,'2018-02-19 14:30:47',0,NULL,NULL,NULL,'765d2b2e-035c-4686-8c69-0bbd817a27af',NULL),(2406,73,159,95,NULL,'2018-02-19 14:30:46',1,NULL,NULL,NULL,NULL,NULL,NULL,NULL,NULL,NULL,NULL,'1',NULL,NULL,20,'2018-02-19 14:30:47',0,NULL,NULL,NULL,'96799316-568b-4117-8dda-a5f27fa3f1ec',NULL),(2407,73,160,95,NULL,'2018-02-19 14:30:46',1,NULL,NULL,NULL,NULL,NULL,NULL,NULL,NULL,NULL,NULL,'0',NULL,NULL,20,'2018-02-19 14:30:47',0,NULL,NULL,NULL,'d2dc3b3b-a1a5-4410-8e85-06c5a2c5a6a3',NULL),(2408,73,161,95,NULL,'2018-02-19 14:30:46',1,NULL,NULL,NULL,NULL,NULL,NULL,NULL,NULL,NULL,NULL,'1',NULL,NULL,20,'2018-02-19 14:30:47',0,NULL,NULL,NULL,'a36e98eb-c958-482d-9192-777e941930c5',NULL),(2409,73,116,95,NULL,'2018-02-19 14:30:46',1,NULL,NULL,NULL,NULL,NULL,NULL,NULL,NULL,NULL,NULL,'ha_4',NULL,NULL,20,'2018-02-19 14:30:47',0,NULL,NULL,NULL,'8ef31d0e-a4d4-4e1f-b007-ed1fa47d4001',NULL),(2410,73,162,95,NULL,'2018-02-19 14:30:46',1,NULL,NULL,NULL,NULL,NULL,NULL,NULL,NULL,NULL,NULL,'274',NULL,NULL,20,'2018-02-19 14:30:47',0,NULL,NULL,NULL,'0546dbb3-238c-4a0c-9e86-1180e4d6afc1',NULL),(2411,73,163,95,NULL,'2018-02-19 14:30:46',1,NULL,NULL,NULL,NULL,NULL,NULL,NULL,NULL,NULL,NULL,'2',NULL,NULL,20,'2018-02-19 14:30:47',0,NULL,NULL,NULL,'2849814d-87b6-4b33-ae9d-21b457f77c8e',NULL),(2412,73,164,95,NULL,'2018-02-19 14:30:46',1,NULL,NULL,NULL,NULL,NULL,NULL,NULL,NULL,NULL,NULL,'Kuppan',NULL,NULL,20,'2018-02-19 14:30:47',0,NULL,NULL,NULL,'3a272f53-4de7-4cfc-b649-f30e77fae8e2',NULL),(2413,73,165,95,NULL,'2018-02-19 14:30:46',1,NULL,NULL,NULL,NULL,NULL,NULL,NULL,NULL,NULL,NULL,'H',NULL,NULL,20,'2018-02-19 14:30:47',0,NULL,NULL,NULL,'c271451d-32ee-48e0-b967-2485f7fc23ff',NULL),(2414,73,166,95,NULL,'2018-02-19 14:30:46',1,NULL,NULL,NULL,NULL,NULL,NULL,NULL,NULL,NULL,NULL,'585941',NULL,NULL,20,'2018-02-19 14:30:47',0,NULL,NULL,NULL,'cd327ae9-fea9-4194-aab7-c04ec0b5d8fb',NULL),(2415,73,167,95,NULL,'2018-02-19 14:30:46',1,NULL,NULL,NULL,NULL,NULL,NULL,NULL,NULL,NULL,NULL,'408082',NULL,NULL,20,'2018-02-19 14:30:47',0,NULL,NULL,NULL,'a74f114a-81a6-4b70-a666-47ed4680a259',NULL),(2416,73,168,95,NULL,'2018-02-19 14:30:46',1,NULL,NULL,NULL,NULL,NULL,NULL,NULL,NULL,NULL,NULL,'2',NULL,NULL,20,'2018-02-19 14:30:47',0,NULL,NULL,NULL,'b141e1aa-4d90-43bc-b243-42d8410b387e',NULL),(2417,73,169,95,NULL,'2018-02-19 14:30:46',1,NULL,NULL,NULL,NULL,NULL,NULL,NULL,NULL,NULL,NULL,'15\\/17',NULL,NULL,20,'2018-02-19 14:30:47',0,NULL,NULL,NULL,'b2dd8736-0c14-42fb-be1d-831e58e379da',NULL),(2418,73,170,95,NULL,'2018-02-19 14:30:46',1,NULL,NULL,NULL,NULL,NULL,NULL,NULL,NULL,NULL,NULL,'1',NULL,NULL,20,'2018-02-19 14:30:47',0,NULL,NULL,NULL,'bddce223-ff99-4402-8deb-9d72ec604e11',NULL),(2419,73,171,95,NULL,'2018-02-19 14:30:46',1,NULL,NULL,NULL,NULL,NULL,NULL,NULL,NULL,NULL,NULL,'4',NULL,NULL,20,'2018-02-19 14:30:47',0,NULL,NULL,NULL,'42b5282d-fbac-4afa-9f03-7565194553d8',NULL),(2420,73,14,95,NULL,'2018-02-19 14:30:46',1,NULL,NULL,NULL,NULL,NULL,NULL,NULL,NULL,NULL,NULL,'Rukmani',NULL,NULL,20,'2018-02-19 14:30:47',0,NULL,NULL,NULL,'40ae53cf-b4d7-407b-9f27-f457beac95e9',NULL),(2421,73,15,95,NULL,'2018-02-19 14:30:46',1,NULL,NULL,NULL,NULL,NULL,NULL,NULL,NULL,NULL,NULL,'Rukmani',NULL,NULL,20,'2018-02-19 14:30:47',0,NULL,NULL,NULL,'a24ea65d-07b2-4020-8c00-e1b3ce0d063f',NULL),(2422,73,8,95,NULL,'2018-02-19 14:30:46',1,NULL,NULL,NULL,NULL,NULL,NULL,NULL,NULL,NULL,NULL,'SH_CVD_ASHA_SCREENING_1',NULL,NULL,20,'2018-02-19 14:30:47',0,NULL,NULL,NULL,'8ebddc04-3b09-4c0a-9940-6c29dd22e972',NULL),(2423,73,9,95,NULL,'2018-02-19 14:30:46',1,NULL,NULL,NULL,NULL,NULL,NULL,NULL,NULL,NULL,NULL,'15-02-2018 09:11:43',NULL,NULL,20,'2018-02-19 14:30:47',0,NULL,NULL,NULL,'1f9d3636-3e94-44b4-b424-64bd75dd200d',NULL),(2424,73,7,95,NULL,'2018-02-19 14:30:46',1,NULL,NULL,NULL,NULL,NULL,NULL,NULL,NULL,NULL,NULL,'ha_4',NULL,NULL,20,'2018-02-19 14:30:47',0,NULL,NULL,NULL,'b127c801-f2e9-4d11-ba5b-1a0e2eafc2bd',NULL),(2425,73,118,95,NULL,'2018-02-19 14:30:46',1,NULL,NULL,NULL,NULL,NULL,NULL,NULL,NULL,NULL,NULL,'NA',NULL,NULL,20,'2018-02-19 14:30:47',0,NULL,NULL,NULL,'968b6520-a9b0-4a0f-a95c-dbd33a392299',NULL),(2426,73,12,95,NULL,'2018-02-19 14:30:46',1,NULL,NULL,NULL,NULL,NULL,NULL,NULL,NULL,NULL,NULL,'1030040001',NULL,NULL,20,'2018-02-19 14:30:47',0,NULL,NULL,NULL,'b6ceef29-4616-4c1d-ba4c-7dc2f4c6ae59',NULL),(2427,73,22,95,NULL,'2018-02-19 14:30:46',1,NULL,NULL,NULL,NULL,NULL,NULL,NULL,NULL,NULL,NULL,'F',NULL,NULL,20,'2018-02-19 14:30:47',0,NULL,NULL,NULL,'39e97f98-ff74-4722-925f-bd629c5dbeab',NULL),(2428,73,20,95,NULL,'2018-02-19 14:30:46',1,NULL,NULL,NULL,NULL,NULL,NULL,NULL,NULL,NULL,NULL,'11-9-2017',NULL,NULL,20,'2018-02-19 14:30:47',0,NULL,NULL,NULL,'ea80f578-3baf-4a09-a876-d6df77eb12bb',NULL),(2429,73,18,95,NULL,'2018-02-19 14:30:46',1,NULL,NULL,NULL,NULL,NULL,NULL,NULL,NULL,NULL,NULL,'1-1-1975',NULL,NULL,20,'2018-02-19 14:30:47',0,NULL,NULL,NULL,'28374a19-68c8-44c7-8666-9fdf833407bb',NULL),(2430,73,172,95,NULL,'2018-02-19 14:30:46',1,NULL,NULL,NULL,NULL,NULL,NULL,NULL,NULL,NULL,NULL,'NA',NULL,NULL,20,'2018-02-19 14:30:47',0,NULL,NULL,NULL,'f7c61d7c-d97a-43be-885f-78628667c9a2',NULL),(2431,73,19,95,NULL,'2018-02-19 14:30:46',1,NULL,NULL,NULL,NULL,NULL,NULL,NULL,NULL,NULL,NULL,'NA',NULL,NULL,20,'2018-02-19 14:30:47',0,NULL,NULL,NULL,'f41a9d71-325b-494a-bfbc-faa060e5be8c',NULL),(2432,73,116,95,NULL,'2018-02-19 14:30:46',1,NULL,NULL,NULL,NULL,NULL,NULL,NULL,NULL,NULL,NULL,'ha_4',NULL,NULL,20,'2018-02-19 14:30:47',0,NULL,NULL,NULL,'158c84e0-c9d0-4d4f-bd95-9376ab4eaf09',NULL),(2433,73,173,95,NULL,'2018-02-19 14:30:46',1,NULL,NULL,NULL,NULL,NULL,NULL,NULL,NULL,NULL,NULL,'3',NULL,NULL,20,'2018-02-19 14:30:47',0,NULL,NULL,NULL,'fb2022eb-fd72-459c-b28b-05ac2262cec2',NULL),(2434,73,174,95,NULL,'2018-02-19 14:30:46',1,NULL,NULL,NULL,NULL,NULL,NULL,NULL,NULL,NULL,NULL,'Thenamara Street',NULL,NULL,20,'2018-02-19 14:30:47',0,NULL,NULL,NULL,'2532722d-cee7-4231-8fd2-348eb2f5f3d5',NULL),(2435,73,175,95,NULL,'2018-02-19 14:30:46',1,NULL,NULL,NULL,NULL,NULL,NULL,NULL,NULL,NULL,NULL,'11-9-2017',NULL,NULL,20,'2018-02-19 14:30:47',0,NULL,NULL,NULL,'98b9ac5c-43d9-41ef-9093-297850ca2092',NULL),(2436,73,22,95,NULL,'2018-02-19 14:30:46',1,NULL,NULL,NULL,NULL,NULL,NULL,NULL,NULL,NULL,NULL,'F',NULL,NULL,20,'2018-02-19 14:30:47',0,NULL,NULL,NULL,'b4204344-8063-4d1c-a826-0e197d413336',NULL),(2437,73,128,95,NULL,'2018-02-19 14:30:46',1,NULL,NULL,NULL,NULL,NULL,NULL,NULL,NULL,NULL,NULL,'990294962030',NULL,NULL,20,'2018-02-19 14:30:47',0,NULL,NULL,NULL,'6510bf30-25f5-4d2e-8c5e-02923db7a588',NULL),(2438,73,16,95,NULL,'2018-02-19 14:30:46',1,NULL,NULL,NULL,NULL,NULL,NULL,NULL,NULL,NULL,NULL,'7868962399',NULL,NULL,20,'2018-02-19 14:30:47',0,NULL,NULL,NULL,'b6438e92-9532-4161-bd38-49b9d56a75f3',NULL),(2439,73,21,95,NULL,'2018-02-19 14:30:46',1,NULL,NULL,NULL,NULL,NULL,NULL,NULL,NULL,NULL,NULL,'43',NULL,NULL,20,'2018-02-19 14:30:47',0,NULL,NULL,NULL,'ef676fcd-29b4-456e-ae48-c9da0173d3b2',NULL),(2440,73,6,95,NULL,'2018-02-19 14:30:46',1,NULL,NULL,NULL,NULL,NULL,NULL,NULL,NULL,NULL,NULL,'Gemmankuppam',NULL,NULL,20,'2018-02-19 14:30:47',0,NULL,NULL,NULL,'ea6403ca-1a12-4417-9f67-85245fd0291d',NULL),(2441,73,5,95,NULL,'2018-02-19 14:30:46',1,NULL,NULL,NULL,NULL,NULL,NULL,NULL,NULL,NULL,NULL,'3',NULL,NULL,20,'2018-02-19 14:30:47',0,NULL,NULL,NULL,'68f7b258-a5e5-4f2d-bc28-2c568c3e6533',NULL),(2442,73,114,95,NULL,'2018-02-19 14:30:46',1,NULL,NULL,NULL,NULL,NULL,NULL,NULL,NULL,NULL,NULL,'15-02-2018 09:11:43',NULL,NULL,20,'2018-02-19 14:30:47',0,NULL,NULL,NULL,'89d36360-29f4-4ed7-9d28-4cc3f9f298ce',NULL),(2443,73,119,95,NULL,'2018-02-19 14:30:46',1,NULL,NULL,NULL,NULL,NULL,NULL,NULL,NULL,NULL,NULL,'SH_CVD_ASHA_SCREENING_1',NULL,NULL,20,'2018-02-19 14:30:47',0,NULL,NULL,NULL,'40d1cb34-89fa-4725-8c97-fa7e0261a990',NULL),(2444,73,176,95,NULL,'2018-02-19 14:30:46',1,NULL,NULL,NULL,NULL,NULL,NULL,NULL,NULL,NULL,NULL,'NA',NULL,NULL,20,'2018-02-19 14:30:47',0,NULL,NULL,NULL,'972592a3-8c17-48df-ae40-54ae844b959b',NULL),(2445,73,177,95,NULL,'2018-02-19 14:30:46',1,NULL,NULL,NULL,NULL,NULL,NULL,NULL,NULL,NULL,NULL,'NA',NULL,NULL,20,'2018-02-19 14:30:47',0,NULL,NULL,NULL,'d5c82107-54ab-4488-a9a6-4d1f5c605b6c',NULL),(2446,73,178,95,NULL,'2018-02-19 14:30:46',1,NULL,NULL,NULL,NULL,NULL,NULL,NULL,NULL,NULL,NULL,'NA',NULL,NULL,20,'2018-02-19 14:30:48',0,NULL,NULL,NULL,'7f5bedd1-fe79-4711-809b-a1c1ab0a8859',NULL),(2447,73,79,95,NULL,'2018-02-19 14:30:46',1,NULL,NULL,NULL,NULL,NULL,NULL,NULL,NULL,NULL,NULL,'NA',NULL,NULL,20,'2018-02-19 14:30:48',0,NULL,NULL,NULL,'a962dbdd-1c02-4b50-8183-71a60384e635',NULL),(2448,73,80,95,NULL,'2018-02-19 14:30:46',1,NULL,NULL,NULL,NULL,NULL,NULL,NULL,NULL,NULL,NULL,'NA',NULL,NULL,20,'2018-02-19 14:30:48',0,NULL,NULL,NULL,'1dc52cdf-10b0-49e7-a719-2538177da884',NULL),(2449,73,179,95,NULL,'2018-02-19 14:30:46',1,NULL,NULL,NULL,NULL,NULL,NULL,NULL,NULL,NULL,NULL,'NA',NULL,NULL,20,'2018-02-19 14:30:48',0,NULL,NULL,NULL,'f8ebdc0b-754d-45bf-bb1b-57092d430778',NULL),(2450,73,117,95,NULL,'2018-02-19 14:30:46',1,NULL,NULL,NULL,NULL,NULL,NULL,NULL,NULL,NULL,NULL,'asha',NULL,NULL,20,'2018-02-19 14:30:48',0,NULL,NULL,NULL,'a3390de4-486f-477a-b307-8b03d6102821',NULL),(2451,73,115,95,NULL,'2018-02-19 14:30:46',1,NULL,NULL,NULL,NULL,NULL,NULL,NULL,NULL,NULL,NULL,'15-02-2018 09:11:43',NULL,NULL,20,'2018-02-19 14:30:48',0,NULL,NULL,NULL,'7bff6bc6-31e3-4933-b879-296f7165f553',NULL),(2452,73,180,95,NULL,'2018-02-19 14:30:46',1,NULL,NULL,NULL,NULL,NULL,NULL,NULL,NULL,NULL,NULL,'NA',NULL,NULL,20,'2018-02-19 14:30:48',0,NULL,NULL,NULL,'c937822e-ee3a-4814-9438-e39a9c87998d',NULL),(2453,73,181,95,NULL,'2018-02-19 14:30:46',1,NULL,NULL,NULL,NULL,NULL,NULL,NULL,NULL,NULL,NULL,'NA',NULL,NULL,20,'2018-02-19 14:30:48',0,NULL,NULL,NULL,'b265f28d-7cb1-499d-9317-9eb4a5c38579',NULL),(2454,73,182,95,NULL,'2018-02-19 14:30:46',1,NULL,NULL,NULL,NULL,NULL,NULL,NULL,NULL,NULL,NULL,'NA',NULL,NULL,20,'2018-02-19 14:30:48',0,NULL,NULL,NULL,'b9033fbb-160e-468e-811d-333042fa59dc',NULL),(2455,73,183,95,NULL,'2018-02-19 14:30:46',1,NULL,NULL,NULL,NULL,NULL,NULL,NULL,NULL,NULL,NULL,'NA',NULL,NULL,20,'2018-02-19 14:30:48',0,NULL,NULL,NULL,'0b6c6e88-9d4e-4e40-829b-e42ddb7053c0',NULL),(2456,73,184,95,NULL,'2018-02-19 14:30:46',1,NULL,NULL,NULL,NULL,NULL,NULL,NULL,NULL,NULL,NULL,'NA',NULL,NULL,20,'2018-02-19 14:30:48',0,NULL,NULL,NULL,'0e6c1068-0c3b-4c61-a7f1-df687ce6d882',NULL),(2457,73,185,95,NULL,'2018-02-19 14:30:46',1,NULL,NULL,NULL,NULL,NULL,NULL,NULL,NULL,NULL,NULL,'NA',NULL,NULL,20,'2018-02-19 14:30:48',0,NULL,NULL,NULL,'a667dfa2-a541-4f41-8e7a-e92bc265634b',NULL),(2458,73,186,95,NULL,'2018-02-19 14:30:46',1,NULL,NULL,NULL,NULL,NULL,NULL,NULL,NULL,NULL,NULL,'NA',NULL,NULL,20,'2018-02-19 14:30:48',0,NULL,NULL,NULL,'c95f0c80-0ad4-4425-819b-d329bdaefa9c',NULL),(2459,73,187,95,NULL,'2018-02-19 14:30:46',1,NULL,NULL,NULL,NULL,NULL,NULL,NULL,NULL,NULL,NULL,'NA',NULL,NULL,20,'2018-02-19 14:30:48',0,NULL,NULL,NULL,'0908c5d1-eff0-4cfa-a5e9-4e6c468621df',NULL),(2460,73,188,95,NULL,'2018-02-19 14:30:46',1,NULL,NULL,NULL,NULL,NULL,NULL,NULL,NULL,NULL,NULL,'NA',NULL,NULL,20,'2018-02-19 14:30:48',0,NULL,NULL,NULL,'11075273-b40e-489d-bfe0-e1037c84ac0b',NULL),(2461,60,133,96,NULL,'2018-02-19 14:42:09',1,NULL,NULL,NULL,NULL,NULL,NULL,NULL,NULL,NULL,NULL,'1',NULL,NULL,20,'2018-02-19 14:42:09',0,NULL,NULL,NULL,'6173d862-082f-4728-955d-0cfdbd4554da',NULL),(2462,60,134,96,NULL,'2018-02-19 14:42:09',1,NULL,NULL,NULL,NULL,NULL,NULL,NULL,NULL,NULL,NULL,'120',NULL,NULL,20,'2018-02-19 14:42:09',0,NULL,NULL,NULL,'3fe30347-7527-4ec3-9622-944d09badfae',NULL),(2463,60,135,96,NULL,'2018-02-19 14:42:09',1,NULL,NULL,NULL,NULL,NULL,NULL,NULL,NULL,NULL,NULL,'1',NULL,NULL,20,'2018-02-19 14:42:09',0,NULL,NULL,NULL,'65b59bb7-9e2a-4cf4-b046-792147ce2f40',NULL),(2464,60,136,96,NULL,'2018-02-19 14:42:09',1,NULL,NULL,NULL,NULL,NULL,NULL,NULL,NULL,NULL,NULL,'1',NULL,NULL,20,'2018-02-19 14:42:09',0,NULL,NULL,NULL,'02662fbf-39c3-47c8-8264-c137f3ec4908',NULL),(2465,60,137,96,NULL,'2018-02-19 14:42:09',1,NULL,NULL,NULL,NULL,NULL,NULL,NULL,NULL,NULL,NULL,'NA',NULL,NULL,20,'2018-02-19 14:42:09',0,NULL,NULL,NULL,'fea7394f-4570-4530-b3ec-9306c6b5c7ce',NULL),(2466,60,138,96,NULL,'2018-02-19 14:42:09',1,NULL,NULL,NULL,NULL,NULL,NULL,NULL,NULL,NULL,NULL,'1',NULL,NULL,20,'2018-02-19 14:42:09',0,NULL,NULL,NULL,'45c0fda4-5e56-4d65-905b-e0ec0f00bd5b',NULL),(2467,60,139,96,NULL,'2018-02-19 14:42:09',1,NULL,NULL,NULL,NULL,NULL,NULL,NULL,NULL,NULL,NULL,'80',NULL,NULL,20,'2018-02-19 14:42:09',0,NULL,NULL,NULL,'ad973b26-8997-4495-90f8-362fe9bd25ef',NULL),(2468,60,140,96,NULL,'2018-02-19 14:42:09',1,NULL,NULL,NULL,NULL,NULL,NULL,NULL,NULL,NULL,NULL,'9.1',NULL,NULL,20,'2018-02-19 14:42:09',0,NULL,NULL,NULL,'645b0cca-90e3-43ec-8489-6b431d9038f0',NULL),(2469,60,141,96,NULL,'2018-02-19 14:42:09',1,NULL,NULL,NULL,NULL,NULL,NULL,NULL,NULL,NULL,NULL,'done',NULL,NULL,20,'2018-02-19 14:42:09',0,NULL,NULL,NULL,'2c64ad16-1989-4746-9dc8-196f25c5bef3',NULL),(2470,60,142,96,NULL,'2018-02-19 14:42:09',1,NULL,NULL,NULL,NULL,NULL,NULL,NULL,NULL,NULL,NULL,'Rectruited',NULL,NULL,20,'2018-02-19 14:42:10',0,NULL,NULL,NULL,'484b20d6-f952-4a89-a1af-0450552d5b2b',NULL),(2471,60,143,96,NULL,'2018-02-19 14:42:09',1,NULL,NULL,NULL,NULL,NULL,NULL,NULL,NULL,NULL,NULL,'0',NULL,NULL,20,'2018-02-19 14:42:10',0,NULL,NULL,NULL,'266de5af-4558-4d64-921f-1e2acd38f02a',NULL),(2472,60,144,96,NULL,'2018-02-19 14:42:09',1,NULL,NULL,NULL,NULL,NULL,NULL,NULL,NULL,NULL,NULL,'1',NULL,NULL,20,'2018-02-19 14:42:10',0,NULL,NULL,NULL,'42eff30f-c0e6-43c9-980d-f8a8a757a3f3',NULL),(2473,60,145,96,NULL,'2018-02-19 14:42:09',1,NULL,NULL,NULL,NULL,NULL,NULL,NULL,NULL,NULL,NULL,'21.37',NULL,NULL,20,'2018-02-19 14:42:10',0,NULL,NULL,NULL,'22b4e165-2458-4145-81f2-80920beb18db',NULL),(2474,60,146,96,NULL,'2018-02-19 14:42:09',1,NULL,NULL,NULL,NULL,NULL,NULL,NULL,NULL,NULL,NULL,'52',NULL,NULL,20,'2018-02-19 14:42:10',0,NULL,NULL,NULL,'a79ee2ef-17ed-432b-beec-42c1083e8443',NULL),(2475,60,147,96,NULL,'2018-02-19 14:42:09',1,NULL,NULL,NULL,NULL,NULL,NULL,NULL,NULL,NULL,NULL,'156',NULL,NULL,20,'2018-02-19 14:42:10',0,NULL,NULL,NULL,'7f928473-cbfd-43d5-886a-7172fd5d5f58',NULL),(2476,60,148,96,NULL,'2018-02-19 14:42:09',1,NULL,NULL,NULL,NULL,NULL,NULL,NULL,NULL,NULL,NULL,'0',NULL,NULL,20,'2018-02-19 14:42:10',0,NULL,NULL,NULL,'97c8dd17-b1d0-4408-abeb-52dd3038c585',NULL),(2477,60,149,96,NULL,'2018-02-19 14:42:09',1,NULL,NULL,NULL,NULL,NULL,NULL,NULL,NULL,NULL,NULL,'1',NULL,NULL,20,'2018-02-19 14:42:10',0,NULL,NULL,NULL,'d0ae3388-d994-45b1-8215-a20a56f00059',NULL),(2478,60,150,96,NULL,'2018-02-19 14:42:09',1,NULL,NULL,NULL,NULL,NULL,NULL,NULL,NULL,NULL,NULL,'0',NULL,NULL,20,'2018-02-19 14:42:10',0,NULL,NULL,NULL,'12fa85c8-128d-4423-b65e-5b921d646805',NULL),(2479,60,151,96,NULL,'2018-02-19 14:42:09',1,NULL,NULL,NULL,NULL,NULL,NULL,NULL,NULL,NULL,NULL,'1',NULL,NULL,20,'2018-02-19 14:42:10',0,NULL,NULL,NULL,'b05404b1-d4ed-4b34-8d3c-aef590d8bd83',NULL),(2480,60,152,96,NULL,'2018-02-19 14:42:09',1,NULL,NULL,NULL,NULL,NULL,NULL,NULL,NULL,NULL,NULL,'0',NULL,NULL,20,'2018-02-19 14:42:10',0,NULL,NULL,NULL,'62f81ccc-d0c2-4580-b5e0-76151b7bd221',NULL),(2481,60,35,96,NULL,'2018-02-19 14:42:09',1,NULL,NULL,NULL,NULL,NULL,NULL,NULL,NULL,NULL,NULL,'4',NULL,NULL,20,'2018-02-19 14:42:10',0,NULL,NULL,NULL,'e43b84d7-1b5e-4b98-b881-85b607dd7597',NULL),(2482,60,153,96,NULL,'2018-02-19 14:42:09',1,NULL,NULL,NULL,NULL,NULL,NULL,NULL,NULL,NULL,NULL,'1',NULL,NULL,20,'2018-02-19 14:42:10',0,NULL,NULL,NULL,'ba4ecad0-0a92-4c1f-b1bf-b436320cee1f',NULL),(2483,60,154,96,NULL,'2018-02-19 14:42:09',1,NULL,NULL,NULL,NULL,NULL,NULL,NULL,NULL,NULL,NULL,'1',NULL,NULL,20,'2018-02-19 14:42:10',0,NULL,NULL,NULL,'ce7ff8ee-47de-4455-b6e0-eb5dde158efd',NULL),(2484,60,155,96,NULL,'2018-02-19 14:42:09',1,NULL,NULL,NULL,NULL,NULL,NULL,NULL,NULL,NULL,NULL,'0',NULL,NULL,20,'2018-02-19 14:42:10',0,NULL,NULL,NULL,'6b3311f6-e516-44f3-b338-105143b1e811',NULL),(2485,60,156,96,NULL,'2018-02-19 14:42:09',1,NULL,NULL,NULL,NULL,NULL,NULL,NULL,NULL,NULL,NULL,'19-2-2018',NULL,NULL,20,'2018-02-19 14:42:10',0,NULL,NULL,NULL,'64636532-f238-4bbc-97b4-0d7f660ccd7d',NULL),(2486,60,157,96,NULL,'2018-02-19 14:42:09',1,NULL,NULL,NULL,NULL,NULL,NULL,NULL,NULL,NULL,NULL,'9.1',NULL,NULL,20,'2018-02-19 14:42:10',0,NULL,NULL,NULL,'36cc942e-c5d1-4474-ba46-15e77df9f3f0',NULL),(2487,60,158,96,NULL,'2018-02-19 14:42:09',1,NULL,NULL,NULL,NULL,NULL,NULL,NULL,NULL,NULL,NULL,'19-2-2018',NULL,NULL,20,'2018-02-19 14:42:10',0,NULL,NULL,NULL,'56374948-827e-4486-ae39-9a59edac54b5',NULL),(2488,60,159,96,NULL,'2018-02-19 14:42:09',1,NULL,NULL,NULL,NULL,NULL,NULL,NULL,NULL,NULL,NULL,'1',NULL,NULL,20,'2018-02-19 14:42:10',0,NULL,NULL,NULL,'5e54058b-6c0f-4a3f-ad9e-3fd3dc6d8c28',NULL),(2489,60,160,96,NULL,'2018-02-19 14:42:09',1,NULL,NULL,NULL,NULL,NULL,NULL,NULL,NULL,NULL,NULL,'0',NULL,NULL,20,'2018-02-19 14:42:10',0,NULL,NULL,NULL,'6b3a9167-c955-4bd3-9216-b918bfe813c6',NULL),(2490,60,161,96,NULL,'2018-02-19 14:42:09',1,NULL,NULL,NULL,NULL,NULL,NULL,NULL,NULL,NULL,NULL,'1',NULL,NULL,20,'2018-02-19 14:42:10',0,NULL,NULL,NULL,'ce654f8b-b9ed-46f6-99f0-9d054602005e',NULL),(2491,60,116,96,NULL,'2018-02-19 14:42:09',1,NULL,NULL,NULL,NULL,NULL,NULL,NULL,NULL,NULL,NULL,'ruhsa_1',NULL,NULL,20,'2018-02-19 14:42:10',0,NULL,NULL,NULL,'52aff041-3730-4934-8c8d-060a144d5e19',NULL),(2492,60,162,96,NULL,'2018-02-19 14:42:09',1,NULL,NULL,NULL,NULL,NULL,NULL,NULL,NULL,NULL,NULL,'180',NULL,NULL,20,'2018-02-19 14:42:10',0,NULL,NULL,NULL,'828d7730-1368-4951-adc7-13fefe7ded40',NULL),(2493,60,163,96,NULL,'2018-02-19 14:42:09',1,NULL,NULL,NULL,NULL,NULL,NULL,NULL,NULL,NULL,NULL,'1,2',NULL,NULL,20,'2018-02-19 14:42:10',0,NULL,NULL,NULL,'5664fb62-f1d8-4765-b1cf-42b81f9ab58c',NULL),(2494,60,164,96,NULL,'2018-02-19 14:42:09',1,NULL,NULL,NULL,NULL,NULL,NULL,NULL,NULL,NULL,NULL,'father1',NULL,NULL,20,'2018-02-19 14:42:10',0,NULL,NULL,NULL,'f70f7044-5dd0-41e0-b5cb-86fe88d38aeb',NULL),(2495,60,165,96,NULL,'2018-02-19 14:42:09',1,NULL,NULL,NULL,NULL,NULL,NULL,NULL,NULL,NULL,NULL,'F',NULL,NULL,20,'2018-02-19 14:42:10',0,NULL,NULL,NULL,'d92a3a11-151a-49f7-9372-9f87099f7b83',NULL),(2496,60,166,96,NULL,'2018-02-19 14:42:09',1,NULL,NULL,NULL,NULL,NULL,NULL,NULL,NULL,NULL,NULL,'652536',NULL,NULL,20,'2018-02-19 14:42:10',0,NULL,NULL,NULL,'ad0ba1a5-5432-47d4-b93b-1fa85fb9f0a0',NULL),(2497,60,167,96,NULL,'2018-02-19 14:42:09',1,NULL,NULL,NULL,NULL,NULL,NULL,NULL,NULL,NULL,NULL,'1256352',NULL,NULL,20,'2018-02-19 14:42:10',0,NULL,NULL,NULL,'5f6e8431-91a4-4938-9727-abd03cbbdf7d',NULL),(2498,60,168,96,NULL,'2018-02-19 14:42:09',1,NULL,NULL,NULL,NULL,NULL,NULL,NULL,NULL,NULL,NULL,'2',NULL,NULL,20,'2018-02-19 14:42:10',0,NULL,NULL,NULL,'adde3037-9e53-4263-a592-0ed1df727aa8',NULL),(2499,60,169,96,NULL,'2018-02-19 14:42:09',1,NULL,NULL,NULL,NULL,NULL,NULL,NULL,NULL,NULL,NULL,'34',NULL,NULL,20,'2018-02-19 14:42:10',0,NULL,NULL,NULL,'7e6ee725-b43a-4d55-a851-fbedf1acef1f',NULL),(2500,60,170,96,NULL,'2018-02-19 14:42:09',1,NULL,NULL,NULL,NULL,NULL,NULL,NULL,NULL,NULL,NULL,'4',NULL,NULL,20,'2018-02-19 14:42:10',0,NULL,NULL,NULL,'7cf40369-e24a-450f-b838-3a1c0402e403',NULL),(2501,60,171,96,NULL,'2018-02-19 14:42:09',1,NULL,NULL,NULL,NULL,NULL,NULL,NULL,NULL,NULL,NULL,'4',NULL,NULL,20,'2018-02-19 14:42:10',0,NULL,NULL,NULL,'f0d405b6-25c2-488b-ab27-2e0beb771c4e',NULL),(2502,60,14,96,NULL,'2018-02-19 14:42:09',1,NULL,NULL,NULL,NULL,NULL,NULL,NULL,NULL,NULL,NULL,'test1',NULL,NULL,20,'2018-02-19 14:42:10',0,NULL,NULL,NULL,'b09dc2cc-7e75-4111-9c9a-e298ec98d92a',NULL),(2503,60,15,96,NULL,'2018-02-19 14:42:09',1,NULL,NULL,NULL,NULL,NULL,NULL,NULL,NULL,NULL,NULL,'test1',NULL,NULL,20,'2018-02-19 14:42:10',0,NULL,NULL,NULL,'58e7ebef-3530-4a05-9c13-84275e377660',NULL),(2504,60,8,96,NULL,'2018-02-19 14:42:09',1,NULL,NULL,NULL,NULL,NULL,NULL,NULL,NULL,NULL,NULL,'SH_CVD_DOCTOR_FOLLOWUP_1',NULL,NULL,20,'2018-02-19 14:42:10',0,NULL,NULL,NULL,'03ca8d16-4a7c-498d-9482-a08f58b9c681',NULL),(2505,60,9,96,NULL,'2018-02-19 14:42:09',1,NULL,NULL,NULL,NULL,NULL,NULL,NULL,NULL,NULL,NULL,'19-02-2018 14:42:11',NULL,NULL,20,'2018-02-19 14:42:10',0,NULL,NULL,NULL,'63504da1-503c-4d8c-9313-0b10fa43a3a3',NULL),(2506,60,7,96,NULL,'2018-02-19 14:42:09',1,NULL,NULL,NULL,NULL,NULL,NULL,NULL,NULL,NULL,NULL,'ha_5',NULL,NULL,20,'2018-02-19 14:42:10',0,NULL,NULL,NULL,'95b72eb1-8ace-4b04-a3aa-a34276fe9699',NULL),(2507,60,118,96,NULL,'2018-02-19 14:42:09',1,NULL,NULL,NULL,NULL,NULL,NULL,NULL,NULL,NULL,NULL,'NA',NULL,NULL,20,'2018-02-19 14:42:10',0,NULL,NULL,NULL,'e9f67385-fe0c-4236-bdef-1eefd1e677ee',NULL),(2508,60,12,96,NULL,'2018-02-19 14:42:09',1,NULL,NULL,NULL,NULL,NULL,NULL,NULL,NULL,NULL,NULL,'1010050001',NULL,NULL,20,'2018-02-19 14:42:10',0,NULL,NULL,NULL,'c69b3c09-82af-4d17-a281-fa82c38e3a9f',NULL),(2509,60,22,96,NULL,'2018-02-19 14:42:09',1,NULL,NULL,NULL,NULL,NULL,NULL,NULL,NULL,NULL,NULL,'M',NULL,NULL,20,'2018-02-19 14:42:10',0,NULL,NULL,NULL,'c016af51-74e1-46c2-b0e5-0a387dabb5be',NULL),(2510,60,20,96,NULL,'2018-02-19 14:42:09',1,NULL,NULL,NULL,NULL,NULL,NULL,NULL,NULL,NULL,NULL,'17-2-2018',NULL,NULL,20,'2018-02-19 14:42:10',0,NULL,NULL,NULL,'84bd5b0e-7793-48ea-b053-a281187ed5b5',NULL),(2511,60,18,96,NULL,'2018-02-19 14:42:09',1,NULL,NULL,NULL,NULL,NULL,NULL,NULL,NULL,NULL,NULL,'1-1-1963',NULL,NULL,20,'2018-02-19 14:42:10',0,NULL,NULL,NULL,'b13ece93-b5d2-48c8-aa10-8b854b2a3ab9',NULL),(2512,60,172,96,NULL,'2018-02-19 14:42:09',1,NULL,NULL,NULL,NULL,NULL,NULL,NULL,NULL,NULL,NULL,'0.69',NULL,NULL,20,'2018-02-19 14:42:10',0,NULL,NULL,NULL,'c067fb59-7615-4079-a472-4e63f68485e9',NULL),(2513,60,19,96,NULL,'2018-02-19 14:42:09',1,NULL,NULL,NULL,NULL,NULL,NULL,NULL,NULL,NULL,NULL,'NA',NULL,NULL,20,'2018-02-19 14:42:10',0,NULL,NULL,NULL,'e062a048-a88d-4329-bc9e-f946983bec46',NULL),(2514,60,116,96,NULL,'2018-02-19 14:42:09',1,NULL,NULL,NULL,NULL,NULL,NULL,NULL,NULL,NULL,NULL,'ruhsa_1',NULL,NULL,20,'2018-02-19 14:42:11',0,NULL,NULL,NULL,'2629759d-705b-428e-8150-c617606b7d8e',NULL),(2515,60,173,96,NULL,'2018-02-19 14:42:09',1,NULL,NULL,NULL,NULL,NULL,NULL,NULL,NULL,NULL,NULL,'1',NULL,NULL,20,'2018-02-19 14:42:11',0,NULL,NULL,NULL,'9e0790fa-0058-498f-b94e-82bd0e02414e',NULL),(2516,60,174,96,NULL,'2018-02-19 14:42:09',1,NULL,NULL,NULL,NULL,NULL,NULL,NULL,NULL,NULL,NULL,'big st',NULL,NULL,20,'2018-02-19 14:42:11',0,NULL,NULL,NULL,'71448533-68cf-4d58-be71-573865a3fd19',NULL),(2517,60,175,96,NULL,'2018-02-19 14:42:09',1,NULL,NULL,NULL,NULL,NULL,NULL,NULL,NULL,NULL,NULL,'17-2-2018',NULL,NULL,20,'2018-02-19 14:42:11',0,NULL,NULL,NULL,'51c5269b-8ba3-4c0a-aa49-9a38a0f4d7b8',NULL),(2518,60,22,96,NULL,'2018-02-19 14:42:09',1,NULL,NULL,NULL,NULL,NULL,NULL,NULL,NULL,NULL,NULL,'M',NULL,NULL,20,'2018-02-19 14:42:11',0,NULL,NULL,NULL,'9a33cc16-7755-457c-9b97-18934dce58e9',NULL),(2519,60,128,96,NULL,'2018-02-19 14:42:09',1,NULL,NULL,NULL,NULL,NULL,NULL,NULL,NULL,NULL,NULL,'525652556335',NULL,NULL,20,'2018-02-19 14:42:11',0,NULL,NULL,NULL,'64e0af8d-f776-44cb-a58a-2d15c663b06f',NULL),(2520,60,16,96,NULL,'2018-02-19 14:42:09',1,NULL,NULL,NULL,NULL,NULL,NULL,NULL,NULL,NULL,NULL,'9562352514',NULL,NULL,20,'2018-02-19 14:42:11',0,NULL,NULL,NULL,'01ca79f2-53e8-4794-afed-3de3ad9fd63a',NULL),(2521,60,21,96,NULL,'2018-02-19 14:42:09',1,NULL,NULL,NULL,NULL,NULL,NULL,NULL,NULL,NULL,NULL,'55',NULL,NULL,20,'2018-02-19 14:42:11',0,NULL,NULL,NULL,'0d4b1b28-3803-4f12-a380-1e1544d3919c',NULL),(2522,60,6,96,NULL,'2018-02-19 14:42:09',1,NULL,NULL,NULL,NULL,NULL,NULL,NULL,NULL,NULL,NULL,'panamadangi',NULL,NULL,20,'2018-02-19 14:42:11',0,NULL,NULL,NULL,'11e91199-163a-4a4b-bf4e-ef883be99627',NULL),(2523,60,5,96,NULL,'2018-02-19 14:42:09',1,NULL,NULL,NULL,NULL,NULL,NULL,NULL,NULL,NULL,NULL,'3',NULL,NULL,20,'2018-02-19 14:42:11',0,NULL,NULL,NULL,'0940562b-ddc7-462f-97d2-b1424549739a',NULL),(2524,60,114,96,NULL,'2018-02-19 14:42:09',1,NULL,NULL,NULL,NULL,NULL,NULL,NULL,NULL,NULL,NULL,'19-02-2018 14:42:11',NULL,NULL,20,'2018-02-19 14:42:11',0,NULL,NULL,NULL,'e58a3736-5f63-4fb2-ae24-777149df61e8',NULL),(2525,60,119,96,NULL,'2018-02-19 14:42:09',1,NULL,NULL,NULL,NULL,NULL,NULL,NULL,NULL,NULL,NULL,'SH_CVD_DOCTOR_FOLLOWUP_1',NULL,NULL,20,'2018-02-19 14:42:11',0,NULL,NULL,NULL,'4957420e-345e-49ed-b992-3eac7a129985',NULL),(2526,60,176,96,NULL,'2018-02-19 14:42:09',1,NULL,NULL,NULL,NULL,NULL,NULL,NULL,NULL,NULL,NULL,'25',NULL,NULL,20,'2018-02-19 14:42:11',0,NULL,NULL,NULL,'5e9a7732-24a4-4622-9963-0b3f89b1270e',NULL),(2527,60,177,96,NULL,'2018-02-19 14:42:09',1,NULL,NULL,NULL,NULL,NULL,NULL,NULL,NULL,NULL,NULL,'100',NULL,NULL,20,'2018-02-19 14:42:11',0,NULL,NULL,NULL,'32c79d17-8002-406c-8d47-82b0bfb3fd6c',NULL),(2528,60,178,96,NULL,'2018-02-19 14:42:09',1,NULL,NULL,NULL,NULL,NULL,NULL,NULL,NULL,NULL,NULL,'110',NULL,NULL,20,'2018-02-19 14:42:11',0,NULL,NULL,NULL,'2e726d9e-9ffd-4c25-bb5e-c91f17b002bc',NULL),(2529,60,79,96,NULL,'2018-02-19 14:42:09',1,NULL,NULL,NULL,NULL,NULL,NULL,NULL,NULL,NULL,NULL,'45.5',NULL,NULL,20,'2018-02-19 14:42:11',0,NULL,NULL,NULL,'849d14d5-6f03-41f5-bf7c-f3e4fd84f88e',NULL),(2530,60,80,96,NULL,'2018-02-19 14:42:09',1,NULL,NULL,NULL,NULL,NULL,NULL,NULL,NULL,NULL,NULL,'55',NULL,NULL,20,'2018-02-19 14:42:11',0,NULL,NULL,NULL,'2825eb54-8700-46ff-84fc-6ec90f9e0123',NULL),(2531,60,179,96,NULL,'2018-02-19 14:42:09',1,NULL,NULL,NULL,NULL,NULL,NULL,NULL,NULL,NULL,NULL,'1',NULL,NULL,20,'2018-02-19 14:42:11',0,NULL,NULL,NULL,'aeeb55df-d70c-404e-9082-89a2cf1cf9af',NULL),(2532,60,117,96,NULL,'2018-02-19 14:42:09',1,NULL,NULL,NULL,NULL,NULL,NULL,NULL,NULL,NULL,NULL,'doctor',NULL,NULL,20,'2018-02-19 14:42:11',0,NULL,NULL,NULL,'b2d9f22f-81b7-48ee-8cac-9cd818abc50a',NULL),(2533,60,115,96,NULL,'2018-02-19 14:42:09',1,NULL,NULL,NULL,NULL,NULL,NULL,NULL,NULL,NULL,NULL,'19-02-2018 14:42:11',NULL,NULL,20,'2018-02-19 14:42:11',0,NULL,NULL,NULL,'858065ee-0c1c-4500-9b5b-4e9dc75eda60',NULL),(2534,60,180,96,NULL,'2018-02-19 14:42:09',1,NULL,NULL,NULL,NULL,NULL,NULL,NULL,NULL,NULL,NULL,'88',NULL,NULL,20,'2018-02-19 14:42:11',0,NULL,NULL,NULL,'79fd760e-41c2-447d-8ebd-1d131d4f972b',NULL),(2535,60,181,96,NULL,'2018-02-19 14:42:09',1,NULL,NULL,NULL,NULL,NULL,NULL,NULL,NULL,NULL,NULL,'1',NULL,NULL,20,'2018-02-19 14:42:11',0,NULL,NULL,NULL,'f23bd7e6-c696-4840-8a89-1b929c9ad95c',NULL),(2536,60,182,96,NULL,'2018-02-19 14:42:09',1,NULL,NULL,NULL,NULL,NULL,NULL,NULL,NULL,NULL,NULL,'1',NULL,NULL,20,'2018-02-19 14:42:11',0,NULL,NULL,NULL,'f1264d97-5e3a-49ca-84b0-c22c5439b407',NULL),(2537,60,183,96,NULL,'2018-02-19 14:42:09',1,NULL,NULL,NULL,NULL,NULL,NULL,NULL,NULL,NULL,NULL,'1',NULL,NULL,20,'2018-02-19 14:42:11',0,NULL,NULL,NULL,'465c25de-72e1-4c31-ae5f-50a6921b6e83',NULL),(2538,60,184,96,NULL,'2018-02-19 14:42:09',1,NULL,NULL,NULL,NULL,NULL,NULL,NULL,NULL,NULL,NULL,'1',NULL,NULL,20,'2018-02-19 14:42:11',0,NULL,NULL,NULL,'da083423-87f9-4a83-bf43-b36baefaaaef',NULL),(2539,60,185,96,NULL,'2018-02-19 14:42:09',1,NULL,NULL,NULL,NULL,NULL,NULL,NULL,NULL,NULL,NULL,'6',NULL,NULL,20,'2018-02-19 14:42:11',0,NULL,NULL,NULL,'1128997f-88c9-4668-88ef-8aa270e1ae2a',NULL),(2540,60,186,96,NULL,'2018-02-19 14:42:09',1,NULL,NULL,NULL,NULL,NULL,NULL,NULL,NULL,NULL,NULL,'1',NULL,NULL,20,'2018-02-19 14:42:11',0,NULL,NULL,NULL,'a95732c1-ca33-497b-bef1-8745396d546b',NULL),(2541,60,187,96,NULL,'2018-02-19 14:42:09',1,NULL,NULL,NULL,NULL,NULL,NULL,NULL,NULL,NULL,NULL,'6',NULL,NULL,20,'2018-02-19 14:42:11',0,NULL,NULL,NULL,'c477254e-844c-4ab6-b1f5-f0ad10088596',NULL),(2542,60,188,96,NULL,'2018-02-19 14:42:09',1,NULL,NULL,NULL,NULL,NULL,NULL,NULL,NULL,NULL,NULL,'1',NULL,NULL,20,'2018-02-19 14:42:11',0,NULL,NULL,NULL,'38e65737-e7aa-4403-8cc6-0a4016fadbf8',NULL),(2543,61,116,97,NULL,'2018-02-19 14:52:34',1,NULL,NULL,NULL,NULL,NULL,NULL,NULL,NULL,NULL,NULL,'ruhsa_1',NULL,NULL,20,'2018-02-19 14:52:34',0,NULL,NULL,NULL,'9c46634e-a5bc-424d-a1f1-838261d41f0b',NULL),(2544,61,14,97,NULL,'2018-02-19 14:52:34',1,NULL,NULL,NULL,NULL,NULL,NULL,NULL,NULL,NULL,NULL,'test2',NULL,NULL,20,'2018-02-19 14:52:34',0,NULL,NULL,NULL,'9f359ba8-a772-4a00-94e2-1854d0cd35cc',NULL),(2545,61,165,97,NULL,'2018-02-19 14:52:34',1,NULL,NULL,NULL,NULL,NULL,NULL,NULL,NULL,NULL,NULL,'H',NULL,NULL,20,'2018-02-19 14:52:34',0,NULL,NULL,NULL,'96ade26b-4752-4b8a-97a9-d76274e95752',NULL),(2546,61,173,97,NULL,'2018-02-19 14:52:34',1,NULL,NULL,NULL,NULL,NULL,NULL,NULL,NULL,NULL,NULL,'1',NULL,NULL,20,'2018-02-19 14:52:34',0,NULL,NULL,NULL,'f90db386-a7bd-4675-9a2d-03977290debc',NULL),(2547,61,167,97,NULL,'2018-02-19 14:52:34',1,NULL,NULL,NULL,NULL,NULL,NULL,NULL,NULL,NULL,NULL,'552582',NULL,NULL,20,'2018-02-19 14:52:34',0,NULL,NULL,NULL,'d2cccd1e-73ec-4cdb-929c-eca6102cdc5b',NULL),(2548,61,164,97,NULL,'2018-02-19 14:52:34',1,NULL,NULL,NULL,NULL,NULL,NULL,NULL,NULL,NULL,NULL,'husband',NULL,NULL,20,'2018-02-19 14:52:34',0,NULL,NULL,NULL,'deaf1283-27ed-4584-a47f-27851af076b5',NULL),(2549,61,169,97,NULL,'2018-02-19 14:52:34',1,NULL,NULL,NULL,NULL,NULL,NULL,NULL,NULL,NULL,NULL,'34',NULL,NULL,20,'2018-02-19 14:52:34',0,NULL,NULL,NULL,'953f1ea0-8868-4d11-9ec4-6e527122f64d',NULL),(2550,61,166,97,NULL,'2018-02-19 14:52:34',1,NULL,NULL,NULL,NULL,NULL,NULL,NULL,NULL,NULL,NULL,'255652',NULL,NULL,20,'2018-02-19 14:52:34',0,NULL,NULL,NULL,'c955aebd-dc9f-4999-9387-d2a061fa6a8a',NULL),(2551,61,171,97,NULL,'2018-02-19 14:52:34',1,NULL,NULL,NULL,NULL,NULL,NULL,NULL,NULL,NULL,NULL,'4',NULL,NULL,20,'2018-02-19 14:52:34',0,NULL,NULL,NULL,'4a72d867-7060-4636-9d54-c8f60edc6040',NULL),(2552,61,168,97,NULL,'2018-02-19 14:52:34',1,NULL,NULL,NULL,NULL,NULL,NULL,NULL,NULL,NULL,NULL,'3',NULL,NULL,20,'2018-02-19 14:52:34',0,NULL,NULL,NULL,'bf8d7f4b-239d-4f23-8b27-edc298b53d5c',NULL),(2553,61,163,97,NULL,'2018-02-19 14:52:34',1,NULL,NULL,NULL,NULL,NULL,NULL,NULL,NULL,NULL,NULL,'2',NULL,NULL,20,'2018-02-19 14:52:34',0,NULL,NULL,NULL,'9d4ea069-930b-4024-84b6-0d95e3ac3ec3',NULL),(2554,61,170,97,NULL,'2018-02-19 14:52:34',1,NULL,NULL,NULL,NULL,NULL,NULL,NULL,NULL,NULL,NULL,'3',NULL,NULL,20,'2018-02-19 14:52:34',0,NULL,NULL,NULL,'0bd1e13b-1b36-42ae-8e21-9cf04b4a2fad',NULL),(2555,61,128,97,NULL,'2018-02-19 14:52:34',1,NULL,NULL,NULL,NULL,NULL,NULL,NULL,NULL,NULL,NULL,'856652596685',NULL,NULL,20,'2018-02-19 14:52:34',0,NULL,NULL,NULL,'502fdb2d-a9c2-427d-8c7d-16a2c25ba3bd',NULL),(2556,61,174,97,NULL,'2018-02-19 14:52:34',1,NULL,NULL,NULL,NULL,NULL,NULL,NULL,NULL,NULL,NULL,'bazaar st',NULL,NULL,20,'2018-02-19 14:52:34',0,NULL,NULL,NULL,'7795f543-83fb-47b5-ba88-e4b01a807907',NULL),(2557,61,21,97,NULL,'2018-02-19 14:52:34',1,NULL,NULL,NULL,NULL,NULL,NULL,NULL,NULL,NULL,NULL,'46',NULL,NULL,20,'2018-02-19 14:52:34',0,NULL,NULL,NULL,'2f5a2e1f-1e62-49d3-8d8a-76bfac569a57',NULL),(2558,61,22,97,NULL,'2018-02-19 14:52:34',1,NULL,NULL,NULL,NULL,NULL,NULL,NULL,NULL,NULL,NULL,'F',NULL,NULL,20,'2018-02-19 14:52:34',0,NULL,NULL,NULL,'62963541-0d85-4542-932e-c54742f64926',NULL),(2559,61,5,97,NULL,'2018-02-19 14:52:34',1,NULL,NULL,NULL,NULL,NULL,NULL,NULL,NULL,NULL,NULL,'3',NULL,NULL,20,'2018-02-19 14:52:34',0,NULL,NULL,NULL,'47eff5a3-2eb5-4ed0-a7d3-8d3d2bf15784',NULL),(2560,61,16,97,NULL,'2018-02-19 14:52:34',1,NULL,NULL,NULL,NULL,NULL,NULL,NULL,NULL,NULL,NULL,'9856553828',NULL,NULL,20,'2018-02-19 14:52:34',0,NULL,NULL,NULL,'9f237a8b-0c9d-4327-be71-e3881ecec800',NULL),(2561,61,6,97,NULL,'2018-02-19 14:52:34',1,NULL,NULL,NULL,NULL,NULL,NULL,NULL,NULL,NULL,NULL,'panamadangi',NULL,NULL,20,'2018-02-19 14:52:34',0,NULL,NULL,NULL,'b9777c88-28fc-4d57-96be-644c7f68ab30',NULL),(2562,61,175,97,NULL,'2018-02-19 14:52:34',1,NULL,NULL,NULL,NULL,NULL,NULL,NULL,NULL,NULL,NULL,'19-1-2018',NULL,NULL,20,'2018-02-19 14:52:34',0,NULL,NULL,NULL,'793046e5-e19b-4bb2-a7f8-d2e7e9a983c8',NULL),(2563,61,116,97,NULL,'2018-02-19 14:52:34',1,NULL,NULL,NULL,NULL,NULL,NULL,NULL,NULL,NULL,NULL,'ruhsa_1',NULL,NULL,20,'2018-02-19 14:52:34',0,NULL,NULL,NULL,'4ca09aee-aff0-445d-b7b8-618a683dc463',NULL),(2564,61,176,97,NULL,'2018-02-19 14:52:34',1,NULL,NULL,NULL,NULL,NULL,NULL,NULL,NULL,NULL,NULL,'25',NULL,NULL,20,'2018-02-19 14:52:34',0,NULL,NULL,NULL,'3ed79023-4976-43ec-88be-bcb497684226',NULL),(2565,61,180,97,NULL,'2018-02-19 14:52:34',1,NULL,NULL,NULL,NULL,NULL,NULL,NULL,NULL,NULL,NULL,'89',NULL,NULL,20,'2018-02-19 14:52:34',0,NULL,NULL,NULL,'6f77fd6c-e3d2-47d1-acf0-4f02bcb3e050',NULL),(2566,61,178,97,NULL,'2018-02-19 14:52:34',1,NULL,NULL,NULL,NULL,NULL,NULL,NULL,NULL,NULL,NULL,'85',NULL,NULL,20,'2018-02-19 14:52:34',0,NULL,NULL,NULL,'e02b5e0f-e755-4b96-9f79-d8f1e3413f61',NULL),(2567,61,177,97,NULL,'2018-02-19 14:52:34',1,NULL,NULL,NULL,NULL,NULL,NULL,NULL,NULL,NULL,NULL,'80',NULL,NULL,20,'2018-02-19 14:52:34',0,NULL,NULL,NULL,'6633f4aa-1b87-4b1c-bb83-6cc5a3fb3cba',NULL),(2568,61,80,97,NULL,'2018-02-19 14:52:34',1,NULL,NULL,NULL,NULL,NULL,NULL,NULL,NULL,NULL,NULL,'50',NULL,NULL,20,'2018-02-19 14:52:34',0,NULL,NULL,NULL,'162f0bc6-2105-448b-bcf3-e8b380523b7c',NULL),(2569,61,79,97,NULL,'2018-02-19 14:52:34',1,NULL,NULL,NULL,NULL,NULL,NULL,NULL,NULL,NULL,NULL,'55.5',NULL,NULL,20,'2018-02-19 14:52:34',0,NULL,NULL,NULL,'d0c72a6d-4620-4641-9473-5f166a0f77c5',NULL),(2570,61,117,97,NULL,'2018-02-19 14:52:34',1,NULL,NULL,NULL,NULL,NULL,NULL,NULL,NULL,NULL,NULL,'doctor',NULL,NULL,20,'2018-02-19 14:52:34',0,NULL,NULL,NULL,'f0665d46-25cb-430e-b888-21fbc3f57b10',NULL),(2571,61,179,97,NULL,'2018-02-19 14:52:34',1,NULL,NULL,NULL,NULL,NULL,NULL,NULL,NULL,NULL,NULL,'1',NULL,NULL,20,'2018-02-19 14:52:34',0,NULL,NULL,NULL,'954a7063-cc4c-451c-a2f9-f50d6ed752f3',NULL),(2572,61,114,97,NULL,'2018-02-19 14:52:34',1,NULL,NULL,NULL,NULL,NULL,NULL,NULL,NULL,NULL,NULL,'19-02-2018 14:52:37',NULL,NULL,20,'2018-02-19 14:52:35',0,NULL,NULL,NULL,'dfacb0c5-81bd-47ae-b0e3-073ffa21096f',NULL),(2573,61,115,97,NULL,'2018-02-19 14:52:34',1,NULL,NULL,NULL,NULL,NULL,NULL,NULL,NULL,NULL,NULL,'19-02-2018 14:52:37',NULL,NULL,20,'2018-02-19 14:52:35',0,NULL,NULL,NULL,'32f83cda-868a-460d-9d33-f4e37e83422e',NULL),(2574,61,133,97,NULL,'2018-02-19 14:52:34',1,NULL,NULL,NULL,NULL,NULL,NULL,NULL,NULL,NULL,NULL,'1',NULL,NULL,20,'2018-02-19 14:52:35',0,NULL,NULL,NULL,'c69c8de9-eeaf-4173-9b38-5cf579d58c27',NULL),(2575,61,136,97,NULL,'2018-02-19 14:52:34',1,NULL,NULL,NULL,NULL,NULL,NULL,NULL,NULL,NULL,NULL,'1',NULL,NULL,20,'2018-02-19 14:52:35',0,NULL,NULL,NULL,'5b5cef37-b870-4243-89ac-3389232cedd4',NULL),(2576,61,135,97,NULL,'2018-02-19 14:52:34',1,NULL,NULL,NULL,NULL,NULL,NULL,NULL,NULL,NULL,NULL,'1',NULL,NULL,20,'2018-02-19 14:52:35',0,NULL,NULL,NULL,'6d6a018a-9bdb-4962-b77c-100e2d9e1357',NULL),(2577,61,151,97,NULL,'2018-02-19 14:52:34',1,NULL,NULL,NULL,NULL,NULL,NULL,NULL,NULL,NULL,NULL,'1',NULL,NULL,20,'2018-02-19 14:52:35',0,NULL,NULL,NULL,'13bbaee5-a32f-43b6-93c0-4093221d4685',NULL),(2578,61,137,97,NULL,'2018-02-19 14:52:34',1,NULL,NULL,NULL,NULL,NULL,NULL,NULL,NULL,NULL,NULL,'NA',NULL,NULL,20,'2018-02-19 14:52:35',0,NULL,NULL,NULL,'d9f5ae33-b2a4-4fc7-bf88-2b3f5ccc1305',NULL),(2579,61,140,97,NULL,'2018-02-19 14:52:34',1,NULL,NULL,NULL,NULL,NULL,NULL,NULL,NULL,NULL,NULL,'9.1',NULL,NULL,20,'2018-02-19 14:52:35',0,NULL,NULL,NULL,'4e8a6035-8835-487a-8c58-ec65af9f39b5',NULL),(2580,61,139,97,NULL,'2018-02-19 14:52:34',1,NULL,NULL,NULL,NULL,NULL,NULL,NULL,NULL,NULL,NULL,'90',NULL,NULL,20,'2018-02-19 14:52:35',0,NULL,NULL,NULL,'aa703306-905d-4f4c-805f-42c82985d9fd',NULL),(2581,61,134,97,NULL,'2018-02-19 14:52:34',1,NULL,NULL,NULL,NULL,NULL,NULL,NULL,NULL,NULL,NULL,'130',NULL,NULL,20,'2018-02-19 14:52:35',0,NULL,NULL,NULL,'5b381b3b-6d40-4ec4-96ac-ccbc81a7fbb7',NULL),(2582,61,141,97,NULL,'2018-02-19 14:52:34',1,NULL,NULL,NULL,NULL,NULL,NULL,NULL,NULL,NULL,NULL,'done',NULL,NULL,20,'2018-02-19 14:52:35',0,NULL,NULL,NULL,'90c6d522-8923-4951-9cfb-78ace914d85f',NULL),(2583,61,138,97,NULL,'2018-02-19 14:52:34',1,NULL,NULL,NULL,NULL,NULL,NULL,NULL,NULL,NULL,NULL,'1',NULL,NULL,20,'2018-02-19 14:52:35',0,NULL,NULL,NULL,'2886045e-abad-4173-8a1b-58242ed79627',NULL),(2584,61,162,97,NULL,'2018-02-19 14:52:34',1,NULL,NULL,NULL,NULL,NULL,NULL,NULL,NULL,NULL,NULL,'190',NULL,NULL,20,'2018-02-19 14:52:35',0,NULL,NULL,NULL,'74615e51-ad4c-4212-99c1-fe141f40fed2',NULL),(2585,61,19,97,NULL,'2018-02-19 14:52:34',1,NULL,NULL,NULL,NULL,NULL,NULL,NULL,NULL,NULL,NULL,'NA',NULL,NULL,20,'2018-02-19 14:52:35',0,NULL,NULL,NULL,'dab66d38-8abf-4cfb-a0c4-5e464e2b3bed',NULL),(2586,61,20,97,NULL,'2018-02-19 14:52:34',1,NULL,NULL,NULL,NULL,NULL,NULL,NULL,NULL,NULL,NULL,'19-1-2018',NULL,NULL,20,'2018-02-19 14:52:35',0,NULL,NULL,NULL,'1f5ace06-4215-4271-a675-15973a488454',NULL),(2587,61,22,97,NULL,'2018-02-19 14:52:34',1,NULL,NULL,NULL,NULL,NULL,NULL,NULL,NULL,NULL,NULL,'F',NULL,NULL,20,'2018-02-19 14:52:35',0,NULL,NULL,NULL,'b315bca7-de5c-4054-becd-4f2e8b2d2284',NULL),(2588,61,8,97,NULL,'2018-02-19 14:52:34',1,NULL,NULL,NULL,NULL,NULL,NULL,NULL,NULL,NULL,NULL,'SH_CVD_DOCTOR_FOLLOWUP_1',NULL,NULL,20,'2018-02-19 14:52:35',0,NULL,NULL,NULL,'af501523-8f35-4520-9480-932489b81a18',NULL),(2589,61,18,97,NULL,'2018-02-19 14:52:34',1,NULL,NULL,NULL,NULL,NULL,NULL,NULL,NULL,NULL,NULL,'1-1-1972',NULL,NULL,20,'2018-02-19 14:52:35',0,NULL,NULL,NULL,'1c3948b5-6185-461b-8158-76e219c5d2de',NULL),(2590,61,7,97,NULL,'2018-02-19 14:52:34',1,NULL,NULL,NULL,NULL,NULL,NULL,NULL,NULL,NULL,NULL,'ha_5',NULL,NULL,20,'2018-02-19 14:52:35',0,NULL,NULL,NULL,'f46e99cf-d417-443d-887d-1b4e6600d127',NULL),(2591,61,9,97,NULL,'2018-02-19 14:52:34',1,NULL,NULL,NULL,NULL,NULL,NULL,NULL,NULL,NULL,NULL,'19-02-2018 14:52:37',NULL,NULL,20,'2018-02-19 14:52:35',0,NULL,NULL,NULL,'ea29da7f-ee60-41e2-8f31-95e3d10de6b5',NULL),(2592,61,119,97,NULL,'2018-02-19 14:52:34',1,NULL,NULL,NULL,NULL,NULL,NULL,NULL,NULL,NULL,NULL,'SH_CVD_DOCTOR_FOLLOWUP_1',NULL,NULL,20,'2018-02-19 14:52:35',0,NULL,NULL,NULL,'2d18120e-4884-4163-9245-feb50f4201a2',NULL),(2593,61,118,97,NULL,'2018-02-19 14:52:34',1,NULL,NULL,NULL,NULL,NULL,NULL,NULL,NULL,NULL,NULL,'NA',NULL,NULL,20,'2018-02-19 14:52:35',0,NULL,NULL,NULL,'fe0a0381-41e9-4b1f-9111-a34f9d77f3f9',NULL),(2594,61,12,97,NULL,'2018-02-19 14:52:34',1,NULL,NULL,NULL,NULL,NULL,NULL,NULL,NULL,NULL,NULL,'1010050002',NULL,NULL,20,'2018-02-19 14:52:35',0,NULL,NULL,NULL,'caaa6d86-ae70-44b8-863d-c169f7e69a02',NULL),(2595,61,15,97,NULL,'2018-02-19 14:52:34',1,NULL,NULL,NULL,NULL,NULL,NULL,NULL,NULL,NULL,NULL,'test2',NULL,NULL,20,'2018-02-19 14:52:35',0,NULL,NULL,NULL,'0195704d-4652-459c-9550-d9c8b30a219c',NULL),(2596,61,142,97,NULL,'2018-02-19 14:52:34',1,NULL,NULL,NULL,NULL,NULL,NULL,NULL,NULL,NULL,NULL,'Rectruited',NULL,NULL,20,'2018-02-19 14:52:35',0,NULL,NULL,NULL,'cd178944-0bf6-4e1b-b977-933628d18745',NULL),(2597,61,186,97,NULL,'2018-02-19 14:52:34',1,NULL,NULL,NULL,NULL,NULL,NULL,NULL,NULL,NULL,NULL,'0',NULL,NULL,20,'2018-02-19 14:52:35',0,NULL,NULL,NULL,'221e8020-a318-41a3-b117-a2ee30d6c4c5',NULL),(2598,61,185,97,NULL,'2018-02-19 14:52:34',1,NULL,NULL,NULL,NULL,NULL,NULL,NULL,NULL,NULL,NULL,'NA',NULL,NULL,20,'2018-02-19 14:52:35',0,NULL,NULL,NULL,'930376b3-1681-4b82-920d-58aa2ef7196b',NULL),(2599,61,188,97,NULL,'2018-02-19 14:52:34',1,NULL,NULL,NULL,NULL,NULL,NULL,NULL,NULL,NULL,NULL,'0',NULL,NULL,20,'2018-02-19 14:52:35',0,NULL,NULL,NULL,'17f8c02a-0f2a-46a9-ab59-7549b1131475',NULL),(2600,61,187,97,NULL,'2018-02-19 14:52:34',1,NULL,NULL,NULL,NULL,NULL,NULL,NULL,NULL,NULL,NULL,'NA',NULL,NULL,20,'2018-02-19 14:52:35',0,NULL,NULL,NULL,'74ab2650-662c-4e79-b713-daf30ed5dc3d',NULL),(2601,61,182,97,NULL,'2018-02-19 14:52:34',1,NULL,NULL,NULL,NULL,NULL,NULL,NULL,NULL,NULL,NULL,'1',NULL,NULL,20,'2018-02-19 14:52:35',0,NULL,NULL,NULL,'fff0fcc3-3e16-4df5-bda8-615c9c324851',NULL),(2602,61,181,97,NULL,'2018-02-19 14:52:34',1,NULL,NULL,NULL,NULL,NULL,NULL,NULL,NULL,NULL,NULL,'1',NULL,NULL,20,'2018-02-19 14:52:35',0,NULL,NULL,NULL,'bef485fc-ce08-4137-b672-fd32eefd7e7c',NULL),(2603,61,184,97,NULL,'2018-02-19 14:52:34',1,NULL,NULL,NULL,NULL,NULL,NULL,NULL,NULL,NULL,NULL,'1',NULL,NULL,20,'2018-02-19 14:52:35',0,NULL,NULL,NULL,'1cbfb03b-fd2d-4776-810d-c5f36cbf8309',NULL),(2604,61,183,97,NULL,'2018-02-19 14:52:34',1,NULL,NULL,NULL,NULL,NULL,NULL,NULL,NULL,NULL,NULL,'1',NULL,NULL,20,'2018-02-19 14:52:35',0,NULL,NULL,NULL,'75a8c0da-5a2c-4c17-bfcb-13448b6b624e',NULL),(2605,61,172,97,NULL,'2018-02-19 14:52:34',1,NULL,NULL,NULL,NULL,NULL,NULL,NULL,NULL,NULL,NULL,'0.7',NULL,NULL,20,'2018-02-19 14:52:35',0,NULL,NULL,NULL,'def51335-7692-46ee-bc91-0ce821c0d50b',NULL),(2606,61,35,97,NULL,'2018-02-19 14:52:34',1,NULL,NULL,NULL,NULL,NULL,NULL,NULL,NULL,NULL,NULL,'5',NULL,NULL,20,'2018-02-19 14:52:35',0,NULL,NULL,NULL,'530e8705-8f18-4278-bae7-e169f6aac3ac',NULL),(2607,61,159,97,NULL,'2018-02-19 14:52:34',1,NULL,NULL,NULL,NULL,NULL,NULL,NULL,NULL,NULL,NULL,'0',NULL,NULL,20,'2018-02-19 14:52:35',0,NULL,NULL,NULL,'8f6aa910-8a52-4148-9d70-eaca58541277',NULL),(2608,61,154,97,NULL,'2018-02-19 14:52:34',1,NULL,NULL,NULL,NULL,NULL,NULL,NULL,NULL,NULL,NULL,'0',NULL,NULL,20,'2018-02-19 14:52:35',0,NULL,NULL,NULL,'b413455b-4a74-49bb-9611-193e90adb3b2',NULL),(2609,61,153,97,NULL,'2018-02-19 14:52:34',1,NULL,NULL,NULL,NULL,NULL,NULL,NULL,NULL,NULL,NULL,'NA',NULL,NULL,20,'2018-02-19 14:52:35',0,NULL,NULL,NULL,'53c16b8f-b6dc-4970-834d-e1176b40b870',NULL),(2610,61,156,97,NULL,'2018-02-19 14:52:34',1,NULL,NULL,NULL,NULL,NULL,NULL,NULL,NULL,NULL,NULL,'1-2-2018',NULL,NULL,20,'2018-02-19 14:52:35',0,NULL,NULL,NULL,'77061c45-fb81-4231-99df-d267b1165c18',NULL),(2611,61,158,97,NULL,'2018-02-19 14:52:34',1,NULL,NULL,NULL,NULL,NULL,NULL,NULL,NULL,NULL,NULL,'14-2-2018',NULL,NULL,20,'2018-02-19 14:52:35',0,NULL,NULL,NULL,'31f855e4-8c2d-4662-a1fd-5b8528e9df78',NULL),(2612,61,157,97,NULL,'2018-02-19 14:52:34',1,NULL,NULL,NULL,NULL,NULL,NULL,NULL,NULL,NULL,NULL,'9.1',NULL,NULL,20,'2018-02-19 14:52:35',0,NULL,NULL,NULL,'9f4544a5-f922-4d1c-99ae-852bfd9581b0',NULL),(2613,61,160,97,NULL,'2018-02-19 14:52:34',1,NULL,NULL,NULL,NULL,NULL,NULL,NULL,NULL,NULL,NULL,'0',NULL,NULL,20,'2018-02-19 14:52:35',0,NULL,NULL,NULL,'c880ed53-c0de-4ad8-b675-6a201732507b',NULL),(2614,61,155,97,NULL,'2018-02-19 14:52:34',1,NULL,NULL,NULL,NULL,NULL,NULL,NULL,NULL,NULL,NULL,'0',NULL,NULL,20,'2018-02-19 14:52:35',0,NULL,NULL,NULL,'ec6e587d-866d-4872-a0aa-f5a5dfa10bfd',NULL),(2615,61,143,97,NULL,'2018-02-19 14:52:34',1,NULL,NULL,NULL,NULL,NULL,NULL,NULL,NULL,NULL,NULL,'1',NULL,NULL,20,'2018-02-19 14:52:35',0,NULL,NULL,NULL,'179d3442-a059-4c4d-a1f4-7eae6a00ba98',NULL),(2616,61,152,97,NULL,'2018-02-19 14:52:34',1,NULL,NULL,NULL,NULL,NULL,NULL,NULL,NULL,NULL,NULL,'0',NULL,NULL,20,'2018-02-19 14:52:35',0,NULL,NULL,NULL,'9dfdc51d-50e6-44ee-8944-709d469545f8',NULL),(2617,61,149,97,NULL,'2018-02-19 14:52:34',1,NULL,NULL,NULL,NULL,NULL,NULL,NULL,NULL,NULL,NULL,'1',NULL,NULL,20,'2018-02-19 14:52:35',0,NULL,NULL,NULL,'c99306c4-3367-4df2-b3d9-046b9f368ce2',NULL),(2618,61,148,97,NULL,'2018-02-19 14:52:34',1,NULL,NULL,NULL,NULL,NULL,NULL,NULL,NULL,NULL,NULL,'0',NULL,NULL,20,'2018-02-19 14:52:35',0,NULL,NULL,NULL,'160b8604-6446-4b19-9f64-7431cb322977',NULL),(2619,61,161,97,NULL,'2018-02-19 14:52:34',1,NULL,NULL,NULL,NULL,NULL,NULL,NULL,NULL,NULL,NULL,'1',NULL,NULL,20,'2018-02-19 14:52:35',0,NULL,NULL,NULL,'61b9aac0-dfd9-4831-9ebd-a7472bffdd59',NULL),(2620,61,150,97,NULL,'2018-02-19 14:52:34',1,NULL,NULL,NULL,NULL,NULL,NULL,NULL,NULL,NULL,NULL,'0',NULL,NULL,20,'2018-02-19 14:52:35',0,NULL,NULL,NULL,'0859f0a6-67ff-462f-a59d-df477f9e3325',NULL),(2621,61,145,97,NULL,'2018-02-19 14:52:34',1,NULL,NULL,NULL,NULL,NULL,NULL,NULL,NULL,NULL,NULL,'22.63',NULL,NULL,20,'2018-02-19 14:52:35',0,NULL,NULL,NULL,'2f791c77-7493-4fc2-b7bc-07ce0076fb0e',NULL),(2622,61,144,97,NULL,'2018-02-19 14:52:34',1,NULL,NULL,NULL,NULL,NULL,NULL,NULL,NULL,NULL,NULL,'1',NULL,NULL,20,'2018-02-19 14:52:35',0,NULL,NULL,NULL,'91c7d7c5-dd32-4c40-95ef-5ee6ca96fd85',NULL),(2623,61,147,97,NULL,'2018-02-19 14:52:34',1,NULL,NULL,NULL,NULL,NULL,NULL,NULL,NULL,NULL,NULL,'158',NULL,NULL,20,'2018-02-19 14:52:35',0,NULL,NULL,NULL,'1f7e5371-18c8-4a49-bc9b-2a5b6985c3b7',NULL),(2624,61,146,97,NULL,'2018-02-19 14:52:34',1,NULL,NULL,NULL,NULL,NULL,NULL,NULL,NULL,NULL,NULL,'56.5',NULL,NULL,20,'2018-02-19 14:52:35',0,NULL,NULL,NULL,'c4373060-4387-418d-9f40-9db9523e92b3',NULL),(2625,60,20,98,NULL,'2018-02-19 14:57:08',1,NULL,NULL,NULL,NULL,NULL,NULL,NULL,NULL,NULL,NULL,'17-2-2018',NULL,NULL,13,'2018-02-19 14:57:08',0,NULL,NULL,NULL,'d43fb996-6c1d-4e36-978f-9cabfd25e2b6',NULL),(2626,60,22,98,NULL,'2018-02-19 14:57:08',1,NULL,NULL,NULL,NULL,NULL,NULL,NULL,NULL,NULL,NULL,'M',NULL,NULL,13,'2018-02-19 14:57:08',0,NULL,NULL,NULL,'2ff786dc-4c75-4e4a-b6bb-8f5e19cf1c9c',NULL),(2627,60,8,98,NULL,'2018-02-19 14:57:08',1,NULL,NULL,NULL,NULL,NULL,NULL,NULL,NULL,NULL,NULL,'SH_CVD_ASHA_FOLLOWUP_1',NULL,NULL,13,'2018-02-19 14:57:08',0,NULL,NULL,NULL,'c0e6c9e6-20ce-411f-9aef-fbd74c295603',NULL),(2628,60,18,98,NULL,'2018-02-19 14:57:08',1,NULL,NULL,NULL,NULL,NULL,NULL,NULL,NULL,NULL,NULL,'1-1-1963',NULL,NULL,13,'2018-02-19 14:57:08',0,NULL,NULL,NULL,'532b3fd4-bd76-45bc-bb5a-8a909b1bcb16',NULL),(2629,60,14,98,NULL,'2018-02-19 14:57:08',1,NULL,NULL,NULL,NULL,NULL,NULL,NULL,NULL,NULL,NULL,'test1',NULL,NULL,13,'2018-02-19 14:57:08',0,NULL,NULL,NULL,'8fe27b32-ac67-4854-a166-490708ced145',NULL),(2630,60,116,98,NULL,'2018-02-19 14:57:08',1,NULL,NULL,NULL,NULL,NULL,NULL,NULL,NULL,NULL,NULL,'ha_5',NULL,NULL,13,'2018-02-19 14:57:08',0,NULL,NULL,NULL,'e5cffb7d-4c2b-4da7-8bff-1a6eb45544dc',NULL),(2631,60,12,98,NULL,'2018-02-19 14:57:08',1,NULL,NULL,NULL,NULL,NULL,NULL,NULL,NULL,NULL,NULL,'1010050001',NULL,NULL,13,'2018-02-19 14:57:09',0,NULL,NULL,NULL,'fdd0bc0e-388f-4f29-b594-81e0add804c7',NULL),(2632,60,15,98,NULL,'2018-02-19 14:57:08',1,NULL,NULL,NULL,NULL,NULL,NULL,NULL,NULL,NULL,NULL,'test1',NULL,NULL,13,'2018-02-19 14:57:09',0,NULL,NULL,NULL,'b6f8b998-ef3f-4a08-bc12-f076cebb3038',NULL),(2633,60,164,98,NULL,'2018-02-19 14:57:08',1,NULL,NULL,NULL,NULL,NULL,NULL,NULL,NULL,NULL,NULL,'father1',NULL,NULL,13,'2018-02-19 14:57:09',0,NULL,NULL,NULL,'a73ed6af-eb53-4750-9e5b-c54833448f90',NULL),(2634,60,167,98,NULL,'2018-02-19 14:57:08',1,NULL,NULL,NULL,NULL,NULL,NULL,NULL,NULL,NULL,NULL,'1256352',NULL,NULL,13,'2018-02-19 14:57:09',0,NULL,NULL,NULL,'98e929ef-b138-45bf-befd-864b8be629db',NULL),(2635,60,173,98,NULL,'2018-02-19 14:57:08',1,NULL,NULL,NULL,NULL,NULL,NULL,NULL,NULL,NULL,NULL,'1',NULL,NULL,13,'2018-02-19 14:57:09',0,NULL,NULL,NULL,'56061fb8-6fda-41ec-8dd7-7c8c4a15db46',NULL),(2636,60,165,98,NULL,'2018-02-19 14:57:08',1,NULL,NULL,NULL,NULL,NULL,NULL,NULL,NULL,NULL,NULL,'F',NULL,NULL,13,'2018-02-19 14:57:09',0,NULL,NULL,NULL,'6c4bb3d6-976d-4db2-b4d8-4ff4c7ecdd31',NULL),(2637,60,175,98,NULL,'2018-02-19 14:57:08',1,NULL,NULL,NULL,NULL,NULL,NULL,NULL,NULL,NULL,NULL,'17-2-2018',NULL,NULL,13,'2018-02-19 14:57:09',0,NULL,NULL,NULL,'07542a54-a4de-419e-83e8-0d598cd7f672',NULL),(2638,60,116,98,NULL,'2018-02-19 14:57:08',1,NULL,NULL,NULL,NULL,NULL,NULL,NULL,NULL,NULL,NULL,'ha_5',NULL,NULL,13,'2018-02-19 14:57:09',0,NULL,NULL,NULL,'ad179a54-c5db-4bed-bff2-bef6c84195e1',NULL),(2639,60,128,98,NULL,'2018-02-19 14:57:08',1,NULL,NULL,NULL,NULL,NULL,NULL,NULL,NULL,NULL,NULL,'525652556335',NULL,NULL,13,'2018-02-19 14:57:09',0,NULL,NULL,NULL,'9ba6c693-5c65-4f41-8246-08aec6477c60',NULL),(2640,60,174,98,NULL,'2018-02-19 14:57:08',1,NULL,NULL,NULL,NULL,NULL,NULL,NULL,NULL,NULL,NULL,'big st',NULL,NULL,13,'2018-02-19 14:57:09',0,NULL,NULL,NULL,'bb1a07eb-873a-4935-963f-1ab7d1b336aa',NULL),(2641,60,21,98,NULL,'2018-02-19 14:57:08',1,NULL,NULL,NULL,NULL,NULL,NULL,NULL,NULL,NULL,NULL,'55',NULL,NULL,13,'2018-02-19 14:57:09',0,NULL,NULL,NULL,'fb8ac773-a247-48bd-ab0d-5a798f9bd065',NULL),(2642,60,22,98,NULL,'2018-02-19 14:57:08',1,NULL,NULL,NULL,NULL,NULL,NULL,NULL,NULL,NULL,NULL,'M',NULL,NULL,13,'2018-02-19 14:57:09',0,NULL,NULL,NULL,'330ddf85-072b-45d7-ab0b-5d333345e7db',NULL),(2643,60,138,98,NULL,'2018-02-19 14:57:08',1,NULL,NULL,NULL,NULL,NULL,NULL,NULL,NULL,NULL,NULL,'1',NULL,NULL,13,'2018-02-19 14:57:09',0,NULL,NULL,NULL,'d11880f8-0c46-4223-9f6d-58e786a476b9',NULL),(2644,60,155,98,NULL,'2018-02-19 14:57:08',1,NULL,NULL,NULL,NULL,NULL,NULL,NULL,NULL,NULL,NULL,'0',NULL,NULL,13,'2018-02-19 14:57:09',0,NULL,NULL,NULL,'22614542-f2a9-4d48-a7b9-45a06b86b1ec',NULL),(2645,60,160,98,NULL,'2018-02-19 14:57:08',1,NULL,NULL,NULL,NULL,NULL,NULL,NULL,NULL,NULL,NULL,'0',NULL,NULL,13,'2018-02-19 14:57:09',0,NULL,NULL,NULL,'ad2656d8-89e6-4eae-b2c5-6bd843ab7526',NULL),(2646,60,161,98,NULL,'2018-02-19 14:57:08',1,NULL,NULL,NULL,NULL,NULL,NULL,NULL,NULL,NULL,NULL,'1',NULL,NULL,13,'2018-02-19 14:57:09',0,NULL,NULL,NULL,'063a45a5-3b66-4651-a386-84326712be93',NULL),(2647,60,150,98,NULL,'2018-02-19 14:57:08',1,NULL,NULL,NULL,NULL,NULL,NULL,NULL,NULL,NULL,NULL,'0',NULL,NULL,13,'2018-02-19 14:57:09',0,NULL,NULL,NULL,'b6c6e68d-31b8-4683-86fc-941fcac643ee',NULL),(2648,60,159,98,NULL,'2018-02-19 14:57:08',1,NULL,NULL,NULL,NULL,NULL,NULL,NULL,NULL,NULL,NULL,'1',NULL,NULL,13,'2018-02-19 14:57:09',0,NULL,NULL,NULL,'88e106c7-4e68-4eb3-b4a8-f334bfa3e411',NULL),(2649,60,35,98,NULL,'2018-02-19 14:57:08',1,NULL,NULL,NULL,NULL,NULL,NULL,NULL,NULL,NULL,NULL,'4',NULL,NULL,13,'2018-02-19 14:57:09',0,NULL,NULL,NULL,'7a50ec0d-a716-48c2-b142-9696ef5ccf81',NULL),(2650,60,153,98,NULL,'2018-02-19 14:57:08',1,NULL,NULL,NULL,NULL,NULL,NULL,NULL,NULL,NULL,NULL,'1',NULL,NULL,13,'2018-02-19 14:57:09',0,NULL,NULL,NULL,'c3a53efa-eff0-433e-a106-abac114d5696',NULL),(2651,60,154,98,NULL,'2018-02-19 14:57:08',1,NULL,NULL,NULL,NULL,NULL,NULL,NULL,NULL,NULL,NULL,'1',NULL,NULL,13,'2018-02-19 14:57:09',0,NULL,NULL,NULL,'af1f139a-87fc-40ef-bcfe-23bc2311b407',NULL),(2652,60,149,98,NULL,'2018-02-19 14:57:08',1,NULL,NULL,NULL,NULL,NULL,NULL,NULL,NULL,NULL,NULL,'1',NULL,NULL,13,'2018-02-19 14:57:09',0,NULL,NULL,NULL,'4e11a452-a822-41a8-87a3-920d27056f4d',NULL),(2653,60,148,98,NULL,'2018-02-19 14:57:08',1,NULL,NULL,NULL,NULL,NULL,NULL,NULL,NULL,NULL,NULL,'0',NULL,NULL,13,'2018-02-19 14:57:09',0,NULL,NULL,NULL,'42c3114b-8ad6-4978-8b09-0a70c485e6cc',NULL),(2654,60,16,98,NULL,'2018-02-19 14:57:08',1,NULL,NULL,NULL,NULL,NULL,NULL,NULL,NULL,NULL,NULL,'9562352514',NULL,NULL,13,'2018-02-19 14:57:09',0,NULL,NULL,NULL,'a58c0b9d-1968-4e2e-a2ad-56a7ddb6e81e',NULL),(2655,60,5,98,NULL,'2018-02-19 14:57:08',1,NULL,NULL,NULL,NULL,NULL,NULL,NULL,NULL,NULL,NULL,'3',NULL,NULL,13,'2018-02-19 14:57:09',0,NULL,NULL,NULL,'a7cb891c-d9d4-47b2-b814-7f8c71f1d507',NULL),(2656,60,119,98,NULL,'2018-02-19 14:57:08',1,NULL,NULL,NULL,NULL,NULL,NULL,NULL,NULL,NULL,NULL,'SH_CVD_ASHA_FOLLOWUP_1',NULL,NULL,13,'2018-02-19 14:57:09',0,NULL,NULL,NULL,'32ed3253-f484-46b7-af23-1a2af1cda10b',NULL),(2657,60,6,98,NULL,'2018-02-19 14:57:08',1,NULL,NULL,NULL,NULL,NULL,NULL,NULL,NULL,NULL,NULL,'panamadangi',NULL,NULL,13,'2018-02-19 14:57:09',0,NULL,NULL,NULL,'efbf2c7f-b61e-45f2-9e67-b668ca6c4c47',NULL),(2658,60,156,98,NULL,'2018-02-19 14:57:08',1,NULL,NULL,NULL,NULL,NULL,NULL,NULL,NULL,NULL,NULL,'19-2-2018',NULL,NULL,13,'2018-02-19 14:57:09',0,NULL,NULL,NULL,'9d1093db-1ed2-435c-8f40-fbe9aadb94c6',NULL),(2659,60,162,98,NULL,'2018-02-19 14:57:08',1,NULL,NULL,NULL,NULL,NULL,NULL,NULL,NULL,NULL,NULL,'180',NULL,NULL,13,'2018-02-19 14:57:09',0,NULL,NULL,NULL,'50b1b945-41a0-4ba4-8cc0-72ff462f14b7',NULL),(2660,60,163,98,NULL,'2018-02-19 14:57:08',1,NULL,NULL,NULL,NULL,NULL,NULL,NULL,NULL,NULL,NULL,'1,2',NULL,NULL,13,'2018-02-19 14:57:09',0,NULL,NULL,NULL,'8baaff8b-896f-4caa-b6f2-5efe8144504c',NULL),(2661,60,170,98,NULL,'2018-02-19 14:57:08',1,NULL,NULL,NULL,NULL,NULL,NULL,NULL,NULL,NULL,NULL,'4',NULL,NULL,13,'2018-02-19 14:57:09',0,NULL,NULL,NULL,'b55af7b9-5f97-42f3-9a4b-7c029be251d6',NULL),(2662,60,171,98,NULL,'2018-02-19 14:57:08',1,NULL,NULL,NULL,NULL,NULL,NULL,NULL,NULL,NULL,NULL,'4',NULL,NULL,13,'2018-02-19 14:57:09',0,NULL,NULL,NULL,'59e47dad-86cd-4c27-a203-28d77d7392db',NULL),(2663,60,168,98,NULL,'2018-02-19 14:57:08',1,NULL,NULL,NULL,NULL,NULL,NULL,NULL,NULL,NULL,NULL,'2',NULL,NULL,13,'2018-02-19 14:57:09',0,NULL,NULL,NULL,'57db5213-2d9e-4d34-b51a-311e3bfa1b1f',NULL),(2664,60,169,98,NULL,'2018-02-19 14:57:08',1,NULL,NULL,NULL,NULL,NULL,NULL,NULL,NULL,NULL,NULL,'34',NULL,NULL,13,'2018-02-19 14:57:09',0,NULL,NULL,NULL,'90a4207e-6501-4bfa-9ba4-cb1af52ec80b',NULL),(2665,60,166,98,NULL,'2018-02-19 14:57:08',1,NULL,NULL,NULL,NULL,NULL,NULL,NULL,NULL,NULL,NULL,'652536',NULL,NULL,13,'2018-02-19 14:57:09',0,NULL,NULL,NULL,'117ee740-3fb4-40fd-96e0-707d9e406050',NULL),(2666,60,187,98,NULL,'2018-02-19 14:57:08',1,NULL,NULL,NULL,NULL,NULL,NULL,NULL,NULL,NULL,NULL,'NA',NULL,NULL,13,'2018-02-19 14:57:09',0,NULL,NULL,NULL,'c1449adb-1cff-41cf-8301-f73822272200',NULL),(2667,60,182,98,NULL,'2018-02-19 14:57:08',1,NULL,NULL,NULL,NULL,NULL,NULL,NULL,NULL,NULL,NULL,'NA',NULL,NULL,13,'2018-02-19 14:57:09',0,NULL,NULL,NULL,'bc8fdf22-cb00-4906-959b-fc0e28425e7e',NULL),(2668,60,181,98,NULL,'2018-02-19 14:57:08',1,NULL,NULL,NULL,NULL,NULL,NULL,NULL,NULL,NULL,NULL,'NA',NULL,NULL,13,'2018-02-19 14:57:09',0,NULL,NULL,NULL,'fecefef0-d5b6-4b23-94b2-eda7487b17ac',NULL),(2669,60,184,98,NULL,'2018-02-19 14:57:08',1,NULL,NULL,NULL,NULL,NULL,NULL,NULL,NULL,NULL,NULL,'NA',NULL,NULL,13,'2018-02-19 14:57:09',0,NULL,NULL,NULL,'39c4a763-b034-4c5d-9f63-3fce58eb0d2a',NULL),(2670,60,183,98,NULL,'2018-02-19 14:57:08',1,NULL,NULL,NULL,NULL,NULL,NULL,NULL,NULL,NULL,NULL,'NA',NULL,NULL,13,'2018-02-19 14:57:09',0,NULL,NULL,NULL,'58a0d444-e9de-4a5d-bd97-b7db7019822f',NULL),(2671,60,172,98,NULL,'2018-02-19 14:57:08',1,NULL,NULL,NULL,NULL,NULL,NULL,NULL,NULL,NULL,NULL,'NA',NULL,NULL,13,'2018-02-19 14:57:09',0,NULL,NULL,NULL,'b8996db1-0b5e-46bc-8d51-a2e865728140',NULL),(2672,60,158,98,NULL,'2018-02-19 14:57:08',1,NULL,NULL,NULL,NULL,NULL,NULL,NULL,NULL,NULL,NULL,'19-2-2018',NULL,NULL,13,'2018-02-19 14:57:09',0,NULL,NULL,NULL,'346e7322-ed67-4d3e-a1f2-03a03afd33b4',NULL),(2673,60,157,98,NULL,'2018-02-19 14:57:08',1,NULL,NULL,NULL,NULL,NULL,NULL,NULL,NULL,NULL,NULL,'9.1',NULL,NULL,13,'2018-02-19 14:57:09',0,NULL,NULL,NULL,'d8e15047-d852-4732-bd4d-14e14cc79eda',NULL),(2674,60,9,98,NULL,'2018-02-19 14:57:08',1,NULL,NULL,NULL,NULL,NULL,NULL,NULL,NULL,NULL,NULL,'19-02-2018 15:14:18',NULL,NULL,13,'2018-02-19 14:57:09',0,NULL,NULL,NULL,'c8725c48-745b-49e9-85d5-916a1d2a0287',NULL),(2675,60,7,98,NULL,'2018-02-19 14:57:08',1,NULL,NULL,NULL,NULL,NULL,NULL,NULL,NULL,NULL,NULL,'ha_5',NULL,NULL,13,'2018-02-19 14:57:09',0,NULL,NULL,NULL,'21f6d241-b7ba-4d1d-ad57-2ab6919b6cc9',NULL),(2676,60,117,98,NULL,'2018-02-19 14:57:08',1,NULL,NULL,NULL,NULL,NULL,NULL,NULL,NULL,NULL,NULL,'asha',NULL,NULL,13,'2018-02-19 14:57:10',0,NULL,NULL,NULL,'b45e2b09-475a-498f-a346-31cde033425d',NULL),(2677,60,179,98,NULL,'2018-02-19 14:57:08',1,NULL,NULL,NULL,NULL,NULL,NULL,NULL,NULL,NULL,NULL,'NA',NULL,NULL,13,'2018-02-19 14:57:10',0,NULL,NULL,NULL,'ba2817e2-0e27-4793-bb2d-5386634835bb',NULL),(2678,60,80,98,NULL,'2018-02-19 14:57:08',1,NULL,NULL,NULL,NULL,NULL,NULL,NULL,NULL,NULL,NULL,'NA',NULL,NULL,13,'2018-02-19 14:57:10',0,NULL,NULL,NULL,'8ea7aeca-2668-425d-ab03-f4a2395ea066',NULL),(2679,60,79,98,NULL,'2018-02-19 14:57:08',1,NULL,NULL,NULL,NULL,NULL,NULL,NULL,NULL,NULL,NULL,'NA',NULL,NULL,13,'2018-02-19 14:57:10',0,NULL,NULL,NULL,'ae6e71fc-29b2-4b23-a886-5d154ff3e2a7',NULL),(2680,60,118,98,NULL,'2018-02-19 14:57:08',1,NULL,NULL,NULL,NULL,NULL,NULL,NULL,NULL,NULL,NULL,'SH_CVD_ASHA_SCREENING_1',NULL,NULL,13,'2018-02-19 14:57:10',0,NULL,NULL,NULL,'5cd897ff-865f-4bf6-bafb-3a8d8a165553',NULL),(2681,60,114,98,NULL,'2018-02-19 14:57:08',1,NULL,NULL,NULL,NULL,NULL,NULL,NULL,NULL,NULL,NULL,'19-02-2018 15:14:18',NULL,NULL,13,'2018-02-19 14:57:10',0,NULL,NULL,NULL,'3b1dcf31-99ba-421c-8cd6-2299613d1d4e',NULL),(2682,60,115,98,NULL,'2018-02-19 14:57:08',1,NULL,NULL,NULL,NULL,NULL,NULL,NULL,NULL,NULL,NULL,'19-02-2018 15:14:18',NULL,NULL,13,'2018-02-19 14:57:10',0,NULL,NULL,NULL,'d815aa76-5a26-4f62-84b4-d023eae532c4',NULL),(2683,60,178,98,NULL,'2018-02-19 14:57:08',1,NULL,NULL,NULL,NULL,NULL,NULL,NULL,NULL,NULL,NULL,'NA',NULL,NULL,13,'2018-02-19 14:57:10',0,NULL,NULL,NULL,'82cc9510-7ac9-43b3-8a1e-d7968b27f698',NULL),(2684,60,19,98,NULL,'2018-02-19 14:57:08',1,NULL,NULL,NULL,NULL,NULL,NULL,NULL,NULL,NULL,NULL,'NA',NULL,NULL,13,'2018-02-19 14:57:10',0,NULL,NULL,NULL,'fe99c904-1357-4f6a-8955-be889e973bb4',NULL),(2685,60,177,98,NULL,'2018-02-19 14:57:08',1,NULL,NULL,NULL,NULL,NULL,NULL,NULL,NULL,NULL,NULL,'NA',NULL,NULL,13,'2018-02-19 14:57:10',0,NULL,NULL,NULL,'0b69818d-4433-4c55-9d39-df86a0c93930',NULL),(2686,60,180,98,NULL,'2018-02-19 14:57:08',1,NULL,NULL,NULL,NULL,NULL,NULL,NULL,NULL,NULL,NULL,'NA',NULL,NULL,13,'2018-02-19 14:57:10',0,NULL,NULL,NULL,'fa842be5-82d3-46ca-ba3a-2028366dcad3',NULL),(2687,60,176,98,NULL,'2018-02-19 14:57:08',1,NULL,NULL,NULL,NULL,NULL,NULL,NULL,NULL,NULL,NULL,'NA',NULL,NULL,13,'2018-02-19 14:57:10',0,NULL,NULL,NULL,'05e83e03-8569-40c0-8ba0-865c9e09dd25',NULL),(2688,60,151,98,NULL,'2018-02-19 14:57:08',1,NULL,NULL,NULL,NULL,NULL,NULL,NULL,NULL,NULL,NULL,'1',NULL,NULL,13,'2018-02-19 14:57:10',0,NULL,NULL,NULL,'bb0bb94a-436c-4c91-88a3-c232991d454e',NULL),(2689,60,135,98,NULL,'2018-02-19 14:57:08',1,NULL,NULL,NULL,NULL,NULL,NULL,NULL,NULL,NULL,NULL,'1',NULL,NULL,13,'2018-02-19 14:57:10',0,NULL,NULL,NULL,'a675eb9e-4556-40e6-a60f-f65117287904',NULL),(2690,60,143,98,NULL,'2018-02-19 14:57:08',1,NULL,NULL,NULL,NULL,NULL,NULL,NULL,NULL,NULL,NULL,'0',NULL,NULL,13,'2018-02-19 14:57:10',0,NULL,NULL,NULL,'88de8c9b-489f-405b-a603-b26c22c9b641',NULL),(2691,60,152,98,NULL,'2018-02-19 14:57:08',1,NULL,NULL,NULL,NULL,NULL,NULL,NULL,NULL,NULL,NULL,'0',NULL,NULL,13,'2018-02-19 14:57:10',0,NULL,NULL,NULL,'ac1c1474-73de-4d7a-95ea-912a756d1545',NULL),(2692,60,145,98,NULL,'2018-02-19 14:57:08',1,NULL,NULL,NULL,NULL,NULL,NULL,NULL,NULL,NULL,NULL,'21.37',NULL,NULL,13,'2018-02-19 14:57:10',0,NULL,NULL,NULL,'bb06f351-9500-43ab-9a2c-9e902cbd3439',NULL),(2693,60,144,98,NULL,'2018-02-19 14:57:08',1,NULL,NULL,NULL,NULL,NULL,NULL,NULL,NULL,NULL,NULL,'1',NULL,NULL,13,'2018-02-19 14:57:10',0,NULL,NULL,NULL,'37b0e437-5a2c-4017-92ba-70c95146ce2b',NULL),(2694,60,147,98,NULL,'2018-02-19 14:57:08',1,NULL,NULL,NULL,NULL,NULL,NULL,NULL,NULL,NULL,NULL,'156',NULL,NULL,13,'2018-02-19 14:57:10',0,NULL,NULL,NULL,'36d02695-6572-4185-ae56-a0bada2163f9',NULL),(2695,60,146,98,NULL,'2018-02-19 14:57:08',1,NULL,NULL,NULL,NULL,NULL,NULL,NULL,NULL,NULL,NULL,'52',NULL,NULL,13,'2018-02-19 14:57:10',0,NULL,NULL,NULL,'70d301f1-85b0-4a1e-aa23-db721d67ee7e',NULL),(2696,60,136,98,NULL,'2018-02-19 14:57:08',1,NULL,NULL,NULL,NULL,NULL,NULL,NULL,NULL,NULL,NULL,'1',NULL,NULL,13,'2018-02-19 14:57:10',0,NULL,NULL,NULL,'6f732981-d9a4-4eda-b04c-de51c5d6d154',NULL),(2697,60,133,98,NULL,'2018-02-19 14:57:08',1,NULL,NULL,NULL,NULL,NULL,NULL,NULL,NULL,NULL,NULL,'1',NULL,NULL,13,'2018-02-19 14:57:10',0,NULL,NULL,NULL,'8cda66a1-1091-4922-ba0a-eb8ba343bfd7',NULL),(2698,60,139,98,NULL,'2018-02-19 14:57:08',1,NULL,NULL,NULL,NULL,NULL,NULL,NULL,NULL,NULL,NULL,'80',NULL,NULL,13,'2018-02-19 14:57:10',0,NULL,NULL,NULL,'9c922170-978b-40ad-9b46-5f426ddb6345',NULL),(2699,60,134,98,NULL,'2018-02-19 14:57:08',1,NULL,NULL,NULL,NULL,NULL,NULL,NULL,NULL,NULL,NULL,'120',NULL,NULL,13,'2018-02-19 14:57:10',0,NULL,NULL,NULL,'c7b50468-eea4-48ea-b310-339307872016',NULL),(2700,60,137,98,NULL,'2018-02-19 14:57:08',1,NULL,NULL,NULL,NULL,NULL,NULL,NULL,NULL,NULL,NULL,'19-2-2018',NULL,NULL,13,'2018-02-19 14:57:10',0,NULL,NULL,NULL,'86fe64e9-af79-4484-84e4-cc04714cc5b4',NULL),(2701,60,140,98,NULL,'2018-02-19 14:57:08',1,NULL,NULL,NULL,NULL,NULL,NULL,NULL,NULL,NULL,NULL,'8.5',NULL,NULL,13,'2018-02-19 14:57:10',0,NULL,NULL,NULL,'f9b33b95-b576-419d-9539-5db86454c49e',NULL),(2702,60,141,98,NULL,'2018-02-19 14:57:08',1,NULL,NULL,NULL,NULL,NULL,NULL,NULL,NULL,NULL,NULL,'done',NULL,NULL,13,'2018-02-19 14:57:10',0,NULL,NULL,NULL,'90c637fa-fea1-4d99-a65a-813de74db2f0',NULL),(2703,60,186,98,NULL,'2018-02-19 14:57:08',1,NULL,NULL,NULL,NULL,NULL,NULL,NULL,NULL,NULL,NULL,'NA',NULL,NULL,13,'2018-02-19 14:57:10',0,NULL,NULL,NULL,'b99f6cbb-7342-4c93-ad5e-9a255c210d75',NULL),(2704,60,142,98,NULL,'2018-02-19 14:57:08',1,NULL,NULL,NULL,NULL,NULL,NULL,NULL,NULL,NULL,NULL,'Rectruited',NULL,NULL,13,'2018-02-19 14:57:10',0,NULL,NULL,NULL,'ae807223-e044-49a5-991c-370fd5db9036',NULL),(2705,60,188,98,NULL,'2018-02-19 14:57:08',1,NULL,NULL,NULL,NULL,NULL,NULL,NULL,NULL,NULL,NULL,'NA',NULL,NULL,13,'2018-02-19 14:57:10',0,NULL,NULL,NULL,'58415c7a-84ae-4122-846f-0b340db9c0fa',NULL),(2706,60,185,98,NULL,'2018-02-19 14:57:08',1,NULL,NULL,NULL,NULL,NULL,NULL,NULL,NULL,NULL,NULL,'NA',NULL,NULL,13,'2018-02-19 14:57:10',0,NULL,NULL,NULL,'9c6276c1-aa5e-4fc2-8f02-4a31b73575e0',NULL),(2707,60,175,99,NULL,'2018-02-19 14:59:20',1,NULL,NULL,NULL,NULL,NULL,NULL,NULL,NULL,NULL,NULL,'17-2-2018',NULL,NULL,20,'2018-02-19 14:59:20',0,NULL,NULL,NULL,'b61a5db7-98c9-4d4e-bd57-8a084156aced',NULL),(2708,60,174,99,NULL,'2018-02-19 14:59:20',1,NULL,NULL,NULL,NULL,NULL,NULL,NULL,NULL,NULL,NULL,'big st',NULL,NULL,20,'2018-02-19 14:59:20',0,NULL,NULL,NULL,'caf12068-7648-483c-9a52-88112c3882f6',NULL),(2709,60,128,99,NULL,'2018-02-19 14:59:20',1,NULL,NULL,NULL,NULL,NULL,NULL,NULL,NULL,NULL,NULL,'525652556335',NULL,NULL,20,'2018-02-19 14:59:20',0,NULL,NULL,NULL,'ca04e90d-7ba7-49f9-be8d-fe53e1e12989',NULL),(2710,60,22,99,NULL,'2018-02-19 14:59:20',1,NULL,NULL,NULL,NULL,NULL,NULL,NULL,NULL,NULL,NULL,'M',NULL,NULL,20,'2018-02-19 14:59:20',0,NULL,NULL,NULL,'2b069b8c-d1a4-4824-8af6-cc00baf750d3',NULL),(2711,60,21,99,NULL,'2018-02-19 14:59:20',1,NULL,NULL,NULL,NULL,NULL,NULL,NULL,NULL,NULL,NULL,'55',NULL,NULL,20,'2018-02-19 14:59:20',0,NULL,NULL,NULL,'fd336a5b-93a6-4df3-9ba4-2a57d21eb4af',NULL),(2712,60,16,99,NULL,'2018-02-19 14:59:20',1,NULL,NULL,NULL,NULL,NULL,NULL,NULL,NULL,NULL,NULL,'9562352514',NULL,NULL,20,'2018-02-19 14:59:20',0,NULL,NULL,NULL,'9828fa7a-6cce-4ea5-abee-b2909b94311a',NULL),(2713,60,5,99,NULL,'2018-02-19 14:59:20',1,NULL,NULL,NULL,NULL,NULL,NULL,NULL,NULL,NULL,NULL,'3',NULL,NULL,20,'2018-02-19 14:59:20',0,NULL,NULL,NULL,'b8f231e3-77ae-4896-b0ba-d04d983d1a78',NULL),(2714,60,6,99,NULL,'2018-02-19 14:59:20',1,NULL,NULL,NULL,NULL,NULL,NULL,NULL,NULL,NULL,NULL,'panamadangi',NULL,NULL,20,'2018-02-19 14:59:20',0,NULL,NULL,NULL,'1ecd639b-1d95-435d-83b0-70a435810c67',NULL),(2715,60,150,99,NULL,'2018-02-19 14:59:20',1,NULL,NULL,NULL,NULL,NULL,NULL,NULL,NULL,NULL,NULL,'0',NULL,NULL,20,'2018-02-19 14:59:20',0,NULL,NULL,NULL,'dc01780b-baaf-47e1-b4f4-23410314ccb2',NULL),(2716,60,149,99,NULL,'2018-02-19 14:59:20',1,NULL,NULL,NULL,NULL,NULL,NULL,NULL,NULL,NULL,NULL,'1',NULL,NULL,20,'2018-02-19 14:59:20',0,NULL,NULL,NULL,'1da3aff8-1442-4bfb-ab1e-f90050586276',NULL),(2717,60,160,99,NULL,'2018-02-19 14:59:20',1,NULL,NULL,NULL,NULL,NULL,NULL,NULL,NULL,NULL,NULL,'0',NULL,NULL,20,'2018-02-19 14:59:20',0,NULL,NULL,NULL,'9b79f881-35a3-477e-805f-0f927cd06ea7',NULL),(2718,60,161,99,NULL,'2018-02-19 14:59:20',1,NULL,NULL,NULL,NULL,NULL,NULL,NULL,NULL,NULL,NULL,'1',NULL,NULL,20,'2018-02-19 14:59:20',0,NULL,NULL,NULL,'90604723-fd55-4445-a723-d7e9b55a496a',NULL),(2719,60,146,99,NULL,'2018-02-19 14:59:20',1,NULL,NULL,NULL,NULL,NULL,NULL,NULL,NULL,NULL,NULL,'52',NULL,NULL,20,'2018-02-19 14:59:20',0,NULL,NULL,NULL,'218f7462-fa01-4f66-affb-937f47c28aa0',NULL),(2720,60,145,99,NULL,'2018-02-19 14:59:20',1,NULL,NULL,NULL,NULL,NULL,NULL,NULL,NULL,NULL,NULL,'21.37',NULL,NULL,20,'2018-02-19 14:59:20',0,NULL,NULL,NULL,'a8ed6bfe-6d66-4c60-bf60-58dc6885eb8b',NULL),(2721,60,148,99,NULL,'2018-02-19 14:59:20',1,NULL,NULL,NULL,NULL,NULL,NULL,NULL,NULL,NULL,NULL,'0',NULL,NULL,20,'2018-02-19 14:59:20',0,NULL,NULL,NULL,'6d8dd084-935d-4402-9f3b-3a74cff7ba13',NULL),(2722,60,147,99,NULL,'2018-02-19 14:59:20',1,NULL,NULL,NULL,NULL,NULL,NULL,NULL,NULL,NULL,NULL,'156',NULL,NULL,20,'2018-02-19 14:59:20',0,NULL,NULL,NULL,'abca9fa7-f12d-4a77-ae18-c3cde2a66f89',NULL),(2723,60,144,99,NULL,'2018-02-19 14:59:20',1,NULL,NULL,NULL,NULL,NULL,NULL,NULL,NULL,NULL,NULL,'1',NULL,NULL,20,'2018-02-19 14:59:20',0,NULL,NULL,NULL,'42401c45-5135-45bb-ae10-c40a5f80824e',NULL),(2724,60,143,99,NULL,'2018-02-19 14:59:20',1,NULL,NULL,NULL,NULL,NULL,NULL,NULL,NULL,NULL,NULL,'0',NULL,NULL,20,'2018-02-19 14:59:20',0,NULL,NULL,NULL,'48886d40-76c2-4dc9-86ef-b6006ff08052',NULL),(2725,60,171,99,NULL,'2018-02-19 14:59:20',1,NULL,NULL,NULL,NULL,NULL,NULL,NULL,NULL,NULL,NULL,'4',NULL,NULL,20,'2018-02-19 14:59:20',0,NULL,NULL,NULL,'6be97b19-0a29-4da4-b882-f24f7ced42d2',NULL),(2726,60,170,99,NULL,'2018-02-19 14:59:20',1,NULL,NULL,NULL,NULL,NULL,NULL,NULL,NULL,NULL,NULL,'4',NULL,NULL,20,'2018-02-19 14:59:20',0,NULL,NULL,NULL,'c04798fa-2338-4fd3-9c8f-88a2b1558264',NULL),(2727,60,183,99,NULL,'2018-02-19 14:59:20',1,NULL,NULL,NULL,NULL,NULL,NULL,NULL,NULL,NULL,NULL,'0',NULL,NULL,20,'2018-02-19 14:59:20',0,NULL,NULL,NULL,'e10b8012-9309-482b-b8c8-9f3a11bb7952',NULL),(2728,60,184,99,NULL,'2018-02-19 14:59:20',1,NULL,NULL,NULL,NULL,NULL,NULL,NULL,NULL,NULL,NULL,'0',NULL,NULL,20,'2018-02-19 14:59:20',0,NULL,NULL,NULL,'a1799790-43a1-4dd0-863c-acf25901a59e',NULL),(2729,60,167,99,NULL,'2018-02-19 14:59:20',1,NULL,NULL,NULL,NULL,NULL,NULL,NULL,NULL,NULL,NULL,'1256352',NULL,NULL,20,'2018-02-19 14:59:20',0,NULL,NULL,NULL,'11a7cc10-2580-4211-985d-0f0811840e46',NULL),(2730,60,166,99,NULL,'2018-02-19 14:59:20',1,NULL,NULL,NULL,NULL,NULL,NULL,NULL,NULL,NULL,NULL,'652536',NULL,NULL,20,'2018-02-19 14:59:20',0,NULL,NULL,NULL,'f7172e8e-4d09-46ec-b0c6-cd61ecc4ad46',NULL),(2731,60,169,99,NULL,'2018-02-19 14:59:20',1,NULL,NULL,NULL,NULL,NULL,NULL,NULL,NULL,NULL,NULL,'34',NULL,NULL,20,'2018-02-19 14:59:20',0,NULL,NULL,NULL,'24ba80b0-7c3d-4efd-adf2-3d0045ed7b6e',NULL),(2732,60,168,99,NULL,'2018-02-19 14:59:20',1,NULL,NULL,NULL,NULL,NULL,NULL,NULL,NULL,NULL,NULL,'2',NULL,NULL,20,'2018-02-19 14:59:21',0,NULL,NULL,NULL,'8226f396-7571-43e1-9af6-fcc6365f07ea',NULL),(2733,60,116,99,NULL,'2018-02-19 14:59:20',1,NULL,NULL,NULL,NULL,NULL,NULL,NULL,NULL,NULL,NULL,'ruhsa_1',NULL,NULL,20,'2018-02-19 14:59:21',0,NULL,NULL,NULL,'3f22878d-ab0c-4d90-aaab-a46e11bf60c4',NULL),(2734,60,173,99,NULL,'2018-02-19 14:59:20',1,NULL,NULL,NULL,NULL,NULL,NULL,NULL,NULL,NULL,NULL,'1',NULL,NULL,20,'2018-02-19 14:59:21',0,NULL,NULL,NULL,'868b7ecf-00aa-45dc-a090-da248775a673',NULL),(2735,60,165,99,NULL,'2018-02-19 14:59:20',1,NULL,NULL,NULL,NULL,NULL,NULL,NULL,NULL,NULL,NULL,'F',NULL,NULL,20,'2018-02-19 14:59:21',0,NULL,NULL,NULL,'7dce2788-a880-4ca7-be28-dc20273676c9',NULL),(2736,60,164,99,NULL,'2018-02-19 14:59:20',1,NULL,NULL,NULL,NULL,NULL,NULL,NULL,NULL,NULL,NULL,'father1',NULL,NULL,20,'2018-02-19 14:59:21',0,NULL,NULL,NULL,'b216dcce-9505-4d96-85e7-405a4a0a4076',NULL),(2737,60,137,99,NULL,'2018-02-19 14:59:20',1,NULL,NULL,NULL,NULL,NULL,NULL,NULL,NULL,NULL,NULL,'NA',NULL,NULL,20,'2018-02-19 14:59:21',0,NULL,NULL,NULL,'a52e0f5e-36af-4684-b12f-089889095558',NULL),(2738,60,138,99,NULL,'2018-02-19 14:59:20',1,NULL,NULL,NULL,NULL,NULL,NULL,NULL,NULL,NULL,NULL,'1',NULL,NULL,20,'2018-02-19 14:59:21',0,NULL,NULL,NULL,'074245bb-8392-4f8e-ae1f-4a82bbdade42',NULL),(2739,60,133,99,NULL,'2018-02-19 14:59:20',1,NULL,NULL,NULL,NULL,NULL,NULL,NULL,NULL,NULL,NULL,'1',NULL,NULL,20,'2018-02-19 14:59:21',0,NULL,NULL,NULL,'3a9d6c14-f247-45b7-a512-24a699c16a10',NULL),(2740,60,134,99,NULL,'2018-02-19 14:59:20',1,NULL,NULL,NULL,NULL,NULL,NULL,NULL,NULL,NULL,NULL,'120',NULL,NULL,20,'2018-02-19 14:59:21',0,NULL,NULL,NULL,'aa5ec76c-1774-4e48-8960-3dadf38e84b4',NULL),(2741,60,139,99,NULL,'2018-02-19 14:59:20',1,NULL,NULL,NULL,NULL,NULL,NULL,NULL,NULL,NULL,NULL,'80',NULL,NULL,20,'2018-02-19 14:59:21',0,NULL,NULL,NULL,'0e4d2545-0bfa-4986-baac-4b99c0373878',NULL),(2742,60,140,99,NULL,'2018-02-19 14:59:20',1,NULL,NULL,NULL,NULL,NULL,NULL,NULL,NULL,NULL,NULL,'9.1',NULL,NULL,20,'2018-02-19 14:59:21',0,NULL,NULL,NULL,'37a1dc7e-120c-4213-b1f1-0dd23c092a06',NULL),(2743,60,152,99,NULL,'2018-02-19 14:59:20',1,NULL,NULL,NULL,NULL,NULL,NULL,NULL,NULL,NULL,NULL,'0',NULL,NULL,20,'2018-02-19 14:59:21',0,NULL,NULL,NULL,'61d97bba-ffde-4b94-8943-3285f0b2e8a7',NULL),(2744,60,151,99,NULL,'2018-02-19 14:59:20',1,NULL,NULL,NULL,NULL,NULL,NULL,NULL,NULL,NULL,NULL,'1',NULL,NULL,20,'2018-02-19 14:59:21',0,NULL,NULL,NULL,'0ab50dde-fa45-4a74-97b8-78d74773e53c',NULL),(2745,60,135,99,NULL,'2018-02-19 14:59:20',1,NULL,NULL,NULL,NULL,NULL,NULL,NULL,NULL,NULL,NULL,'1',NULL,NULL,20,'2018-02-19 14:59:21',0,NULL,NULL,NULL,'e0727d61-0642-4301-aa05-7370de9075c2',NULL),(2746,60,136,99,NULL,'2018-02-19 14:59:20',1,NULL,NULL,NULL,NULL,NULL,NULL,NULL,NULL,NULL,NULL,'1',NULL,NULL,20,'2018-02-19 14:59:21',0,NULL,NULL,NULL,'76f0a703-9c18-4e73-9cfd-5e1754d0d3f6',NULL),(2747,60,19,99,NULL,'2018-02-19 14:59:20',1,NULL,NULL,NULL,NULL,NULL,NULL,NULL,NULL,NULL,NULL,'NA',NULL,NULL,20,'2018-02-19 14:59:21',0,NULL,NULL,NULL,'5f3e51b9-22aa-4303-a6d4-14da02d1d5cd',NULL),(2748,60,119,99,NULL,'2018-02-19 14:59:20',1,NULL,NULL,NULL,NULL,NULL,NULL,NULL,NULL,NULL,NULL,'SH_CVD_DOCTOR_FOLLOWUP_2',NULL,NULL,20,'2018-02-19 14:59:21',0,NULL,NULL,NULL,'b37bf5d6-3aa9-43a0-8e5e-a4c856725f7f',NULL),(2749,60,114,99,NULL,'2018-02-19 14:59:20',1,NULL,NULL,NULL,NULL,NULL,NULL,NULL,NULL,NULL,NULL,'19-02-2018 14:59:24',NULL,NULL,20,'2018-02-19 14:59:21',0,NULL,NULL,NULL,'b2069557-c062-43a1-bf8c-d8c3f3340300',NULL),(2750,60,7,99,NULL,'2018-02-19 14:59:20',1,NULL,NULL,NULL,NULL,NULL,NULL,NULL,NULL,NULL,NULL,'ruhsa_1',NULL,NULL,20,'2018-02-19 14:59:21',0,NULL,NULL,NULL,'7df5534d-0f99-4478-a2b5-f862f410c071',NULL),(2751,60,118,99,NULL,'2018-02-19 14:59:20',1,NULL,NULL,NULL,NULL,NULL,NULL,NULL,NULL,NULL,NULL,'SH_CVD_DOCTOR_FOLLOWUP_1',NULL,NULL,20,'2018-02-19 14:59:21',0,NULL,NULL,NULL,'6ac2d6a0-369f-423b-a7b3-0e02f24ba2a0',NULL),(2752,60,8,99,NULL,'2018-02-19 14:59:20',1,NULL,NULL,NULL,NULL,NULL,NULL,NULL,NULL,NULL,NULL,'SH_CVD_DOCTOR_FOLLOWUP_2',NULL,NULL,20,'2018-02-19 14:59:21',0,NULL,NULL,NULL,'dfa318ca-0467-4582-8203-6949b69d4c92',NULL),(2753,60,9,99,NULL,'2018-02-19 14:59:20',1,NULL,NULL,NULL,NULL,NULL,NULL,NULL,NULL,NULL,NULL,'19-02-2018 14:59:24',NULL,NULL,20,'2018-02-19 14:59:21',0,NULL,NULL,NULL,'af74113f-efeb-4bbc-80b2-efd1c70e23aa',NULL),(2754,60,20,99,NULL,'2018-02-19 14:59:20',1,NULL,NULL,NULL,NULL,NULL,NULL,NULL,NULL,NULL,NULL,'17-2-2018',NULL,NULL,20,'2018-02-19 14:59:21',0,NULL,NULL,NULL,'642c9650-40fa-4244-ac0d-2bdd60bfc6be',NULL),(2755,60,18,99,NULL,'2018-02-19 14:59:20',1,NULL,NULL,NULL,NULL,NULL,NULL,NULL,NULL,NULL,NULL,'1-1-1963',NULL,NULL,20,'2018-02-19 14:59:21',0,NULL,NULL,NULL,'6fd8aa8e-3218-4020-bb3a-1f1e4af78fe2',NULL),(2756,60,12,99,NULL,'2018-02-19 14:59:20',1,NULL,NULL,NULL,NULL,NULL,NULL,NULL,NULL,NULL,NULL,'1010050001',NULL,NULL,20,'2018-02-19 14:59:21',0,NULL,NULL,NULL,'0e75fef2-b651-4d0f-aa27-80ea2afa0b22',NULL),(2757,60,22,99,NULL,'2018-02-19 14:59:20',1,NULL,NULL,NULL,NULL,NULL,NULL,NULL,NULL,NULL,NULL,'M',NULL,NULL,20,'2018-02-19 14:59:21',0,NULL,NULL,NULL,'a80cc11f-fab5-46a2-8da3-65f1d5f1f5e4',NULL),(2758,60,80,99,NULL,'2018-02-19 14:59:20',1,NULL,NULL,NULL,NULL,NULL,NULL,NULL,NULL,NULL,NULL,'60',NULL,NULL,20,'2018-02-19 14:59:21',0,NULL,NULL,NULL,'129dcb46-ad76-4d9b-93cc-60a1920348a2',NULL),(2759,60,179,99,NULL,'2018-02-19 14:59:20',1,NULL,NULL,NULL,NULL,NULL,NULL,NULL,NULL,NULL,NULL,'1',NULL,NULL,20,'2018-02-19 14:59:21',0,NULL,NULL,NULL,'8fc90a2b-36ec-42bc-bebe-f68ce8e60ddb',NULL),(2760,60,178,99,NULL,'2018-02-19 14:59:20',1,NULL,NULL,NULL,NULL,NULL,NULL,NULL,NULL,NULL,NULL,'75',NULL,NULL,20,'2018-02-19 14:59:21',0,NULL,NULL,NULL,'cd20279e-fdbd-48fe-9c8f-f6dffa3d33a1',NULL),(2761,60,79,99,NULL,'2018-02-19 14:59:20',1,NULL,NULL,NULL,NULL,NULL,NULL,NULL,NULL,NULL,NULL,'55',NULL,NULL,20,'2018-02-19 14:59:21',0,NULL,NULL,NULL,'33b712e7-922b-40dd-902d-fa4a2a7150ca',NULL),(2762,60,176,99,NULL,'2018-02-19 14:59:20',1,NULL,NULL,NULL,NULL,NULL,NULL,NULL,NULL,NULL,NULL,'26',NULL,NULL,20,'2018-02-19 14:59:21',0,NULL,NULL,NULL,'cb7993cb-3293-4bff-9563-0eb61e773cb4',NULL),(2763,60,177,99,NULL,'2018-02-19 14:59:20',1,NULL,NULL,NULL,NULL,NULL,NULL,NULL,NULL,NULL,NULL,'85',NULL,NULL,20,'2018-02-19 14:59:21',0,NULL,NULL,NULL,'af4fdd45-43a5-49d7-bd71-76802ee79c47',NULL),(2764,60,172,99,NULL,'2018-02-19 14:59:20',1,NULL,NULL,NULL,NULL,NULL,NULL,NULL,NULL,NULL,NULL,'0.8',NULL,NULL,20,'2018-02-19 14:59:21',0,NULL,NULL,NULL,'2caddafa-f970-4ea6-8ca9-4d33305ae13b',NULL),(2765,60,180,99,NULL,'2018-02-19 14:59:20',1,NULL,NULL,NULL,NULL,NULL,NULL,NULL,NULL,NULL,NULL,'76',NULL,NULL,20,'2018-02-19 14:59:21',0,NULL,NULL,NULL,'e604c28d-035e-4fc4-a9f6-6c92f52c9224',NULL),(2766,60,117,99,NULL,'2018-02-19 14:59:20',1,NULL,NULL,NULL,NULL,NULL,NULL,NULL,NULL,NULL,NULL,'doctor',NULL,NULL,20,'2018-02-19 14:59:21',0,NULL,NULL,NULL,'8923444d-cae1-44f9-baa0-6db1e595989b',NULL),(2767,60,115,99,NULL,'2018-02-19 14:59:20',1,NULL,NULL,NULL,NULL,NULL,NULL,NULL,NULL,NULL,NULL,'19-02-2018 14:59:24',NULL,NULL,20,'2018-02-19 14:59:21',0,NULL,NULL,NULL,'55de1b57-41d9-4cb5-828c-f821e6b4f571',NULL),(2768,60,15,99,NULL,'2018-02-19 14:59:20',1,NULL,NULL,NULL,NULL,NULL,NULL,NULL,NULL,NULL,NULL,'test1',NULL,NULL,20,'2018-02-19 14:59:21',0,NULL,NULL,NULL,'4297393d-fc9b-4351-80a6-20f5aa7765fe',NULL),(2769,60,14,99,NULL,'2018-02-19 14:59:20',1,NULL,NULL,NULL,NULL,NULL,NULL,NULL,NULL,NULL,NULL,'test1',NULL,NULL,20,'2018-02-19 14:59:21',0,NULL,NULL,NULL,'d53ab51a-76ba-454b-baa1-c79ce35ace36',NULL),(2770,60,116,99,NULL,'2018-02-19 14:59:20',1,NULL,NULL,NULL,NULL,NULL,NULL,NULL,NULL,NULL,NULL,'ruhsa_1',NULL,NULL,20,'2018-02-19 14:59:21',0,NULL,NULL,NULL,'0ace8c33-53c3-4cd9-a81a-2e528f847a6c',NULL),(2771,60,181,99,NULL,'2018-02-19 14:59:20',1,NULL,NULL,NULL,NULL,NULL,NULL,NULL,NULL,NULL,NULL,'0',NULL,NULL,20,'2018-02-19 14:59:21',0,NULL,NULL,NULL,'200393d4-6e73-4743-bd1a-7ef61c85dfce',NULL),(2772,60,182,99,NULL,'2018-02-19 14:59:20',1,NULL,NULL,NULL,NULL,NULL,NULL,NULL,NULL,NULL,NULL,'0',NULL,NULL,20,'2018-02-19 14:59:21',0,NULL,NULL,NULL,'01014626-23b9-4f7c-b246-75fe35affd03',NULL),(2773,60,187,99,NULL,'2018-02-19 14:59:20',1,NULL,NULL,NULL,NULL,NULL,NULL,NULL,NULL,NULL,NULL,'6',NULL,NULL,20,'2018-02-19 14:59:21',0,NULL,NULL,NULL,'fec0f07b-d159-4493-be5a-6a46aebbec94',NULL),(2774,60,188,99,NULL,'2018-02-19 14:59:20',1,NULL,NULL,NULL,NULL,NULL,NULL,NULL,NULL,NULL,NULL,'1',NULL,NULL,20,'2018-02-19 14:59:21',0,NULL,NULL,NULL,'1e154fd9-0edc-420e-b26d-7425fe86fcec',NULL),(2775,60,185,99,NULL,'2018-02-19 14:59:20',1,NULL,NULL,NULL,NULL,NULL,NULL,NULL,NULL,NULL,NULL,'6',NULL,NULL,20,'2018-02-19 14:59:21',0,NULL,NULL,NULL,'8bfc4f1b-7eab-4062-a4a9-71584c6c95bb',NULL),(2776,60,186,99,NULL,'2018-02-19 14:59:20',1,NULL,NULL,NULL,NULL,NULL,NULL,NULL,NULL,NULL,NULL,'1',NULL,NULL,20,'2018-02-19 14:59:21',0,NULL,NULL,NULL,'e916fcfe-33ec-493e-a96c-8b86400e1595',NULL),(2777,60,142,99,NULL,'2018-02-19 14:59:20',1,NULL,NULL,NULL,NULL,NULL,NULL,NULL,NULL,NULL,NULL,'Rectruited',NULL,NULL,20,'2018-02-19 14:59:21',0,NULL,NULL,NULL,'f9d128dd-76bf-4560-b668-982c64a304fb',NULL),(2778,60,141,99,NULL,'2018-02-19 14:59:20',1,NULL,NULL,NULL,NULL,NULL,NULL,NULL,NULL,NULL,NULL,'done',NULL,NULL,20,'2018-02-19 14:59:22',0,NULL,NULL,NULL,'29c494c1-706e-4607-81cb-319375fd1645',NULL),(2779,60,155,99,NULL,'2018-02-19 14:59:20',1,NULL,NULL,NULL,NULL,NULL,NULL,NULL,NULL,NULL,NULL,'0',NULL,NULL,20,'2018-02-19 14:59:22',0,NULL,NULL,NULL,'0f8d987b-6835-416e-bfcf-8b9a686c75c0',NULL),(2780,60,154,99,NULL,'2018-02-19 14:59:20',1,NULL,NULL,NULL,NULL,NULL,NULL,NULL,NULL,NULL,NULL,'1',NULL,NULL,20,'2018-02-19 14:59:22',0,NULL,NULL,NULL,'4526e277-2b17-4143-996a-085a31c4e1f1',NULL),(2781,60,159,99,NULL,'2018-02-19 14:59:20',1,NULL,NULL,NULL,NULL,NULL,NULL,NULL,NULL,NULL,NULL,'1',NULL,NULL,20,'2018-02-19 14:59:22',0,NULL,NULL,NULL,'6508818b-7f33-4b82-9d1c-e87323d15225',NULL),(2782,60,158,99,NULL,'2018-02-19 14:59:20',1,NULL,NULL,NULL,NULL,NULL,NULL,NULL,NULL,NULL,NULL,'19-2-2018',NULL,NULL,20,'2018-02-19 14:59:22',0,NULL,NULL,NULL,'6f446acc-591e-4093-afa0-6cfa653431e9',NULL),(2783,60,153,99,NULL,'2018-02-19 14:59:20',1,NULL,NULL,NULL,NULL,NULL,NULL,NULL,NULL,NULL,NULL,'1',NULL,NULL,20,'2018-02-19 14:59:22',0,NULL,NULL,NULL,'337e0598-e53f-4b6c-a672-015439043f9b',NULL),(2784,60,35,99,NULL,'2018-02-19 14:59:20',1,NULL,NULL,NULL,NULL,NULL,NULL,NULL,NULL,NULL,NULL,'4',NULL,NULL,20,'2018-02-19 14:59:22',0,NULL,NULL,NULL,'26754ea9-325d-4e24-a732-ec741438f19d',NULL),(2785,60,162,99,NULL,'2018-02-19 14:59:20',1,NULL,NULL,NULL,NULL,NULL,NULL,NULL,NULL,NULL,NULL,'180',NULL,NULL,20,'2018-02-19 14:59:22',0,NULL,NULL,NULL,'228b7c7a-1cfa-449c-a479-fb0d2a1e51f9',NULL),(2786,60,163,99,NULL,'2018-02-19 14:59:20',1,NULL,NULL,NULL,NULL,NULL,NULL,NULL,NULL,NULL,NULL,'1,2',NULL,NULL,20,'2018-02-19 14:59:22',0,NULL,NULL,NULL,'aead7913-973f-4093-8f7f-010e6ef68162',NULL),(2787,60,157,99,NULL,'2018-02-19 14:59:20',1,NULL,NULL,NULL,NULL,NULL,NULL,NULL,NULL,NULL,NULL,'9.1',NULL,NULL,20,'2018-02-19 14:59:22',0,NULL,NULL,NULL,'a59eb628-c65e-4e93-81ed-cd05f5b23d85',NULL),(2788,60,156,99,NULL,'2018-02-19 14:59:20',1,NULL,NULL,NULL,NULL,NULL,NULL,NULL,NULL,NULL,NULL,'19-2-2018',NULL,NULL,20,'2018-02-19 14:59:22',0,NULL,NULL,NULL,'7f03b463-bff2-4125-9a98-5420fc4c4396',NULL),(2789,60,6,100,NULL,'2018-02-19 15:22:42',1,NULL,NULL,NULL,NULL,NULL,NULL,NULL,NULL,NULL,NULL,'panamadangi',NULL,NULL,13,'2018-02-19 15:22:42',0,NULL,NULL,NULL,'8cc479c9-55a1-47f1-a25b-118cab05971a',NULL),(2790,60,5,100,NULL,'2018-02-19 15:22:42',1,NULL,NULL,NULL,NULL,NULL,NULL,NULL,NULL,NULL,NULL,'3',NULL,NULL,13,'2018-02-19 15:22:42',0,NULL,NULL,NULL,'055a3b68-4ea9-4e61-92c4-649e3fcc15e7',NULL),(2791,60,137,100,NULL,'2018-02-19 15:22:42',1,NULL,NULL,NULL,NULL,NULL,NULL,NULL,NULL,NULL,NULL,'24-5-2018',NULL,NULL,13,'2018-02-19 15:22:42',0,NULL,NULL,NULL,'ca9e54a4-fbd1-4d4b-9081-244b199f7c77',NULL),(2792,60,164,100,NULL,'2018-02-19 15:22:42',1,NULL,NULL,NULL,NULL,NULL,NULL,NULL,NULL,NULL,NULL,'father1',NULL,NULL,13,'2018-02-19 15:22:42',0,NULL,NULL,NULL,'91c8ef94-7bf0-40cf-b0ea-0df4e6e315ca',NULL),(2793,60,165,100,NULL,'2018-02-19 15:22:42',1,NULL,NULL,NULL,NULL,NULL,NULL,NULL,NULL,NULL,NULL,'F',NULL,NULL,13,'2018-02-19 15:22:42',0,NULL,NULL,NULL,'d6ea7f00-e156-4b2a-b966-cb8cf8c6f5d9',NULL),(2794,60,175,100,NULL,'2018-02-19 15:22:42',1,NULL,NULL,NULL,NULL,NULL,NULL,NULL,NULL,NULL,NULL,'17-2-2018',NULL,NULL,13,'2018-02-19 15:22:42',0,NULL,NULL,NULL,'7455b4ea-4ba1-4051-9956-e74adb5fc61f',NULL),(2795,60,174,100,NULL,'2018-02-19 15:22:42',1,NULL,NULL,NULL,NULL,NULL,NULL,NULL,NULL,NULL,NULL,'big st',NULL,NULL,13,'2018-02-19 15:22:42',0,NULL,NULL,NULL,'330ec1e7-617d-4b46-b966-81fc115e1a11',NULL),(2796,60,173,100,NULL,'2018-02-19 15:22:42',1,NULL,NULL,NULL,NULL,NULL,NULL,NULL,NULL,NULL,NULL,'1',NULL,NULL,13,'2018-02-19 15:22:42',0,NULL,NULL,NULL,'f14c9700-a404-4bd3-9fa9-b26f40bb0c66',NULL),(2797,60,116,100,NULL,'2018-02-19 15:22:42',1,NULL,NULL,NULL,NULL,NULL,NULL,NULL,NULL,NULL,NULL,'ha_5',NULL,NULL,13,'2018-02-19 15:22:42',0,NULL,NULL,NULL,'b541c921-4b2e-4eb6-924b-813d03c3f012',NULL),(2798,60,21,100,NULL,'2018-02-19 15:22:42',1,NULL,NULL,NULL,NULL,NULL,NULL,NULL,NULL,NULL,NULL,'55',NULL,NULL,13,'2018-02-19 15:22:42',0,NULL,NULL,NULL,'e0dcec72-d6c4-4d96-8b23-c5ea89ae852f',NULL),(2799,60,16,100,NULL,'2018-02-19 15:22:42',1,NULL,NULL,NULL,NULL,NULL,NULL,NULL,NULL,NULL,NULL,'9562352514',NULL,NULL,13,'2018-02-19 15:22:42',0,NULL,NULL,NULL,'6e4e6140-a0aa-4be7-865c-e6f69841d160',NULL),(2800,60,128,100,NULL,'2018-02-19 15:22:42',1,NULL,NULL,NULL,NULL,NULL,NULL,NULL,NULL,NULL,NULL,'525652556335',NULL,NULL,13,'2018-02-19 15:22:43',0,NULL,NULL,NULL,'6c9eb74d-9451-4ad9-b27e-160b07ea8869',NULL),(2801,60,22,100,NULL,'2018-02-19 15:22:42',1,NULL,NULL,NULL,NULL,NULL,NULL,NULL,NULL,NULL,NULL,'M',NULL,NULL,13,'2018-02-19 15:22:43',0,NULL,NULL,NULL,'22d58b85-5ec7-4389-a91c-595741f09005',NULL),(2802,60,177,100,NULL,'2018-02-19 15:22:42',1,NULL,NULL,NULL,NULL,NULL,NULL,NULL,NULL,NULL,NULL,'NA',NULL,NULL,13,'2018-02-19 15:22:43',0,NULL,NULL,NULL,'89eb590c-3c6d-4755-aeaa-e9222d17075d',NULL),(2803,60,14,100,NULL,'2018-02-19 15:22:42',1,NULL,NULL,NULL,NULL,NULL,NULL,NULL,NULL,NULL,NULL,'test1',NULL,NULL,13,'2018-02-19 15:22:43',0,NULL,NULL,NULL,'e6f4e26b-9645-44da-b340-9616064bb778',NULL),(2804,60,15,100,NULL,'2018-02-19 15:22:42',1,NULL,NULL,NULL,NULL,NULL,NULL,NULL,NULL,NULL,NULL,'test1',NULL,NULL,13,'2018-02-19 15:22:43',0,NULL,NULL,NULL,'b3ce8e81-49c8-40db-93fe-05f2a818bd22',NULL),(2805,60,12,100,NULL,'2018-02-19 15:22:42',1,NULL,NULL,NULL,NULL,NULL,NULL,NULL,NULL,NULL,NULL,'1010050001',NULL,NULL,13,'2018-02-19 15:22:43',0,NULL,NULL,NULL,'97a0cf87-3a2f-45be-a7ad-2768140fc7fb',NULL),(2806,60,22,100,NULL,'2018-02-19 15:22:42',1,NULL,NULL,NULL,NULL,NULL,NULL,NULL,NULL,NULL,NULL,'M',NULL,NULL,13,'2018-02-19 15:22:43',0,NULL,NULL,NULL,'44613265-5c5c-43b7-8d0a-c580ff67cd93',NULL),(2807,60,20,100,NULL,'2018-02-19 15:22:42',1,NULL,NULL,NULL,NULL,NULL,NULL,NULL,NULL,NULL,NULL,'17-2-2018',NULL,NULL,13,'2018-02-19 15:22:43',0,NULL,NULL,NULL,'72adbc9e-a4f0-4aa9-91f1-1f58734f006a',NULL),(2808,60,18,100,NULL,'2018-02-19 15:22:42',1,NULL,NULL,NULL,NULL,NULL,NULL,NULL,NULL,NULL,NULL,'1-1-1963',NULL,NULL,13,'2018-02-19 15:22:43',0,NULL,NULL,NULL,'91b2a967-e3f5-4681-8570-c33d3c4a92f2',NULL),(2809,60,8,100,NULL,'2018-02-19 15:22:42',1,NULL,NULL,NULL,NULL,NULL,NULL,NULL,NULL,NULL,NULL,'SH_CVD_ASHA_FOLLOWUP_2',NULL,NULL,13,'2018-02-19 15:22:43',0,NULL,NULL,NULL,'495695b0-9bf2-474a-8c99-9cae111a80a2',NULL),(2810,60,9,100,NULL,'2018-02-19 15:22:42',1,NULL,NULL,NULL,NULL,NULL,NULL,NULL,NULL,NULL,NULL,'19-02-2018 15:39:52',NULL,NULL,13,'2018-02-19 15:22:43',0,NULL,NULL,NULL,'f45904b8-8576-4487-81dc-6be6d14dd35c',NULL),(2811,60,116,100,NULL,'2018-02-19 15:22:42',1,NULL,NULL,NULL,NULL,NULL,NULL,NULL,NULL,NULL,NULL,'ha_5',NULL,NULL,13,'2018-02-19 15:22:43',0,NULL,NULL,NULL,'06ecc94e-2ed4-4c43-983b-462509750b19',NULL),(2812,60,176,100,NULL,'2018-02-19 15:22:42',1,NULL,NULL,NULL,NULL,NULL,NULL,NULL,NULL,NULL,NULL,'NA',NULL,NULL,13,'2018-02-19 15:22:43',0,NULL,NULL,NULL,'96bf6e8b-a407-4741-97a6-8394b02c9ac6',NULL),(2813,60,166,100,NULL,'2018-02-19 15:22:42',1,NULL,NULL,NULL,NULL,NULL,NULL,NULL,NULL,NULL,NULL,'652536',NULL,NULL,13,'2018-02-19 15:22:43',0,NULL,NULL,NULL,'f898922c-21f0-4ec6-b76d-12e8def83bf8',NULL),(2814,60,19,100,NULL,'2018-02-19 15:22:42',1,NULL,NULL,NULL,NULL,NULL,NULL,NULL,NULL,NULL,NULL,'NA',NULL,NULL,13,'2018-02-19 15:22:43',0,NULL,NULL,NULL,'16ab1495-ca9d-406f-a713-4ed153aa2258',NULL),(2815,60,80,100,NULL,'2018-02-19 15:22:42',1,NULL,NULL,NULL,NULL,NULL,NULL,NULL,NULL,NULL,NULL,'NA',NULL,NULL,13,'2018-02-19 15:22:43',0,NULL,NULL,NULL,'0ff72af4-b948-47fd-819e-dabe0d970a96',NULL),(2816,60,179,100,NULL,'2018-02-19 15:22:42',1,NULL,NULL,NULL,NULL,NULL,NULL,NULL,NULL,NULL,NULL,'NA',NULL,NULL,13,'2018-02-19 15:22:43',0,NULL,NULL,NULL,'2c4abf3d-0618-484f-935b-36cc8eef9d8a',NULL),(2817,60,178,100,NULL,'2018-02-19 15:22:42',1,NULL,NULL,NULL,NULL,NULL,NULL,NULL,NULL,NULL,NULL,'NA',NULL,NULL,13,'2018-02-19 15:22:43',0,NULL,NULL,NULL,'dac07a50-b885-463b-802e-f4f237e0962b',NULL),(2818,60,79,100,NULL,'2018-02-19 15:22:42',1,NULL,NULL,NULL,NULL,NULL,NULL,NULL,NULL,NULL,NULL,'NA',NULL,NULL,13,'2018-02-19 15:22:43',0,NULL,NULL,NULL,'c14cd5b3-6787-45fa-a2e0-5c6ade8e5264',NULL),(2819,60,114,100,NULL,'2018-02-19 15:22:42',1,NULL,NULL,NULL,NULL,NULL,NULL,NULL,NULL,NULL,NULL,'19-02-2018 15:39:52',NULL,NULL,13,'2018-02-19 15:22:43',0,NULL,NULL,NULL,'c1547ab6-de1e-4427-9a1f-5fbff77e3260',NULL),(2820,60,119,100,NULL,'2018-02-19 15:22:42',1,NULL,NULL,NULL,NULL,NULL,NULL,NULL,NULL,NULL,NULL,'SH_CVD_ASHA_FOLLOWUP_2',NULL,NULL,13,'2018-02-19 15:22:43',0,NULL,NULL,NULL,'ca543bcb-4ce7-445a-a7a7-c11ddeed5a7f',NULL),(2821,60,117,100,NULL,'2018-02-19 15:22:42',1,NULL,NULL,NULL,NULL,NULL,NULL,NULL,NULL,NULL,NULL,'asha',NULL,NULL,13,'2018-02-19 15:22:43',0,NULL,NULL,NULL,'9f97ad4e-7050-43c5-9822-17738517639a',NULL),(2822,60,115,100,NULL,'2018-02-19 15:22:42',1,NULL,NULL,NULL,NULL,NULL,NULL,NULL,NULL,NULL,NULL,'19-02-2018 15:39:52',NULL,NULL,13,'2018-02-19 15:22:43',0,NULL,NULL,NULL,'94cdd6f9-73a5-47f0-b318-581b60a79cf1',NULL),(2823,60,187,100,NULL,'2018-02-19 15:22:42',1,NULL,NULL,NULL,NULL,NULL,NULL,NULL,NULL,NULL,NULL,'NA',NULL,NULL,13,'2018-02-19 15:22:43',0,NULL,NULL,NULL,'8bc0395f-f33b-4e78-b646-a334e15686a3',NULL),(2824,60,118,100,NULL,'2018-02-19 15:22:42',1,NULL,NULL,NULL,NULL,NULL,NULL,NULL,NULL,NULL,NULL,'SH_CVD_ASHA_FOLLOWUP_1',NULL,NULL,13,'2018-02-19 15:22:43',0,NULL,NULL,NULL,'3be62e85-4045-4727-b559-d248800085ee',NULL),(2825,60,7,100,NULL,'2018-02-19 15:22:42',1,NULL,NULL,NULL,NULL,NULL,NULL,NULL,NULL,NULL,NULL,'ha_5',NULL,NULL,13,'2018-02-19 15:22:43',0,NULL,NULL,NULL,'a5d281f5-85b3-4c62-a5cf-c2e70f12dff1',NULL),(2826,60,188,100,NULL,'2018-02-19 15:22:42',1,NULL,NULL,NULL,NULL,NULL,NULL,NULL,NULL,NULL,NULL,'NA',NULL,NULL,13,'2018-02-19 15:22:43',0,NULL,NULL,NULL,'59ef04c5-a3b6-4b41-80c6-2eda664290ce',NULL),(2827,60,135,100,NULL,'2018-02-19 15:22:42',1,NULL,NULL,NULL,NULL,NULL,NULL,NULL,NULL,NULL,NULL,'0',NULL,NULL,13,'2018-02-19 15:22:43',0,NULL,NULL,NULL,'30e86097-1c73-4f92-8f11-547988438305',NULL),(2828,60,136,100,NULL,'2018-02-19 15:22:42',1,NULL,NULL,NULL,NULL,NULL,NULL,NULL,NULL,NULL,NULL,'1',NULL,NULL,13,'2018-02-19 15:22:43',0,NULL,NULL,NULL,'c2eea0bd-aa83-4919-b614-73a7a1b9dd6c',NULL),(2829,60,152,100,NULL,'2018-02-19 15:22:42',1,NULL,NULL,NULL,NULL,NULL,NULL,NULL,NULL,NULL,NULL,'0',NULL,NULL,13,'2018-02-19 15:22:43',0,NULL,NULL,NULL,'0016a923-b725-4d55-825c-168a00704dad',NULL),(2830,60,151,100,NULL,'2018-02-19 15:22:42',1,NULL,NULL,NULL,NULL,NULL,NULL,NULL,NULL,NULL,NULL,'1',NULL,NULL,13,'2018-02-19 15:22:43',0,NULL,NULL,NULL,'9c49a546-f22d-42f2-ab86-82fea6cb5d1c',NULL),(2831,60,144,100,NULL,'2018-02-19 15:22:42',1,NULL,NULL,NULL,NULL,NULL,NULL,NULL,NULL,NULL,NULL,'1',NULL,NULL,13,'2018-02-19 15:22:43',0,NULL,NULL,NULL,'c4998171-81eb-464b-a92c-81425bae7af2',NULL),(2832,60,143,100,NULL,'2018-02-19 15:22:42',1,NULL,NULL,NULL,NULL,NULL,NULL,NULL,NULL,NULL,NULL,'0',NULL,NULL,13,'2018-02-19 15:22:43',0,NULL,NULL,NULL,'da582b64-cb62-4722-b772-4e4070cac955',NULL),(2833,60,146,100,NULL,'2018-02-19 15:22:42',1,NULL,NULL,NULL,NULL,NULL,NULL,NULL,NULL,NULL,NULL,'52',NULL,NULL,13,'2018-02-19 15:22:43',0,NULL,NULL,NULL,'5beda5b5-f6a1-48fd-a472-dc7afe71cfee',NULL),(2834,60,145,100,NULL,'2018-02-19 15:22:42',1,NULL,NULL,NULL,NULL,NULL,NULL,NULL,NULL,NULL,NULL,'21.37',NULL,NULL,13,'2018-02-19 15:22:43',0,NULL,NULL,NULL,'91cb5ba7-5602-4533-9819-9da7fc1d206b',NULL),(2835,60,148,100,NULL,'2018-02-19 15:22:42',1,NULL,NULL,NULL,NULL,NULL,NULL,NULL,NULL,NULL,NULL,'0',NULL,NULL,13,'2018-02-19 15:22:43',0,NULL,NULL,NULL,'fa86c3d4-682e-4dfc-932e-33ab5d348d9a',NULL),(2836,60,147,100,NULL,'2018-02-19 15:22:42',1,NULL,NULL,NULL,NULL,NULL,NULL,NULL,NULL,NULL,NULL,'156',NULL,NULL,13,'2018-02-19 15:22:43',0,NULL,NULL,NULL,'9be1b317-7019-4e8e-83f0-5a46d08f7c50',NULL),(2837,60,171,100,NULL,'2018-02-19 15:22:42',1,NULL,NULL,NULL,NULL,NULL,NULL,NULL,NULL,NULL,NULL,'4',NULL,NULL,13,'2018-02-19 15:22:43',0,NULL,NULL,NULL,'9c25ce3f-4ac7-4353-9bb7-01c9a45550f0',NULL),(2838,60,170,100,NULL,'2018-02-19 15:22:42',1,NULL,NULL,NULL,NULL,NULL,NULL,NULL,NULL,NULL,NULL,'4',NULL,NULL,13,'2018-02-19 15:22:43',0,NULL,NULL,NULL,'58daa6b1-fe82-49d0-9e50-23352c2c4e5a',NULL),(2839,60,163,100,NULL,'2018-02-19 15:22:42',1,NULL,NULL,NULL,NULL,NULL,NULL,NULL,NULL,NULL,NULL,'1,2',NULL,NULL,13,'2018-02-19 15:22:43',0,NULL,NULL,NULL,'a6e8d688-3874-41b2-ae21-225d1e720667',NULL),(2840,60,162,100,NULL,'2018-02-19 15:22:42',1,NULL,NULL,NULL,NULL,NULL,NULL,NULL,NULL,NULL,NULL,'180',NULL,NULL,13,'2018-02-19 15:22:43',0,NULL,NULL,NULL,'a096abe0-6010-4562-9373-17e978402ddb',NULL),(2841,60,167,100,NULL,'2018-02-19 15:22:42',1,NULL,NULL,NULL,NULL,NULL,NULL,NULL,NULL,NULL,NULL,'1256352',NULL,NULL,13,'2018-02-19 15:22:43',0,NULL,NULL,NULL,'363c662a-b84d-4d73-9e06-836bca18f1dd',NULL),(2842,60,169,100,NULL,'2018-02-19 15:22:42',1,NULL,NULL,NULL,NULL,NULL,NULL,NULL,NULL,NULL,NULL,'34',NULL,NULL,13,'2018-02-19 15:22:43',0,NULL,NULL,NULL,'1289d69d-3d89-40e3-a51f-058d86d041c7',NULL),(2843,60,168,100,NULL,'2018-02-19 15:22:42',1,NULL,NULL,NULL,NULL,NULL,NULL,NULL,NULL,NULL,NULL,'2',NULL,NULL,13,'2018-02-19 15:22:43',0,NULL,NULL,NULL,'0a19761c-868e-45af-b031-2ea842937230',NULL),(2844,60,183,100,NULL,'2018-02-19 15:22:42',1,NULL,NULL,NULL,NULL,NULL,NULL,NULL,NULL,NULL,NULL,'NA',NULL,NULL,13,'2018-02-19 15:22:43',0,NULL,NULL,NULL,'cdbe7aee-eace-4c56-a1d1-8c2cec065fb0',NULL),(2845,60,184,100,NULL,'2018-02-19 15:22:42',1,NULL,NULL,NULL,NULL,NULL,NULL,NULL,NULL,NULL,NULL,'NA',NULL,NULL,13,'2018-02-19 15:22:43',0,NULL,NULL,NULL,'9940007c-9103-4407-99a2-67547fd18562',NULL),(2846,60,180,100,NULL,'2018-02-19 15:22:42',1,NULL,NULL,NULL,NULL,NULL,NULL,NULL,NULL,NULL,NULL,'NA',NULL,NULL,13,'2018-02-19 15:22:43',0,NULL,NULL,NULL,'bbaa982a-8c48-4615-a580-ed84a3ffa2c9',NULL),(2847,60,172,100,NULL,'2018-02-19 15:22:42',1,NULL,NULL,NULL,NULL,NULL,NULL,NULL,NULL,NULL,NULL,'NA',NULL,NULL,13,'2018-02-19 15:22:43',0,NULL,NULL,NULL,'7320e0d8-264c-4928-adb3-f2b8f3f1d5fc',NULL),(2848,60,156,100,NULL,'2018-02-19 15:22:42',1,NULL,NULL,NULL,NULL,NULL,NULL,NULL,NULL,NULL,NULL,'19-2-2018',NULL,NULL,13,'2018-02-19 15:22:43',0,NULL,NULL,NULL,'f3251f68-f0f0-4919-9820-b4c24bd348a2',NULL),(2849,60,157,100,NULL,'2018-02-19 15:22:42',1,NULL,NULL,NULL,NULL,NULL,NULL,NULL,NULL,NULL,NULL,'9.1',NULL,NULL,13,'2018-02-19 15:22:43',0,NULL,NULL,NULL,'de06fd8f-53e8-4e96-875d-31970f6f60d4',NULL),(2850,60,181,100,NULL,'2018-02-19 15:22:42',1,NULL,NULL,NULL,NULL,NULL,NULL,NULL,NULL,NULL,NULL,'NA',NULL,NULL,13,'2018-02-19 15:22:43',0,NULL,NULL,NULL,'61ed94b3-fe0a-4777-8b2c-04750598dd0d',NULL),(2851,60,182,100,NULL,'2018-02-19 15:22:42',1,NULL,NULL,NULL,NULL,NULL,NULL,NULL,NULL,NULL,NULL,'NA',NULL,NULL,13,'2018-02-19 15:22:44',0,NULL,NULL,NULL,'0b3e799e-5912-4f83-b9c6-383ea66951a4',NULL),(2852,60,185,100,NULL,'2018-02-19 15:22:42',1,NULL,NULL,NULL,NULL,NULL,NULL,NULL,NULL,NULL,NULL,'NA',NULL,NULL,13,'2018-02-19 15:22:44',0,NULL,NULL,NULL,'f9b94711-a212-4689-91ce-a135b3f83518',NULL),(2853,60,186,100,NULL,'2018-02-19 15:22:42',1,NULL,NULL,NULL,NULL,NULL,NULL,NULL,NULL,NULL,NULL,'NA',NULL,NULL,13,'2018-02-19 15:22:44',0,NULL,NULL,NULL,'ab26d8d8-4c70-406a-b3ae-4f0a6dfb57d9',NULL),(2854,60,134,100,NULL,'2018-02-19 15:22:42',1,NULL,NULL,NULL,NULL,NULL,NULL,NULL,NULL,NULL,NULL,'120',NULL,NULL,13,'2018-02-19 15:22:44',0,NULL,NULL,NULL,'6a3bf45f-a826-4b82-ab87-b47b19cc4628',NULL),(2855,60,133,100,NULL,'2018-02-19 15:22:42',1,NULL,NULL,NULL,NULL,NULL,NULL,NULL,NULL,NULL,NULL,'1',NULL,NULL,13,'2018-02-19 15:22:44',0,NULL,NULL,NULL,'999cc116-c4dc-4544-9296-d9e64d977efa',NULL),(2856,60,140,100,NULL,'2018-02-19 15:22:42',1,NULL,NULL,NULL,NULL,NULL,NULL,NULL,NULL,NULL,NULL,'8',NULL,NULL,13,'2018-02-19 15:22:44',0,NULL,NULL,NULL,'6051b3c9-2cb5-4d89-b24e-2b4768f5b341',NULL),(2857,60,139,100,NULL,'2018-02-19 15:22:42',1,NULL,NULL,NULL,NULL,NULL,NULL,NULL,NULL,NULL,NULL,'80',NULL,NULL,13,'2018-02-19 15:22:44',0,NULL,NULL,NULL,'0bc54bfa-9915-456b-bf9c-88375a43b193',NULL),(2858,60,138,100,NULL,'2018-02-19 15:22:42',1,NULL,NULL,NULL,NULL,NULL,NULL,NULL,NULL,NULL,NULL,'1',NULL,NULL,13,'2018-02-19 15:22:44',0,NULL,NULL,NULL,'147c49a4-9960-41a1-b513-82094fdeaf06',NULL),(2859,60,142,100,NULL,'2018-02-19 15:22:42',1,NULL,NULL,NULL,NULL,NULL,NULL,NULL,NULL,NULL,NULL,'Rectruited',NULL,NULL,13,'2018-02-19 15:22:44',0,NULL,NULL,NULL,'80cb2aaa-f9a2-471a-9372-5b5594f136cf',NULL),(2860,60,141,100,NULL,'2018-02-19 15:22:42',1,NULL,NULL,NULL,NULL,NULL,NULL,NULL,NULL,NULL,NULL,'done',NULL,NULL,13,'2018-02-19 15:22:44',0,NULL,NULL,NULL,'6d0ac389-acad-45f9-ab2e-1e4abaa78acc',NULL),(2861,60,161,100,NULL,'2018-02-19 15:22:42',1,NULL,NULL,NULL,NULL,NULL,NULL,NULL,NULL,NULL,NULL,'1',NULL,NULL,13,'2018-02-19 15:22:44',0,NULL,NULL,NULL,'00a26256-c142-49c8-b57a-d92c5739064e',NULL),(2862,60,160,100,NULL,'2018-02-19 15:22:42',1,NULL,NULL,NULL,NULL,NULL,NULL,NULL,NULL,NULL,NULL,'0',NULL,NULL,13,'2018-02-19 15:22:44',0,NULL,NULL,NULL,'0b383628-9218-4cd1-bc4f-118e24c96a39',NULL),(2863,60,155,100,NULL,'2018-02-19 15:22:42',1,NULL,NULL,NULL,NULL,NULL,NULL,NULL,NULL,NULL,NULL,'0',NULL,NULL,13,'2018-02-19 15:22:44',0,NULL,NULL,NULL,'59aefa59-d6b4-4d3a-b400-5937c0924242',NULL),(2864,60,154,100,NULL,'2018-02-19 15:22:42',1,NULL,NULL,NULL,NULL,NULL,NULL,NULL,NULL,NULL,NULL,'1',NULL,NULL,13,'2018-02-19 15:22:44',0,NULL,NULL,NULL,'48eee3e9-2ee0-4508-a5f3-fe785fee01e5',NULL),(2865,60,153,100,NULL,'2018-02-19 15:22:42',1,NULL,NULL,NULL,NULL,NULL,NULL,NULL,NULL,NULL,NULL,'1',NULL,NULL,13,'2018-02-19 15:22:44',0,NULL,NULL,NULL,'a91215a5-278d-46f8-911b-bfe80c0d41ab',NULL),(2866,60,35,100,NULL,'2018-02-19 15:22:42',1,NULL,NULL,NULL,NULL,NULL,NULL,NULL,NULL,NULL,NULL,'4',NULL,NULL,13,'2018-02-19 15:22:44',0,NULL,NULL,NULL,'e9436288-4812-431d-a1a1-7d66c27c4178',NULL),(2867,60,159,100,NULL,'2018-02-19 15:22:42',1,NULL,NULL,NULL,NULL,NULL,NULL,NULL,NULL,NULL,NULL,'1',NULL,NULL,13,'2018-02-19 15:22:44',0,NULL,NULL,NULL,'e436184b-7105-42a3-82a5-01681cf66b14',NULL),(2868,60,158,100,NULL,'2018-02-19 15:22:42',1,NULL,NULL,NULL,NULL,NULL,NULL,NULL,NULL,NULL,NULL,'19-2-2018',NULL,NULL,13,'2018-02-19 15:22:44',0,NULL,NULL,NULL,'bfa368fe-7f71-4325-991b-c82638c0aeda',NULL),(2869,60,149,100,NULL,'2018-02-19 15:22:42',1,NULL,NULL,NULL,NULL,NULL,NULL,NULL,NULL,NULL,NULL,'1',NULL,NULL,13,'2018-02-19 15:22:44',0,NULL,NULL,NULL,'d1e4de9f-ee38-4618-b581-444ea30e9061',NULL),(2870,60,150,100,NULL,'2018-02-19 15:22:42',1,NULL,NULL,NULL,NULL,NULL,NULL,NULL,NULL,NULL,NULL,'0',NULL,NULL,13,'2018-02-19 15:22:44',0,NULL,NULL,NULL,'804e2ccd-07ac-4dcd-bff6-05e1a731f511',NULL),(2871,60,20,101,NULL,'2018-02-20 09:24:30',1,NULL,NULL,NULL,NULL,NULL,NULL,NULL,NULL,NULL,NULL,'17-2-2018',NULL,NULL,13,'2018-02-20 09:24:30',0,NULL,NULL,NULL,'6d50ee0c-2473-49d2-a132-fdadabbcd9a5',NULL),(2872,60,22,101,NULL,'2018-02-20 09:24:30',1,NULL,NULL,NULL,NULL,NULL,NULL,NULL,NULL,NULL,NULL,'M',NULL,NULL,13,'2018-02-20 09:24:30',0,NULL,NULL,NULL,'991fe49a-0106-4e44-8dab-bac05563ce53',NULL),(2873,60,135,101,NULL,'2018-02-20 09:24:30',1,NULL,NULL,NULL,NULL,NULL,NULL,NULL,NULL,NULL,NULL,'1',NULL,NULL,13,'2018-02-20 09:24:30',0,NULL,NULL,NULL,'609437b7-5aec-4013-9196-c3ac7af17933',NULL),(2874,60,151,101,NULL,'2018-02-20 09:24:30',1,NULL,NULL,NULL,NULL,NULL,NULL,NULL,NULL,NULL,NULL,'1',NULL,NULL,13,'2018-02-20 09:24:30',0,NULL,NULL,NULL,'550f6f14-ecde-436d-868a-ae4406a2aab5',NULL),(2875,60,7,101,NULL,'2018-02-20 09:24:30',1,NULL,NULL,NULL,NULL,NULL,NULL,NULL,NULL,NULL,NULL,'ha_5',NULL,NULL,13,'2018-02-20 09:24:30',0,NULL,NULL,NULL,'fd5fe7e7-5f13-4bfa-93a2-356c07597760',NULL),(2876,60,9,101,NULL,'2018-02-20 09:24:30',1,NULL,NULL,NULL,NULL,NULL,NULL,NULL,NULL,NULL,NULL,'20-02-2018 09:41:38',NULL,NULL,13,'2018-02-20 09:24:30',0,NULL,NULL,NULL,'6dbf4a82-1e1f-42f2-9748-481518fec5fe',NULL),(2877,60,8,101,NULL,'2018-02-20 09:24:30',1,NULL,NULL,NULL,NULL,NULL,NULL,NULL,NULL,NULL,NULL,'SH_CVD_ASHA_FOLLOWUP_3',NULL,NULL,13,'2018-02-20 09:24:30',0,NULL,NULL,NULL,'22231841-3f57-4725-bd37-ba1fdcf9c528',NULL),(2878,60,18,101,NULL,'2018-02-20 09:24:30',1,NULL,NULL,NULL,NULL,NULL,NULL,NULL,NULL,NULL,NULL,'1-1-1963',NULL,NULL,13,'2018-02-20 09:24:30',0,NULL,NULL,NULL,'652cc225-ac22-469e-b616-5218f293b751',NULL),(2879,60,146,101,NULL,'2018-02-20 09:24:30',1,NULL,NULL,NULL,NULL,NULL,NULL,NULL,NULL,NULL,NULL,'52',NULL,NULL,13,'2018-02-20 09:24:30',0,NULL,NULL,NULL,'05e52987-31c1-44dc-945d-c9d4087e62b4',NULL),(2880,60,147,101,NULL,'2018-02-20 09:24:30',1,NULL,NULL,NULL,NULL,NULL,NULL,NULL,NULL,NULL,NULL,'156',NULL,NULL,13,'2018-02-20 09:24:30',0,NULL,NULL,NULL,'22311e97-54d1-4a0b-89df-b2df4fbe5afe',NULL),(2881,60,148,101,NULL,'2018-02-20 09:24:30',1,NULL,NULL,NULL,NULL,NULL,NULL,NULL,NULL,NULL,NULL,'0',NULL,NULL,13,'2018-02-20 09:24:30',0,NULL,NULL,NULL,'b173e845-32ae-4757-bb2a-51ecefe845a2',NULL),(2882,60,149,101,NULL,'2018-02-20 09:24:30',1,NULL,NULL,NULL,NULL,NULL,NULL,NULL,NULL,NULL,NULL,'1',NULL,NULL,13,'2018-02-20 09:24:30',0,NULL,NULL,NULL,'dad410a6-bdca-4b35-9ab6-997310001099',NULL),(2883,60,152,101,NULL,'2018-02-20 09:24:30',1,NULL,NULL,NULL,NULL,NULL,NULL,NULL,NULL,NULL,NULL,'0',NULL,NULL,13,'2018-02-20 09:24:30',0,NULL,NULL,NULL,'32af0fa1-8704-4120-a86c-36623e3f9d2c',NULL),(2884,60,144,101,NULL,'2018-02-20 09:24:30',1,NULL,NULL,NULL,NULL,NULL,NULL,NULL,NULL,NULL,NULL,'1',NULL,NULL,13,'2018-02-20 09:24:30',0,NULL,NULL,NULL,'dd4da25c-8d6e-49f0-a48c-c7f88b4635ab',NULL),(2885,60,145,101,NULL,'2018-02-20 09:24:30',1,NULL,NULL,NULL,NULL,NULL,NULL,NULL,NULL,NULL,NULL,'21.37',NULL,NULL,13,'2018-02-20 09:24:30',0,NULL,NULL,NULL,'b969cfc2-5c31-4412-8626-ef3aef1cc78d',NULL),(2886,60,15,101,NULL,'2018-02-20 09:24:30',1,NULL,NULL,NULL,NULL,NULL,NULL,NULL,NULL,NULL,NULL,'test1',NULL,NULL,13,'2018-02-20 09:24:31',0,NULL,NULL,NULL,'7fe2807a-b236-45a6-a965-44d40e297cef',NULL),(2887,60,14,101,NULL,'2018-02-20 09:24:30',1,NULL,NULL,NULL,NULL,NULL,NULL,NULL,NULL,NULL,NULL,'test1',NULL,NULL,13,'2018-02-20 09:24:31',0,NULL,NULL,NULL,'b43693a4-cae8-4d54-8355-dc4f6171f6bf',NULL),(2888,60,116,101,NULL,'2018-02-20 09:24:30',1,NULL,NULL,NULL,NULL,NULL,NULL,NULL,NULL,NULL,NULL,'ha_5',NULL,NULL,13,'2018-02-20 09:24:31',0,NULL,NULL,NULL,'631ef54f-e1c7-48a0-b2c7-ce37ea16ab04',NULL),(2889,60,155,101,NULL,'2018-02-20 09:24:30',1,NULL,NULL,NULL,NULL,NULL,NULL,NULL,NULL,NULL,NULL,'0',NULL,NULL,13,'2018-02-20 09:24:31',0,NULL,NULL,NULL,'fcb1770f-23d8-47c3-9e1e-fff32058784f',NULL),(2890,60,160,101,NULL,'2018-02-20 09:24:30',1,NULL,NULL,NULL,NULL,NULL,NULL,NULL,NULL,NULL,NULL,'0',NULL,NULL,13,'2018-02-20 09:24:31',0,NULL,NULL,NULL,'c1a2f8e0-168c-4418-9d70-c0d75be9dba4',NULL),(2891,60,153,101,NULL,'2018-02-20 09:24:30',1,NULL,NULL,NULL,NULL,NULL,NULL,NULL,NULL,NULL,NULL,'1',NULL,NULL,13,'2018-02-20 09:24:31',0,NULL,NULL,NULL,'12a4d1b9-824a-49a9-9a81-4b16f42649f7',NULL),(2892,60,154,101,NULL,'2018-02-20 09:24:30',1,NULL,NULL,NULL,NULL,NULL,NULL,NULL,NULL,NULL,NULL,'1',NULL,NULL,13,'2018-02-20 09:24:31',0,NULL,NULL,NULL,'e541420d-3165-402c-9735-7cfa5983773e',NULL),(2893,60,159,101,NULL,'2018-02-20 09:24:30',1,NULL,NULL,NULL,NULL,NULL,NULL,NULL,NULL,NULL,NULL,'1',NULL,NULL,13,'2018-02-20 09:24:31',0,NULL,NULL,NULL,'ff16259a-e287-4b6c-8b5a-6713604460c3',NULL),(2894,60,35,101,NULL,'2018-02-20 09:24:30',1,NULL,NULL,NULL,NULL,NULL,NULL,NULL,NULL,NULL,NULL,'4',NULL,NULL,13,'2018-02-20 09:24:31',0,NULL,NULL,NULL,'0135d388-1903-4319-ace9-32e38a846c76',NULL),(2895,60,157,101,NULL,'2018-02-20 09:24:30',1,NULL,NULL,NULL,NULL,NULL,NULL,NULL,NULL,NULL,NULL,'9.1',NULL,NULL,13,'2018-02-20 09:24:31',0,NULL,NULL,NULL,'2c5478d6-4eff-4a4a-a48a-6138e59643b8',NULL),(2896,60,158,101,NULL,'2018-02-20 09:24:30',1,NULL,NULL,NULL,NULL,NULL,NULL,NULL,NULL,NULL,NULL,'19-2-2018',NULL,NULL,13,'2018-02-20 09:24:31',0,NULL,NULL,NULL,'ab5788a3-f8ef-4397-8e15-30dc12f59c0f',NULL),(2897,60,161,101,NULL,'2018-02-20 09:24:30',1,NULL,NULL,NULL,NULL,NULL,NULL,NULL,NULL,NULL,NULL,'1',NULL,NULL,13,'2018-02-20 09:24:31',0,NULL,NULL,NULL,'97f5956e-c87c-4119-83ab-48d2fed2730c',NULL),(2898,60,150,101,NULL,'2018-02-20 09:24:30',1,NULL,NULL,NULL,NULL,NULL,NULL,NULL,NULL,NULL,NULL,'0',NULL,NULL,13,'2018-02-20 09:24:31',0,NULL,NULL,NULL,'1ae0698e-6db2-46d6-b338-6d69966e125d',NULL),(2899,60,128,101,NULL,'2018-02-20 09:24:30',1,NULL,NULL,NULL,NULL,NULL,NULL,NULL,NULL,NULL,NULL,'525652556335',NULL,NULL,13,'2018-02-20 09:24:31',0,NULL,NULL,NULL,'cadd1e8c-60ac-48db-a45b-f77b4a8b52f5',NULL),(2900,60,174,101,NULL,'2018-02-20 09:24:30',1,NULL,NULL,NULL,NULL,NULL,NULL,NULL,NULL,NULL,NULL,'big st',NULL,NULL,13,'2018-02-20 09:24:31',0,NULL,NULL,NULL,'9b620690-da00-4d45-8bda-d3bd4b21cbaf',NULL),(2901,60,175,101,NULL,'2018-02-20 09:24:30',1,NULL,NULL,NULL,NULL,NULL,NULL,NULL,NULL,NULL,NULL,'17-2-2018',NULL,NULL,13,'2018-02-20 09:24:31',0,NULL,NULL,NULL,'bdba2170-8c51-4351-9b57-9df61ffd2244',NULL),(2902,60,116,101,NULL,'2018-02-20 09:24:30',1,NULL,NULL,NULL,NULL,NULL,NULL,NULL,NULL,NULL,NULL,'ha_5',NULL,NULL,13,'2018-02-20 09:24:31',0,NULL,NULL,NULL,'c2a3f347-b91d-4e1d-9531-a7b38f2c64ed',NULL),(2903,60,5,101,NULL,'2018-02-20 09:24:30',1,NULL,NULL,NULL,NULL,NULL,NULL,NULL,NULL,NULL,NULL,'3',NULL,NULL,13,'2018-02-20 09:24:31',0,NULL,NULL,NULL,'0c44faaa-74f5-4c07-84b9-eb50e070b7c7',NULL),(2904,60,16,101,NULL,'2018-02-20 09:24:30',1,NULL,NULL,NULL,NULL,NULL,NULL,NULL,NULL,NULL,NULL,'9562352514',NULL,NULL,13,'2018-02-20 09:24:31',0,NULL,NULL,NULL,'70782932-be00-4bc3-a4e5-ccf8cf9a18cc',NULL),(2905,60,21,101,NULL,'2018-02-20 09:24:30',1,NULL,NULL,NULL,NULL,NULL,NULL,NULL,NULL,NULL,NULL,'55',NULL,NULL,13,'2018-02-20 09:24:31',0,NULL,NULL,NULL,'32de7fd9-00e3-4168-be72-c91311a73a79',NULL),(2906,60,22,101,NULL,'2018-02-20 09:24:30',1,NULL,NULL,NULL,NULL,NULL,NULL,NULL,NULL,NULL,NULL,'M',NULL,NULL,13,'2018-02-20 09:24:31',0,NULL,NULL,NULL,'20be5e0d-1fff-4832-8892-9cb5a283b7f3',NULL),(2907,60,173,101,NULL,'2018-02-20 09:24:30',1,NULL,NULL,NULL,NULL,NULL,NULL,NULL,NULL,NULL,NULL,'1',NULL,NULL,13,'2018-02-20 09:24:31',0,NULL,NULL,NULL,'d16415c5-b296-424c-9947-348c246b29a5',NULL),(2908,60,165,101,NULL,'2018-02-20 09:24:30',1,NULL,NULL,NULL,NULL,NULL,NULL,NULL,NULL,NULL,NULL,'F',NULL,NULL,13,'2018-02-20 09:24:31',0,NULL,NULL,NULL,'54db880e-0ce7-409b-9e7e-1e3c00ac7dd6',NULL),(2909,60,12,101,NULL,'2018-02-20 09:24:30',1,NULL,NULL,NULL,NULL,NULL,NULL,NULL,NULL,NULL,NULL,'1010050001',NULL,NULL,13,'2018-02-20 09:24:31',0,NULL,NULL,NULL,'3dc99f78-a30f-45cb-9826-ee37a0d112f7',NULL),(2910,60,143,101,NULL,'2018-02-20 09:24:30',1,NULL,NULL,NULL,NULL,NULL,NULL,NULL,NULL,NULL,NULL,'0',NULL,NULL,13,'2018-02-20 09:24:31',0,NULL,NULL,NULL,'c1ec47c1-09d8-4bd5-9074-d71aadb04c27',NULL),(2911,60,167,101,NULL,'2018-02-20 09:24:30',1,NULL,NULL,NULL,NULL,NULL,NULL,NULL,NULL,NULL,NULL,'1256352',NULL,NULL,13,'2018-02-20 09:24:31',0,NULL,NULL,NULL,'47dc7faa-95f5-4426-a972-93eb2e5bfb08',NULL),(2912,60,164,101,NULL,'2018-02-20 09:24:30',1,NULL,NULL,NULL,NULL,NULL,NULL,NULL,NULL,NULL,NULL,'father1',NULL,NULL,13,'2018-02-20 09:24:31',0,NULL,NULL,NULL,'4103e159-91bc-4d9a-b3d0-1c3c06b73ce2',NULL),(2913,60,169,101,NULL,'2018-02-20 09:24:30',1,NULL,NULL,NULL,NULL,NULL,NULL,NULL,NULL,NULL,NULL,'34',NULL,NULL,13,'2018-02-20 09:24:31',0,NULL,NULL,NULL,'0b0f6aa4-ce70-4932-a591-b81c13ebed19',NULL),(2914,60,166,101,NULL,'2018-02-20 09:24:30',1,NULL,NULL,NULL,NULL,NULL,NULL,NULL,NULL,NULL,NULL,'652536',NULL,NULL,13,'2018-02-20 09:24:31',0,NULL,NULL,NULL,'4d22d024-90b0-4855-be89-c519645266f6',NULL),(2915,60,171,101,NULL,'2018-02-20 09:24:30',1,NULL,NULL,NULL,NULL,NULL,NULL,NULL,NULL,NULL,NULL,'4',NULL,NULL,13,'2018-02-20 09:24:31',0,NULL,NULL,NULL,'bb3a679e-ccf0-45e8-9903-0a5941595ec9',NULL),(2916,60,168,101,NULL,'2018-02-20 09:24:30',1,NULL,NULL,NULL,NULL,NULL,NULL,NULL,NULL,NULL,NULL,'2',NULL,NULL,13,'2018-02-20 09:24:31',0,NULL,NULL,NULL,'8567e27d-8224-4e59-b6ec-e431352fa776',NULL),(2917,60,163,101,NULL,'2018-02-20 09:24:30',1,NULL,NULL,NULL,NULL,NULL,NULL,NULL,NULL,NULL,NULL,'1,2',NULL,NULL,13,'2018-02-20 09:24:31',0,NULL,NULL,NULL,'61c541e1-ae4d-42cc-811a-86b089a87831',NULL),(2918,60,170,101,NULL,'2018-02-20 09:24:30',1,NULL,NULL,NULL,NULL,NULL,NULL,NULL,NULL,NULL,NULL,'4',NULL,NULL,13,'2018-02-20 09:24:31',0,NULL,NULL,NULL,'5210be72-f0c1-4216-a4c2-6063b9930882',NULL),(2919,60,156,101,NULL,'2018-02-20 09:24:30',1,NULL,NULL,NULL,NULL,NULL,NULL,NULL,NULL,NULL,NULL,'19-2-2018',NULL,NULL,13,'2018-02-20 09:24:31',0,NULL,NULL,NULL,'a8caed3b-b2b5-423d-ac25-1c5f9e15999d',NULL),(2920,60,162,101,NULL,'2018-02-20 09:24:30',1,NULL,NULL,NULL,NULL,NULL,NULL,NULL,NULL,NULL,NULL,'180',NULL,NULL,13,'2018-02-20 09:24:31',0,NULL,NULL,NULL,'e9cd7f5d-22b3-405c-ba59-db33fa51b56b',NULL),(2921,60,6,101,NULL,'2018-02-20 09:24:30',1,NULL,NULL,NULL,NULL,NULL,NULL,NULL,NULL,NULL,NULL,'panamadangi',NULL,NULL,13,'2018-02-20 09:24:31',0,NULL,NULL,NULL,'c474ca1d-c94e-4827-809f-b2695963f8d5',NULL),(2922,60,19,101,NULL,'2018-02-20 09:24:30',1,NULL,NULL,NULL,NULL,NULL,NULL,NULL,NULL,NULL,NULL,'NA',NULL,NULL,13,'2018-02-20 09:24:31',0,NULL,NULL,NULL,'2b709e59-6208-4212-8b6f-e8ee46f6cc64',NULL),(2923,60,183,101,NULL,'2018-02-20 09:24:30',1,NULL,NULL,NULL,NULL,NULL,NULL,NULL,NULL,NULL,NULL,'NA',NULL,NULL,13,'2018-02-20 09:24:31',0,NULL,NULL,NULL,'d8e86d41-fedb-4fe9-8a61-6d4e90021be9',NULL),(2924,60,119,101,NULL,'2018-02-20 09:24:30',1,NULL,NULL,NULL,NULL,NULL,NULL,NULL,NULL,NULL,NULL,'SH_CVD_ASHA_FOLLOWUP_3',NULL,NULL,13,'2018-02-20 09:24:31',0,NULL,NULL,NULL,'e3e37aa0-1d78-44d3-9f2f-4be9e041338c',NULL),(2925,60,118,101,NULL,'2018-02-20 09:24:30',1,NULL,NULL,NULL,NULL,NULL,NULL,NULL,NULL,NULL,NULL,'SH_CVD_ASHA_FOLLOWUP_2',NULL,NULL,13,'2018-02-20 09:24:31',0,NULL,NULL,NULL,'f43b9226-eb5e-4744-8157-edba7bd0895d',NULL),(2926,60,79,101,NULL,'2018-02-20 09:24:30',1,NULL,NULL,NULL,NULL,NULL,NULL,NULL,NULL,NULL,NULL,'NA',NULL,NULL,13,'2018-02-20 09:24:31',0,NULL,NULL,NULL,'b8064825-f28c-4058-87a5-ccc628c3d550',NULL),(2927,60,80,101,NULL,'2018-02-20 09:24:30',1,NULL,NULL,NULL,NULL,NULL,NULL,NULL,NULL,NULL,NULL,'NA',NULL,NULL,13,'2018-02-20 09:24:31',0,NULL,NULL,NULL,'77d8a29b-2db6-49ad-9f5a-63a652acd4fe',NULL),(2928,60,177,101,NULL,'2018-02-20 09:24:30',1,NULL,NULL,NULL,NULL,NULL,NULL,NULL,NULL,NULL,NULL,'NA',NULL,NULL,13,'2018-02-20 09:24:31',0,NULL,NULL,NULL,'951a9e22-16c9-4b90-8d5c-a5158ffca1b5',NULL),(2929,60,178,101,NULL,'2018-02-20 09:24:30',1,NULL,NULL,NULL,NULL,NULL,NULL,NULL,NULL,NULL,NULL,'NA',NULL,NULL,13,'2018-02-20 09:24:31',0,NULL,NULL,NULL,'b051072c-6bac-4ba7-83b8-5fe20c2ab02f',NULL),(2930,60,115,101,NULL,'2018-02-20 09:24:30',1,NULL,NULL,NULL,NULL,NULL,NULL,NULL,NULL,NULL,NULL,'20-02-2018 09:41:38',NULL,NULL,13,'2018-02-20 09:24:31',0,NULL,NULL,NULL,'038c7e96-4cbb-43f6-8628-1fd29575de4d',NULL),(2931,60,114,101,NULL,'2018-02-20 09:24:30',1,NULL,NULL,NULL,NULL,NULL,NULL,NULL,NULL,NULL,NULL,'20-02-2018 09:41:38',NULL,NULL,13,'2018-02-20 09:24:31',0,NULL,NULL,NULL,'a8bda758-326e-449d-befa-c61f2393336a',NULL),(2932,60,179,101,NULL,'2018-02-20 09:24:30',1,NULL,NULL,NULL,NULL,NULL,NULL,NULL,NULL,NULL,NULL,'NA',NULL,NULL,13,'2018-02-20 09:24:31',0,NULL,NULL,NULL,'f8ec307b-8421-4691-b5c5-458fb0ddac82',NULL),(2933,60,117,101,NULL,'2018-02-20 09:24:30',1,NULL,NULL,NULL,NULL,NULL,NULL,NULL,NULL,NULL,NULL,'asha',NULL,NULL,13,'2018-02-20 09:24:31',0,NULL,NULL,NULL,'dc30b1a4-d525-402a-9a3a-396425c1eb26',NULL),(2934,60,142,101,NULL,'2018-02-20 09:24:30',1,NULL,NULL,NULL,NULL,NULL,NULL,NULL,NULL,NULL,NULL,'Rectruited',NULL,NULL,13,'2018-02-20 09:24:31',0,NULL,NULL,NULL,'0f8e6a14-9e7f-4bf3-88b0-3f7538451b94',NULL),(2935,60,186,101,NULL,'2018-02-20 09:24:30',1,NULL,NULL,NULL,NULL,NULL,NULL,NULL,NULL,NULL,NULL,'NA',NULL,NULL,13,'2018-02-20 09:24:31',0,NULL,NULL,NULL,'d1550522-2d13-433f-be1d-981c2cd0dd86',NULL),(2936,60,136,101,NULL,'2018-02-20 09:24:30',1,NULL,NULL,NULL,NULL,NULL,NULL,NULL,NULL,NULL,NULL,'1',NULL,NULL,13,'2018-02-20 09:24:32',0,NULL,NULL,NULL,'5f4842a8-451f-4689-9bb8-aa2acdf05724',NULL),(2937,60,133,101,NULL,'2018-02-20 09:24:30',1,NULL,NULL,NULL,NULL,NULL,NULL,NULL,NULL,NULL,NULL,'1',NULL,NULL,13,'2018-02-20 09:24:32',0,NULL,NULL,NULL,'ac081ce0-499c-4808-ba4e-283ee859074f',NULL),(2938,60,134,101,NULL,'2018-02-20 09:24:30',1,NULL,NULL,NULL,NULL,NULL,NULL,NULL,NULL,NULL,NULL,'120',NULL,NULL,13,'2018-02-20 09:24:32',0,NULL,NULL,NULL,'20cbae63-84fa-4a00-811c-1791a81bfc2f',NULL),(2939,60,139,101,NULL,'2018-02-20 09:24:30',1,NULL,NULL,NULL,NULL,NULL,NULL,NULL,NULL,NULL,NULL,'80',NULL,NULL,13,'2018-02-20 09:24:32',0,NULL,NULL,NULL,'7b4c288e-811e-408e-91c9-75441b20aa35',NULL),(2940,60,140,101,NULL,'2018-02-20 09:24:30',1,NULL,NULL,NULL,NULL,NULL,NULL,NULL,NULL,NULL,NULL,'8.1',NULL,NULL,13,'2018-02-20 09:24:32',0,NULL,NULL,NULL,'cfa17a4b-b99e-48f3-a42c-b386469d2efd',NULL),(2941,60,137,101,NULL,'2018-02-20 09:24:30',1,NULL,NULL,NULL,NULL,NULL,NULL,NULL,NULL,NULL,NULL,'20-2-2018',NULL,NULL,13,'2018-02-20 09:24:32',0,NULL,NULL,NULL,'38a24682-9e24-4de5-b716-43c01f979c68',NULL),(2942,60,138,101,NULL,'2018-02-20 09:24:30',1,NULL,NULL,NULL,NULL,NULL,NULL,NULL,NULL,NULL,NULL,'1',NULL,NULL,13,'2018-02-20 09:24:32',0,NULL,NULL,NULL,'a2d8d59d-3653-4993-948d-3b4841d9c007',NULL),(2943,60,141,101,NULL,'2018-02-20 09:24:30',1,NULL,NULL,NULL,NULL,NULL,NULL,NULL,NULL,NULL,NULL,'done',NULL,NULL,13,'2018-02-20 09:24:32',0,NULL,NULL,NULL,'a74aba1a-fc3c-4b5c-8290-fe2c35670042',NULL),(2944,60,184,101,NULL,'2018-02-20 09:24:30',1,NULL,NULL,NULL,NULL,NULL,NULL,NULL,NULL,NULL,NULL,'NA',NULL,NULL,13,'2018-02-20 09:24:32',0,NULL,NULL,NULL,'47627326-9351-4833-85c2-0acc607b8372',NULL),(2945,60,181,101,NULL,'2018-02-20 09:24:30',1,NULL,NULL,NULL,NULL,NULL,NULL,NULL,NULL,NULL,NULL,'NA',NULL,NULL,13,'2018-02-20 09:24:32',0,NULL,NULL,NULL,'dc9c68c2-a390-44f1-8cc5-b9b17524760d',NULL),(2946,60,172,101,NULL,'2018-02-20 09:24:30',1,NULL,NULL,NULL,NULL,NULL,NULL,NULL,NULL,NULL,NULL,'NA',NULL,NULL,13,'2018-02-20 09:24:32',0,NULL,NULL,NULL,'957eded3-fb71-442e-a991-121350aef262',NULL),(2947,60,188,101,NULL,'2018-02-20 09:24:30',1,NULL,NULL,NULL,NULL,NULL,NULL,NULL,NULL,NULL,NULL,'NA',NULL,NULL,13,'2018-02-20 09:24:32',0,NULL,NULL,NULL,'b2f34a02-049c-42dd-9414-89baf5a399b1',NULL),(2948,60,185,101,NULL,'2018-02-20 09:24:30',1,NULL,NULL,NULL,NULL,NULL,NULL,NULL,NULL,NULL,NULL,'NA',NULL,NULL,13,'2018-02-20 09:24:32',0,NULL,NULL,NULL,'7e439f1b-8c85-485d-a672-30c0be1e3ba5',NULL),(2949,60,182,101,NULL,'2018-02-20 09:24:30',1,NULL,NULL,NULL,NULL,NULL,NULL,NULL,NULL,NULL,NULL,'NA',NULL,NULL,13,'2018-02-20 09:24:32',0,NULL,NULL,NULL,'077236a4-687c-4850-9fcc-81e4e942cb97',NULL),(2950,60,187,101,NULL,'2018-02-20 09:24:30',1,NULL,NULL,NULL,NULL,NULL,NULL,NULL,NULL,NULL,NULL,'NA',NULL,NULL,13,'2018-02-20 09:24:32',0,NULL,NULL,NULL,'85e3126b-ee61-462d-b5df-a7c3b2a373d4',NULL),(2951,60,176,101,NULL,'2018-02-20 09:24:30',1,NULL,NULL,NULL,NULL,NULL,NULL,NULL,NULL,NULL,NULL,'NA',NULL,NULL,13,'2018-02-20 09:24:32',0,NULL,NULL,NULL,'d6659592-9e5d-4483-88c8-af2eb452e066',NULL),(2952,60,180,101,NULL,'2018-02-20 09:24:30',1,NULL,NULL,NULL,NULL,NULL,NULL,NULL,NULL,NULL,NULL,'NA',NULL,NULL,13,'2018-02-20 09:24:32',0,NULL,NULL,NULL,'6757e5d5-fd4e-4238-90ee-109996af0413',NULL),(2953,60,133,102,NULL,'2018-02-20 09:45:15',1,NULL,NULL,NULL,NULL,NULL,NULL,NULL,NULL,NULL,NULL,'1',NULL,NULL,20,'2018-02-20 09:45:15',0,NULL,NULL,NULL,'aba451ae-4d67-4fd5-968a-9d7c5ea95d37',NULL),(2954,60,134,102,NULL,'2018-02-20 09:45:15',1,NULL,NULL,NULL,NULL,NULL,NULL,NULL,NULL,NULL,NULL,'120',NULL,NULL,20,'2018-02-20 09:45:15',0,NULL,NULL,NULL,'ab2e4703-1365-4078-b083-b96d71573b9b',NULL),(2955,60,135,102,NULL,'2018-02-20 09:45:15',1,NULL,NULL,NULL,NULL,NULL,NULL,NULL,NULL,NULL,NULL,'0',NULL,NULL,20,'2018-02-20 09:45:15',0,NULL,NULL,NULL,'2d4d4a88-41af-4a4d-84bd-8be99c014823',NULL),(2956,60,136,102,NULL,'2018-02-20 09:45:15',1,NULL,NULL,NULL,NULL,NULL,NULL,NULL,NULL,NULL,NULL,'1',NULL,NULL,20,'2018-02-20 09:45:15',0,NULL,NULL,NULL,'d1ccdbcd-88c1-497d-b11f-6bfe63013df0',NULL),(2957,60,137,102,NULL,'2018-02-20 09:45:15',1,NULL,NULL,NULL,NULL,NULL,NULL,NULL,NULL,NULL,NULL,'24-5-2018',NULL,NULL,20,'2018-02-20 09:45:15',0,NULL,NULL,NULL,'4b59215a-992e-49aa-925e-c438e5f461ab',NULL),(2958,60,138,102,NULL,'2018-02-20 09:45:15',1,NULL,NULL,NULL,NULL,NULL,NULL,NULL,NULL,NULL,NULL,'1',NULL,NULL,20,'2018-02-20 09:45:15',0,NULL,NULL,NULL,'d7e2943a-7c84-4200-87cc-fb2c7c6d8bad',NULL),(2959,60,139,102,NULL,'2018-02-20 09:45:15',1,NULL,NULL,NULL,NULL,NULL,NULL,NULL,NULL,NULL,NULL,'80',NULL,NULL,20,'2018-02-20 09:45:15',0,NULL,NULL,NULL,'33cc7ee3-e65c-4936-b1fd-f5e5f19a6d49',NULL),(2960,60,140,102,NULL,'2018-02-20 09:45:15',1,NULL,NULL,NULL,NULL,NULL,NULL,NULL,NULL,NULL,NULL,'8',NULL,NULL,20,'2018-02-20 09:45:15',0,NULL,NULL,NULL,'ca770c33-c0ce-446e-aa84-7188057017f5',NULL),(2961,60,141,102,NULL,'2018-02-20 09:45:15',1,NULL,NULL,NULL,NULL,NULL,NULL,NULL,NULL,NULL,NULL,'done',NULL,NULL,20,'2018-02-20 09:45:15',0,NULL,NULL,NULL,'57cfab24-1012-4d7e-b363-64a33d765b09',NULL),(2962,60,142,102,NULL,'2018-02-20 09:45:15',1,NULL,NULL,NULL,NULL,NULL,NULL,NULL,NULL,NULL,NULL,'Rectruited',NULL,NULL,20,'2018-02-20 09:45:15',0,NULL,NULL,NULL,'dfed9d60-6e46-4480-9aa0-7b94acd7ace9',NULL),(2963,60,143,102,NULL,'2018-02-20 09:45:15',1,NULL,NULL,NULL,NULL,NULL,NULL,NULL,NULL,NULL,NULL,'0',NULL,NULL,20,'2018-02-20 09:45:16',0,NULL,NULL,NULL,'7110ec7f-bc24-48cf-a16a-eb07a8c17c56',NULL),(2964,60,144,102,NULL,'2018-02-20 09:45:15',1,NULL,NULL,NULL,NULL,NULL,NULL,NULL,NULL,NULL,NULL,'1',NULL,NULL,20,'2018-02-20 09:45:16',0,NULL,NULL,NULL,'d237de7a-6f54-4901-97ea-a846f8b8f9b9',NULL),(2965,60,145,102,NULL,'2018-02-20 09:45:15',1,NULL,NULL,NULL,NULL,NULL,NULL,NULL,NULL,NULL,NULL,'21.37',NULL,NULL,20,'2018-02-20 09:45:16',0,NULL,NULL,NULL,'f3d0c77b-274e-459b-89f2-a0a4dedd4888',NULL),(2966,60,146,102,NULL,'2018-02-20 09:45:15',1,NULL,NULL,NULL,NULL,NULL,NULL,NULL,NULL,NULL,NULL,'52',NULL,NULL,20,'2018-02-20 09:45:16',0,NULL,NULL,NULL,'4c3b09e8-440c-44fd-b44d-881a5a7df7c2',NULL),(2967,60,147,102,NULL,'2018-02-20 09:45:15',1,NULL,NULL,NULL,NULL,NULL,NULL,NULL,NULL,NULL,NULL,'156',NULL,NULL,20,'2018-02-20 09:45:16',0,NULL,NULL,NULL,'f879dac7-9e70-4a1a-ac2c-7ddaa982e58c',NULL),(2968,60,148,102,NULL,'2018-02-20 09:45:15',1,NULL,NULL,NULL,NULL,NULL,NULL,NULL,NULL,NULL,NULL,'0',NULL,NULL,20,'2018-02-20 09:45:16',0,NULL,NULL,NULL,'e7344a4a-b8fc-4d63-8abe-1bac8b58d2fe',NULL),(2969,60,149,102,NULL,'2018-02-20 09:45:15',1,NULL,NULL,NULL,NULL,NULL,NULL,NULL,NULL,NULL,NULL,'1',NULL,NULL,20,'2018-02-20 09:45:16',0,NULL,NULL,NULL,'f75c6fb8-fa29-4a8c-a5a6-9b27b59be8dd',NULL),(2970,60,150,102,NULL,'2018-02-20 09:45:15',1,NULL,NULL,NULL,NULL,NULL,NULL,NULL,NULL,NULL,NULL,'0',NULL,NULL,20,'2018-02-20 09:45:16',0,NULL,NULL,NULL,'66b8771b-5fe4-424b-9c63-00f84e236688',NULL),(2971,60,151,102,NULL,'2018-02-20 09:45:15',1,NULL,NULL,NULL,NULL,NULL,NULL,NULL,NULL,NULL,NULL,'1',NULL,NULL,20,'2018-02-20 09:45:16',0,NULL,NULL,NULL,'886fa082-c6e8-4737-9c01-930849913446',NULL),(2972,60,152,102,NULL,'2018-02-20 09:45:15',1,NULL,NULL,NULL,NULL,NULL,NULL,NULL,NULL,NULL,NULL,'0',NULL,NULL,20,'2018-02-20 09:45:16',0,NULL,NULL,NULL,'7dd29bcd-30a2-4b05-a8fc-029b3bd01fbd',NULL),(2973,60,35,102,NULL,'2018-02-20 09:45:15',1,NULL,NULL,NULL,NULL,NULL,NULL,NULL,NULL,NULL,NULL,'4',NULL,NULL,20,'2018-02-20 09:45:16',0,NULL,NULL,NULL,'8ae69342-5340-4d5a-b75b-820bdd74270b',NULL),(2974,60,153,102,NULL,'2018-02-20 09:45:15',1,NULL,NULL,NULL,NULL,NULL,NULL,NULL,NULL,NULL,NULL,'1',NULL,NULL,20,'2018-02-20 09:45:16',0,NULL,NULL,NULL,'448fd3ef-d289-4818-ad8f-05fd231f6ee4',NULL),(2975,60,154,102,NULL,'2018-02-20 09:45:15',1,NULL,NULL,NULL,NULL,NULL,NULL,NULL,NULL,NULL,NULL,'1',NULL,NULL,20,'2018-02-20 09:45:16',0,NULL,NULL,NULL,'9971fd75-e357-42f3-ac67-7e2d03b650a1',NULL),(2976,60,155,102,NULL,'2018-02-20 09:45:15',1,NULL,NULL,NULL,NULL,NULL,NULL,NULL,NULL,NULL,NULL,'0',NULL,NULL,20,'2018-02-20 09:45:16',0,NULL,NULL,NULL,'90259572-3a38-4dbb-aa50-b48a0fe8d7c7',NULL),(2977,60,156,102,NULL,'2018-02-20 09:45:15',1,NULL,NULL,NULL,NULL,NULL,NULL,NULL,NULL,NULL,NULL,'19-2-2018',NULL,NULL,20,'2018-02-20 09:45:16',0,NULL,NULL,NULL,'0ba591bb-6203-40b2-9823-eacce15a394f',NULL),(2978,60,157,102,NULL,'2018-02-20 09:45:15',1,NULL,NULL,NULL,NULL,NULL,NULL,NULL,NULL,NULL,NULL,'9.1',NULL,NULL,20,'2018-02-20 09:45:16',0,NULL,NULL,NULL,'c29e8ec2-14e8-431b-9695-a449900f9f78',NULL),(2979,60,158,102,NULL,'2018-02-20 09:45:15',1,NULL,NULL,NULL,NULL,NULL,NULL,NULL,NULL,NULL,NULL,'19-2-2018',NULL,NULL,20,'2018-02-20 09:45:16',0,NULL,NULL,NULL,'cd7ad606-6b1c-4c83-8e7b-b036f33f4387',NULL),(2980,60,159,102,NULL,'2018-02-20 09:45:15',1,NULL,NULL,NULL,NULL,NULL,NULL,NULL,NULL,NULL,NULL,'1',NULL,NULL,20,'2018-02-20 09:45:16',0,NULL,NULL,NULL,'572303f6-4af9-461b-aae5-251cb251344a',NULL),(2981,60,160,102,NULL,'2018-02-20 09:45:15',1,NULL,NULL,NULL,NULL,NULL,NULL,NULL,NULL,NULL,NULL,'0',NULL,NULL,20,'2018-02-20 09:45:16',0,NULL,NULL,NULL,'b7103473-ae56-4d67-976e-2f452c9c8f0c',NULL),(2982,60,161,102,NULL,'2018-02-20 09:45:15',1,NULL,NULL,NULL,NULL,NULL,NULL,NULL,NULL,NULL,NULL,'1',NULL,NULL,20,'2018-02-20 09:45:16',0,NULL,NULL,NULL,'5083de6c-3fbb-4b2c-b99d-74eabfda0c86',NULL),(2983,60,116,102,NULL,'2018-02-20 09:45:15',1,NULL,NULL,NULL,NULL,NULL,NULL,NULL,NULL,NULL,NULL,'ruhsa_1',NULL,NULL,20,'2018-02-20 09:45:16',0,NULL,NULL,NULL,'2d6efdb8-c494-40e5-a41f-4cda536261d0',NULL),(2984,60,162,102,NULL,'2018-02-20 09:45:15',1,NULL,NULL,NULL,NULL,NULL,NULL,NULL,NULL,NULL,NULL,'180',NULL,NULL,20,'2018-02-20 09:45:16',0,NULL,NULL,NULL,'2084d276-373d-4472-a327-efb7d43f356c',NULL),(2985,60,163,102,NULL,'2018-02-20 09:45:15',1,NULL,NULL,NULL,NULL,NULL,NULL,NULL,NULL,NULL,NULL,'1,2',NULL,NULL,20,'2018-02-20 09:45:16',0,NULL,NULL,NULL,'6acc0a5a-da8b-4ef3-948e-87ca5bbe5da4',NULL),(2986,60,164,102,NULL,'2018-02-20 09:45:15',1,NULL,NULL,NULL,NULL,NULL,NULL,NULL,NULL,NULL,NULL,'father1',NULL,NULL,20,'2018-02-20 09:45:16',0,NULL,NULL,NULL,'0566e8af-bbef-42dc-b5e3-4a8f35107979',NULL),(2987,60,165,102,NULL,'2018-02-20 09:45:15',1,NULL,NULL,NULL,NULL,NULL,NULL,NULL,NULL,NULL,NULL,'F',NULL,NULL,20,'2018-02-20 09:45:16',0,NULL,NULL,NULL,'bd316038-a982-47aa-8f52-1b8126f1f225',NULL),(2988,60,166,102,NULL,'2018-02-20 09:45:15',1,NULL,NULL,NULL,NULL,NULL,NULL,NULL,NULL,NULL,NULL,'652536',NULL,NULL,20,'2018-02-20 09:45:16',0,NULL,NULL,NULL,'15e18f87-0dcb-4a90-ac26-12b048272a79',NULL),(2989,60,167,102,NULL,'2018-02-20 09:45:15',1,NULL,NULL,NULL,NULL,NULL,NULL,NULL,NULL,NULL,NULL,'1256352',NULL,NULL,20,'2018-02-20 09:45:16',0,NULL,NULL,NULL,'7285d62a-c81c-43b4-a4c9-1f2dc45c2660',NULL),(2990,60,168,102,NULL,'2018-02-20 09:45:15',1,NULL,NULL,NULL,NULL,NULL,NULL,NULL,NULL,NULL,NULL,'2',NULL,NULL,20,'2018-02-20 09:45:16',0,NULL,NULL,NULL,'8a5be0ea-ea2f-4673-9e12-cb77a2ddf83f',NULL),(2991,60,169,102,NULL,'2018-02-20 09:45:15',1,NULL,NULL,NULL,NULL,NULL,NULL,NULL,NULL,NULL,NULL,'34',NULL,NULL,20,'2018-02-20 09:45:16',0,NULL,NULL,NULL,'8ee01f8f-8072-4f53-b4ef-5947809a38f5',NULL),(2992,60,170,102,NULL,'2018-02-20 09:45:15',1,NULL,NULL,NULL,NULL,NULL,NULL,NULL,NULL,NULL,NULL,'4',NULL,NULL,20,'2018-02-20 09:45:16',0,NULL,NULL,NULL,'bd0308c7-fa9a-4336-b2c3-eda57142ded3',NULL),(2993,60,171,102,NULL,'2018-02-20 09:45:15',1,NULL,NULL,NULL,NULL,NULL,NULL,NULL,NULL,NULL,NULL,'4',NULL,NULL,20,'2018-02-20 09:45:16',0,NULL,NULL,NULL,'aa20ba24-3e25-4c3d-8009-feeab91396b9',NULL),(2994,60,14,102,NULL,'2018-02-20 09:45:15',1,NULL,NULL,NULL,NULL,NULL,NULL,NULL,NULL,NULL,NULL,'test1',NULL,NULL,20,'2018-02-20 09:45:16',0,NULL,NULL,NULL,'6e5ffcaf-73ef-4941-9200-3d03ea6bb187',NULL),(2995,60,15,102,NULL,'2018-02-20 09:45:15',1,NULL,NULL,NULL,NULL,NULL,NULL,NULL,NULL,NULL,NULL,'test1',NULL,NULL,20,'2018-02-20 09:45:16',0,NULL,NULL,NULL,'b3a98180-d8a7-45c9-b012-4faed090c4c2',NULL),(2996,60,8,102,NULL,'2018-02-20 09:45:15',1,NULL,NULL,NULL,NULL,NULL,NULL,NULL,NULL,NULL,NULL,'SH_CVD_DOCTOR_FOLLOWUP_3',NULL,NULL,20,'2018-02-20 09:45:16',0,NULL,NULL,NULL,'8500610c-bfaa-4315-803a-bbe42930301d',NULL),(2997,60,9,102,NULL,'2018-02-20 09:45:15',1,NULL,NULL,NULL,NULL,NULL,NULL,NULL,NULL,NULL,NULL,'20-02-2018 09:45:20',NULL,NULL,20,'2018-02-20 09:45:16',0,NULL,NULL,NULL,'5df7bce6-ed8b-4488-9f6c-9156b6ab7bd2',NULL),(2998,60,7,102,NULL,'2018-02-20 09:45:15',1,NULL,NULL,NULL,NULL,NULL,NULL,NULL,NULL,NULL,NULL,'ha_5',NULL,NULL,20,'2018-02-20 09:45:16',0,NULL,NULL,NULL,'f44fd8ab-d943-4a1b-a608-49960ce606cd',NULL),(2999,60,118,102,NULL,'2018-02-20 09:45:15',1,NULL,NULL,NULL,NULL,NULL,NULL,NULL,NULL,NULL,NULL,'SH_CVD_DOCTOR_FOLLOWUP_2',NULL,NULL,20,'2018-02-20 09:45:16',0,NULL,NULL,NULL,'d6e9a7a6-7f9c-47aa-8fbe-1d29c3b50ce7',NULL),(3000,60,12,102,NULL,'2018-02-20 09:45:15',1,NULL,NULL,NULL,NULL,NULL,NULL,NULL,NULL,NULL,NULL,'1010050001',NULL,NULL,20,'2018-02-20 09:45:16',0,NULL,NULL,NULL,'34457cec-d888-4b71-8aa5-329cceedc4e9',NULL),(3001,60,22,102,NULL,'2018-02-20 09:45:15',1,NULL,NULL,NULL,NULL,NULL,NULL,NULL,NULL,NULL,NULL,'M',NULL,NULL,20,'2018-02-20 09:45:16',0,NULL,NULL,NULL,'51651413-83e3-43e1-b2d6-9c6e38d80790',NULL),(3002,60,20,102,NULL,'2018-02-20 09:45:15',1,NULL,NULL,NULL,NULL,NULL,NULL,NULL,NULL,NULL,NULL,'17-2-2018',NULL,NULL,20,'2018-02-20 09:45:16',0,NULL,NULL,NULL,'88ce1fee-9307-46bf-be00-fb8b5d8daf99',NULL),(3003,60,18,102,NULL,'2018-02-20 09:45:15',1,NULL,NULL,NULL,NULL,NULL,NULL,NULL,NULL,NULL,NULL,'1-1-1963',NULL,NULL,20,'2018-02-20 09:45:16',0,NULL,NULL,NULL,'d3c498b1-2662-49d6-be59-c3cbf480302e',NULL),(3004,60,172,102,NULL,'2018-02-20 09:45:15',1,NULL,NULL,NULL,NULL,NULL,NULL,NULL,NULL,NULL,NULL,'0.8',NULL,NULL,20,'2018-02-20 09:45:16',0,NULL,NULL,NULL,'f4e9064c-b0f9-46c7-889d-00777ce711e8',NULL),(3005,60,19,102,NULL,'2018-02-20 09:45:15',1,NULL,NULL,NULL,NULL,NULL,NULL,NULL,NULL,NULL,NULL,'NA',NULL,NULL,20,'2018-02-20 09:45:16',0,NULL,NULL,NULL,'4c501709-4049-40c4-be6d-cb4bee027549',NULL),(3006,60,116,102,NULL,'2018-02-20 09:45:15',1,NULL,NULL,NULL,NULL,NULL,NULL,NULL,NULL,NULL,NULL,'ruhsa_1',NULL,NULL,20,'2018-02-20 09:45:16',0,NULL,NULL,NULL,'b77c2177-7328-4bad-9ca0-d4c5e3c5477b',NULL),(3007,60,173,102,NULL,'2018-02-20 09:45:15',1,NULL,NULL,NULL,NULL,NULL,NULL,NULL,NULL,NULL,NULL,'1',NULL,NULL,20,'2018-02-20 09:45:16',0,NULL,NULL,NULL,'cb822424-57c4-4526-a97e-9095da8fdd3d',NULL),(3008,60,174,102,NULL,'2018-02-20 09:45:15',1,NULL,NULL,NULL,NULL,NULL,NULL,NULL,NULL,NULL,NULL,'big st',NULL,NULL,20,'2018-02-20 09:45:16',0,NULL,NULL,NULL,'1aa77bf3-b8f1-4e03-bc72-9aeb91ef8509',NULL),(3009,60,175,102,NULL,'2018-02-20 09:45:15',1,NULL,NULL,NULL,NULL,NULL,NULL,NULL,NULL,NULL,NULL,'17-2-2018',NULL,NULL,20,'2018-02-20 09:45:16',0,NULL,NULL,NULL,'3bd07d8d-ad1f-488f-abee-e92ee597940a',NULL),(3010,60,22,102,NULL,'2018-02-20 09:45:15',1,NULL,NULL,NULL,NULL,NULL,NULL,NULL,NULL,NULL,NULL,'M',NULL,NULL,20,'2018-02-20 09:45:16',0,NULL,NULL,NULL,'cded2497-a199-4a9d-97e3-b15d855c2581',NULL),(3011,60,128,102,NULL,'2018-02-20 09:45:15',1,NULL,NULL,NULL,NULL,NULL,NULL,NULL,NULL,NULL,NULL,'525652556335',NULL,NULL,20,'2018-02-20 09:45:17',0,NULL,NULL,NULL,'425a0726-b0fd-48ef-bf1a-bd7a16a5aa74',NULL),(3012,60,16,102,NULL,'2018-02-20 09:45:15',1,NULL,NULL,NULL,NULL,NULL,NULL,NULL,NULL,NULL,NULL,'9562352514',NULL,NULL,20,'2018-02-20 09:45:17',0,NULL,NULL,NULL,'b6275553-ca04-4df3-95ea-48bc35758acc',NULL),(3013,60,21,102,NULL,'2018-02-20 09:45:15',1,NULL,NULL,NULL,NULL,NULL,NULL,NULL,NULL,NULL,NULL,'55',NULL,NULL,20,'2018-02-20 09:45:17',0,NULL,NULL,NULL,'d8b2ebe3-51a1-4cdd-97f3-e164fae7e4ea',NULL),(3014,60,6,102,NULL,'2018-02-20 09:45:15',1,NULL,NULL,NULL,NULL,NULL,NULL,NULL,NULL,NULL,NULL,'panamadangi',NULL,NULL,20,'2018-02-20 09:45:17',0,NULL,NULL,NULL,'03825647-c8e8-44f3-99e2-58c380c4e841',NULL),(3015,60,5,102,NULL,'2018-02-20 09:45:15',1,NULL,NULL,NULL,NULL,NULL,NULL,NULL,NULL,NULL,NULL,'3',NULL,NULL,20,'2018-02-20 09:45:17',0,NULL,NULL,NULL,'c1f4bac4-41d2-4d85-8b29-ad1bcd545aa6',NULL),(3016,60,114,102,NULL,'2018-02-20 09:45:15',1,NULL,NULL,NULL,NULL,NULL,NULL,NULL,NULL,NULL,NULL,'20-02-2018 09:45:20',NULL,NULL,20,'2018-02-20 09:45:17',0,NULL,NULL,NULL,'df624f8a-96be-425b-a631-0988a06f5d5b',NULL),(3017,60,119,102,NULL,'2018-02-20 09:45:15',1,NULL,NULL,NULL,NULL,NULL,NULL,NULL,NULL,NULL,NULL,'SH_CVD_DOCTOR_FOLLOWUP_3',NULL,NULL,20,'2018-02-20 09:45:17',0,NULL,NULL,NULL,'cbfabebe-b9c1-47b3-a9d6-a604b0e8a78a',NULL),(3018,60,176,102,NULL,'2018-02-20 09:45:15',1,NULL,NULL,NULL,NULL,NULL,NULL,NULL,NULL,NULL,NULL,'27',NULL,NULL,20,'2018-02-20 09:45:17',0,NULL,NULL,NULL,'9df2fd47-4b5c-4bf4-b13b-8cc8d197010d',NULL),(3019,60,177,102,NULL,'2018-02-20 09:45:15',1,NULL,NULL,NULL,NULL,NULL,NULL,NULL,NULL,NULL,NULL,'85',NULL,NULL,20,'2018-02-20 09:45:17',0,NULL,NULL,NULL,'1d88a3ed-9339-4e02-baf9-4e61ce7ba00b',NULL),(3020,60,178,102,NULL,'2018-02-20 09:45:15',1,NULL,NULL,NULL,NULL,NULL,NULL,NULL,NULL,NULL,NULL,'88',NULL,NULL,20,'2018-02-20 09:45:17',0,NULL,NULL,NULL,'7e701868-32e9-4044-84e7-c709f98fc714',NULL),(3021,60,79,102,NULL,'2018-02-20 09:45:15',1,NULL,NULL,NULL,NULL,NULL,NULL,NULL,NULL,NULL,NULL,'56',NULL,NULL,20,'2018-02-20 09:45:17',0,NULL,NULL,NULL,'fbf90572-10f8-40ca-a135-8ddac4624906',NULL),(3022,60,80,102,NULL,'2018-02-20 09:45:15',1,NULL,NULL,NULL,NULL,NULL,NULL,NULL,NULL,NULL,NULL,'54',NULL,NULL,20,'2018-02-20 09:45:17',0,NULL,NULL,NULL,'1e8ea469-679a-437a-b1ee-5e09a4e705e9',NULL),(3023,60,179,102,NULL,'2018-02-20 09:45:15',1,NULL,NULL,NULL,NULL,NULL,NULL,NULL,NULL,NULL,NULL,'1',NULL,NULL,20,'2018-02-20 09:45:17',0,NULL,NULL,NULL,'cb67d6ce-b6b7-4016-b9d8-99c17a3fcef6',NULL),(3024,60,117,102,NULL,'2018-02-20 09:45:15',1,NULL,NULL,NULL,NULL,NULL,NULL,NULL,NULL,NULL,NULL,'doctor',NULL,NULL,20,'2018-02-20 09:45:17',0,NULL,NULL,NULL,'2a48c2d4-b831-40e6-b854-4f13c10350bf',NULL),(3025,60,115,102,NULL,'2018-02-20 09:45:15',1,NULL,NULL,NULL,NULL,NULL,NULL,NULL,NULL,NULL,NULL,'20-02-2018 09:45:20',NULL,NULL,20,'2018-02-20 09:45:17',0,NULL,NULL,NULL,'853fa3a1-7444-44ce-a868-a48ba8988f26',NULL),(3026,60,180,102,NULL,'2018-02-20 09:45:15',1,NULL,NULL,NULL,NULL,NULL,NULL,NULL,NULL,NULL,NULL,'76',NULL,NULL,20,'2018-02-20 09:45:17',0,NULL,NULL,NULL,'e65c2f6a-fc88-486c-8ad8-53c005fddfff',NULL),(3027,60,181,102,NULL,'2018-02-20 09:45:15',1,NULL,NULL,NULL,NULL,NULL,NULL,NULL,NULL,NULL,NULL,'0',NULL,NULL,20,'2018-02-20 09:45:17',0,NULL,NULL,NULL,'e1312017-d4d2-4523-bdc7-0285fbeeb24d',NULL),(3028,60,182,102,NULL,'2018-02-20 09:45:15',1,NULL,NULL,NULL,NULL,NULL,NULL,NULL,NULL,NULL,NULL,'0',NULL,NULL,20,'2018-02-20 09:45:17',0,NULL,NULL,NULL,'55533ca9-f65f-46ed-86cb-c6d64dc8f791',NULL),(3029,60,183,102,NULL,'2018-02-20 09:45:15',1,NULL,NULL,NULL,NULL,NULL,NULL,NULL,NULL,NULL,NULL,'0',NULL,NULL,20,'2018-02-20 09:45:17',0,NULL,NULL,NULL,'282b6cbc-79da-4350-b8ac-7bbd2c1dc8fb',NULL),(3030,60,184,102,NULL,'2018-02-20 09:45:15',1,NULL,NULL,NULL,NULL,NULL,NULL,NULL,NULL,NULL,NULL,'0',NULL,NULL,20,'2018-02-20 09:45:17',0,NULL,NULL,NULL,'530f541b-b070-402f-b713-913f24a15a4a',NULL),(3031,60,185,102,NULL,'2018-02-20 09:45:15',1,NULL,NULL,NULL,NULL,NULL,NULL,NULL,NULL,NULL,NULL,'7',NULL,NULL,20,'2018-02-20 09:45:17',0,NULL,NULL,NULL,'ed342a4e-77d8-4c7d-884f-6f10f9c1d6c3',NULL),(3032,60,186,102,NULL,'2018-02-20 09:45:15',1,NULL,NULL,NULL,NULL,NULL,NULL,NULL,NULL,NULL,NULL,'1',NULL,NULL,20,'2018-02-20 09:45:17',0,NULL,NULL,NULL,'9b3b4039-9bcd-4dc9-b487-92eac4e64911',NULL),(3033,60,187,102,NULL,'2018-02-20 09:45:15',1,NULL,NULL,NULL,NULL,NULL,NULL,NULL,NULL,NULL,NULL,'7',NULL,NULL,20,'2018-02-20 09:45:17',0,NULL,NULL,NULL,'0709b21b-8ca2-49d7-bf19-c044262b704b',NULL),(3034,60,188,102,NULL,'2018-02-20 09:45:15',1,NULL,NULL,NULL,NULL,NULL,NULL,NULL,NULL,NULL,NULL,'1',NULL,NULL,20,'2018-02-20 09:45:17',0,NULL,NULL,NULL,'a98461e8-66a3-4791-82ca-d7e5788078c0',NULL);
/*!40000 ALTER TABLE `obs` ENABLE KEYS */;
UNLOCK TABLES;

--
-- Table structure for table `order_type`
--

DROP TABLE IF EXISTS `order_type`;
/*!40101 SET @saved_cs_client     = @@character_set_client */;
/*!40101 SET character_set_client = utf8 */;
CREATE TABLE `order_type` (
  `order_type_id` int(11) NOT NULL AUTO_INCREMENT,
  `name` varchar(255) NOT NULL DEFAULT '',
  `description` varchar(255) NOT NULL DEFAULT '',
  `creator` int(11) NOT NULL DEFAULT '0',
  `date_created` datetime NOT NULL,
  `retired` tinyint(1) NOT NULL DEFAULT '0',
  `retired_by` int(11) DEFAULT NULL,
  `date_retired` datetime DEFAULT NULL,
  `retire_reason` varchar(255) DEFAULT NULL,
  `uuid` char(38) DEFAULT NULL,
  PRIMARY KEY (`order_type_id`),
  UNIQUE KEY `order_type_uuid_index` (`uuid`),
  KEY `order_type_retired_status` (`retired`),
  KEY `type_created_by` (`creator`),
  KEY `user_who_retired_order_type` (`retired_by`),
  CONSTRAINT `type_created_by` FOREIGN KEY (`creator`) REFERENCES `users` (`user_id`),
  CONSTRAINT `user_who_retired_order_type` FOREIGN KEY (`retired_by`) REFERENCES `users` (`user_id`)
) ENGINE=InnoDB AUTO_INCREMENT=3 DEFAULT CHARSET=utf8;
/*!40101 SET character_set_client = @saved_cs_client */;

--
-- Dumping data for table `order_type`
--

LOCK TABLES `order_type` WRITE;
/*!40000 ALTER TABLE `order_type` DISABLE KEYS */;
INSERT INTO `order_type` VALUES (2,'Drug Order','An order for a medication to be given to the patient',1,'2010-05-12 00:00:00',0,NULL,NULL,NULL,'131168f4-15f5-102d-96e4-000c29c2a5d7');
/*!40000 ALTER TABLE `order_type` ENABLE KEYS */;
UNLOCK TABLES;

--
-- Table structure for table `orders`
--

DROP TABLE IF EXISTS `orders`;
/*!40101 SET @saved_cs_client     = @@character_set_client */;
/*!40101 SET character_set_client = utf8 */;
CREATE TABLE `orders` (
  `order_id` int(11) NOT NULL AUTO_INCREMENT,
  `order_type_id` int(11) NOT NULL DEFAULT '0',
  `concept_id` int(11) NOT NULL DEFAULT '0',
  `orderer` int(11) DEFAULT '0',
  `encounter_id` int(11) DEFAULT NULL,
  `instructions` text,
  `start_date` datetime DEFAULT NULL,
  `auto_expire_date` datetime DEFAULT NULL,
  `discontinued` tinyint(1) NOT NULL DEFAULT '0',
  `discontinued_date` datetime DEFAULT NULL,
  `discontinued_by` int(11) DEFAULT NULL,
  `discontinued_reason` int(11) DEFAULT NULL,
  `discontinued_reason_non_coded` varchar(255) DEFAULT NULL,
  `creator` int(11) NOT NULL DEFAULT '0',
  `date_created` datetime NOT NULL,
  `voided` tinyint(1) NOT NULL DEFAULT '0',
  `voided_by` int(11) DEFAULT NULL,
  `date_voided` datetime DEFAULT NULL,
  `void_reason` varchar(255) DEFAULT NULL,
  `patient_id` int(11) NOT NULL,
  `accession_number` varchar(255) DEFAULT NULL,
  `uuid` char(38) DEFAULT NULL,
  PRIMARY KEY (`order_id`),
  UNIQUE KEY `orders_uuid_index` (`uuid`),
  KEY `order_creator` (`creator`),
  KEY `user_who_discontinued_order` (`discontinued_by`),
  KEY `discontinued_because` (`discontinued_reason`),
  KEY `orders_in_encounter` (`encounter_id`),
  KEY `type_of_order` (`order_type_id`),
  KEY `orderer_not_drug` (`orderer`),
  KEY `order_for_patient` (`patient_id`),
  KEY `user_who_voided_order` (`voided_by`),
  CONSTRAINT `discontinued_because` FOREIGN KEY (`discontinued_reason`) REFERENCES `concept` (`concept_id`),
  CONSTRAINT `orderer_not_drug` FOREIGN KEY (`orderer`) REFERENCES `users` (`user_id`),
  CONSTRAINT `orders_in_encounter` FOREIGN KEY (`encounter_id`) REFERENCES `encounter` (`encounter_id`),
  CONSTRAINT `order_creator` FOREIGN KEY (`creator`) REFERENCES `users` (`user_id`),
  CONSTRAINT `order_for_patient` FOREIGN KEY (`patient_id`) REFERENCES `patient` (`patient_id`) ON UPDATE CASCADE,
  CONSTRAINT `type_of_order` FOREIGN KEY (`order_type_id`) REFERENCES `order_type` (`order_type_id`),
  CONSTRAINT `user_who_discontinued_order` FOREIGN KEY (`discontinued_by`) REFERENCES `users` (`user_id`),
  CONSTRAINT `user_who_voided_order` FOREIGN KEY (`voided_by`) REFERENCES `users` (`user_id`)
) ENGINE=InnoDB DEFAULT CHARSET=utf8;
/*!40101 SET character_set_client = @saved_cs_client */;

--
-- Dumping data for table `orders`
--

LOCK TABLES `orders` WRITE;
/*!40000 ALTER TABLE `orders` DISABLE KEYS */;
/*!40000 ALTER TABLE `orders` ENABLE KEYS */;
UNLOCK TABLES;

--
-- Table structure for table `patient`
--

DROP TABLE IF EXISTS `patient`;
/*!40101 SET @saved_cs_client     = @@character_set_client */;
/*!40101 SET character_set_client = utf8 */;
CREATE TABLE `patient` (
  `patient_id` int(11) NOT NULL,
  `tribe` int(11) DEFAULT NULL,
  `creator` int(11) NOT NULL DEFAULT '0',
  `date_created` datetime NOT NULL,
  `changed_by` int(11) DEFAULT NULL,
  `date_changed` datetime DEFAULT NULL,
  `voided` tinyint(1) NOT NULL DEFAULT '0',
  `voided_by` int(11) DEFAULT NULL,
  `date_voided` datetime DEFAULT NULL,
  `void_reason` varchar(255) DEFAULT NULL,
  PRIMARY KEY (`patient_id`),
  KEY `user_who_changed_pat` (`changed_by`),
  KEY `user_who_created_patient` (`creator`),
  KEY `user_who_voided_patient` (`voided_by`),
  CONSTRAINT `person_id_for_patient` FOREIGN KEY (`patient_id`) REFERENCES `person` (`person_id`) ON UPDATE CASCADE,
  CONSTRAINT `user_who_changed_pat` FOREIGN KEY (`changed_by`) REFERENCES `users` (`user_id`),
  CONSTRAINT `user_who_created_patient` FOREIGN KEY (`creator`) REFERENCES `users` (`user_id`),
  CONSTRAINT `user_who_voided_patient` FOREIGN KEY (`voided_by`) REFERENCES `users` (`user_id`)
) ENGINE=InnoDB DEFAULT CHARSET=utf8;
/*!40101 SET character_set_client = @saved_cs_client */;

--
-- Dumping data for table `patient`
--

LOCK TABLES `patient` WRITE;
/*!40000 ALTER TABLE `patient` DISABLE KEYS */;
INSERT INTO `patient` VALUES (6,NULL,5,'2014-10-29 21:35:10',4,'2014-10-30 12:04:41',0,NULL,NULL,NULL),(7,NULL,6,'2014-10-29 21:51:05',4,'2014-10-30 12:05:14',0,NULL,NULL,NULL),(8,NULL,6,'2014-10-29 21:52:15',4,'2014-10-30 12:05:38',0,NULL,NULL,NULL),(9,NULL,6,'2014-10-29 21:53:52',4,'2014-10-30 12:06:05',0,NULL,NULL,NULL),(12,NULL,5,'2016-10-26 10:48:50',2,'2017-08-03 07:09:47',0,NULL,NULL,NULL),(14,NULL,5,'2017-03-01 09:28:33',5,'2017-03-01 09:28:33',0,NULL,NULL,NULL),(15,NULL,5,'2017-03-01 09:53:12',5,'2017-03-01 09:53:12',0,NULL,NULL,NULL),(16,NULL,9,'2017-05-11 11:35:52',9,'2017-05-11 11:35:52',0,NULL,NULL,NULL),(18,NULL,5,'2017-07-20 14:32:16',5,'2017-07-20 14:32:17',0,NULL,NULL,NULL),(20,NULL,5,'2017-09-06 15:51:08',5,'2017-09-06 15:51:08',0,NULL,NULL,NULL),(21,NULL,5,'2017-09-06 15:51:15',5,'2017-09-06 15:51:15',0,NULL,NULL,NULL),(22,NULL,5,'2017-09-06 15:51:34',5,'2017-09-06 15:51:34',0,NULL,NULL,NULL),(23,NULL,5,'2017-09-06 15:51:43',5,'2017-09-06 15:51:43',0,NULL,NULL,NULL),(24,NULL,5,'2017-09-06 15:51:51',5,'2017-09-06 15:51:51',0,NULL,NULL,NULL),(25,NULL,5,'2017-09-06 15:51:57',5,'2017-09-06 15:51:57',0,NULL,NULL,NULL),(26,NULL,5,'2017-09-06 15:52:59',5,'2017-09-06 15:52:59',0,NULL,NULL,NULL),(27,NULL,5,'2017-09-06 15:53:08',5,'2017-09-06 15:53:08',0,NULL,NULL,NULL),(28,NULL,5,'2018-01-05 17:30:27',5,'2018-01-05 17:30:27',0,NULL,NULL,NULL),(29,NULL,5,'2018-02-06 14:59:32',5,'2018-02-06 14:59:32',0,NULL,NULL,NULL),(30,NULL,5,'2018-02-07 11:55:48',5,'2018-02-07 11:55:48',0,NULL,NULL,NULL),(31,NULL,5,'2018-02-07 12:30:45',5,'2018-02-07 12:30:45',0,NULL,NULL,NULL),(32,NULL,5,'2018-02-07 12:30:50',5,'2018-02-07 12:30:50',0,NULL,NULL,NULL),(33,NULL,5,'2018-02-07 17:29:22',5,'2018-02-07 17:29:22',0,NULL,NULL,NULL),(34,NULL,5,'2018-02-07 17:53:34',5,'2018-02-07 17:53:34',0,NULL,NULL,NULL),(36,NULL,5,'2018-02-08 16:24:40',5,'2018-02-08 16:24:40',0,NULL,NULL,NULL),(37,NULL,5,'2018-02-08 17:01:30',5,'2018-02-08 17:01:30',0,NULL,NULL,NULL),(38,NULL,5,'2018-02-08 17:09:16',5,'2018-02-08 17:09:16',0,NULL,NULL,NULL),(39,NULL,5,'2018-02-09 10:00:37',5,'2018-02-09 10:00:37',0,NULL,NULL,NULL),(41,NULL,11,'2018-02-14 12:32:05',11,'2018-02-14 12:32:05',0,NULL,NULL,NULL),(42,NULL,11,'2018-02-14 12:43:04',11,'2018-02-14 12:43:04',0,NULL,NULL,NULL),(44,NULL,11,'2018-02-15 09:17:22',11,'2018-02-15 09:17:22',0,NULL,NULL,NULL),(45,NULL,11,'2018-02-16 10:24:15',11,'2018-02-16 10:24:15',0,NULL,NULL,NULL),(46,NULL,11,'2018-02-16 10:24:19',11,'2018-02-16 10:24:19',0,NULL,NULL,NULL),(47,NULL,11,'2018-02-16 10:24:23',11,'2018-02-16 10:24:23',0,NULL,NULL,NULL),(50,NULL,13,'2018-02-16 14:39:15',13,'2018-02-16 14:39:15',0,NULL,NULL,NULL),(51,NULL,11,'2018-02-16 15:03:48',11,'2018-02-16 15:03:48',0,NULL,NULL,NULL),(52,NULL,11,'2018-02-16 15:03:53',11,'2018-02-16 15:03:53',0,NULL,NULL,NULL),(53,NULL,11,'2018-02-16 15:03:57',11,'2018-02-16 15:03:57',0,NULL,NULL,NULL),(54,NULL,11,'2018-02-16 15:04:00',11,'2018-02-16 15:04:00',0,NULL,NULL,NULL),(55,NULL,11,'2018-02-16 15:04:04',11,'2018-02-16 15:04:04',0,NULL,NULL,NULL),(57,NULL,5,'2018-02-16 15:24:48',5,'2018-02-16 15:24:48',0,NULL,NULL,NULL),(58,NULL,5,'2018-02-16 15:24:53',5,'2018-02-16 15:24:53',0,NULL,NULL,NULL),(59,NULL,5,'2018-02-16 15:24:56',5,'2018-02-16 15:24:56',0,NULL,NULL,NULL),(60,NULL,13,'2018-02-19 09:36:32',13,'2018-02-19 09:36:32',0,NULL,NULL,NULL),(61,NULL,13,'2018-02-19 09:36:37',13,'2018-02-19 09:36:37',0,NULL,NULL,NULL),(62,NULL,13,'2018-02-19 09:36:41',13,'2018-02-19 09:36:41',0,NULL,NULL,NULL),(63,NULL,13,'2018-02-19 09:36:45',13,'2018-02-19 09:36:45',0,NULL,NULL,NULL),(64,NULL,13,'2018-02-19 09:36:49',13,'2018-02-19 09:36:49',0,NULL,NULL,NULL),(73,NULL,20,'2018-02-19 14:30:44',20,'2018-02-19 14:30:44',0,NULL,NULL,NULL);
/*!40000 ALTER TABLE `patient` ENABLE KEYS */;
UNLOCK TABLES;

--
-- Table structure for table `patient_identifier`
--

DROP TABLE IF EXISTS `patient_identifier`;
/*!40101 SET @saved_cs_client     = @@character_set_client */;
/*!40101 SET character_set_client = utf8 */;
CREATE TABLE `patient_identifier` (
  `patient_identifier_id` int(11) NOT NULL AUTO_INCREMENT,
  `patient_id` int(11) NOT NULL DEFAULT '0',
  `identifier` varchar(50) NOT NULL DEFAULT '',
  `identifier_type` int(11) NOT NULL DEFAULT '0',
  `preferred` tinyint(1) NOT NULL DEFAULT '0',
  `location_id` int(11) DEFAULT '0',
  `creator` int(11) NOT NULL DEFAULT '0',
  `date_created` datetime NOT NULL,
  `date_changed` datetime DEFAULT NULL,
  `changed_by` int(11) DEFAULT NULL,
  `voided` tinyint(1) NOT NULL DEFAULT '0',
  `voided_by` int(11) DEFAULT NULL,
  `date_voided` datetime DEFAULT NULL,
  `void_reason` varchar(255) DEFAULT NULL,
  `uuid` char(38) DEFAULT NULL,
  PRIMARY KEY (`patient_identifier_id`),
  UNIQUE KEY `patient_identifier_uuid_index` (`uuid`),
  KEY `identifier_name` (`identifier`),
  KEY `idx_patient_identifier_patient` (`patient_id`),
  KEY `identifier_creator` (`creator`),
  KEY `defines_identifier_type` (`identifier_type`),
  KEY `patient_identifier_ibfk_2` (`location_id`),
  KEY `identifier_voider` (`voided_by`),
  KEY `patient_identifier_changed_by` (`changed_by`),
  CONSTRAINT `defines_identifier_type` FOREIGN KEY (`identifier_type`) REFERENCES `patient_identifier_type` (`patient_identifier_type_id`),
  CONSTRAINT `identifier_creator` FOREIGN KEY (`creator`) REFERENCES `users` (`user_id`),
  CONSTRAINT `identifier_voider` FOREIGN KEY (`voided_by`) REFERENCES `users` (`user_id`),
  CONSTRAINT `patient_identifier_changed_by` FOREIGN KEY (`changed_by`) REFERENCES `users` (`user_id`),
  CONSTRAINT `patient_identifier_ibfk_2` FOREIGN KEY (`location_id`) REFERENCES `location` (`location_id`)
) ENGINE=InnoDB AUTO_INCREMENT=50 DEFAULT CHARSET=utf8;
/*!40101 SET character_set_client = @saved_cs_client */;

--
-- Dumping data for table `patient_identifier`
--

LOCK TABLES `patient_identifier` WRITE;
/*!40000 ALTER TABLE `patient_identifier` DISABLE KEYS */;
INSERT INTO `patient_identifier` VALUES (1,6,'909558009',2,1,1,5,'2014-10-29 21:35:10',NULL,NULL,0,NULL,NULL,NULL,'9ca87e4b-f746-42fd-ad21-288cb27e856a'),(2,7,'909627309',2,1,1,6,'2014-10-29 21:51:05',NULL,NULL,0,NULL,NULL,NULL,'973ad76f-06ab-46e4-b223-59582eec07f0'),(3,8,'90909909',2,1,1,6,'2014-10-29 21:52:15',NULL,NULL,0,NULL,NULL,NULL,'e9ae77be-89b5-4c42-be6e-2437e5b7b3f4'),(4,9,'909035109',2,1,1,6,'2014-10-29 21:53:52',NULL,NULL,0,NULL,NULL,NULL,'969aacbf-9262-4359-8357-9325aa8ed908'),(5,12,'10101001101',2,1,1,5,'2016-10-26 10:48:50',NULL,NULL,0,NULL,NULL,NULL,'6fa2a22d-386c-48a0-bb12-15a7669ac230'),(6,14,'108041160001',2,1,1,5,'2017-03-01 09:28:33',NULL,NULL,0,NULL,NULL,NULL,'084af7d8-77d8-42da-8b78-639f0e5a9872'),(7,15,'108041160002',2,1,1,5,'2017-03-01 09:53:12',NULL,NULL,0,NULL,NULL,NULL,'44c114b0-b5bb-43e7-8f28-c41aa5004978'),(8,16,'108041160003',2,1,1,9,'2017-05-11 11:35:52',NULL,NULL,0,NULL,NULL,NULL,'2c61cfcc-59f4-4189-81bf-be7ed214d045'),(9,18,'101010010001',2,1,1,5,'2017-07-20 14:32:16',NULL,NULL,0,NULL,NULL,NULL,'403d2ea7-6244-4a09-a79d-5f2561bfdd81'),(10,20,'101010010002',2,1,1,5,'2017-09-06 15:51:08',NULL,NULL,0,NULL,NULL,NULL,'deb6bc33-160f-4b20-acf5-612c7dcded8d'),(11,21,'101010010003',2,1,1,5,'2017-09-06 15:51:15',NULL,NULL,0,NULL,NULL,NULL,'ed05ac55-5317-47ad-9191-41e2c5a75415'),(12,22,'101010010004',2,1,1,5,'2017-09-06 15:51:34',NULL,NULL,0,NULL,NULL,NULL,'9c9e52d0-e5be-48f3-88bd-d6c86bde9f69'),(13,23,'101010010005',2,1,1,5,'2017-09-06 15:51:43',NULL,NULL,0,NULL,NULL,NULL,'473a0305-1442-4b3f-aba0-6be31d899dba'),(14,24,'101010010006',2,1,1,5,'2017-09-06 15:51:51',NULL,NULL,0,NULL,NULL,NULL,'56b86e4d-e623-41d0-9ab3-2d5c2a622ac9'),(15,25,'101010010007',2,1,1,5,'2017-09-06 15:51:57',NULL,NULL,0,NULL,NULL,NULL,'4464ce3b-8064-4c21-a364-3ad9c6938c55'),(16,26,'101010010008',2,1,1,5,'2017-09-06 15:52:59',NULL,NULL,0,NULL,NULL,NULL,'6180671e-f729-481f-b510-046c281e9830'),(17,27,'101010010009',2,1,1,5,'2017-09-06 15:53:08',NULL,NULL,0,NULL,NULL,NULL,'2001098d-42dc-4e52-b4c1-8233b116d61f'),(18,28,'101011050001',2,1,1,5,'2018-01-05 17:30:27',NULL,NULL,0,NULL,NULL,NULL,'e94b0a37-51bb-4b78-9340-ce552b8ce2d6'),(19,29,'1010010001',2,1,1,5,'2018-02-06 14:59:32',NULL,NULL,0,NULL,NULL,NULL,'f4bf44ee-3098-400b-9757-1c3dd9c032ec'),(20,30,'1010010002',2,1,1,5,'2018-02-07 11:55:48',NULL,NULL,0,NULL,NULL,NULL,'7dc6ab00-d953-4816-876c-d812a68a6bfe'),(21,31,'1010010003',2,1,1,5,'2018-02-07 12:30:45',NULL,NULL,0,NULL,NULL,NULL,'3eeba07f-e645-4e25-9d25-5b8bf8009713'),(22,32,'1010010004',2,1,1,5,'2018-02-07 12:30:50',NULL,NULL,0,NULL,NULL,NULL,'1dd3f28d-c913-478f-a102-55cd42aecb4b'),(23,33,'1010010005',2,1,1,5,'2018-02-07 17:29:22',NULL,NULL,0,NULL,NULL,NULL,'dfda7840-46e8-4e22-a97b-12e2a9b3f70b'),(24,34,'1020010001',2,1,1,5,'2018-02-07 17:53:34',NULL,NULL,0,NULL,NULL,NULL,'ffdc40a3-fcf7-4503-89a6-4c1f8a3d16f7'),(25,36,'1020010002',2,1,1,5,'2018-02-08 16:24:40',NULL,NULL,0,NULL,NULL,NULL,'6a1cacbf-6b45-4742-a89e-fcafe75473f2'),(26,37,'1040010001',2,1,1,5,'2018-02-08 17:01:30',NULL,NULL,0,NULL,NULL,NULL,'6034da22-d66f-4d6a-977e-65505a9b060b'),(27,38,'1030010001',2,1,1,5,'2018-02-08 17:09:16',NULL,NULL,0,NULL,NULL,NULL,'1dd02ad1-83e5-4c15-90a9-d57f4b62c2d2'),(28,39,'1020010004',2,1,1,5,'2018-02-09 10:00:37',NULL,NULL,0,NULL,NULL,NULL,'f9bd052b-6ee8-436c-bd93-601b5a53ee0f'),(29,41,'1030010002',2,1,1,11,'2018-02-14 12:32:05',NULL,NULL,0,NULL,NULL,NULL,'6546603c-66ac-48ec-a834-d60eaf834375'),(30,42,'1030010003',2,1,1,11,'2018-02-14 12:43:04',NULL,NULL,0,NULL,NULL,NULL,'0adf1a8a-06ac-4b45-90ad-b70b9c2ca418'),(31,44,'1040030001',2,1,1,11,'2018-02-15 09:17:22',NULL,NULL,0,NULL,NULL,NULL,'0027f1bb-0c04-4c6f-ba28-d16ea193dc77'),(32,45,'1040010002',2,1,1,11,'2018-02-16 10:24:15',NULL,NULL,0,NULL,NULL,NULL,'8462f9c6-3cfa-4406-a048-46b1231e6e0f'),(33,46,'1040010003',2,1,1,11,'2018-02-16 10:24:19',NULL,NULL,0,NULL,NULL,NULL,'3f64438f-c689-4e45-b169-efcc1261f7ec'),(34,47,'1040010004',2,1,1,11,'2018-02-16 10:24:23',NULL,NULL,0,NULL,NULL,NULL,'5852e8a5-303f-4c5a-9edf-1b977ef7682b'),(35,50,'1030030001',2,1,1,13,'2018-02-16 14:39:15',NULL,NULL,0,NULL,NULL,NULL,'9acc03d0-8c76-4632-8724-1ee520e6870e'),(36,51,'1040010005',2,1,1,11,'2018-02-16 15:03:48',NULL,NULL,0,NULL,NULL,NULL,'a6466478-b2ab-4042-9c99-af517690a46e'),(37,52,'1040010006',2,1,1,11,'2018-02-16 15:03:53',NULL,NULL,0,NULL,NULL,NULL,'ad7004d6-668e-417b-bb04-47f339cafcd4'),(38,53,'1040010007',2,1,1,11,'2018-02-16 15:03:57',NULL,NULL,0,NULL,NULL,NULL,'035a8735-92eb-4e2f-94bf-2e787c863958'),(39,54,'1040010008',2,1,1,11,'2018-02-16 15:04:00',NULL,NULL,0,NULL,NULL,NULL,'e87e9b7d-2d7e-4ac2-908c-249f8054e86b'),(40,55,'1040010009',2,1,1,11,'2018-02-16 15:04:04',NULL,NULL,0,NULL,NULL,NULL,'2a523aa4-60d5-4f90-a16f-dfc3a4cbf774'),(41,57,'1030030002',2,1,1,5,'2018-02-16 15:24:48',NULL,NULL,0,NULL,NULL,NULL,'ce31bdde-dc6e-4c48-8963-cfabd8a2520a'),(42,58,'1030030003',2,1,1,5,'2018-02-16 15:24:53',NULL,NULL,0,NULL,NULL,NULL,'3dc7c5e0-4701-4c5d-9469-6068b6690b6a'),(43,59,'1030030004',2,1,1,5,'2018-02-16 15:24:56',NULL,NULL,0,NULL,NULL,NULL,'784e94b2-7eb7-4ff7-803e-df4d76235d44'),(44,60,'1010050001',2,1,1,13,'2018-02-19 09:36:32',NULL,NULL,0,NULL,NULL,NULL,'e2e14f9d-a5eb-494a-9f6e-82198aae6171'),(45,61,'1010050002',2,1,1,13,'2018-02-19 09:36:37',NULL,NULL,0,NULL,NULL,NULL,'b9f84602-22ee-4a10-9204-4e15b5b8db9c'),(46,62,'1010050003',2,1,1,13,'2018-02-19 09:36:41',NULL,NULL,0,NULL,NULL,NULL,'db31a328-46a4-422b-92ba-180e92e9b76c'),(47,63,'1010050004',2,1,1,13,'2018-02-19 09:36:45',NULL,NULL,0,NULL,NULL,NULL,'05905856-edad-4369-806e-c1d0fc16a832'),(48,64,'1010050005',2,1,1,13,'2018-02-19 09:36:49',NULL,NULL,0,NULL,NULL,NULL,'ec8486bb-f2e9-41a3-961a-54bcfa6e45ee'),(49,73,'1030040001',2,1,1,20,'2018-02-19 14:30:44',NULL,NULL,0,NULL,NULL,NULL,'2d35069b-2738-424d-914e-aa0502536325');
/*!40000 ALTER TABLE `patient_identifier` ENABLE KEYS */;
UNLOCK TABLES;

--
-- Table structure for table `patient_identifier_type`
--

DROP TABLE IF EXISTS `patient_identifier_type`;
/*!40101 SET @saved_cs_client     = @@character_set_client */;
/*!40101 SET character_set_client = utf8 */;
CREATE TABLE `patient_identifier_type` (
  `patient_identifier_type_id` int(11) NOT NULL AUTO_INCREMENT,
  `name` varchar(50) NOT NULL DEFAULT '',
  `description` text NOT NULL,
  `format` varchar(255) DEFAULT NULL,
  `check_digit` tinyint(1) NOT NULL DEFAULT '0',
  `creator` int(11) NOT NULL DEFAULT '0',
  `date_created` datetime NOT NULL,
  `required` tinyint(1) NOT NULL DEFAULT '0',
  `format_description` varchar(255) DEFAULT NULL,
  `validator` varchar(200) DEFAULT NULL,
  `location_behavior` varchar(50) DEFAULT NULL,
  `retired` tinyint(1) NOT NULL DEFAULT '0',
  `retired_by` int(11) DEFAULT NULL,
  `date_retired` datetime DEFAULT NULL,
  `retire_reason` varchar(255) DEFAULT NULL,
  `uuid` char(38) DEFAULT NULL,
  PRIMARY KEY (`patient_identifier_type_id`),
  UNIQUE KEY `patient_identifier_type_uuid_index` (`uuid`),
  KEY `patient_identifier_type_retired_status` (`retired`),
  KEY `type_creator` (`creator`),
  KEY `user_who_retired_patient_identifier_type` (`retired_by`),
  CONSTRAINT `type_creator` FOREIGN KEY (`creator`) REFERENCES `users` (`user_id`),
  CONSTRAINT `user_who_retired_patient_identifier_type` FOREIGN KEY (`retired_by`) REFERENCES `users` (`user_id`)
) ENGINE=InnoDB AUTO_INCREMENT=3 DEFAULT CHARSET=utf8;
/*!40101 SET character_set_client = @saved_cs_client */;

--
-- Dumping data for table `patient_identifier_type`
--

LOCK TABLES `patient_identifier_type` WRITE;
/*!40000 ALTER TABLE `patient_identifier_type` DISABLE KEYS */;
INSERT INTO `patient_identifier_type` VALUES (1,'OpenMRS Identification Number','Unique number used in OpenMRS','',1,1,'2005-09-22 00:00:00',0,NULL,'org.openmrs.patient.impl.LuhnIdentifierValidator',NULL,0,NULL,NULL,NULL,'8d793bee-c2cc-11de-8d13-0010c6dffd0f'),(2,'Old Identification Number','Number given out prior to the OpenMRS system (No check digit)','',0,1,'2005-09-22 00:00:00',0,NULL,NULL,NULL,0,NULL,NULL,NULL,'8d79403a-c2cc-11de-8d13-0010c6dffd0f');
/*!40000 ALTER TABLE `patient_identifier_type` ENABLE KEYS */;
UNLOCK TABLES;

--
-- Table structure for table `patient_program`
--

DROP TABLE IF EXISTS `patient_program`;
/*!40101 SET @saved_cs_client     = @@character_set_client */;
/*!40101 SET character_set_client = utf8 */;
CREATE TABLE `patient_program` (
  `patient_program_id` int(11) NOT NULL AUTO_INCREMENT,
  `patient_id` int(11) NOT NULL DEFAULT '0',
  `program_id` int(11) NOT NULL DEFAULT '0',
  `date_enrolled` datetime DEFAULT NULL,
  `date_completed` datetime DEFAULT NULL,
  `location_id` int(11) DEFAULT NULL,
  `outcome_concept_id` int(11) DEFAULT NULL,
  `creator` int(11) NOT NULL DEFAULT '0',
  `date_created` datetime NOT NULL,
  `changed_by` int(11) DEFAULT NULL,
  `date_changed` datetime DEFAULT NULL,
  `voided` tinyint(1) NOT NULL DEFAULT '0',
  `voided_by` int(11) DEFAULT NULL,
  `date_voided` datetime DEFAULT NULL,
  `void_reason` varchar(255) DEFAULT NULL,
  `uuid` char(38) DEFAULT NULL,
  PRIMARY KEY (`patient_program_id`),
  UNIQUE KEY `patient_program_uuid_index` (`uuid`),
  KEY `user_who_changed` (`changed_by`),
  KEY `patient_program_creator` (`creator`),
  KEY `patient_in_program` (`patient_id`),
  KEY `program_for_patient` (`program_id`),
  KEY `user_who_voided_patient_program` (`voided_by`),
  KEY `patient_program_location_id` (`location_id`),
  KEY `patient_program_outcome_concept_id_fk` (`outcome_concept_id`),
  CONSTRAINT `patient_in_program` FOREIGN KEY (`patient_id`) REFERENCES `patient` (`patient_id`) ON UPDATE CASCADE,
  CONSTRAINT `patient_program_creator` FOREIGN KEY (`creator`) REFERENCES `users` (`user_id`),
  CONSTRAINT `patient_program_location_id` FOREIGN KEY (`location_id`) REFERENCES `location` (`location_id`),
  CONSTRAINT `patient_program_outcome_concept_id_fk` FOREIGN KEY (`outcome_concept_id`) REFERENCES `concept` (`concept_id`),
  CONSTRAINT `program_for_patient` FOREIGN KEY (`program_id`) REFERENCES `program` (`program_id`),
  CONSTRAINT `user_who_changed` FOREIGN KEY (`changed_by`) REFERENCES `users` (`user_id`),
  CONSTRAINT `user_who_voided_patient_program` FOREIGN KEY (`voided_by`) REFERENCES `users` (`user_id`)
) ENGINE=InnoDB DEFAULT CHARSET=utf8;
/*!40101 SET character_set_client = @saved_cs_client */;

--
-- Dumping data for table `patient_program`
--

LOCK TABLES `patient_program` WRITE;
/*!40000 ALTER TABLE `patient_program` DISABLE KEYS */;
/*!40000 ALTER TABLE `patient_program` ENABLE KEYS */;
UNLOCK TABLES;

--
-- Table structure for table `patient_state`
--

DROP TABLE IF EXISTS `patient_state`;
/*!40101 SET @saved_cs_client     = @@character_set_client */;
/*!40101 SET character_set_client = utf8 */;
CREATE TABLE `patient_state` (
  `patient_state_id` int(11) NOT NULL AUTO_INCREMENT,
  `patient_program_id` int(11) NOT NULL DEFAULT '0',
  `state` int(11) NOT NULL DEFAULT '0',
  `start_date` date DEFAULT NULL,
  `end_date` date DEFAULT NULL,
  `creator` int(11) NOT NULL DEFAULT '0',
  `date_created` datetime NOT NULL,
  `changed_by` int(11) DEFAULT NULL,
  `date_changed` datetime DEFAULT NULL,
  `voided` tinyint(1) NOT NULL DEFAULT '0',
  `voided_by` int(11) DEFAULT NULL,
  `date_voided` datetime DEFAULT NULL,
  `void_reason` varchar(255) DEFAULT NULL,
  `uuid` char(38) DEFAULT NULL,
  PRIMARY KEY (`patient_state_id`),
  UNIQUE KEY `patient_state_uuid_index` (`uuid`),
  KEY `patient_state_changer` (`changed_by`),
  KEY `patient_state_creator` (`creator`),
  KEY `patient_program_for_state` (`patient_program_id`),
  KEY `state_for_patient` (`state`),
  KEY `patient_state_voider` (`voided_by`),
  CONSTRAINT `patient_program_for_state` FOREIGN KEY (`patient_program_id`) REFERENCES `patient_program` (`patient_program_id`),
  CONSTRAINT `patient_state_changer` FOREIGN KEY (`changed_by`) REFERENCES `users` (`user_id`),
  CONSTRAINT `patient_state_creator` FOREIGN KEY (`creator`) REFERENCES `users` (`user_id`),
  CONSTRAINT `patient_state_voider` FOREIGN KEY (`voided_by`) REFERENCES `users` (`user_id`),
  CONSTRAINT `state_for_patient` FOREIGN KEY (`state`) REFERENCES `program_workflow_state` (`program_workflow_state_id`)
) ENGINE=InnoDB DEFAULT CHARSET=utf8;
/*!40101 SET character_set_client = @saved_cs_client */;

--
-- Dumping data for table `patient_state`
--

LOCK TABLES `patient_state` WRITE;
/*!40000 ALTER TABLE `patient_state` DISABLE KEYS */;
/*!40000 ALTER TABLE `patient_state` ENABLE KEYS */;
UNLOCK TABLES;

--
-- Table structure for table `patientflags_displaypoint`
--

DROP TABLE IF EXISTS `patientflags_displaypoint`;
/*!40101 SET @saved_cs_client     = @@character_set_client */;
/*!40101 SET character_set_client = utf8 */;
CREATE TABLE `patientflags_displaypoint` (
  `displaypoint_id` int(11) NOT NULL AUTO_INCREMENT,
  `name` varchar(255) NOT NULL,
  `description` varchar(1000) DEFAULT NULL,
  `creator` int(11) NOT NULL DEFAULT '0',
  `date_created` datetime NOT NULL DEFAULT '0000-00-00 00:00:00',
  `changed_by` int(11) DEFAULT NULL,
  `date_changed` datetime DEFAULT NULL,
  `retired` tinyint(1) NOT NULL DEFAULT '0',
  `retired_by` int(11) DEFAULT NULL,
  `date_retired` datetime DEFAULT NULL,
  `retire_reason` varchar(255) DEFAULT NULL,
  `uuid` char(38) NOT NULL,
  PRIMARY KEY (`displaypoint_id`)
) ENGINE=InnoDB AUTO_INCREMENT=3 DEFAULT CHARSET=utf8;
/*!40101 SET character_set_client = @saved_cs_client */;

--
-- Dumping data for table `patientflags_displaypoint`
--

LOCK TABLES `patientflags_displaypoint` WRITE;
/*!40000 ALTER TABLE `patientflags_displaypoint` DISABLE KEYS */;
INSERT INTO `patientflags_displaypoint` VALUES (1,'Patient Dashboard Header',NULL,0,'2014-10-29 17:38:17',NULL,NULL,0,NULL,NULL,NULL,'442d6d0e-5f64-11e4-9371-000c29143e5d'),(2,'Patient Dashboard Overview',NULL,0,'2014-10-29 17:38:17',NULL,NULL,0,NULL,NULL,NULL,'442d72a4-5f64-11e4-9371-000c29143e5d');
/*!40000 ALTER TABLE `patientflags_displaypoint` ENABLE KEYS */;
UNLOCK TABLES;

--
-- Table structure for table `patientflags_flag`
--

DROP TABLE IF EXISTS `patientflags_flag`;
/*!40101 SET @saved_cs_client     = @@character_set_client */;
/*!40101 SET character_set_client = utf8 */;
CREATE TABLE `patientflags_flag` (
  `flag_id` int(11) NOT NULL AUTO_INCREMENT,
  `name` varchar(255) NOT NULL,
  `criteria` varchar(5000) NOT NULL,
  `message` varchar(255) NOT NULL,
  `enabled` tinyint(1) NOT NULL,
  `evaluator` varchar(255) NOT NULL,
  `description` varchar(1000) DEFAULT NULL,
  `creator` int(11) NOT NULL DEFAULT '0',
  `date_created` datetime NOT NULL DEFAULT '0000-00-00 00:00:00',
  `changed_by` int(11) DEFAULT NULL,
  `date_changed` datetime DEFAULT NULL,
  `retired` tinyint(1) NOT NULL DEFAULT '0',
  `retired_by` int(11) DEFAULT NULL,
  `date_retired` datetime DEFAULT NULL,
  `retire_reason` varchar(255) DEFAULT NULL,
  `uuid` char(38) NOT NULL,
  `priority_id` int(11) DEFAULT NULL,
  PRIMARY KEY (`flag_id`)
) ENGINE=InnoDB DEFAULT CHARSET=utf8;
/*!40101 SET character_set_client = @saved_cs_client */;

--
-- Dumping data for table `patientflags_flag`
--

LOCK TABLES `patientflags_flag` WRITE;
/*!40000 ALTER TABLE `patientflags_flag` DISABLE KEYS */;
/*!40000 ALTER TABLE `patientflags_flag` ENABLE KEYS */;
UNLOCK TABLES;

--
-- Table structure for table `patientflags_flag_tag`
--

DROP TABLE IF EXISTS `patientflags_flag_tag`;
/*!40101 SET @saved_cs_client     = @@character_set_client */;
/*!40101 SET character_set_client = utf8 */;
CREATE TABLE `patientflags_flag_tag` (
  `flag_id` int(11) NOT NULL,
  `tag_id` int(11) NOT NULL,
  KEY `flag_id` (`flag_id`),
  KEY `tag_id` (`tag_id`),
  CONSTRAINT `patientflags_flag_tag_ibfk_1` FOREIGN KEY (`flag_id`) REFERENCES `patientflags_flag` (`flag_id`),
  CONSTRAINT `patientflags_flag_tag_ibfk_2` FOREIGN KEY (`tag_id`) REFERENCES `patientflags_tag` (`tag_id`)
) ENGINE=InnoDB DEFAULT CHARSET=utf8;
/*!40101 SET character_set_client = @saved_cs_client */;

--
-- Dumping data for table `patientflags_flag_tag`
--

LOCK TABLES `patientflags_flag_tag` WRITE;
/*!40000 ALTER TABLE `patientflags_flag_tag` DISABLE KEYS */;
/*!40000 ALTER TABLE `patientflags_flag_tag` ENABLE KEYS */;
UNLOCK TABLES;

--
-- Table structure for table `patientflags_priority`
--

DROP TABLE IF EXISTS `patientflags_priority`;
/*!40101 SET @saved_cs_client     = @@character_set_client */;
/*!40101 SET character_set_client = utf8 */;
CREATE TABLE `patientflags_priority` (
  `priority_id` int(11) NOT NULL AUTO_INCREMENT,
  `name` varchar(255) NOT NULL,
  `style` varchar(255) NOT NULL,
  `rank` int(11) NOT NULL,
  `description` varchar(1000) DEFAULT NULL,
  `creator` int(11) NOT NULL DEFAULT '0',
  `date_created` datetime NOT NULL DEFAULT '0000-00-00 00:00:00',
  `changed_by` int(11) DEFAULT NULL,
  `date_changed` datetime DEFAULT NULL,
  `retired` tinyint(1) NOT NULL DEFAULT '0',
  `retired_by` int(11) DEFAULT NULL,
  `date_retired` datetime DEFAULT NULL,
  `retire_reason` varchar(255) DEFAULT NULL,
  `uuid` char(38) NOT NULL,
  PRIMARY KEY (`priority_id`)
) ENGINE=InnoDB DEFAULT CHARSET=utf8;
/*!40101 SET character_set_client = @saved_cs_client */;

--
-- Dumping data for table `patientflags_priority`
--

LOCK TABLES `patientflags_priority` WRITE;
/*!40000 ALTER TABLE `patientflags_priority` DISABLE KEYS */;
/*!40000 ALTER TABLE `patientflags_priority` ENABLE KEYS */;
UNLOCK TABLES;

--
-- Table structure for table `patientflags_tag`
--

DROP TABLE IF EXISTS `patientflags_tag`;
/*!40101 SET @saved_cs_client     = @@character_set_client */;
/*!40101 SET character_set_client = utf8 */;
CREATE TABLE `patientflags_tag` (
  `tag_id` int(11) NOT NULL AUTO_INCREMENT,
  `name` varchar(255) DEFAULT NULL,
  `description` varchar(1000) DEFAULT NULL,
  `creator` int(11) NOT NULL DEFAULT '0',
  `date_created` datetime NOT NULL DEFAULT '0000-00-00 00:00:00',
  `changed_by` int(11) DEFAULT NULL,
  `date_changed` datetime DEFAULT NULL,
  `retired` tinyint(1) NOT NULL DEFAULT '0',
  `retired_by` int(11) DEFAULT NULL,
  `date_retired` datetime DEFAULT NULL,
  `retire_reason` varchar(255) DEFAULT NULL,
  `uuid` char(38) NOT NULL,
  PRIMARY KEY (`tag_id`)
) ENGINE=InnoDB DEFAULT CHARSET=utf8;
/*!40101 SET character_set_client = @saved_cs_client */;

--
-- Dumping data for table `patientflags_tag`
--

LOCK TABLES `patientflags_tag` WRITE;
/*!40000 ALTER TABLE `patientflags_tag` DISABLE KEYS */;
/*!40000 ALTER TABLE `patientflags_tag` ENABLE KEYS */;
UNLOCK TABLES;

--
-- Table structure for table `patientflags_tag_displaypoint`
--

DROP TABLE IF EXISTS `patientflags_tag_displaypoint`;
/*!40101 SET @saved_cs_client     = @@character_set_client */;
/*!40101 SET character_set_client = utf8 */;
CREATE TABLE `patientflags_tag_displaypoint` (
  `tag_id` int(11) NOT NULL,
  `displaypoint_id` int(11) NOT NULL,
  KEY `tag_id` (`tag_id`),
  KEY `displaypoint_id` (`displaypoint_id`),
  CONSTRAINT `patientflags_tag_displaypoint_ibfk_1` FOREIGN KEY (`tag_id`) REFERENCES `patientflags_tag` (`tag_id`),
  CONSTRAINT `patientflags_tag_displaypoint_ibfk_2` FOREIGN KEY (`displaypoint_id`) REFERENCES `patientflags_displaypoint` (`displaypoint_id`)
) ENGINE=InnoDB DEFAULT CHARSET=utf8;
/*!40101 SET character_set_client = @saved_cs_client */;

--
-- Dumping data for table `patientflags_tag_displaypoint`
--

LOCK TABLES `patientflags_tag_displaypoint` WRITE;
/*!40000 ALTER TABLE `patientflags_tag_displaypoint` DISABLE KEYS */;
/*!40000 ALTER TABLE `patientflags_tag_displaypoint` ENABLE KEYS */;
UNLOCK TABLES;

--
-- Table structure for table `patientflags_tag_role`
--

DROP TABLE IF EXISTS `patientflags_tag_role`;
/*!40101 SET @saved_cs_client     = @@character_set_client */;
/*!40101 SET character_set_client = utf8 */;
CREATE TABLE `patientflags_tag_role` (
  `tag_id` int(11) NOT NULL,
  `role` varchar(50) NOT NULL,
  KEY `tag_id` (`tag_id`),
  KEY `role` (`role`),
  CONSTRAINT `patientflags_tag_role_ibfk_1` FOREIGN KEY (`tag_id`) REFERENCES `patientflags_tag` (`tag_id`),
  CONSTRAINT `patientflags_tag_role_ibfk_2` FOREIGN KEY (`role`) REFERENCES `role` (`role`)
) ENGINE=InnoDB DEFAULT CHARSET=utf8;
/*!40101 SET character_set_client = @saved_cs_client */;

--
-- Dumping data for table `patientflags_tag_role`
--

LOCK TABLES `patientflags_tag_role` WRITE;
/*!40000 ALTER TABLE `patientflags_tag_role` DISABLE KEYS */;
/*!40000 ALTER TABLE `patientflags_tag_role` ENABLE KEYS */;
UNLOCK TABLES;

--
-- Table structure for table `person`
--

DROP TABLE IF EXISTS `person`;
/*!40101 SET @saved_cs_client     = @@character_set_client */;
/*!40101 SET character_set_client = utf8 */;
CREATE TABLE `person` (
  `person_id` int(11) NOT NULL AUTO_INCREMENT,
  `gender` varchar(50) DEFAULT '',
  `birthdate` date DEFAULT NULL,
  `birthdate_estimated` tinyint(1) NOT NULL DEFAULT '0',
  `dead` tinyint(1) NOT NULL DEFAULT '0',
  `death_date` datetime DEFAULT NULL,
  `cause_of_death` int(11) DEFAULT NULL,
  `creator` int(11) NOT NULL DEFAULT '0',
  `date_created` datetime NOT NULL,
  `changed_by` int(11) DEFAULT NULL,
  `date_changed` datetime DEFAULT NULL,
  `voided` tinyint(1) NOT NULL DEFAULT '0',
  `voided_by` int(11) DEFAULT NULL,
  `date_voided` datetime DEFAULT NULL,
  `void_reason` varchar(255) DEFAULT NULL,
  `uuid` char(38) DEFAULT NULL,
  PRIMARY KEY (`person_id`),
  UNIQUE KEY `person_uuid_index` (`uuid`),
  KEY `person_birthdate` (`birthdate`),
  KEY `person_death_date` (`death_date`),
  KEY `person_died_because` (`cause_of_death`),
  KEY `user_who_changed_person` (`changed_by`),
  KEY `user_who_created_person` (`creator`),
  KEY `user_who_voided_person` (`voided_by`),
  CONSTRAINT `person_died_because` FOREIGN KEY (`cause_of_death`) REFERENCES `concept` (`concept_id`),
  CONSTRAINT `user_who_changed_person` FOREIGN KEY (`changed_by`) REFERENCES `users` (`user_id`),
  CONSTRAINT `user_who_created_person` FOREIGN KEY (`creator`) REFERENCES `users` (`user_id`),
  CONSTRAINT `user_who_voided_person` FOREIGN KEY (`voided_by`) REFERENCES `users` (`user_id`)
) ENGINE=InnoDB AUTO_INCREMENT=74 DEFAULT CHARSET=utf8;
/*!40101 SET character_set_client = @saved_cs_client */;

--
-- Dumping data for table `person`
--

LOCK TABLES `person` WRITE;
/*!40000 ALTER TABLE `person` DISABLE KEYS */;
INSERT INTO `person` VALUES (1,'M',NULL,0,0,NULL,NULL,1,'2005-01-01 00:00:00',NULL,NULL,0,NULL,NULL,NULL,'a0830ff8-5f61-11e4-9371-000c29143e5d'),(2,'M',NULL,0,0,NULL,NULL,1,'2014-10-29 17:22:43',NULL,NULL,0,NULL,NULL,NULL,'dbfce665-f7a6-4352-97d1-ce8495749f96'),(3,'M',NULL,0,0,NULL,NULL,1,'2014-10-29 17:23:27',NULL,NULL,0,NULL,NULL,NULL,'66758a12-d87d-401f-ad77-6265b8f55145'),(4,'M',NULL,0,0,NULL,NULL,4,'2014-10-29 21:21:51',4,'2018-02-07 17:39:21',0,NULL,NULL,NULL,'ee5dc738-c507-4f3e-b957-abd75df450d3'),(5,'M',NULL,0,0,NULL,NULL,3,'2014-10-29 21:33:22',NULL,NULL,0,NULL,NULL,NULL,'f7ce9466-ab15-4f21-ba6c-73a10e158e67'),(6,'M','1954-02-01',0,0,NULL,NULL,5,'2014-10-29 21:35:09',4,'2014-10-30 12:04:41',0,NULL,NULL,NULL,'c132eef8-8744-43dd-ae64-29542e429e5e'),(7,'M','1964-02-01',0,0,NULL,NULL,6,'2014-10-29 21:51:04',4,'2014-10-30 12:05:14',0,NULL,NULL,NULL,'56b9457a-65ff-4b7f-af00-52c571125625'),(8,'M','1972-02-01',0,0,NULL,NULL,6,'2014-10-29 21:52:15',4,'2014-10-30 12:05:38',0,NULL,NULL,NULL,'fd9ff953-09a4-4b51-9b37-45927291eef5'),(9,'M','1944-02-01',0,0,NULL,NULL,6,'2014-10-29 21:53:52',4,'2014-10-30 12:06:05',0,NULL,NULL,NULL,'858d626d-df55-4467-9dcb-a09c17e42d4f'),(10,'M',NULL,0,0,NULL,NULL,3,'2014-11-21 21:19:02',NULL,NULL,0,NULL,NULL,NULL,'ac2c2811-1754-4ff6-99cb-be7fecb7bf9e'),(11,'M',NULL,0,0,NULL,NULL,3,'2014-11-21 21:25:56',NULL,NULL,0,NULL,NULL,NULL,'af8e1d49-72a5-4eea-bcf0-f7f072d3745d'),(12,'F','1975-02-01',0,0,NULL,NULL,5,'2016-10-26 10:48:48',2,'2017-08-03 07:09:47',0,NULL,NULL,NULL,'56f84871-a8e1-402d-80ec-5b32bb922211'),(13,'M',NULL,0,0,NULL,NULL,4,'2017-03-01 09:27:26',NULL,NULL,0,NULL,NULL,NULL,'67a85b6a-ac59-4e7e-bd73-42dd468e9d05'),(14,'F','1982-02-01',0,0,NULL,NULL,5,'2017-03-01 09:28:33',5,'2017-03-01 09:28:33',0,NULL,NULL,NULL,'56046c11-723f-465e-85b1-fbed8cb02c78'),(15,'M','1982-02-01',0,0,NULL,NULL,5,'2017-03-01 09:53:12',5,'2017-03-01 09:53:12',0,NULL,NULL,NULL,'ca4b0768-59c2-49c6-8487-2e53c051c613'),(16,'M','1988-02-01',0,0,NULL,NULL,9,'2017-05-11 11:35:52',9,'2017-05-11 11:35:52',0,NULL,NULL,NULL,'842808d0-960c-459e-a1e2-9c629ad3c003'),(17,'M',NULL,0,0,NULL,NULL,4,'2017-06-16 16:26:56',NULL,NULL,0,NULL,NULL,NULL,'787c2b49-454a-4897-a8e2-dad43e0a0068'),(18,'M','1963-01-01',0,0,NULL,NULL,5,'2017-07-20 14:32:16',5,'2017-07-20 14:32:16',0,NULL,NULL,NULL,'d895ead0-b1e9-4bc5-8458-90a779a1d9ed'),(19,'M',NULL,0,0,NULL,NULL,4,'2017-07-31 12:53:45',NULL,NULL,0,NULL,NULL,NULL,'863afb89-ea3b-4f66-b90a-c210bacd23bf'),(20,'M','1951-04-07',0,0,NULL,NULL,5,'2017-09-06 15:51:07',5,'2017-09-06 15:51:08',0,NULL,NULL,NULL,'2bb11768-fd85-4ec1-a15b-916a9c22f5b2'),(21,'F','1969-01-01',0,0,NULL,NULL,5,'2017-09-06 15:51:15',5,'2017-09-06 15:51:15',0,NULL,NULL,NULL,'ff12c68c-8e4e-49e7-bc14-4ed0579c3129'),(22,'M','1966-01-01',0,0,NULL,NULL,5,'2017-09-06 15:51:34',5,'2017-09-06 15:51:34',0,NULL,NULL,NULL,'6ca752b4-6f4a-4012-b3a7-3e759efb27d7'),(23,'M','1959-01-01',0,0,NULL,NULL,5,'2017-09-06 15:51:43',5,'2017-09-06 15:51:43',0,NULL,NULL,NULL,'711de68b-955f-4773-92dd-79d847d1a93a'),(24,'M','1952-01-01',0,0,NULL,NULL,5,'2017-09-06 15:51:51',5,'2017-09-06 15:51:51',0,NULL,NULL,NULL,'bf9b3917-c7c0-4332-88ab-98789d096e34'),(25,'F','1966-01-01',0,0,NULL,NULL,5,'2017-09-06 15:51:56',5,'2017-09-06 15:51:57',0,NULL,NULL,NULL,'a15d4ad7-73dc-4ec1-bbbd-e81adfc04847'),(26,'F','1972-01-01',0,0,NULL,NULL,5,'2017-09-06 15:52:59',5,'2017-09-06 15:52:59',0,NULL,NULL,NULL,'4290ff7f-983b-46c4-9ffd-10c6cf3bf512'),(27,'F','1952-01-01',0,0,NULL,NULL,5,'2017-09-06 15:53:08',5,'2017-09-06 15:53:08',0,NULL,NULL,NULL,'de7a9534-cc65-43ff-8b09-0e9f7b685da8'),(28,'M','1966-01-01',0,0,NULL,NULL,5,'2018-01-05 17:30:26',5,'2018-01-05 17:30:26',0,NULL,NULL,NULL,'7396eab1-9420-4f76-bfae-91e1ded65b94'),(29,'M','1953-01-01',0,0,NULL,NULL,5,'2018-02-06 14:59:31',5,'2018-02-06 14:59:32',0,NULL,NULL,NULL,'62a6705e-0784-403c-8964-3fdeda5b8805'),(30,'F','1963-01-01',0,0,NULL,NULL,5,'2018-02-07 11:55:48',5,'2018-02-07 11:55:48',0,NULL,NULL,NULL,'40ef024e-5c94-4f1e-a85c-1f6f779e5099'),(31,'F','1962-01-01',0,0,NULL,NULL,5,'2018-02-07 12:30:45',5,'2018-02-07 12:30:45',0,NULL,NULL,NULL,'9c3d4910-fed4-4de6-842f-032165e54705'),(32,'M','1963-01-01',0,0,NULL,NULL,5,'2018-02-07 12:30:50',5,'2018-02-07 12:30:50',0,NULL,NULL,NULL,'c09fc9c1-8f09-4f29-8fae-9c10e64bf49c'),(33,'F','1964-01-01',0,0,NULL,NULL,5,'2018-02-07 17:29:22',5,'2018-02-07 17:29:22',0,NULL,NULL,NULL,'ba0ca31e-c28e-4c94-8b8d-d4486cbaef26'),(34,'F','1931-01-01',0,0,NULL,NULL,5,'2018-02-07 17:53:33',5,'2018-02-07 17:53:34',0,NULL,NULL,NULL,'f997a97f-e746-4a64-990d-376adc8c9e9a'),(35,'M',NULL,0,0,NULL,NULL,4,'2018-02-08 13:57:25',NULL,NULL,0,NULL,NULL,NULL,'a5ed2b95-2501-4d2e-b2ff-b84dd3125d95'),(36,'F','1950-01-01',0,0,NULL,NULL,5,'2018-02-08 16:24:40',5,'2018-02-08 16:24:40',0,NULL,NULL,NULL,'01230c78-ad88-4fde-998f-3a701f3d3692'),(37,'F','1964-01-01',0,0,NULL,NULL,5,'2018-02-08 17:01:29',5,'2018-02-08 17:01:30',0,NULL,NULL,NULL,'72fa5335-7875-4642-bea1-a0221a5662f9'),(38,'F','1943-01-01',0,0,NULL,NULL,5,'2018-02-08 17:09:16',5,'2018-02-08 17:09:16',0,NULL,NULL,NULL,'86a8d3ef-d943-4ae6-a037-6eef9b6f0d4b'),(39,'F','1953-01-01',0,0,NULL,NULL,5,'2018-02-09 10:00:37',5,'2018-02-09 10:00:37',0,NULL,NULL,NULL,'ee577beb-7ee6-46a9-b8fc-ac1ca4dc33a8'),(40,'M',NULL,0,0,NULL,NULL,4,'2018-02-14 11:31:28',NULL,NULL,0,NULL,NULL,NULL,'88226a19-168c-42c3-9502-7b2ce166f82e'),(41,'F','1975-01-01',0,0,NULL,NULL,11,'2018-02-14 12:32:05',11,'2018-02-14 12:32:05',0,NULL,NULL,NULL,'ff6ecd97-bbd2-4056-8cec-01134f0f6f46'),(42,'M','1987-02-15',0,0,NULL,NULL,11,'2018-02-14 12:43:04',11,'2018-02-14 12:43:04',0,NULL,NULL,NULL,'b61ee501-f5fa-46b7-94f4-15e06f014587'),(43,'M',NULL,0,0,NULL,NULL,4,'2018-02-14 17:07:42',NULL,NULL,0,NULL,NULL,NULL,'1180f288-0795-4671-adb4-a6addbf601b5'),(44,'F','1965-01-01',0,0,NULL,NULL,11,'2018-02-15 09:17:22',11,'2018-02-15 09:17:22',0,NULL,NULL,NULL,'df6d5d62-88c0-4851-a964-fcc8c03ef1ba'),(45,'F','1960-01-01',0,0,NULL,NULL,11,'2018-02-16 10:24:15',11,'2018-02-16 10:24:15',0,NULL,NULL,NULL,'970deb8a-a80a-44c5-8d05-f7ff20467b44'),(46,'F','1960-01-01',0,0,NULL,NULL,11,'2018-02-16 10:24:19',11,'2018-02-16 10:24:19',0,NULL,NULL,NULL,'3f0501b5-cef1-4e57-873f-9ba3e1c250da'),(47,'F','1953-01-01',0,0,NULL,NULL,11,'2018-02-16 10:24:23',11,'2018-02-16 10:24:23',0,NULL,NULL,NULL,'95d3313d-1693-4e5f-a6cf-c1d5cd5029cc'),(48,'M',NULL,0,0,NULL,NULL,4,'2018-02-16 13:07:04',NULL,NULL,0,NULL,NULL,NULL,'1faa4d10-1f3e-443a-8394-c10ac08eed6d'),(49,'M',NULL,0,0,NULL,NULL,4,'2018-02-16 13:07:45',NULL,NULL,0,NULL,NULL,NULL,'20b52671-cedb-4551-a65a-e8ae11a8da24'),(50,'M','1969-01-01',0,0,NULL,NULL,13,'2018-02-16 14:39:14',13,'2018-02-16 14:39:15',0,NULL,NULL,NULL,'4ba244dc-bebf-4615-8750-f9b17f290337'),(51,'F','1966-01-01',0,0,NULL,NULL,11,'2018-02-16 15:03:48',11,'2018-02-16 15:03:48',0,NULL,NULL,NULL,'66481168-ff7a-4d6b-be56-6c43dfd3d7cb'),(52,'F','1960-01-01',0,0,NULL,NULL,11,'2018-02-16 15:03:53',11,'2018-02-16 15:03:53',0,NULL,NULL,NULL,'dc92e220-915e-463f-83b3-b7a5cbfa83af'),(53,'F','1953-01-01',0,0,NULL,NULL,11,'2018-02-16 15:03:56',11,'2018-02-16 15:03:57',0,NULL,NULL,NULL,'321a66a3-2293-4626-afdd-badee031a9f0'),(54,'F','1960-01-01',0,0,NULL,NULL,11,'2018-02-16 15:04:00',11,'2018-02-16 15:04:00',0,NULL,NULL,NULL,'dca068e7-a69b-4478-9f23-a75c45b59bb3'),(55,'F','1960-01-01',0,0,NULL,NULL,11,'2018-02-16 15:04:03',11,'2018-02-16 15:04:04',0,NULL,NULL,NULL,'66243ddc-46a4-4101-9e1b-26def1c83c04'),(56,'M',NULL,0,0,NULL,NULL,4,'2018-02-16 15:08:46',NULL,NULL,0,NULL,NULL,NULL,'e092eafd-a139-4e51-aefe-d37596c44678'),(57,'F','1960-01-01',0,0,NULL,NULL,5,'2018-02-16 15:24:48',5,'2018-02-16 15:24:48',0,NULL,NULL,NULL,'266fadff-801b-43e7-bf57-b20db9520738'),(58,'F','1960-01-01',0,0,NULL,NULL,5,'2018-02-16 15:24:52',5,'2018-02-16 15:24:53',0,NULL,NULL,NULL,'a7b1dc41-2c6c-40d1-b814-427e9fae5acb'),(59,'F','1953-01-01',0,0,NULL,NULL,5,'2018-02-16 15:24:56',5,'2018-02-16 15:24:56',0,NULL,NULL,NULL,'981ea571-f670-4245-a28b-c222dd579ade'),(60,'M','1963-01-01',0,0,NULL,NULL,13,'2018-02-19 09:36:31',13,'2018-02-19 09:36:32',0,NULL,NULL,NULL,'b6148472-b4c9-4a19-933c-73f50becf89b'),(61,'F','1972-01-01',0,0,NULL,NULL,13,'2018-02-19 09:36:37',13,'2018-02-19 09:36:37',0,NULL,NULL,NULL,'ee14e668-6b2f-4a32-8a08-d357c9788fac'),(62,'F','1963-01-01',0,0,NULL,NULL,13,'2018-02-19 09:36:41',13,'2018-02-19 09:36:41',0,NULL,NULL,NULL,'03decddc-b077-4f8e-b93e-455dc0f3a4d2'),(63,'F','1966-01-01',0,0,NULL,NULL,13,'2018-02-19 09:36:45',13,'2018-02-19 09:36:45',0,NULL,NULL,NULL,'e72745af-6ebb-4a51-9deb-0d587f23f7cb'),(64,'M','1973-01-01',0,0,NULL,NULL,13,'2018-02-19 09:36:49',13,'2018-02-19 09:36:49',0,NULL,NULL,NULL,'c4262987-1599-4922-8d28-2612dedea6ea'),(65,'M',NULL,0,0,NULL,NULL,4,'2018-02-19 12:41:52',NULL,NULL,0,NULL,NULL,NULL,'86cf0bdf-fd55-49da-b856-0515d48f8b72'),(66,'M',NULL,0,0,NULL,NULL,4,'2018-02-19 12:42:26',NULL,NULL,0,NULL,NULL,NULL,'1a03d5af-69b4-4ee2-9af7-18bdb95ad73b'),(67,'M',NULL,0,0,NULL,NULL,4,'2018-02-19 12:43:35',NULL,NULL,0,NULL,NULL,NULL,'cbaa506e-da1a-41f8-b268-7fcf36dee1b6'),(68,'M',NULL,0,0,NULL,NULL,4,'2018-02-19 12:44:18',NULL,NULL,0,NULL,NULL,NULL,'94809c12-ab1e-4611-92e0-6b637cfcc08f'),(69,'M',NULL,0,0,NULL,NULL,4,'2018-02-19 12:47:11',NULL,NULL,0,NULL,NULL,NULL,'5ccc2f37-c2e6-4b7c-983f-b2ed1cf84b48'),(70,'M',NULL,0,0,NULL,NULL,4,'2018-02-19 12:47:42',NULL,NULL,0,NULL,NULL,NULL,'18f1afab-e852-4769-a415-7d438ac1b361'),(71,'M',NULL,0,0,NULL,NULL,4,'2018-02-19 12:48:52',NULL,NULL,0,NULL,NULL,NULL,'4c5b9f0e-b89e-45bf-b3c7-64f4945f411a'),(72,'M',NULL,0,0,NULL,NULL,4,'2018-02-19 12:49:25',NULL,NULL,0,NULL,NULL,NULL,'daab3211-9d4f-4387-a23c-be87e97ad3cf'),(73,'F','1975-01-01',0,0,NULL,NULL,20,'2018-02-19 14:30:44',20,'2018-02-19 14:30:44',0,NULL,NULL,NULL,'775e7462-5fdf-4db3-b492-d872648bfd80');
/*!40000 ALTER TABLE `person` ENABLE KEYS */;
UNLOCK TABLES;

--
-- Table structure for table `person_address`
--

DROP TABLE IF EXISTS `person_address`;
/*!40101 SET @saved_cs_client     = @@character_set_client */;
/*!40101 SET character_set_client = utf8 */;
CREATE TABLE `person_address` (
  `person_address_id` int(11) NOT NULL AUTO_INCREMENT,
  `person_id` int(11) DEFAULT NULL,
  `preferred` tinyint(1) NOT NULL DEFAULT '0',
  `address1` varchar(255) DEFAULT NULL,
  `address2` varchar(255) DEFAULT NULL,
  `city_village` varchar(255) DEFAULT NULL,
  `state_province` varchar(255) DEFAULT NULL,
  `postal_code` varchar(50) DEFAULT NULL,
  `country` varchar(50) DEFAULT NULL,
  `latitude` varchar(50) DEFAULT NULL,
  `longitude` varchar(50) DEFAULT NULL,
  `start_date` datetime DEFAULT NULL,
  `end_date` datetime DEFAULT NULL,
  `creator` int(11) NOT NULL DEFAULT '0',
  `date_created` datetime NOT NULL,
  `voided` tinyint(1) NOT NULL DEFAULT '0',
  `voided_by` int(11) DEFAULT NULL,
  `date_voided` datetime DEFAULT NULL,
  `void_reason` varchar(255) DEFAULT NULL,
  `county_district` varchar(255) DEFAULT NULL,
  `address3` varchar(255) DEFAULT NULL,
  `address4` varchar(255) DEFAULT NULL,
  `address5` varchar(255) DEFAULT NULL,
  `address6` varchar(255) DEFAULT NULL,
  `date_changed` datetime DEFAULT NULL,
  `changed_by` int(11) DEFAULT NULL,
  `uuid` char(38) DEFAULT NULL,
  PRIMARY KEY (`person_address_id`),
  UNIQUE KEY `person_address_uuid_index` (`uuid`),
  KEY `patient_address_creator` (`creator`),
  KEY `address_for_person` (`person_id`),
  KEY `patient_address_void` (`voided_by`),
  KEY `person_address_changed_by` (`changed_by`),
  CONSTRAINT `address_for_person` FOREIGN KEY (`person_id`) REFERENCES `person` (`person_id`) ON UPDATE CASCADE,
  CONSTRAINT `patient_address_creator` FOREIGN KEY (`creator`) REFERENCES `users` (`user_id`),
  CONSTRAINT `patient_address_void` FOREIGN KEY (`voided_by`) REFERENCES `users` (`user_id`),
  CONSTRAINT `person_address_changed_by` FOREIGN KEY (`changed_by`) REFERENCES `users` (`user_id`)
) ENGINE=InnoDB DEFAULT CHARSET=utf8;
/*!40101 SET character_set_client = @saved_cs_client */;

--
-- Dumping data for table `person_address`
--

LOCK TABLES `person_address` WRITE;
/*!40000 ALTER TABLE `person_address` DISABLE KEYS */;
/*!40000 ALTER TABLE `person_address` ENABLE KEYS */;
UNLOCK TABLES;

--
-- Table structure for table `person_attribute`
--

DROP TABLE IF EXISTS `person_attribute`;
/*!40101 SET @saved_cs_client     = @@character_set_client */;
/*!40101 SET character_set_client = utf8 */;
CREATE TABLE `person_attribute` (
  `person_attribute_id` int(11) NOT NULL AUTO_INCREMENT,
  `person_id` int(11) NOT NULL DEFAULT '0',
  `value` varchar(50) NOT NULL DEFAULT '',
  `person_attribute_type_id` int(11) NOT NULL DEFAULT '0',
  `creator` int(11) NOT NULL DEFAULT '0',
  `date_created` datetime NOT NULL,
  `changed_by` int(11) DEFAULT NULL,
  `date_changed` datetime DEFAULT NULL,
  `voided` tinyint(1) NOT NULL DEFAULT '0',
  `voided_by` int(11) DEFAULT NULL,
  `date_voided` datetime DEFAULT NULL,
  `void_reason` varchar(255) DEFAULT NULL,
  `uuid` char(38) DEFAULT NULL,
  PRIMARY KEY (`person_attribute_id`),
  UNIQUE KEY `person_attribute_uuid_index` (`uuid`),
  KEY `attribute_changer` (`changed_by`),
  KEY `attribute_creator` (`creator`),
  KEY `defines_attribute_type` (`person_attribute_type_id`),
  KEY `identifies_person` (`person_id`),
  KEY `attribute_voider` (`voided_by`),
  CONSTRAINT `attribute_changer` FOREIGN KEY (`changed_by`) REFERENCES `users` (`user_id`),
  CONSTRAINT `attribute_creator` FOREIGN KEY (`creator`) REFERENCES `users` (`user_id`),
  CONSTRAINT `attribute_voider` FOREIGN KEY (`voided_by`) REFERENCES `users` (`user_id`),
  CONSTRAINT `defines_attribute_type` FOREIGN KEY (`person_attribute_type_id`) REFERENCES `person_attribute_type` (`person_attribute_type_id`),
  CONSTRAINT `identifies_person` FOREIGN KEY (`person_id`) REFERENCES `person` (`person_id`)
) ENGINE=InnoDB AUTO_INCREMENT=217 DEFAULT CHARSET=utf8;
/*!40101 SET character_set_client = @saved_cs_client */;

--
-- Dumping data for table `person_attribute`
--

LOCK TABLES `person_attribute` WRITE;
/*!40000 ALTER TABLE `person_attribute` DISABLE KEYS */;
INSERT INTO `person_attribute` VALUES (1,6,'Dayalatippa',8,5,'2014-10-29 21:35:09',5,'2014-10-29 21:35:10',0,NULL,NULL,NULL,'5a8bd823-442e-4c32-b3e1-e35681c6dd84'),(2,6,'asha 1',9,5,'2014-10-29 21:35:09',4,'2014-10-30 12:04:41',1,4,'2014-10-30 12:04:41','New value: asha_1','8395fefe-11fc-48ea-8b3f-d641c526bbb9'),(3,6,'vil 1 locality 1',10,5,'2014-10-29 21:35:09',5,'2014-10-29 21:35:10',0,NULL,NULL,NULL,'98237523-de75-4f56-be6f-6e06e388c441'),(4,6,'1',11,5,'2014-10-29 21:35:09',5,'2014-10-29 21:35:10',0,NULL,NULL,NULL,'b85fc6bf-398c-4913-9bc9-46c3122f9430'),(5,7,'Dayalatippa',8,6,'2014-10-29 21:51:04',6,'2014-10-29 21:51:05',0,NULL,NULL,NULL,'dda40c81-355b-4c23-bf91-a6e9c8775d60'),(6,7,'asha 1',9,6,'2014-10-29 21:51:04',4,'2014-10-30 12:05:14',1,4,'2014-10-30 12:05:14','New value: asha_1','63fcdc49-964e-4dc8-888b-e59c33186e4f'),(7,7,'vil 1 locality 1',10,6,'2014-10-29 21:51:04',6,'2014-10-29 21:51:05',0,NULL,NULL,NULL,'1f7d87d2-b316-48b8-8733-2b8faecc76b5'),(8,7,'1',11,6,'2014-10-29 21:51:04',6,'2014-10-29 21:51:05',0,NULL,NULL,NULL,'d2f988f6-64e0-43b9-8682-02365a0eca02'),(9,8,'Dayalatippa',8,6,'2014-10-29 21:52:15',6,'2014-10-29 21:52:15',0,NULL,NULL,NULL,'db4b4bd6-cdaa-4a1f-aaec-828fb921dd2d'),(10,8,'asha 1',9,6,'2014-10-29 21:52:15',4,'2014-10-30 12:05:38',1,4,'2014-10-30 12:05:38','New value: asha_1','71e1269e-598e-4713-9552-8baf9eb56a80'),(11,8,'vil 1 locality 2',10,6,'2014-10-29 21:52:15',6,'2014-10-29 21:52:15',0,NULL,NULL,NULL,'dee63951-ed18-483e-8247-03debcc14dc2'),(12,8,'1',11,6,'2014-10-29 21:52:15',6,'2014-10-29 21:52:15',0,NULL,NULL,NULL,'72d91be5-2465-4565-8511-29b909d20031'),(13,9,'Dayalatippa',8,6,'2014-10-29 21:53:52',6,'2014-10-29 21:53:52',0,NULL,NULL,NULL,'d7ff368f-1c3c-4bb9-84b6-05d3d82aa873'),(14,9,'asha 1',9,6,'2014-10-29 21:53:52',4,'2014-10-30 12:06:05',1,4,'2014-10-30 12:06:05','New value: asha_1','e2e1d88a-fa7e-416c-9521-d5c2363aeedc'),(15,9,'vil 1 locality 3',10,6,'2014-10-29 21:53:52',6,'2014-10-29 21:53:52',0,NULL,NULL,NULL,'26223490-45be-4926-8c2e-f4542cbb28a3'),(16,9,'1',11,6,'2014-10-29 21:53:52',6,'2014-10-29 21:53:52',0,NULL,NULL,NULL,'7978ff42-97e8-40a5-bf67-015c69814aa3'),(17,6,'0',13,2,'2014-10-29 22:03:47',2,'2014-10-29 22:04:47',1,2,'2014-10-29 22:04:47','New value: 2.15','d8d2fe85-acf4-4484-bef9-5f949b6755d7'),(18,6,'2.15',12,2,'2014-10-29 22:03:47',NULL,'2014-10-29 22:03:47',0,NULL,NULL,NULL,'c17252b5-1384-494f-81f2-609a068b9aa9'),(19,7,'0',13,2,'2014-10-29 22:03:47',2,'2014-10-29 22:04:47',1,2,'2014-10-29 22:04:47','New value: 2.75','adfa58a0-7761-4101-a557-084c4e6ed58c'),(20,7,'2.75',12,2,'2014-10-29 22:03:47',NULL,'2014-10-29 22:03:47',0,NULL,NULL,NULL,'3934dea8-e402-4ce1-ad6e-3040f721597c'),(21,6,'2.15',13,2,'2014-10-29 22:04:47',NULL,'2014-10-29 22:04:47',0,NULL,NULL,NULL,'17c1dbd0-95e8-474c-a7de-0a67be6ac3dc'),(22,7,'2.75',13,2,'2014-10-29 22:04:47',NULL,'2014-10-29 22:04:47',0,NULL,NULL,NULL,'e8fb2c58-d8de-49bd-8764-906bedb79836'),(23,8,'0',13,3,'2014-10-29 22:15:36',2,'2014-10-29 22:18:47',1,2,'2014-10-29 22:18:47','New value: 2.9','043feadc-bf38-40b8-8f8a-635efd45b559'),(24,8,'2.9',12,3,'2014-10-29 22:15:36',NULL,'2014-10-29 22:15:36',0,NULL,NULL,NULL,'3aeafd2f-eb34-4d12-abe5-0a20dfbc6f66'),(25,9,'0',13,3,'2014-10-29 22:15:36',2,'2014-10-29 22:18:47',1,2,'2014-10-29 22:18:47','New value: 2.1','c9444bfb-9f36-4e42-a1cc-29baacbf4298'),(26,9,'2.1',12,3,'2014-10-29 22:15:36',2,'2014-10-29 22:21:47',1,2,'2014-10-29 22:21:47','New value: 2.6','166492fd-b213-42bf-9a02-0509aaf0229f'),(27,8,'2.9',13,2,'2014-10-29 22:18:47',NULL,'2014-10-29 22:18:47',0,NULL,NULL,NULL,'be1448b7-6841-4634-835c-6adbf3237384'),(28,9,'2.1',13,2,'2014-10-29 22:18:47',2,'2014-10-29 22:22:47',1,2,'2014-10-29 22:22:47','New value: 2.6','ac762319-b38f-4250-b6b3-a63af028b697'),(29,9,'2.6',12,2,'2014-10-29 22:21:47',NULL,'2014-10-29 22:21:47',0,NULL,NULL,NULL,'6072a2b1-56c5-48c7-ae71-59bb69f51ae0'),(30,9,'2.6',13,2,'2014-10-29 22:22:47',NULL,'2014-10-29 22:22:47',0,NULL,NULL,NULL,'1dbace43-9283-4563-9597-7db52c89b3d1'),(31,6,'asha_1',9,4,'2014-10-30 12:04:41',NULL,NULL,0,NULL,NULL,NULL,'125aaf0c-2825-4679-b9b5-ad3b79d362a4'),(32,7,'asha_1',9,4,'2014-10-30 12:05:14',NULL,NULL,0,NULL,NULL,NULL,'8c8cf06e-914a-4c31-aeb0-20a40d9180a2'),(33,8,'asha_1',9,4,'2014-10-30 12:05:38',NULL,NULL,0,NULL,NULL,NULL,'1751078f-ec18-461f-9297-35b7eacfad79'),(34,9,'asha_1',9,4,'2014-10-30 12:06:05',NULL,NULL,0,NULL,NULL,NULL,'b82612bd-c3c2-4663-bb76-975cce35f4ef'),(35,12,'Dayalatippa',8,5,'2016-10-26 10:48:48',5,'2016-10-26 10:48:50',0,NULL,NULL,NULL,'b93f12e9-ef15-4fde-9433-9cadc7d33f03'),(36,12,'asha_test1',9,5,'2016-10-26 10:48:48',5,'2016-10-26 10:48:50',0,NULL,NULL,NULL,'3ba390a3-6dc6-4db2-824f-b81a20dcd540'),(37,12,'CHRISTIAN PETA',10,5,'2016-10-26 10:48:48',5,'2016-10-26 10:48:50',0,NULL,NULL,NULL,'fb3811c2-26f4-4ea1-bc69-75b680ec7175'),(38,12,'1',11,5,'2016-10-26 10:48:48',5,'2016-10-26 10:48:50',0,NULL,NULL,NULL,'14800a26-aff2-4e10-b00a-7e44d40b6acc'),(39,12,'0',13,2,'2016-10-26 11:05:47',2,'2016-10-26 11:06:47',1,2,'2016-10-26 11:06:47','New value: 2.4','420a0c6d-d5b0-42f3-895a-64d4e599385c'),(40,12,'2.4',12,2,'2016-10-26 11:05:47',NULL,'2016-10-26 11:05:47',0,NULL,NULL,NULL,'5e4d886d-a063-4f7c-9721-81c8b7de0f4f'),(41,12,'2.4',13,2,'2016-10-26 11:06:47',NULL,'2016-10-26 11:06:47',0,NULL,NULL,NULL,'f5f91bf7-cd9c-4d7b-8f0e-38f7d8a0b5bd'),(42,14,'Kovvada',8,5,'2017-03-01 09:28:33',5,'2017-03-01 09:28:33',0,NULL,NULL,NULL,'93838d54-5cde-4b8c-a4e0-ddc5f1129408'),(43,14,'test_1',9,5,'2017-03-01 09:28:33',5,'2017-03-01 09:28:33',0,NULL,NULL,NULL,'f5bbf493-4abb-4c1e-8198-56605f0a6ca4'),(44,14,'Select locality',10,5,'2017-03-01 09:28:33',5,'2017-03-01 09:28:33',0,NULL,NULL,NULL,'712abd25-f11d-42d1-831f-8d969b80baf9'),(45,14,'8',11,5,'2017-03-01 09:28:33',5,'2017-03-01 09:28:33',0,NULL,NULL,NULL,'ad8906d1-76f6-4b7d-a094-264fba9ca935'),(46,15,'Kovvada',8,5,'2017-03-01 09:53:12',5,'2017-03-01 09:53:12',0,NULL,NULL,NULL,'161563a3-a9e8-448a-86ff-ef0b14a799a5'),(47,15,'test_1',9,5,'2017-03-01 09:53:12',5,'2017-03-01 09:53:12',0,NULL,NULL,NULL,'a7bc3e8a-82e4-4863-8b2a-2bc85b9b096d'),(48,15,'GANAPAVARAM ROAD',10,5,'2017-03-01 09:53:12',5,'2017-03-01 09:53:12',0,NULL,NULL,NULL,'f565e728-afff-493b-8aba-f9513ce584a9'),(49,15,'8',11,5,'2017-03-01 09:53:12',5,'2017-03-01 09:53:12',0,NULL,NULL,NULL,'0083ebb4-0b20-4aab-b55e-d6407ba854f5'),(50,16,'Kovvada',8,9,'2017-05-11 11:35:52',9,'2017-05-11 11:35:52',0,NULL,NULL,NULL,'dd34dbe5-8cda-4dad-8fb1-632abd145ecb'),(51,16,'asha_1',9,9,'2017-05-11 11:35:52',9,'2017-05-11 11:35:52',0,NULL,NULL,NULL,'a9cb8a6d-78cc-4efb-ac4b-8760e2b0c16b'),(52,16,'RAMALAYAM STREET',10,9,'2017-05-11 11:35:52',9,'2017-05-11 11:35:52',0,NULL,NULL,NULL,'aee328e2-8e2b-4473-b928-5cf20310fc18'),(53,16,'8',11,9,'2017-05-11 11:35:52',9,'2017-05-11 11:35:52',0,NULL,NULL,NULL,'a0f17a08-d41f-40d5-b439-67c27128b612'),(54,18,'Deoghar',8,5,'2017-07-20 14:32:16',5,'2017-07-20 14:32:17',0,NULL,NULL,NULL,'007525a6-c16e-4e06-8010-cea81b84965a'),(55,18,'asha_1',9,5,'2017-07-20 14:32:16',5,'2017-07-20 14:32:17',0,NULL,NULL,NULL,'6a5c0343-6695-404e-a01d-4b76f4bde844'),(56,18,'Jhonsagarhi',10,5,'2017-07-20 14:32:16',5,'2017-07-20 14:32:17',0,NULL,NULL,NULL,'d1128489-4663-4713-bfb6-2fa703bfbf02'),(57,18,'1',11,5,'2017-07-20 14:32:16',5,'2017-07-20 14:32:17',0,NULL,NULL,NULL,'4399f595-5931-4dbb-816d-2d16f88d2036'),(58,20,'Deoghar',8,5,'2017-09-06 15:51:07',5,'2017-09-06 15:51:08',0,NULL,NULL,NULL,'0cfab489-e52f-4d38-abd3-8ad4c5468e9d'),(59,20,'asha_1',9,5,'2017-09-06 15:51:08',5,'2017-09-06 15:51:08',0,NULL,NULL,NULL,'4ace5c10-a1db-4383-9fed-6b7f862ca11b'),(60,20,'Ram Mandir',10,5,'2017-09-06 15:51:08',5,'2017-09-06 15:51:08',0,NULL,NULL,NULL,'29038123-8667-4c9c-92f7-7c5b26a829f6'),(61,20,'1',11,5,'2017-09-06 15:51:08',5,'2017-09-06 15:51:08',0,NULL,NULL,NULL,'328ea138-c9c4-43b1-9bc1-fd469b8b201d'),(62,21,'Deoghar',8,5,'2017-09-06 15:51:15',5,'2017-09-06 15:51:15',0,NULL,NULL,NULL,'1c89eac1-1b6e-424b-b808-fa24e7c27f39'),(63,21,'asha_1',9,5,'2017-09-06 15:51:15',5,'2017-09-06 15:51:15',0,NULL,NULL,NULL,'1c2f164d-bb2d-4156-a9d0-a1e676f1e762'),(64,21,'Mathaban',10,5,'2017-09-06 15:51:15',5,'2017-09-06 15:51:15',0,NULL,NULL,NULL,'d9320f80-67ef-4f0e-8bc2-94fe28de1ade'),(65,21,'1',11,5,'2017-09-06 15:51:15',5,'2017-09-06 15:51:15',0,NULL,NULL,NULL,'49185db0-9bd4-46dd-87da-4b079951e79c'),(66,22,'Deoghar',8,5,'2017-09-06 15:51:34',5,'2017-09-06 15:51:34',0,NULL,NULL,NULL,'5033cce6-f78e-473b-9aa8-8e32f7b601fc'),(67,22,'asha_1',9,5,'2017-09-06 15:51:34',5,'2017-09-06 15:51:34',0,NULL,NULL,NULL,'f20267fe-4cd4-4864-ae74-13fef461d229'),(68,22,'Baidyanath Lane',10,5,'2017-09-06 15:51:34',5,'2017-09-06 15:51:34',0,NULL,NULL,NULL,'1edf447b-303e-41cb-97a9-bc61db0286c1'),(69,22,'1',11,5,'2017-09-06 15:51:34',5,'2017-09-06 15:51:34',0,NULL,NULL,NULL,'58164acd-d267-4c6d-b95f-ef6096d8c15f'),(70,23,'Deoghar',8,5,'2017-09-06 15:51:43',5,'2017-09-06 15:51:43',0,NULL,NULL,NULL,'5f328c3b-609f-484b-8c04-9c8454067182'),(71,23,'asha_1',9,5,'2017-09-06 15:51:43',5,'2017-09-06 15:51:43',0,NULL,NULL,NULL,'72a2bff2-b943-4f50-8bb1-4b8b4456f773'),(72,23,'Bilasi',10,5,'2017-09-06 15:51:43',5,'2017-09-06 15:51:43',0,NULL,NULL,NULL,'080cf74b-5ef6-4238-8fc5-e7e76a4a79bb'),(73,23,'1',11,5,'2017-09-06 15:51:43',5,'2017-09-06 15:51:43',0,NULL,NULL,NULL,'44d4d94b-6f7e-4ff8-9485-7de31699a243'),(74,24,'Deoghar',8,5,'2017-09-06 15:51:51',5,'2017-09-06 15:51:51',0,NULL,NULL,NULL,'fe88b2de-6d11-415f-bec9-1ad4798d2a65'),(75,24,'asha_1',9,5,'2017-09-06 15:51:51',5,'2017-09-06 15:51:51',0,NULL,NULL,NULL,'3bb90bcc-7cd7-412a-a4e5-e1587c83d66b'),(76,24,'Jhonsagarhi',10,5,'2017-09-06 15:51:51',5,'2017-09-06 15:51:51',0,NULL,NULL,NULL,'853f3b2a-bfaa-4037-99b8-9dfd2d69cacb'),(77,24,'1',11,5,'2017-09-06 15:51:51',5,'2017-09-06 15:51:51',0,NULL,NULL,NULL,'17fdb09f-2b39-4e31-a226-212350f432d9'),(78,25,'Deoghar',8,5,'2017-09-06 15:51:56',5,'2017-09-06 15:51:57',0,NULL,NULL,NULL,'b2147108-662d-4b9b-9eb7-311ca356786c'),(79,25,'asha_1',9,5,'2017-09-06 15:51:56',5,'2017-09-06 15:51:57',0,NULL,NULL,NULL,'5615077e-ee20-4093-840a-9eec235b0758'),(80,25,'Bilasi',10,5,'2017-09-06 15:51:56',5,'2017-09-06 15:51:57',0,NULL,NULL,NULL,'d744a478-6b09-49c8-b032-ad24872fb379'),(81,25,'1',11,5,'2017-09-06 15:51:56',5,'2017-09-06 15:51:57',0,NULL,NULL,NULL,'49b309e0-6c41-4914-9934-b2fb40dc0fce'),(82,26,'Deoghar',8,5,'2017-09-06 15:52:59',5,'2017-09-06 15:52:59',0,NULL,NULL,NULL,'beabaa1f-f9a5-4c87-9068-5df0d6f09598'),(83,26,'asha_1',9,5,'2017-09-06 15:52:59',5,'2017-09-06 15:52:59',0,NULL,NULL,NULL,'84bd9685-33dc-494e-8c6b-1403ee5946d7'),(84,26,'Jhonsagarhi',10,5,'2017-09-06 15:52:59',5,'2017-09-06 15:52:59',0,NULL,NULL,NULL,'316b5e61-afc3-4a15-b4d2-1e6cfb8ecfdc'),(85,26,'1',11,5,'2017-09-06 15:52:59',5,'2017-09-06 15:52:59',0,NULL,NULL,NULL,'8683ed47-84ae-4886-ac82-80eb646f4a6d'),(86,27,'Deoghar',8,5,'2017-09-06 15:53:08',5,'2017-09-06 15:53:08',0,NULL,NULL,NULL,'8186e462-1ea8-4616-9a5e-a302f3d28e8d'),(87,27,'asha_1',9,5,'2017-09-06 15:53:08',5,'2017-09-06 15:53:08',0,NULL,NULL,NULL,'e08c4a2a-a330-409d-8d67-665eace889a4'),(88,27,'Jhonsagarhi',10,5,'2017-09-06 15:53:08',5,'2017-09-06 15:53:08',0,NULL,NULL,NULL,'4929a537-f83b-45f3-9967-410f017804a5'),(89,27,'1',11,5,'2017-09-06 15:53:08',5,'2017-09-06 15:53:08',0,NULL,NULL,NULL,'3af547f8-0437-46ed-9ed1-351b3d12f89a'),(90,28,'TestVillage1',8,5,'2018-01-05 17:30:26',5,'2018-01-05 17:30:27',0,NULL,NULL,NULL,'98929371-5d66-4e3e-ba4c-129425276176'),(91,28,'anm1',9,5,'2018-01-05 17:30:26',5,'2018-01-05 17:30:27',0,NULL,NULL,NULL,'cd80be32-bb3d-4cf4-ba45-5b713cc5f58d'),(92,28,'NA',10,5,'2018-01-05 17:30:26',5,'2018-01-05 17:30:27',0,NULL,NULL,NULL,'8774e7f3-6909-40c9-bc7c-8631733ffcab'),(93,28,'1',11,5,'2018-01-05 17:30:26',5,'2018-01-05 17:30:27',0,NULL,NULL,NULL,'ce1476eb-11c0-48ee-8cbc-cce2c53a05b1'),(94,29,'utgg',8,5,'2018-02-06 14:59:32',5,'2018-02-06 14:59:32',0,NULL,NULL,NULL,'0a8f9c2a-e0fe-44ee-ab24-668848329c8d'),(95,29,'ha_1',9,5,'2018-02-06 14:59:32',5,'2018-02-06 14:59:32',0,NULL,NULL,NULL,'bee84fe4-32e5-4174-afb9-7eb852b7148b'),(96,29,'1',11,5,'2018-02-06 14:59:32',5,'2018-02-06 14:59:32',0,NULL,NULL,NULL,'801acf7f-ac23-4086-9026-61f13336063a'),(97,30,'urybrbr',8,5,'2018-02-07 11:55:48',5,'2018-02-07 11:55:48',0,NULL,NULL,NULL,'f503e7e1-a081-4988-a923-1a1051a44fcb'),(98,30,'ha_1',9,5,'2018-02-07 11:55:48',5,'2018-02-07 11:55:48',0,NULL,NULL,NULL,'1d1e941c-702d-4025-938c-2951060a165f'),(99,30,'gyevrv',10,5,'2018-02-07 11:55:48',5,'2018-02-07 11:55:48',0,NULL,NULL,NULL,'b0a5bc19-5237-4da1-b2dc-7988f7154aca'),(100,30,'1',11,5,'2018-02-07 11:55:48',5,'2018-02-07 11:55:48',0,NULL,NULL,NULL,'ee4285a8-ae86-40fc-9b52-357cb4c46ffe'),(101,31,'hdyrg',8,5,'2018-02-07 12:30:45',5,'2018-02-07 12:30:45',0,NULL,NULL,NULL,'4010d8e1-056e-4b8f-878c-b38853014c91'),(102,31,'ha_1',9,5,'2018-02-07 12:30:45',5,'2018-02-07 12:30:45',0,NULL,NULL,NULL,'64ef5016-ec33-496b-8fcf-27686fcabe79'),(103,31,'hrhbrvf',10,5,'2018-02-07 12:30:45',5,'2018-02-07 12:30:45',0,NULL,NULL,NULL,'0927767b-0177-4dfc-9915-6667955806ce'),(104,31,'1',11,5,'2018-02-07 12:30:45',5,'2018-02-07 12:30:45',0,NULL,NULL,NULL,'b059c0d9-1726-4023-bcb7-eacdc94ecbe3'),(105,32,'ufybrh',8,5,'2018-02-07 12:30:50',5,'2018-02-07 12:30:50',0,NULL,NULL,NULL,'bf994ade-dfa2-4c51-bfd8-93d7b6b72a5c'),(106,32,'ha_1',9,5,'2018-02-07 12:30:50',5,'2018-02-07 12:30:50',0,NULL,NULL,NULL,'089a97f7-eebd-49fd-934a-0658cf3c0f79'),(107,32,'hdubdgf',10,5,'2018-02-07 12:30:50',5,'2018-02-07 12:30:50',0,NULL,NULL,NULL,'3de5e342-3177-4a02-898b-4bd25adbb9a6'),(108,32,'1',11,5,'2018-02-07 12:30:50',5,'2018-02-07 12:30:50',0,NULL,NULL,NULL,'14ecf4f2-2f17-47a1-ae46-2298dc1f8c99'),(109,33,'yyyfh',8,5,'2018-02-07 17:29:22',5,'2018-02-07 17:29:22',0,NULL,NULL,NULL,'4a61dd0a-d241-4a14-9a42-9a5eb43cf871'),(110,33,'ha_1',9,5,'2018-02-07 17:29:22',5,'2018-02-07 17:29:22',0,NULL,NULL,NULL,'04a2f8ca-74af-4a08-b24a-33efb3f3cc04'),(111,33,'jdhbdffbb',10,5,'2018-02-07 17:29:22',5,'2018-02-07 17:29:22',0,NULL,NULL,NULL,'6636fb3b-0dd5-4cd5-a8a4-29220ca607b0'),(112,33,'1',11,5,'2018-02-07 17:29:22',5,'2018-02-07 17:29:22',0,NULL,NULL,NULL,'00dc5cf0-426d-4c98-8e9c-499b3a99f98e'),(113,34,'chycgd',8,5,'2018-02-07 17:53:33',5,'2018-02-07 17:53:34',0,NULL,NULL,NULL,'448e0410-e4f7-4037-b740-49aabd22980c'),(114,34,'ha_1',9,5,'2018-02-07 17:53:33',5,'2018-02-07 17:53:34',0,NULL,NULL,NULL,'971c39aa-d850-4bd8-825e-5b878315c8ab'),(115,34,'hxygxc',10,5,'2018-02-07 17:53:33',5,'2018-02-07 17:53:34',0,NULL,NULL,NULL,'db158403-8562-428b-8b0b-4ac5d46de31b'),(116,34,'2',11,5,'2018-02-07 17:53:33',5,'2018-02-07 17:53:34',0,NULL,NULL,NULL,'b5b11ce6-e7b5-4c88-a973-4db752893411'),(117,36,'uydhdhd',8,5,'2018-02-08 16:24:40',5,'2018-02-08 16:24:40',0,NULL,NULL,NULL,'d38c275e-b251-4a03-85ad-c6222dfc8d78'),(118,36,'ha_1',9,5,'2018-02-08 16:24:40',5,'2018-02-08 16:24:40',0,NULL,NULL,NULL,'338d7b69-0699-4d17-bd35-5c392d4af069'),(119,36,'hxhhdbd',10,5,'2018-02-08 16:24:40',5,'2018-02-08 16:24:40',0,NULL,NULL,NULL,'3ea69398-9599-4e13-a760-ded73ce451ff'),(120,36,'2',11,5,'2018-02-08 16:24:40',5,'2018-02-08 16:24:40',0,NULL,NULL,NULL,'70c3fc24-9712-4814-9837-b675171214c3'),(121,37,'gyuh',8,5,'2018-02-08 17:01:29',5,'2018-02-08 17:01:30',0,NULL,NULL,NULL,'cbaa27ba-01b9-48c1-9361-484c39deea01'),(122,37,'ha_1',9,5,'2018-02-08 17:01:29',5,'2018-02-08 17:01:30',0,NULL,NULL,NULL,'e20cadfd-ba50-4ffc-bb82-312391731238'),(123,37,'vyhbg',10,5,'2018-02-08 17:01:29',5,'2018-02-08 17:01:30',0,NULL,NULL,NULL,'a8e1e283-3a54-431e-aa6f-d8836130f387'),(124,37,'2',11,5,'2018-02-08 17:01:29',5,'2018-02-08 17:01:30',0,NULL,NULL,NULL,'0775991e-9772-475b-a91e-9eadcc5291f6'),(125,38,'gdydh',8,5,'2018-02-08 17:09:16',5,'2018-02-08 17:09:16',0,NULL,NULL,NULL,'82f68473-56b5-47e4-93a3-b3dd77ac6444'),(126,38,'ha_1',9,5,'2018-02-08 17:09:16',5,'2018-02-08 17:09:16',0,NULL,NULL,NULL,'8cd8cab9-7d9a-4972-aca2-abad721d4f55'),(127,38,'hdydgd',10,5,'2018-02-08 17:09:16',5,'2018-02-08 17:09:16',0,NULL,NULL,NULL,'25d97168-60e9-4089-abd6-922f4438a973'),(128,38,'2',11,5,'2018-02-08 17:09:16',5,'2018-02-08 17:09:16',0,NULL,NULL,NULL,'a7a94828-3151-49e1-9862-ce69be2389c4'),(129,39,'ydhdh',8,5,'2018-02-09 10:00:37',5,'2018-02-09 10:00:37',0,NULL,NULL,NULL,'a72b4663-e255-4977-81a2-8a1d1a9d8b8d'),(130,39,'ha_1',9,5,'2018-02-09 10:00:37',5,'2018-02-09 10:00:37',0,NULL,NULL,NULL,'d6d8d270-27cc-4ffa-927f-e83673d6dad7'),(131,39,'hyddh',10,5,'2018-02-09 10:00:37',5,'2018-02-09 10:00:37',0,NULL,NULL,NULL,'4ffd229e-ebdf-4385-a359-9e4bea5d8914'),(132,39,'2',11,5,'2018-02-09 10:00:37',5,'2018-02-09 10:00:37',0,NULL,NULL,NULL,'a225425c-5054-4513-9921-edece0734369'),(133,41,'gemmankuppam',8,11,'2018-02-14 12:32:05',11,'2018-02-14 12:32:05',0,NULL,NULL,NULL,'0d545315-bbe6-4029-ba89-6a5695dc99b1'),(134,41,'ha_1',9,11,'2018-02-14 12:32:05',11,'2018-02-14 12:32:05',0,NULL,NULL,NULL,'d41d6349-2dbb-4a86-86d7-bdc0f7e61d78'),(135,41,'thenamaratheru',10,11,'2018-02-14 12:32:05',11,'2018-02-14 12:32:05',0,NULL,NULL,NULL,'66ccc2ad-2b5f-4252-b275-889114bde0d9'),(136,41,'2',11,11,'2018-02-14 12:32:05',11,'2018-02-14 12:32:05',0,NULL,NULL,NULL,'bbd2c243-7730-47e5-b2bd-cfdc9f661174'),(137,42,'thorapadi',8,11,'2018-02-14 12:43:04',11,'2018-02-14 12:43:04',0,NULL,NULL,NULL,'c277eb7f-cb3e-47af-97da-c6e468852688'),(138,42,'ha_1',9,11,'2018-02-14 12:43:04',11,'2018-02-14 12:43:04',0,NULL,NULL,NULL,'0c620229-bd5a-475c-bfad-907f5df38934'),(139,42,'ramsit nagar',10,11,'2018-02-14 12:43:04',11,'2018-02-14 12:43:04',0,NULL,NULL,NULL,'831dfcd8-35c6-4ad2-aab7-0db942477a7a'),(140,42,'2',11,11,'2018-02-14 12:43:04',11,'2018-02-14 12:43:04',0,NULL,NULL,NULL,'8d190cf6-b1ca-4f28-8b19-ecfc09e773e3'),(141,44,'thuthithangal',8,11,'2018-02-15 09:17:22',11,'2018-02-15 09:17:22',0,NULL,NULL,NULL,'8054b6d5-8c9c-45c6-b0c7-ffe568b0d57b'),(142,44,'ruhsa_1',9,11,'2018-02-15 09:17:22',11,'2018-02-15 09:17:22',0,NULL,NULL,NULL,'b8a1acbf-cb8b-4b56-b235-2d602e5468d2'),(143,44,'bazaar st,',10,11,'2018-02-15 09:17:22',11,'2018-02-15 09:17:22',0,NULL,NULL,NULL,'ae58c310-9faf-4810-9d13-c96b81f3b533'),(144,44,'3',11,11,'2018-02-15 09:17:22',11,'2018-02-15 09:17:22',0,NULL,NULL,NULL,'f503e0f7-af46-4b30-8716-b8c50b5789ba'),(145,45,'jdhdbd',8,11,'2018-02-16 10:24:15',11,'2018-02-16 10:24:15',0,NULL,NULL,NULL,'68db40ea-b042-4153-bbf1-4f5ff8af4e50'),(146,45,'ha_1',9,11,'2018-02-16 10:24:15',11,'2018-02-16 10:24:15',0,NULL,NULL,NULL,'09191c5d-e21a-478e-9f9c-4ce3f7542c42'),(147,45,'hdhdhfd',10,11,'2018-02-16 10:24:15',11,'2018-02-16 10:24:15',0,NULL,NULL,NULL,'657d62b5-2dde-4de7-ad5a-05ed50672a08'),(148,45,'3',11,11,'2018-02-16 10:24:15',11,'2018-02-16 10:24:15',0,NULL,NULL,NULL,'e7a619a6-5554-4e00-8c77-77d24d38fa52'),(149,46,'uhdhdhd',8,11,'2018-02-16 10:24:19',11,'2018-02-16 10:24:19',0,NULL,NULL,NULL,'5ac2ac54-baa8-4c2e-88e4-6cd2c5b1bb11'),(150,46,'ha_1',9,11,'2018-02-16 10:24:19',11,'2018-02-16 10:24:19',0,NULL,NULL,NULL,'a86e7cbb-a095-4fe0-b78b-ecf0bf748c61'),(151,46,'bdudhhd',10,11,'2018-02-16 10:24:19',11,'2018-02-16 10:24:19',0,NULL,NULL,NULL,'e19568ef-b4d5-47be-b81d-1c64665ded95'),(152,46,'3',11,11,'2018-02-16 10:24:19',11,'2018-02-16 10:24:19',0,NULL,NULL,NULL,'1011bcc4-349e-4ec5-9a3c-cbc2bb7249d7'),(153,47,'hgsve',8,11,'2018-02-16 10:24:23',11,'2018-02-16 10:24:23',0,NULL,NULL,NULL,'2fc86d5b-d1f8-44ce-9317-182966b20835'),(154,47,'ha_1',9,11,'2018-02-16 10:24:23',11,'2018-02-16 10:24:23',0,NULL,NULL,NULL,'b7126a6f-841c-4ac8-84a8-82d922231c58'),(155,47,'bdyhd',10,11,'2018-02-16 10:24:23',11,'2018-02-16 10:24:23',0,NULL,NULL,NULL,'8a4a36ec-7ee0-430c-8209-d4bedd12094e'),(156,47,'3',11,11,'2018-02-16 10:24:23',11,'2018-02-16 10:24:23',0,NULL,NULL,NULL,'dfdee37f-a797-43a4-b182-891a4115860b'),(157,50,'DR kuppam',8,13,'2018-02-16 14:39:14',13,'2018-02-16 14:39:15',0,NULL,NULL,NULL,'22df0278-e4be-4709-bf9d-cb38dbf188c9'),(158,50,'ha_3',9,13,'2018-02-16 14:39:14',13,'2018-02-16 14:39:15',0,NULL,NULL,NULL,'74a6f9cb-dfab-4d06-adc7-6aaef8c7e392'),(159,50,'big st',10,13,'2018-02-16 14:39:14',13,'2018-02-16 14:39:15',0,NULL,NULL,NULL,'7236fd59-bdd1-4422-9c9f-da3d5d6bd210'),(160,50,'3',11,13,'2018-02-16 14:39:14',13,'2018-02-16 14:39:15',0,NULL,NULL,NULL,'7c7143e8-e695-413f-9c5b-76ebdfc90b50'),(161,51,'gtdgdd',8,11,'2018-02-16 15:03:48',11,'2018-02-16 15:03:48',0,NULL,NULL,NULL,'ccd171b0-354f-4aac-9554-6650e1e2f5b1'),(162,51,'ha_1',9,11,'2018-02-16 15:03:48',11,'2018-02-16 15:03:48',0,NULL,NULL,NULL,'d6277a77-465e-4870-8c6d-984df2ebc867'),(163,51,'uhdd',10,11,'2018-02-16 15:03:48',11,'2018-02-16 15:03:48',0,NULL,NULL,NULL,'7464d8b7-d543-4439-b1c1-1b754ddd84c1'),(164,51,'3',11,11,'2018-02-16 15:03:48',11,'2018-02-16 15:03:48',0,NULL,NULL,NULL,'8363eed7-f29a-459a-b882-3008ea872c04'),(165,52,'ttdge',8,11,'2018-02-16 15:03:53',11,'2018-02-16 15:03:53',0,NULL,NULL,NULL,'ab5bc134-209e-4922-b34d-dbaf9ea0a525'),(166,52,'ha_1',9,11,'2018-02-16 15:03:53',11,'2018-02-16 15:03:53',0,NULL,NULL,NULL,'9e2cb8ae-8110-42eb-ba45-557f3892b580'),(167,52,'gdtdg',10,11,'2018-02-16 15:03:53',11,'2018-02-16 15:03:53',0,NULL,NULL,NULL,'009d1486-5690-4c15-a35f-e813327ca432'),(168,52,'3',11,11,'2018-02-16 15:03:53',11,'2018-02-16 15:03:53',0,NULL,NULL,NULL,'6a70834e-e7bd-4fd2-8d4f-7885d4d8a084'),(169,53,'ggdgd',8,11,'2018-02-16 15:03:56',11,'2018-02-16 15:03:57',0,NULL,NULL,NULL,'6715a148-1404-4617-a480-79025eb50f25'),(170,53,'ha_1',9,11,'2018-02-16 15:03:56',11,'2018-02-16 15:03:57',0,NULL,NULL,NULL,'1ecebd47-fc55-4b07-8e40-e6d71cfe3373'),(171,53,'gydhd',10,11,'2018-02-16 15:03:56',11,'2018-02-16 15:03:57',0,NULL,NULL,NULL,'ce45c95a-2e78-4eef-9987-58c363f1a162'),(172,53,'3',11,11,'2018-02-16 15:03:56',11,'2018-02-16 15:03:57',0,NULL,NULL,NULL,'e005d199-7b14-4335-adf0-f8f1e063fd3b'),(173,54,'hhdhdhd',8,11,'2018-02-16 15:04:00',11,'2018-02-16 15:04:00',0,NULL,NULL,NULL,'1d748fab-82c7-4d58-9eec-005ba79bf5de'),(174,54,'ha_1',9,11,'2018-02-16 15:04:00',11,'2018-02-16 15:04:00',0,NULL,NULL,NULL,'c51590c8-b777-47b0-b783-20235908ef68'),(175,54,'hydhd',10,11,'2018-02-16 15:04:00',11,'2018-02-16 15:04:00',0,NULL,NULL,NULL,'ba429767-eb17-46c2-8e47-5b678c36a316'),(176,54,'3',11,11,'2018-02-16 15:04:00',11,'2018-02-16 15:04:00',0,NULL,NULL,NULL,'527acb12-7aaa-436f-80ca-01206f9250bf'),(177,55,'gd6dhhr',8,11,'2018-02-16 15:04:03',11,'2018-02-16 15:04:04',0,NULL,NULL,NULL,'c01a0057-6e6a-4e4f-9507-fea38add8a63'),(178,55,'ha_1',9,11,'2018-02-16 15:04:03',11,'2018-02-16 15:04:04',0,NULL,NULL,NULL,'2dcc8874-2baa-42ec-a711-d29136e2e8af'),(179,55,'uydyd',10,11,'2018-02-16 15:04:03',11,'2018-02-16 15:04:04',0,NULL,NULL,NULL,'896dd3ca-6198-4d90-bde7-0cd0f81f3b74'),(180,55,'3',11,11,'2018-02-16 15:04:03',11,'2018-02-16 15:04:04',0,NULL,NULL,NULL,'5877344c-453f-49ef-b388-3a67e3358a9e'),(181,57,'ftyvf',8,5,'2018-02-16 15:24:48',5,'2018-02-16 15:24:48',0,NULL,NULL,NULL,'e96bdfd2-f879-460e-8a73-988e29ce8178'),(182,57,'ha_3',9,5,'2018-02-16 15:24:48',5,'2018-02-16 15:24:48',0,NULL,NULL,NULL,'8016085f-6ebb-4387-ad98-66e78ca06f25'),(183,57,'bhhbg',10,5,'2018-02-16 15:24:48',5,'2018-02-16 15:24:48',0,NULL,NULL,NULL,'c49b1e18-9ed3-4e0a-a879-3d20889d44b8'),(184,57,'3',11,5,'2018-02-16 15:24:48',5,'2018-02-16 15:24:48',0,NULL,NULL,NULL,'d2215553-a64c-422a-b0b1-0c7d97891944'),(185,58,'dhdhhd',8,5,'2018-02-16 15:24:52',5,'2018-02-16 15:24:53',0,NULL,NULL,NULL,'27b11de1-2064-406d-8069-d1f3921a009a'),(186,58,'ha_3',9,5,'2018-02-16 15:24:52',5,'2018-02-16 15:24:53',0,NULL,NULL,NULL,'800bd392-5f7e-43d9-bd46-303325c749d7'),(187,58,'hdhhdhd',10,5,'2018-02-16 15:24:52',5,'2018-02-16 15:24:53',0,NULL,NULL,NULL,'cd8606ed-df70-437c-96eb-a71f2af6bd84'),(188,58,'3',11,5,'2018-02-16 15:24:52',5,'2018-02-16 15:24:53',0,NULL,NULL,NULL,'b7aad784-84cd-4030-8cf1-e66b0922f994'),(189,59,'hduhdbd',8,5,'2018-02-16 15:24:56',5,'2018-02-16 15:24:56',0,NULL,NULL,NULL,'d85d3966-5c76-4be5-9c2b-5752a67337a2'),(190,59,'ha_3',9,5,'2018-02-16 15:24:56',5,'2018-02-16 15:24:56',0,NULL,NULL,NULL,'d03c67cf-9c0c-44fe-9e93-1bd6cd71343e'),(191,59,'hdhdhhd',10,5,'2018-02-16 15:24:56',5,'2018-02-16 15:24:56',0,NULL,NULL,NULL,'67305976-7f04-413e-ae82-159885210dd9'),(192,59,'3',11,5,'2018-02-16 15:24:56',5,'2018-02-16 15:24:56',0,NULL,NULL,NULL,'feeff49d-d5b1-49a0-a3e9-8de1ab3a9e61'),(193,60,'panamadangi',8,13,'2018-02-19 09:36:31',13,'2018-02-19 09:36:32',0,NULL,NULL,NULL,'ca7cbfd7-124f-43c3-a337-2ccc7a565dbf'),(194,60,'ha_5',9,13,'2018-02-19 09:36:31',13,'2018-02-19 09:36:32',0,NULL,NULL,NULL,'39343168-2711-41c0-88d3-4226db4d1e19'),(195,60,'big st',10,13,'2018-02-19 09:36:31',13,'2018-02-19 09:36:32',0,NULL,NULL,NULL,'4f4b4eb9-2a98-4ee9-aa10-1eb782b5816e'),(196,60,'3',11,13,'2018-02-19 09:36:31',13,'2018-02-19 09:36:32',0,NULL,NULL,NULL,'ca63cbb2-5abc-4501-a88c-8c5d55aacdb3'),(197,61,'panamadangi',8,13,'2018-02-19 09:36:37',13,'2018-02-19 09:36:37',0,NULL,NULL,NULL,'27a9bc21-ba24-43b3-87ef-6b2faa38e51f'),(198,61,'ha_5',9,13,'2018-02-19 09:36:37',13,'2018-02-19 09:36:37',0,NULL,NULL,NULL,'a5e88b15-ef45-45f0-972b-85dcefb25aa9'),(199,61,'bazaar st',10,13,'2018-02-19 09:36:37',13,'2018-02-19 09:36:37',0,NULL,NULL,NULL,'e71cfee7-e375-403f-bb84-f6d3ad7d2e42'),(200,61,'3',11,13,'2018-02-19 09:36:37',13,'2018-02-19 09:36:37',0,NULL,NULL,NULL,'b984df7b-e33d-4d65-a2b7-5f3e8b5059ac'),(201,62,'kalambut',8,13,'2018-02-19 09:36:41',13,'2018-02-19 09:36:41',0,NULL,NULL,NULL,'41b79412-d210-4573-a9e4-028d0c632322'),(202,62,'ha_5',9,13,'2018-02-19 09:36:41',13,'2018-02-19 09:36:41',0,NULL,NULL,NULL,'66eabcb1-3fbd-445b-ae0f-e129a581abb8'),(203,62,'bajanai koil st',10,13,'2018-02-19 09:36:41',13,'2018-02-19 09:36:41',0,NULL,NULL,NULL,'de69032f-1e95-4358-803e-030779976dbe'),(204,62,'3',11,13,'2018-02-19 09:36:41',13,'2018-02-19 09:36:41',0,NULL,NULL,NULL,'4a8d963f-a962-4bad-b5f8-15976901a09a'),(205,63,'kalambut',8,13,'2018-02-19 09:36:45',13,'2018-02-19 09:36:45',0,NULL,NULL,NULL,'53554781-865d-4cdf-ba62-c24945ad1499'),(206,63,'ha_5',9,13,'2018-02-19 09:36:45',13,'2018-02-19 09:36:45',0,NULL,NULL,NULL,'b4907ed4-6af9-4e12-9504-63cfe0d8dd35'),(207,63,'nadu st',10,13,'2018-02-19 09:36:45',13,'2018-02-19 09:36:45',0,NULL,NULL,NULL,'dfb37efd-bec8-46df-a8dc-16d78491ab08'),(208,63,'3',11,13,'2018-02-19 09:36:45',13,'2018-02-19 09:36:45',0,NULL,NULL,NULL,'fc53a4fe-3156-43b3-8f90-9f14fcaf1a8d'),(209,64,'pallathur',8,13,'2018-02-19 09:36:49',13,'2018-02-19 09:36:49',0,NULL,NULL,NULL,'d52a6b34-468d-42e4-9ef6-fbd54f6a6608'),(210,64,'ha_5',9,13,'2018-02-19 09:36:49',13,'2018-02-19 09:36:49',0,NULL,NULL,NULL,'1ae4acab-52b1-4942-a64d-b82a6f4f96ce'),(211,64,'new st',10,13,'2018-02-19 09:36:49',13,'2018-02-19 09:36:49',0,NULL,NULL,NULL,'b95faaa0-648a-4b8c-ab4a-b0bdcb27ed31'),(212,64,'3',11,13,'2018-02-19 09:36:49',13,'2018-02-19 09:36:49',0,NULL,NULL,NULL,'b0953930-eb48-4049-bb32-fbb0ae2ff307'),(213,73,'Gemmankuppam',8,20,'2018-02-19 14:30:44',20,'2018-02-19 14:30:44',0,NULL,NULL,NULL,'80b57d2e-4579-49f0-a108-c63bb0c0be29'),(214,73,'ha_4',9,20,'2018-02-19 14:30:44',20,'2018-02-19 14:30:44',0,NULL,NULL,NULL,'4f6dfe81-6c30-438b-97a4-9d6b65d68c2c'),(215,73,'Thenamara Street',10,20,'2018-02-19 14:30:44',20,'2018-02-19 14:30:44',0,NULL,NULL,NULL,'e59113b9-ea78-4dd6-9d73-c779d1a3a573'),(216,73,'3',11,20,'2018-02-19 14:30:44',20,'2018-02-19 14:30:44',0,NULL,NULL,NULL,'b88cfa25-51cf-4901-aaf0-d6b873274737');
/*!40000 ALTER TABLE `person_attribute` ENABLE KEYS */;
UNLOCK TABLES;

--
-- Table structure for table `person_attribute_type`
--

DROP TABLE IF EXISTS `person_attribute_type`;
/*!40101 SET @saved_cs_client     = @@character_set_client */;
/*!40101 SET character_set_client = utf8 */;
CREATE TABLE `person_attribute_type` (
  `person_attribute_type_id` int(11) NOT NULL AUTO_INCREMENT,
  `name` varchar(50) NOT NULL DEFAULT '',
  `description` text NOT NULL,
  `format` varchar(50) DEFAULT NULL,
  `foreign_key` int(11) DEFAULT NULL,
  `searchable` tinyint(1) NOT NULL DEFAULT '0',
  `creator` int(11) NOT NULL DEFAULT '0',
  `date_created` datetime NOT NULL,
  `changed_by` int(11) DEFAULT NULL,
  `date_changed` datetime DEFAULT NULL,
  `retired` tinyint(1) NOT NULL DEFAULT '0',
  `retired_by` int(11) DEFAULT NULL,
  `date_retired` datetime DEFAULT NULL,
  `retire_reason` varchar(255) DEFAULT NULL,
  `edit_privilege` varchar(50) DEFAULT NULL,
  `sort_weight` double DEFAULT NULL,
  `uuid` char(38) DEFAULT NULL,
  PRIMARY KEY (`person_attribute_type_id`),
  UNIQUE KEY `person_attribute_type_uuid_index` (`uuid`),
  KEY `attribute_is_searchable` (`searchable`),
  KEY `name_of_attribute` (`name`),
  KEY `person_attribute_type_retired_status` (`retired`),
  KEY `attribute_type_changer` (`changed_by`),
  KEY `attribute_type_creator` (`creator`),
  KEY `user_who_retired_person_attribute_type` (`retired_by`),
  KEY `privilege_which_can_edit` (`edit_privilege`),
  CONSTRAINT `attribute_type_changer` FOREIGN KEY (`changed_by`) REFERENCES `users` (`user_id`),
  CONSTRAINT `attribute_type_creator` FOREIGN KEY (`creator`) REFERENCES `users` (`user_id`),
  CONSTRAINT `privilege_which_can_edit` FOREIGN KEY (`edit_privilege`) REFERENCES `privilege` (`privilege`),
  CONSTRAINT `user_who_retired_person_attribute_type` FOREIGN KEY (`retired_by`) REFERENCES `users` (`user_id`)
) ENGINE=InnoDB AUTO_INCREMENT=14 DEFAULT CHARSET=utf8;
/*!40101 SET character_set_client = @saved_cs_client */;

--
-- Dumping data for table `person_attribute_type`
--

LOCK TABLES `person_attribute_type` WRITE;
/*!40000 ALTER TABLE `person_attribute_type` DISABLE KEYS */;
INSERT INTO `person_attribute_type` VALUES (1,'Race','Group of persons related by common descent or heredity','java.lang.String',0,0,1,'2007-05-04 00:00:00',NULL,NULL,0,NULL,NULL,NULL,NULL,6,'8d871386-c2cc-11de-8d13-0010c6dffd0f'),(2,'Birthplace','Location of persons birth','java.lang.String',0,0,1,'2007-05-04 00:00:00',NULL,NULL,0,NULL,NULL,NULL,NULL,0,'8d8718c2-c2cc-11de-8d13-0010c6dffd0f'),(3,'Citizenship','Country of which this person is a member','java.lang.String',0,0,1,'2007-05-04 00:00:00',NULL,NULL,0,NULL,NULL,NULL,NULL,1,'8d871afc-c2cc-11de-8d13-0010c6dffd0f'),(4,'Mother\'s Name','First or last name of this person\'s mother','java.lang.String',0,0,1,'2007-05-04 00:00:00',NULL,NULL,0,NULL,NULL,NULL,NULL,5,'8d871d18-c2cc-11de-8d13-0010c6dffd0f'),(5,'Civil Status','Marriage status of this person','org.openmrs.Concept',1054,0,1,'2007-05-04 00:00:00',NULL,NULL,0,NULL,NULL,NULL,NULL,2,'8d871f2a-c2cc-11de-8d13-0010c6dffd0f'),(6,'Health District','District/region in which this patient\' home health center resides','java.lang.String',0,0,1,'2007-05-04 00:00:00',NULL,NULL,0,NULL,NULL,NULL,NULL,4,'8d872150-c2cc-11de-8d13-0010c6dffd0f'),(7,'Health Center','Specific Location of this person\'s home health center.','org.openmrs.Location',0,0,1,'2007-05-04 00:00:00',NULL,NULL,0,NULL,NULL,NULL,NULL,3,'8d87236c-c2cc-11de-8d13-0010c6dffd0f'),(8,'Village','Village','java.lang.String',NULL,0,3,'2014-10-29 18:06:53',NULL,NULL,0,NULL,NULL,NULL,'Add People',7,'b6c8048c-0560-4adb-a88f-3378e3f560b2'),(9,'ASHA_assigned','ASHA assigned to a person','java.lang.String',NULL,0,3,'2014-10-29 18:07:35',NULL,NULL,0,NULL,NULL,NULL,'Add People',8,'65f30a5e-c98e-406e-9a63-a5c4749b2a16'),(10,'patientLocality','Locality of a person','java.lang.String',NULL,0,3,'2014-10-29 18:07:59',NULL,NULL,0,NULL,NULL,NULL,'Add People',9,'d533b45c-b401-4151-87a9-e9d10377d263'),(11,'PHC','Primary Health centre ID','java.lang.String',NULL,0,3,'2014-10-29 18:08:26',NULL,NULL,0,NULL,NULL,NULL,'Add People',10,'8042b34b-fb4e-494f-8493-c2696558674d'),(12,'PL_score','Priority Listing present score','java.lang.String',NULL,0,3,'2014-10-29 21:59:38',3,'2014-10-29 21:59:44',0,NULL,NULL,NULL,'Add People',11,'4a706d85-e343-4e79-bf14-18344f1785fc'),(13,'LastPLscore','Last priority score of the patient','java.lang.String',NULL,0,3,'2014-10-29 22:01:16',NULL,NULL,0,NULL,NULL,NULL,'Add People',12,'1a1841ef-0ac5-42bb-a5d5-e21ead054228');
/*!40000 ALTER TABLE `person_attribute_type` ENABLE KEYS */;
UNLOCK TABLES;

--
-- Table structure for table `person_merge_log`
--

DROP TABLE IF EXISTS `person_merge_log`;
/*!40101 SET @saved_cs_client     = @@character_set_client */;
/*!40101 SET character_set_client = utf8 */;
CREATE TABLE `person_merge_log` (
  `person_merge_log_id` int(11) NOT NULL AUTO_INCREMENT,
  `winner_person_id` int(11) NOT NULL,
  `loser_person_id` int(11) NOT NULL,
  `creator` int(11) NOT NULL,
  `date_created` datetime NOT NULL,
  `merged_data` longtext NOT NULL,
  `uuid` char(38) NOT NULL,
  `changed_by` int(11) DEFAULT NULL,
  `date_changed` datetime DEFAULT NULL,
  `voided` tinyint(1) NOT NULL DEFAULT '0',
  `voided_by` int(11) DEFAULT NULL,
  `date_voided` datetime DEFAULT NULL,
  `void_reason` varchar(255) DEFAULT NULL,
  PRIMARY KEY (`person_merge_log_id`),
  UNIQUE KEY `person_merge_log_unique_uuid` (`uuid`),
  KEY `person_merge_log_winner` (`winner_person_id`),
  KEY `person_merge_log_loser` (`loser_person_id`),
  KEY `person_merge_log_creator` (`creator`),
  KEY `person_merge_log_changed_by_fk` (`changed_by`),
  KEY `person_merge_log_voided_by_fk` (`voided_by`),
  CONSTRAINT `person_merge_log_changed_by_fk` FOREIGN KEY (`changed_by`) REFERENCES `users` (`user_id`),
  CONSTRAINT `person_merge_log_creator` FOREIGN KEY (`creator`) REFERENCES `users` (`user_id`),
  CONSTRAINT `person_merge_log_loser` FOREIGN KEY (`loser_person_id`) REFERENCES `person` (`person_id`),
  CONSTRAINT `person_merge_log_voided_by_fk` FOREIGN KEY (`voided_by`) REFERENCES `users` (`user_id`),
  CONSTRAINT `person_merge_log_winner` FOREIGN KEY (`winner_person_id`) REFERENCES `person` (`person_id`)
) ENGINE=InnoDB DEFAULT CHARSET=utf8;
/*!40101 SET character_set_client = @saved_cs_client */;

--
-- Dumping data for table `person_merge_log`
--

LOCK TABLES `person_merge_log` WRITE;
/*!40000 ALTER TABLE `person_merge_log` DISABLE KEYS */;
/*!40000 ALTER TABLE `person_merge_log` ENABLE KEYS */;
UNLOCK TABLES;

--
-- Table structure for table `person_name`
--

DROP TABLE IF EXISTS `person_name`;
/*!40101 SET @saved_cs_client     = @@character_set_client */;
/*!40101 SET character_set_client = utf8 */;
CREATE TABLE `person_name` (
  `person_name_id` int(11) NOT NULL AUTO_INCREMENT,
  `preferred` tinyint(1) NOT NULL DEFAULT '0',
  `person_id` int(11) NOT NULL,
  `prefix` varchar(50) DEFAULT NULL,
  `given_name` varchar(50) DEFAULT NULL,
  `middle_name` varchar(50) DEFAULT NULL,
  `family_name_prefix` varchar(50) DEFAULT NULL,
  `family_name` varchar(50) DEFAULT NULL,
  `family_name2` varchar(50) DEFAULT NULL,
  `family_name_suffix` varchar(50) DEFAULT NULL,
  `degree` varchar(50) DEFAULT NULL,
  `creator` int(11) NOT NULL DEFAULT '0',
  `date_created` datetime NOT NULL,
  `voided` tinyint(1) NOT NULL DEFAULT '0',
  `voided_by` int(11) DEFAULT NULL,
  `date_voided` datetime DEFAULT NULL,
  `void_reason` varchar(255) DEFAULT NULL,
  `changed_by` int(11) DEFAULT NULL,
  `date_changed` datetime DEFAULT NULL,
  `uuid` char(38) DEFAULT NULL,
  PRIMARY KEY (`person_name_id`),
  UNIQUE KEY `person_name_uuid_index` (`uuid`),
  KEY `first_name` (`given_name`),
  KEY `last_name` (`family_name`),
  KEY `middle_name` (`middle_name`),
  KEY `family_name2` (`family_name2`),
  KEY `user_who_made_name` (`creator`),
  KEY `name_for_person` (`person_id`),
  KEY `user_who_voided_name` (`voided_by`),
  CONSTRAINT `name_for_person` FOREIGN KEY (`person_id`) REFERENCES `person` (`person_id`) ON UPDATE CASCADE,
  CONSTRAINT `user_who_made_name` FOREIGN KEY (`creator`) REFERENCES `users` (`user_id`),
  CONSTRAINT `user_who_voided_name` FOREIGN KEY (`voided_by`) REFERENCES `users` (`user_id`)
) ENGINE=InnoDB AUTO_INCREMENT=74 DEFAULT CHARSET=utf8;
/*!40101 SET character_set_client = @saved_cs_client */;

--
-- Dumping data for table `person_name`
--

LOCK TABLES `person_name` WRITE;
/*!40000 ALTER TABLE `person_name` DISABLE KEYS */;
INSERT INTO `person_name` VALUES (1,1,1,NULL,'Super','',NULL,'User',NULL,NULL,NULL,1,'2005-01-01 00:00:00',0,NULL,NULL,NULL,NULL,NULL,'a08786c8-5f61-11e4-9371-000c29143e5d'),(2,0,2,NULL,'Arvind',NULL,NULL,'Raghu',NULL,NULL,NULL,1,'2014-10-29 17:22:43',0,NULL,NULL,NULL,NULL,NULL,'17857a2c-fc64-4fb0-adae-285ab3e3339c'),(3,0,3,NULL,'Pavan',NULL,NULL,'Dubba',NULL,NULL,NULL,1,'2014-10-29 17:23:27',0,NULL,NULL,NULL,NULL,NULL,'a9dd7fcd-48eb-4e78-8351-f882cb469d29'),(4,0,4,NULL,'ha_1',NULL,NULL,NULL,NULL,NULL,NULL,4,'2014-10-29 21:21:51',0,NULL,NULL,NULL,4,'2018-02-07 17:39:22','e04898c1-d180-4068-8d19-82e0cb636875'),(5,0,5,NULL,'1',NULL,NULL,NULL,NULL,NULL,NULL,3,'2014-10-29 21:33:22',0,NULL,NULL,NULL,NULL,NULL,'cec140c1-4b1d-4378-be82-15d05b957b7b'),(6,1,6,NULL,'GUNIPUDI',NULL,NULL,'JOGIRAJU',NULL,NULL,NULL,5,'2014-10-29 21:35:09',0,NULL,NULL,NULL,5,'2014-10-29 21:35:10','8bf9d93c-02dc-48ad-8d43-ba812a759b24'),(7,1,7,NULL,'GUMMALA',NULL,NULL,'VIJAYAKUMARI',NULL,NULL,NULL,6,'2014-10-29 21:51:04',0,NULL,NULL,NULL,6,'2014-10-29 21:51:05','779ea74d-ee3e-40b8-857c-e36236cc239f'),(8,1,8,NULL,'KOMMARAGIRI',NULL,NULL,'RAJU',NULL,NULL,NULL,6,'2014-10-29 21:52:15',0,NULL,NULL,NULL,6,'2014-10-29 21:52:15','cc8b0570-dcef-411d-8ca0-e0bd7bd6e849'),(9,1,9,NULL,'PEETHANI',NULL,NULL,'ANJANEYULU',NULL,NULL,NULL,6,'2014-10-29 21:53:52',0,NULL,NULL,NULL,6,'2014-10-29 21:53:52','62465cb3-a3f3-41e5-99d1-75b4557ff3df'),(10,0,10,NULL,'Kishor','',NULL,'Mogulluru',NULL,NULL,NULL,3,'2014-11-21 21:19:02',0,NULL,NULL,NULL,4,'2018-01-04 11:29:10','3aee8850-9fbd-4e7a-b76b-79553f032582'),(11,0,11,NULL,'D','',NULL,'Praveen',NULL,NULL,NULL,3,'2014-11-21 21:25:56',0,NULL,NULL,NULL,4,'2018-01-04 11:28:57','9d821fa5-2e60-46c6-b6f8-51ed9b041cfa'),(12,1,12,NULL,'GUBBALA',NULL,NULL,'SATYAVATHI',NULL,NULL,NULL,5,'2016-10-26 10:48:48',0,NULL,NULL,NULL,5,'2016-10-26 10:48:50','1ee62082-a2f8-4397-b663-7e56a1b078cc'),(13,0,13,NULL,'2',NULL,NULL,NULL,NULL,NULL,NULL,4,'2017-03-01 09:27:26',0,NULL,NULL,NULL,NULL,NULL,'c3d0ca28-255e-4543-9829-ffa98f0ac452'),(14,1,14,NULL,'test',NULL,NULL,'1',NULL,NULL,NULL,5,'2017-03-01 09:28:33',0,NULL,NULL,NULL,5,'2017-03-01 09:28:33','4b91463c-6478-4aa7-bfb5-1ab3e69850d0'),(15,1,15,NULL,'roger',NULL,NULL,'1',NULL,NULL,NULL,5,'2017-03-01 09:53:12',0,NULL,NULL,NULL,5,'2017-03-01 09:53:12','7815906e-a305-400c-abc5-eee8155f9d18'),(16,1,16,NULL,'Abhinav',NULL,NULL,'NA',NULL,NULL,NULL,9,'2017-05-11 11:35:52',0,NULL,NULL,NULL,9,'2017-05-11 11:35:52','4d01330a-0010-4381-8dd1-080a16a88f2e'),(17,0,17,NULL,'Ameer','',NULL,'M',NULL,NULL,NULL,4,'2017-06-16 16:26:56',0,NULL,NULL,NULL,4,'2018-01-04 11:29:04','4d07b560-0fab-459f-b703-c3fd03fde1a7'),(18,1,18,NULL,'vhg',NULL,NULL,'fgg',NULL,NULL,NULL,5,'2017-07-20 14:32:16',0,NULL,NULL,NULL,5,'2017-07-20 14:32:17','019f8dca-6048-425c-9f31-b3cb2377d9fd'),(19,0,19,NULL,'abhinav','',NULL,'b',NULL,NULL,NULL,4,'2017-07-31 12:53:45',0,NULL,NULL,NULL,4,'2018-01-04 11:28:46','685e42d5-ba19-403d-8caa-98895620b017'),(20,1,20,NULL,'rakesh',NULL,NULL,'kumar',NULL,NULL,NULL,5,'2017-09-06 15:51:07',0,NULL,NULL,NULL,5,'2017-09-06 15:51:08','f0862533-984f-4545-8536-910a1b1fdfc5'),(21,1,21,NULL,'hgn',NULL,NULL,'nfbg',NULL,NULL,NULL,5,'2017-09-06 15:51:15',0,NULL,NULL,NULL,5,'2017-09-06 15:51:15','9900b6d9-69a1-49dd-8544-2e075f315527'),(22,1,22,NULL,'dnath',NULL,NULL,'jha',NULL,NULL,NULL,5,'2017-09-06 15:51:34',0,NULL,NULL,NULL,5,'2017-09-06 15:51:34','4d2ae7c5-272f-4384-a287-41c13b65cdae'),(23,1,23,NULL,'sk',NULL,NULL,'yadav',NULL,NULL,NULL,5,'2017-09-06 15:51:43',0,NULL,NULL,NULL,5,'2017-09-06 15:51:43','3d723458-9860-45f7-a9f6-ffbb76d80d89'),(24,1,24,NULL,'rajkumar',NULL,NULL,'kashri',NULL,NULL,NULL,5,'2017-09-06 15:51:51',0,NULL,NULL,NULL,5,'2017-09-06 15:51:51','7d407d8c-e143-4b52-9588-4e9399184dda'),(25,1,25,NULL,'anita',NULL,NULL,'jha',NULL,NULL,NULL,5,'2017-09-06 15:51:56',0,NULL,NULL,NULL,5,'2017-09-06 15:51:57','3a3f2f5e-b58f-42f3-96a6-fec93d45b0fe'),(26,1,26,NULL,'pushpa',NULL,NULL,'jha',NULL,NULL,NULL,5,'2017-09-06 15:52:59',0,NULL,NULL,NULL,5,'2017-09-06 15:52:59','4b725fa7-af9b-45e8-9c6a-8bd286211432'),(27,1,27,NULL,'mera',NULL,NULL,'davi',NULL,NULL,NULL,5,'2017-09-06 15:53:08',0,NULL,NULL,NULL,5,'2017-09-06 15:53:08','cfe134bf-0084-44a6-8a3e-e23cbb337367'),(28,1,28,NULL,'jgfg',NULL,NULL,'NA',NULL,NULL,NULL,5,'2018-01-05 17:30:26',0,NULL,NULL,NULL,5,'2018-01-05 17:30:27','1b5f9cf8-3d3e-43e8-97d7-458d542fa7f0'),(29,1,29,NULL,'aaaa',NULL,NULL,'aaaa',NULL,NULL,NULL,5,'2018-02-06 14:59:32',0,NULL,NULL,NULL,5,'2018-02-06 14:59:32','5074a89c-9f54-4aea-a343-3df49bdee62e'),(30,1,30,NULL,'bbbb',NULL,NULL,'bbbb',NULL,NULL,NULL,5,'2018-02-07 11:55:48',0,NULL,NULL,NULL,5,'2018-02-07 11:55:48','c1fc5eb1-df5c-4a6c-8f82-0fcb77c1d57e'),(31,1,31,NULL,'cccc',NULL,NULL,'cccc',NULL,NULL,NULL,5,'2018-02-07 12:30:45',0,NULL,NULL,NULL,5,'2018-02-07 12:30:45','455aeb4e-e93f-4d4c-bce8-53578fe6538e'),(32,1,32,NULL,'dddd',NULL,NULL,'dddd',NULL,NULL,NULL,5,'2018-02-07 12:30:50',0,NULL,NULL,NULL,5,'2018-02-07 12:30:50','229e757d-c4cc-44d2-a696-d48312c2a57b'),(33,1,33,NULL,'hydd',NULL,NULL,'hydd',NULL,NULL,NULL,5,'2018-02-07 17:29:22',0,NULL,NULL,NULL,5,'2018-02-07 17:29:22','f315da5a-7381-4aa4-a559-a49c5b0a28a6'),(34,1,34,NULL,'gysgxb',NULL,NULL,'gysgxb',NULL,NULL,NULL,5,'2018-02-07 17:53:33',0,NULL,NULL,NULL,5,'2018-02-07 17:53:34','77b09175-8d50-4523-9669-78137b99cfb7'),(35,0,35,NULL,'hd_test1',NULL,NULL,NULL,NULL,NULL,NULL,4,'2018-02-08 13:57:25',0,NULL,NULL,NULL,NULL,NULL,'a1f33db9-c053-432a-8135-d1e84dc867eb'),(36,1,36,NULL,'sand',NULL,NULL,'sand',NULL,NULL,NULL,5,'2018-02-08 16:24:40',0,NULL,NULL,NULL,5,'2018-02-08 16:24:40','198debb1-cda2-4952-8698-2366054c1d1d'),(37,1,37,NULL,'sanju',NULL,NULL,'sanju',NULL,NULL,NULL,5,'2018-02-08 17:01:29',0,NULL,NULL,NULL,5,'2018-02-08 17:01:30','1ae0912e-84f1-4a29-9e13-bd50fe2bec7d'),(38,1,38,NULL,'mala',NULL,NULL,'mala',NULL,NULL,NULL,5,'2018-02-08 17:09:16',0,NULL,NULL,NULL,5,'2018-02-08 17:09:16','b6f36e93-e6ba-4c6e-978e-496e888f71ec'),(39,1,39,NULL,'ajeje',NULL,NULL,'ajeje',NULL,NULL,NULL,5,'2018-02-09 10:00:37',0,NULL,NULL,NULL,5,'2018-02-09 10:00:37','7bdb31ad-97b6-4e08-8743-4028553ea7c6'),(40,0,40,NULL,'rusha_test',NULL,NULL,NULL,NULL,NULL,NULL,4,'2018-02-14 11:31:29',0,NULL,NULL,NULL,NULL,NULL,'b969701c-0b83-4a5b-a613-85912b194aaf'),(41,1,41,NULL,'Rukmani',NULL,NULL,'Rukmani',NULL,NULL,NULL,11,'2018-02-14 12:32:05',0,NULL,NULL,NULL,11,'2018-02-14 12:32:05','4f76305c-6433-4d79-9def-dcf60a4525ba'),(42,1,42,NULL,'paul',NULL,NULL,'paul',NULL,NULL,NULL,11,'2018-02-14 12:43:04',0,NULL,NULL,NULL,11,'2018-02-14 12:43:04','5501bd5b-4942-4802-82dd-4f9990929e70'),(43,0,43,NULL,'rusha_test1',NULL,NULL,NULL,NULL,NULL,NULL,4,'2018-02-14 17:07:42',0,NULL,NULL,NULL,NULL,NULL,'8a1561ad-6b53-493f-9fbb-ff4f75457150'),(44,1,44,NULL,'jothi',NULL,NULL,'NA',NULL,NULL,NULL,11,'2018-02-15 09:17:22',0,NULL,NULL,NULL,11,'2018-02-15 09:17:22','a01ab5a8-2787-4f50-9b05-198f50aac96c'),(45,1,45,NULL,'siri',NULL,NULL,'siri',NULL,NULL,NULL,11,'2018-02-16 10:24:15',0,NULL,NULL,NULL,11,'2018-02-16 10:24:15','d5cc344b-966d-4fae-b5b6-e761d7994a10'),(46,1,46,NULL,'aaaa',NULL,NULL,'aaaa',NULL,NULL,NULL,11,'2018-02-16 10:24:19',0,NULL,NULL,NULL,11,'2018-02-16 10:24:19','772e8688-a4ae-4d2e-874b-0211cf17cafa'),(47,1,47,NULL,'abc',NULL,NULL,'abc',NULL,NULL,NULL,11,'2018-02-16 10:24:23',0,NULL,NULL,NULL,11,'2018-02-16 10:24:23','46e92379-aedb-406e-b042-287d35c059db'),(48,0,48,NULL,'rusha_test2',NULL,NULL,NULL,NULL,NULL,NULL,4,'2018-02-16 13:07:04',0,NULL,NULL,NULL,NULL,NULL,'93f904a1-99d7-4f3d-b656-e05895e7a128'),(49,0,49,NULL,'rusha_test3',NULL,NULL,NULL,NULL,NULL,NULL,4,'2018-02-16 13:07:45',0,NULL,NULL,NULL,NULL,NULL,'b5c77442-a486-48fd-8566-084dc34cf025'),(50,1,50,NULL,'mukesh',NULL,NULL,'mukesh',NULL,NULL,NULL,13,'2018-02-16 14:39:14',0,NULL,NULL,NULL,13,'2018-02-16 14:39:15','02940c40-d283-497f-9dcc-d04c3dd93c73'),(51,1,51,NULL,'xyz',NULL,NULL,'xyz',NULL,NULL,NULL,11,'2018-02-16 15:03:48',0,NULL,NULL,NULL,11,'2018-02-16 15:03:48','9f6f030e-3e96-44cd-9c32-a0b470462b61'),(52,1,52,NULL,'bbb',NULL,NULL,'bbb',NULL,NULL,NULL,11,'2018-02-16 15:03:53',0,NULL,NULL,NULL,11,'2018-02-16 15:03:53','9f8f2971-75e5-4997-85f8-ac7b1551a1ca'),(53,1,53,NULL,'cccc',NULL,NULL,'cccc',NULL,NULL,NULL,11,'2018-02-16 15:03:56',0,NULL,NULL,NULL,11,'2018-02-16 15:03:57','43338f04-d0e4-4079-af9f-42b7bab07589'),(54,1,54,NULL,'dddd',NULL,NULL,'dddd',NULL,NULL,NULL,11,'2018-02-16 15:04:00',0,NULL,NULL,NULL,11,'2018-02-16 15:04:00','87453aae-0e60-4dba-b060-f03d79a002d6'),(55,1,55,NULL,'abcd',NULL,NULL,'abcd',NULL,NULL,NULL,11,'2018-02-16 15:04:03',0,NULL,NULL,NULL,11,'2018-02-16 15:04:04','984c8c09-a80d-4e3a-89f9-47369296829f'),(56,0,56,NULL,'3',NULL,NULL,NULL,NULL,NULL,NULL,4,'2018-02-16 15:08:46',0,NULL,NULL,NULL,NULL,NULL,'522c348c-5515-409b-a928-6034c5a70e76'),(57,1,57,NULL,'abcd',NULL,NULL,'abcd',NULL,NULL,NULL,5,'2018-02-16 15:24:48',0,NULL,NULL,NULL,5,'2018-02-16 15:24:48','8baf045a-bf80-435b-9773-e1569add3f2d'),(58,1,58,NULL,'bcd',NULL,NULL,'bcd',NULL,NULL,NULL,5,'2018-02-16 15:24:52',0,NULL,NULL,NULL,5,'2018-02-16 15:24:53','dfe7c4b1-5100-4266-bff5-acff5470cfb9'),(59,1,59,NULL,'cde',NULL,NULL,'cde',NULL,NULL,NULL,5,'2018-02-16 15:24:56',0,NULL,NULL,NULL,5,'2018-02-16 15:24:56','21a82370-d865-425b-a667-ec54c097211c'),(60,1,60,NULL,'test1',NULL,NULL,'test1',NULL,NULL,NULL,13,'2018-02-19 09:36:31',0,NULL,NULL,NULL,13,'2018-02-19 09:36:32','7bd9cb9e-8639-4251-b30f-a806349b94a8'),(61,1,61,NULL,'test2',NULL,NULL,'test2',NULL,NULL,NULL,13,'2018-02-19 09:36:37',0,NULL,NULL,NULL,13,'2018-02-19 09:36:37','c0e05302-fcda-4b65-b34e-e2b92da60fc4'),(62,1,62,NULL,'test3',NULL,NULL,'test3',NULL,NULL,NULL,13,'2018-02-19 09:36:41',0,NULL,NULL,NULL,13,'2018-02-19 09:36:41','94aae7d0-5f5a-468f-9b80-61c46936fbae'),(63,1,63,NULL,'test4',NULL,NULL,'test4',NULL,NULL,NULL,13,'2018-02-19 09:36:45',0,NULL,NULL,NULL,13,'2018-02-19 09:36:45','e039ddd1-79f6-4450-b729-95bfa60bff0a'),(64,1,64,NULL,'test5',NULL,NULL,'test5',NULL,NULL,NULL,13,'2018-02-19 09:36:49',0,NULL,NULL,NULL,13,'2018-02-19 09:36:49','c36a8751-dc70-46fa-9e0e-7f8f0faac5c6'),(65,0,65,NULL,'ha_2',NULL,NULL,NULL,NULL,NULL,NULL,4,'2018-02-19 12:41:53',0,NULL,NULL,NULL,NULL,NULL,'5a5a79ee-9513-492a-b2c4-ef34bf6a9dff'),(66,0,66,NULL,'ha_21',NULL,NULL,NULL,NULL,NULL,NULL,4,'2018-02-19 12:42:27',0,NULL,NULL,NULL,NULL,NULL,'1361ca60-30af-4912-9961-87acb8ca45e9'),(67,0,67,NULL,'ha_3',NULL,NULL,NULL,NULL,NULL,NULL,4,'2018-02-19 12:43:35',0,NULL,NULL,NULL,NULL,NULL,'b5c0913d-34f6-44f6-a3ef-3924e387b694'),(68,0,68,NULL,'ha_31',NULL,NULL,NULL,NULL,NULL,NULL,4,'2018-02-19 12:44:18',0,NULL,NULL,NULL,NULL,NULL,'79a4eaec-f017-40fc-a5fe-40280cf3c195'),(69,0,69,NULL,'doctor_31',NULL,NULL,NULL,NULL,NULL,NULL,4,'2018-02-19 12:47:11',0,NULL,NULL,NULL,NULL,NULL,'65ba1f5d-10e2-4aa9-a47f-976cfe1f6f03'),(70,0,70,NULL,'doctor_32',NULL,NULL,NULL,NULL,NULL,NULL,4,'2018-02-19 12:47:42',0,NULL,NULL,NULL,NULL,NULL,'14ba7d67-3e7b-4b19-b55b-d1313cf98bd5'),(71,0,71,NULL,'doctor_33',NULL,NULL,NULL,NULL,NULL,NULL,4,'2018-02-19 12:48:52',0,NULL,NULL,NULL,NULL,NULL,'689000df-191c-45d8-93d0-66fb5de2cb16'),(72,0,72,NULL,'doctor_34',NULL,NULL,NULL,NULL,NULL,NULL,4,'2018-02-19 12:49:25',0,NULL,NULL,NULL,NULL,NULL,'60a0953c-812c-49ac-b44e-3d49fccbfc1c'),(73,1,73,NULL,'Rukmani',NULL,NULL,'Rukmani',NULL,NULL,NULL,20,'2018-02-19 14:30:44',0,NULL,NULL,NULL,20,'2018-02-19 14:30:44','a71e8f6f-c577-42ce-8e27-5048fcffe9bf');
/*!40000 ALTER TABLE `person_name` ENABLE KEYS */;
UNLOCK TABLES;

--
-- Table structure for table `privilege`
--

DROP TABLE IF EXISTS `privilege`;
/*!40101 SET @saved_cs_client     = @@character_set_client */;
/*!40101 SET character_set_client = utf8 */;
CREATE TABLE `privilege` (
  `privilege` varchar(50) NOT NULL DEFAULT '',
  `description` varchar(250) NOT NULL DEFAULT '',
  `uuid` char(38) DEFAULT NULL,
  PRIMARY KEY (`privilege`),
  UNIQUE KEY `privilege_uuid_index` (`uuid`)
) ENGINE=InnoDB DEFAULT CHARSET=utf8;
/*!40101 SET character_set_client = @saved_cs_client */;

--
-- Dumping data for table `privilege`
--

LOCK TABLES `privilege` WRITE;
/*!40000 ALTER TABLE `privilege` DISABLE KEYS */;
INSERT INTO `privilege` VALUES ('Add Allergies','Add allergies','37633f83-651e-47ed-a36f-1037580ea265'),('Add Cohorts','Able to add a cohort to the system','a088ef9a-5f61-11e4-9371-000c29143e5d'),('Add Concept Proposals','Able to add concept proposals to the system','a088f15c-5f61-11e4-9371-000c29143e5d'),('Add Encounters','Able to add patient encounters','a088f256-5f61-11e4-9371-000c29143e5d'),('Add HL7 Inbound Archive','Able to add an HL7 archive item','f9dfa5ff-0f67-456c-9fe1-c18795e109d1'),('Add HL7 Inbound Exception','Able to add an HL7 error item','3a69b368-cff4-4f45-9b15-9b37f8a88f1b'),('Add HL7 Inbound Queue','Able to add an HL7 Queue item','cc677795-6748-456f-95a0-5d7b64359ebc'),('Add HL7 Source','Able to add an HL7 Source','d4711838-e1f6-4c8e-81b9-4954fa4bf977'),('Add Observations','Able to add patient observations','a088f33c-5f61-11e4-9371-000c29143e5d'),('Add Orders','Able to add orders','a088f418-5f61-11e4-9371-000c29143e5d'),('Add Patient Identifiers','Able to add patient identifiers','a088f4fe-5f61-11e4-9371-000c29143e5d'),('Add Patient Programs','Able to add patients to programs','a088f5e4-5f61-11e4-9371-000c29143e5d'),('Add Patients','Able to add patients','a088f6ca-5f61-11e4-9371-000c29143e5d'),('Add People','Able to add person objects','a088f7a6-5f61-11e4-9371-000c29143e5d'),('Add Problems','Add problems','b62fb1fd-687c-4ca5-bc91-080663ff1e9e'),('Add Relationships','Able to add relationships','a088f83c-5f61-11e4-9371-000c29143e5d'),('Add Report Objects','Able to add report objects','a088f8dc-5f61-11e4-9371-000c29143e5d'),('Add Reports','Able to add reports','a088f972-5f61-11e4-9371-000c29143e5d'),('Add Users','Able to add users to OpenMRS','a088fa08-5f61-11e4-9371-000c29143e5d'),('Add Visits','Able to add visits','6c300cfc-ec99-40bc-a5ae-e9b116c03e0e'),('Configure Visits','Able to choose encounter visit handler and enable/disable encounter visits','6f6a93cd-7302-465c-9d1f-b48aed8fe0e7'),('Delete Cohorts','Able to add a cohort to the system','a088fa9e-5f61-11e4-9371-000c29143e5d'),('Delete Concept Proposals','Able to delete concept proposals from the system','a088fb48-5f61-11e4-9371-000c29143e5d'),('Delete Encounters','Able to delete patient encounters','a088fbde-5f61-11e4-9371-000c29143e5d'),('Delete HL7 Inbound Archive','Able to delete/retire an HL7 archive item','0d4dde49-ba83-4470-9920-910e25407cb1'),('Delete HL7 Inbound Exception','Able to delete an HL7 archive item','d895bb17-f81e-432a-874f-cbcb4352a430'),('Delete HL7 Inbound Queue','Able to delete an HL7 Queue item','fdffa97e-e87b-44da-8a34-12c3966ddb90'),('Delete Observations','Able to delete patient observations','a088fc7e-5f61-11e4-9371-000c29143e5d'),('Delete Orders','Able to delete orders','a088fd14-5f61-11e4-9371-000c29143e5d'),('Delete Patient Identifiers','Able to delete patient identifiers','a088fdb4-5f61-11e4-9371-000c29143e5d'),('Delete Patient Programs','Able to delete patients from programs','a088fe54-5f61-11e4-9371-000c29143e5d'),('Delete Patients','Able to delete patients','a088fef4-5f61-11e4-9371-000c29143e5d'),('Delete People','Able to delete objects','a088ff8a-5f61-11e4-9371-000c29143e5d'),('Delete Relationships','Able to delete relationships','a089002a-5f61-11e4-9371-000c29143e5d'),('Delete Report Objects','Able to delete report objects','a08900ca-5f61-11e4-9371-000c29143e5d'),('Delete Reports','Able to delete reports','a0890160-5f61-11e4-9371-000c29143e5d'),('Delete Users','Able to delete users in OpenMRS','a0890200-5f61-11e4-9371-000c29143e5d'),('Delete Visits','Able to delete visits','5f48c63c-5fb9-4a27-ae1f-5d2de2ab7228'),('Edit Allergies','Able to edit allergies','393134ad-31c2-4657-8f14-3f8deef4b4d0'),('Edit Cohorts','Able to add a cohort to the system','a0890296-5f61-11e4-9371-000c29143e5d'),('Edit Concept Proposals','Able to edit concept proposals in the system','a089032c-5f61-11e4-9371-000c29143e5d'),('Edit Encounters','Able to edit patient encounters','a08903cc-5f61-11e4-9371-000c29143e5d'),('Edit Observations','Able to edit patient observations','a0890462-5f61-11e4-9371-000c29143e5d'),('Edit Orders','Able to edit orders','a08904f8-5f61-11e4-9371-000c29143e5d'),('Edit Patient Identifiers','Able to edit patient identifiers','a089058e-5f61-11e4-9371-000c29143e5d'),('Edit Patient Programs','Able to edit patients in programs','a089062e-5f61-11e4-9371-000c29143e5d'),('Edit Patients','Able to edit patients','a08906ce-5f61-11e4-9371-000c29143e5d'),('Edit People','Able to edit person objects','a0890764-5f61-11e4-9371-000c29143e5d'),('Edit Problems','Able to edit problems','41762687-0e54-4bbf-8c27-d6633dc2b5ed'),('Edit Relationships','Able to edit relationships','a0890804-5f61-11e4-9371-000c29143e5d'),('Edit Report Objects','Able to edit report objects','a089089a-5f61-11e4-9371-000c29143e5d'),('Edit Reports','Able to edit reports','a0890930-5f61-11e4-9371-000c29143e5d'),('Edit User Passwords','Able to change the passwords of users in OpenMRS','a08909d0-5f61-11e4-9371-000c29143e5d'),('Edit Users','Able to edit users in OpenMRS','a0890a70-5f61-11e4-9371-000c29143e5d'),('Edit Visits','Able to edit visits','ef2d287b-e195-460b-b4a1-4495bc59cfef'),('Form Entry','Allows user to access Form Entry pages/functions','a0890b06-5f61-11e4-9371-000c29143e5d'),('Manage Address Templates','Able to add/edit/delete address templates','0e6d3329-66e3-4ced-a015-ba1758001fbf'),('Manage Alerts','Able to add/edit/delete user alerts','a0890b9c-5f61-11e4-9371-000c29143e5d'),('Manage Cohort Definitions','Add/Edit/Remove Cohort Definitions','5c53a0b5-c0c3-4566-b297-a97d59db0df2'),('Manage Concept Classes','Able to add/edit/retire concept classes','a0890c32-5f61-11e4-9371-000c29143e5d'),('Manage Concept Datatypes','Able to add/edit/retire concept datatypes','a0890cd2-5f61-11e4-9371-000c29143e5d'),('Manage Concept Map Types','Able to add/edit/retire concept map types','daff8fc9-b8e0-403e-9c18-b8f600065a87'),('Manage Concept Name tags','Able to add/edit/delete concept name tags','680976a8-f1a1-4be8-964b-9cedb2900597'),('Manage Concept Reference Terms','Able to add/edit/retire reference terms','e87bd314-63ec-42aa-8423-d63a3bbb8889'),('Manage Concept Sources','Able to add/edit/delete concept sources','a0890d68-5f61-11e4-9371-000c29143e5d'),('Manage Concept Stop Words','Able to view/add/remove the concept stop words','a4d37408-4fbc-4ddd-b12a-2ba01823a8db'),('Manage Concepts','Able to add/edit/delete concept entries','a0890f2a-5f61-11e4-9371-000c29143e5d'),('Manage Data Set Definitions','Add/Edit/Remove Data Set Definitions','6b00e701-b185-4d98-8320-f267ea9c9e22'),('Manage Dimension Definitions','Add/Edit/Remove Dimension Definitions','d7b5ea92-bfe9-4a58-bc77-17aeb43636e6'),('Manage Encounter Queue','Able to Manage (View/Edit) the encounter queue','1e67b155-5944-4134-8f58-3f241dfd84fb'),('Manage Encounter Roles','Able to add/edit/retire encounter roles','9c75fc06-2729-4ddf-922f-a2d346ef4ed8'),('Manage Encounter Types','Able to add/edit/delete encounter types','a0890fde-5f61-11e4-9371-000c29143e5d'),('Manage Field Types','Able to add/edit/retire field types','a0891088-5f61-11e4-9371-000c29143e5d'),('Manage Flags','Allows user add, edit, and remove flags','be225199-954c-4a07-8cb8-99cc869ce3f9'),('Manage Form Exports','Allows users to manage form exports.','dabb992c-b5cc-415f-ad66-9291d925f9ce'),('Manage FormEntry XSN','Allows user to upload and edit the xsns stored on the server','a089111e-5f61-11e4-9371-000c29143e5d'),('Manage Forms','Able to add/edit/delete forms','a08911b4-5f61-11e4-9371-000c29143e5d'),('Manage Global Properties','Able to add/edit global properties','a0891254-5f61-11e4-9371-000c29143e5d'),('Manage Identifier Types','Able to add/edit/delete patient identifier types','a08912f4-5f61-11e4-9371-000c29143e5d'),('Manage Implementation Id','Able to view/add/edit the implementation id for the system','2b82835b-0988-47f6-baa9-4f1e1b411231'),('Manage Indicator Definitions','Add/Edit/Remove Indicator Definitions','46533ca9-adaf-4f5a-8aa2-a50034986244'),('Manage Location Attribute Types','Able to add/edit/retire location attribute types','ad507c6e-6d25-4b88-90ef-7e40a933caac'),('Manage Location Tags','Able to add/edit/delete location tags','2ba0dae9-36a4-4557-bf2a-64941c9cd0ad'),('Manage Locations','Able to add/edit/delete locations','a0891394-5f61-11e4-9371-000c29143e5d'),('Manage Modules','Able to add/remove modules to the system','a089142a-5f61-11e4-9371-000c29143e5d'),('Manage Order Types','Able to add/edit/retire order types','a08914c0-5f61-11e4-9371-000c29143e5d'),('Manage Person Attribute Types','Able to add/edit/delete person attribute types','a089156a-5f61-11e4-9371-000c29143e5d'),('Manage Privileges','Able to add/edit/delete privileges','a0891600-5f61-11e4-9371-000c29143e5d'),('Manage Programs','Able to add/view/delete patient programs','a08916a0-5f61-11e4-9371-000c29143e5d'),('Manage Providers','Able to edit Provider','cacefb80-2885-4eeb-9cb8-740b69a31aee'),('Manage Relationship Types','Able to add/edit/retire relationship types','a0891736-5f61-11e4-9371-000c29143e5d'),('Manage Relationships','Able to add/edit/delete relationships','a08917d6-5f61-11e4-9371-000c29143e5d'),('Manage Report Definitions','Add/Edit/Remove Report Definitions','5eb20422-fcca-4e65-8c39-6814b423f6e1'),('Manage Report Designs','Add/Edit/Remove Report Designs','455ee92c-b9c3-4b12-9875-9d9392008b68'),('Manage Reports','Base privilege for add/edit/delete reporting definitions. This gives access to the administrative menus, but you need to grant additional privileges to manage each specific type of reporting definition','93d82a92-3758-4ce7-adaa-b55ee2fa3374'),('Manage RESTWS','Allows to configure RESTWS module','f52020b1-b708-410e-9d95-215c637c423b'),('Manage Roles','Able to add/edit/delete user roles','a089186c-5f61-11e4-9371-000c29143e5d'),('Manage Rule Definitions','Allows creation and editing of user-defined rules','78adc0c5-77b4-406f-9879-b4a038a70fb1'),('Manage Scheduled Report Tasks','Manage Task Scheduling in Reporting Module','d5c19105-df4e-4b98-a671-f829da767513'),('Manage Scheduler','Able to add/edit/remove scheduled tasks','a089190c-5f61-11e4-9371-000c29143e5d'),('Manage Server Log','Able to manage and configure server logging','80bc4866-24c7-4352-a0d7-378504724adb'),('Manage Token Registrations','Allows to create/update/delete token registrations','659c13d3-aba9-4b6b-bde2-c7b3409dac62'),('Manage Tokens','Allows registering and removal of tokens','df767ad2-abe1-4aae-8deb-e8b0cd8c4c27'),('Manage Visit Attribute Types','Able to add/edit/retire visit attribute types','874a5db4-9abf-4b37-9af7-4d01f1648788'),('Manage Visit Types','Able to add/edit/delete visit types','24b41fa5-e4d7-4711-b56c-e10175fb162e'),('Patient Dashboard - View Demographics Section','Able to view the \'Demographics\' tab on the patient dashboard','a08919ac-5f61-11e4-9371-000c29143e5d'),('Patient Dashboard - View Encounters Section','Able to view the \'Encounters\' tab on the patient dashboard','a0891a56-5f61-11e4-9371-000c29143e5d'),('Patient Dashboard - View Forms Section','Allows user to view the Forms tab on the patient dashboard','a0891af6-5f61-11e4-9371-000c29143e5d'),('Patient Dashboard - View Graphs Section','Able to view the \'Graphs\' tab on the patient dashboard','a0891b96-5f61-11e4-9371-000c29143e5d'),('Patient Dashboard - View Overview Section','Able to view the \'Overview\' tab on the patient dashboard','a0891c36-5f61-11e4-9371-000c29143e5d'),('Patient Dashboard - View Patient Summary','Able to view the \'Summary\' tab on the patient dashboard','a0891ce0-5f61-11e4-9371-000c29143e5d'),('Patient Dashboard - View Regimen Section','Able to view the \'Regimen\' tab on the patient dashboard','a0891d80-5f61-11e4-9371-000c29143e5d'),('Patient Dashboard - View Visits Section','Able to view the \'Visits\' tab on the patient dashboard','fc3310e7-0ccc-4e68-ad59-f2d8ce5238f8'),('Purge Field Types','Able to purge field types','a0891e2a-5f61-11e4-9371-000c29143e5d'),('Remove Allergies','Remove allergies','9b608f3e-307f-4474-9eae-8a1c8c78969c'),('Remove Problems','Remove problems','30fcd708-5d86-4a20-9508-32d66cd95613'),('Run Reports','Schedule the running of a report','0eb53eac-e171-4e75-ad48-f2b67f6e66b1'),('Test Flags','Allows the user to test a flag, or set of flags, against a Patient set','15be9b27-e606-4f30-90d4-312d452d5abe'),('Update HL7 Inbound Archive','Able to update an HL7 archive item','c5541256-5fc5-421d-8494-32b4eed18bb0'),('Update HL7 Inbound Exception','Able to update an HL7 archive item','450f21fe-6c23-4a50-b3e5-bcb76dbb6202'),('Update HL7 Inbound Queue','Able to update an HL7 Queue item','736a8ff7-a347-4515-ba4c-f06b4d75f016'),('Update HL7 Source','Able to update an HL7 Source','297cf504-1277-4746-94cb-95e0a90d41f6'),('Upload XSN','Allows user to upload/overwrite the XSNs defined for forms','a0891eca-5f61-11e4-9371-000c29143e5d'),('View Administration Functions','Able to view the \'Administration\' link in the navigation bar','a0891f6a-5f61-11e4-9371-000c29143e5d'),('View Allergies','Able to view allergies in OpenMRS','a0892000-5f61-11e4-9371-000c29143e5d'),('View Calculations','Allows to view Calculations','ea018c95-27cb-4207-8a55-34598cbf30cc'),('View Concept Classes','Able to view concept classes','a08922c6-5f61-11e4-9371-000c29143e5d'),('View Concept Datatypes','Able to view concept datatypes','a0892370-5f61-11e4-9371-000c29143e5d'),('View Concept Map Types','Able to view concept map types','90c5bb6d-2c87-4783-aa23-d3189ddf9113'),('View Concept Proposals','Able to view concept proposals to the system','a0892410-5f61-11e4-9371-000c29143e5d'),('View Concept Reference Terms','Able to view concept reference terms','a7440964-3fb5-4fa5-9843-48fa8ec3c502'),('View Concept Sources','Able to view concept sources','a08924b0-5f61-11e4-9371-000c29143e5d'),('View Concepts','Able to view concept entries','a0892550-5f61-11e4-9371-000c29143e5d'),('View Data Entry Statistics','Able to view data entry statistics from the admin screen','a08925e6-5f61-11e4-9371-000c29143e5d'),('View Database Changes','Able to view database changes from the admin screen','ab1d2761-4078-4e29-8d2c-479b2fbd121b'),('View Encounter Queue','Able to view the encounter queue','cea1e38b-5ede-4ead-8dde-f953360db331'),('View Encounter Roles','Able to view encounter roles','858f41dd-aff7-4000-86c0-53d4dde298c2'),('View Encounter Types','Able to view encounter types','a0892686-5f61-11e4-9371-000c29143e5d'),('View Encounters','Able to view patient encounters','a0892726-5f61-11e4-9371-000c29143e5d'),('View Field Types','Able to view field types','a08927c6-5f61-11e4-9371-000c29143e5d'),('View Forms','Able to view forms','a089285c-5f61-11e4-9371-000c29143e5d'),('View Global Properties','Able to view global properties on the administration screen','a08928fc-5f61-11e4-9371-000c29143e5d'),('View HL7 Inbound Archive','Able to view an HL7 archive item','cfe21985-a4ba-4eb9-8908-6c416ca77058'),('View HL7 Inbound Exception','Able to view an HL7 archive item','0fbefdb3-f957-4a53-87c5-d23f20ab04e7'),('View HL7 Inbound Queue','Able to view an HL7 Queue item','a1f3c9c7-3418-4cc0-8c63-03e01ba779a9'),('View HL7 Source','Able to view an HL7 Source','b8b5a2ec-30fd-41ef-a78c-16ddf9a6748e'),('View Identifier Types','Able to view patient identifier types','a0892992-5f61-11e4-9371-000c29143e5d'),('View Location Attribute Types','Able to view location attribute types','6485bcbb-927d-49e7-8282-e4406e6274cc'),('View Locations','Able to view locations','a0892a32-5f61-11e4-9371-000c29143e5d'),('View Navigation Menu','Ability to see the navigation menu','a0892ad2-5f61-11e4-9371-000c29143e5d'),('View Observations','Able to view patient observations','a0892b68-5f61-11e4-9371-000c29143e5d'),('View Order Types','Able to view order types','a0892c08-5f61-11e4-9371-000c29143e5d'),('View Orders','Able to view orders','a0892c9e-5f61-11e4-9371-000c29143e5d'),('View Patient Cohorts','Able to view patient cohorts','a0892d3e-5f61-11e4-9371-000c29143e5d'),('View Patient Identifiers','Able to view patient identifiers','a0892dde-5f61-11e4-9371-000c29143e5d'),('View Patient Programs','Able to see which programs that patients are in','a0892e7e-5f61-11e4-9371-000c29143e5d'),('View Patients','Able to view patients','a0892f14-5f61-11e4-9371-000c29143e5d'),('View People','Able to view person objects','a0892fb4-5f61-11e4-9371-000c29143e5d'),('View Person Attribute Types','Able to view person attribute types','a0893054-5f61-11e4-9371-000c29143e5d'),('View Privileges','Able to view user privileges','a08930ea-5f61-11e4-9371-000c29143e5d'),('View Problems','Able to view problems in OpenMRS','a089318a-5f61-11e4-9371-000c29143e5d'),('View Programs','Able to view patient programs','a0893220-5f61-11e4-9371-000c29143e5d'),('View Providers','Able to view Provider','ef59a1ab-4c57-4870-afee-4fa01ecb5cc8'),('View Relationship Types','Able to view relationship types','a08932c0-5f61-11e4-9371-000c29143e5d'),('View Relationships','Able to view relationships','a0893360-5f61-11e4-9371-000c29143e5d'),('View Report Objects','Able to view report objects','a08933f6-5f61-11e4-9371-000c29143e5d'),('View Reports','Able to view reports','a0893496-5f61-11e4-9371-000c29143e5d'),('View RESTWS','Gives access to RESTWS in administration','c2dc571a-b396-426f-b8fc-9319c673ddb1'),('View Roles','Able to view user roles','a089352c-5f61-11e4-9371-000c29143e5d'),('View Rule Definitions','Allows viewing of user-defined rules. (This privilege is not necessary to run rules under normal usage.)','6b0ab726-0bd5-4d07-9f9a-33c2749c42d1'),('View Token Registrations','Allows to view token registrations','1be13cfd-329b-4517-a75a-77ed37e62b93'),('View Unpublished Forms','Able to view and fill out unpublished forms','a08935cc-5f61-11e4-9371-000c29143e5d'),('View Users','Able to view users in OpenMRS','a0893676-5f61-11e4-9371-000c29143e5d'),('View Visit Attribute Types','Able to view visit attribute types','23b7d01b-e673-4f30-a379-5b7b4f9c865a'),('View Visit Types','Able to view visit types','cfedefc6-7f43-4d4b-a087-fbb331de82d8'),('View Visits','Able to view visits','51a60be3-2f49-4c4f-a98e-0a77023606b7');
/*!40000 ALTER TABLE `privilege` ENABLE KEYS */;
UNLOCK TABLES;

--
-- Table structure for table `program`
--

DROP TABLE IF EXISTS `program`;
/*!40101 SET @saved_cs_client     = @@character_set_client */;
/*!40101 SET character_set_client = utf8 */;
CREATE TABLE `program` (
  `program_id` int(11) NOT NULL AUTO_INCREMENT,
  `concept_id` int(11) NOT NULL DEFAULT '0',
  `outcomes_concept_id` int(11) DEFAULT NULL,
  `creator` int(11) NOT NULL DEFAULT '0',
  `date_created` datetime NOT NULL,
  `changed_by` int(11) DEFAULT NULL,
  `date_changed` datetime DEFAULT NULL,
  `retired` tinyint(1) NOT NULL DEFAULT '0',
  `name` varchar(50) NOT NULL,
  `description` varchar(500) DEFAULT NULL,
  `uuid` char(38) DEFAULT NULL,
  PRIMARY KEY (`program_id`),
  UNIQUE KEY `program_uuid_index` (`uuid`),
  KEY `user_who_changed_program` (`changed_by`),
  KEY `program_concept` (`concept_id`),
  KEY `program_creator` (`creator`),
  KEY `program_outcomes_concept_id_fk` (`outcomes_concept_id`),
  CONSTRAINT `program_concept` FOREIGN KEY (`concept_id`) REFERENCES `concept` (`concept_id`),
  CONSTRAINT `program_creator` FOREIGN KEY (`creator`) REFERENCES `users` (`user_id`),
  CONSTRAINT `program_outcomes_concept_id_fk` FOREIGN KEY (`outcomes_concept_id`) REFERENCES `concept` (`concept_id`),
  CONSTRAINT `user_who_changed_program` FOREIGN KEY (`changed_by`) REFERENCES `users` (`user_id`)
) ENGINE=InnoDB DEFAULT CHARSET=utf8;
/*!40101 SET character_set_client = @saved_cs_client */;

--
-- Dumping data for table `program`
--

LOCK TABLES `program` WRITE;
/*!40000 ALTER TABLE `program` DISABLE KEYS */;
/*!40000 ALTER TABLE `program` ENABLE KEYS */;
UNLOCK TABLES;

--
-- Table structure for table `program_workflow`
--

DROP TABLE IF EXISTS `program_workflow`;
/*!40101 SET @saved_cs_client     = @@character_set_client */;
/*!40101 SET character_set_client = utf8 */;
CREATE TABLE `program_workflow` (
  `program_workflow_id` int(11) NOT NULL AUTO_INCREMENT,
  `program_id` int(11) NOT NULL DEFAULT '0',
  `concept_id` int(11) NOT NULL DEFAULT '0',
  `creator` int(11) NOT NULL DEFAULT '0',
  `date_created` datetime NOT NULL,
  `retired` tinyint(1) NOT NULL DEFAULT '0',
  `changed_by` int(11) DEFAULT NULL,
  `date_changed` datetime DEFAULT NULL,
  `uuid` char(38) DEFAULT NULL,
  PRIMARY KEY (`program_workflow_id`),
  UNIQUE KEY `program_workflow_uuid_index` (`uuid`),
  KEY `workflow_changed_by` (`changed_by`),
  KEY `workflow_concept` (`concept_id`),
  KEY `workflow_creator` (`creator`),
  KEY `program_for_workflow` (`program_id`),
  CONSTRAINT `program_for_workflow` FOREIGN KEY (`program_id`) REFERENCES `program` (`program_id`),
  CONSTRAINT `workflow_changed_by` FOREIGN KEY (`changed_by`) REFERENCES `users` (`user_id`),
  CONSTRAINT `workflow_concept` FOREIGN KEY (`concept_id`) REFERENCES `concept` (`concept_id`),
  CONSTRAINT `workflow_creator` FOREIGN KEY (`creator`) REFERENCES `users` (`user_id`)
) ENGINE=InnoDB DEFAULT CHARSET=utf8;
/*!40101 SET character_set_client = @saved_cs_client */;

--
-- Dumping data for table `program_workflow`
--

LOCK TABLES `program_workflow` WRITE;
/*!40000 ALTER TABLE `program_workflow` DISABLE KEYS */;
/*!40000 ALTER TABLE `program_workflow` ENABLE KEYS */;
UNLOCK TABLES;

--
-- Table structure for table `program_workflow_state`
--

DROP TABLE IF EXISTS `program_workflow_state`;
/*!40101 SET @saved_cs_client     = @@character_set_client */;
/*!40101 SET character_set_client = utf8 */;
CREATE TABLE `program_workflow_state` (
  `program_workflow_state_id` int(11) NOT NULL AUTO_INCREMENT,
  `program_workflow_id` int(11) NOT NULL DEFAULT '0',
  `concept_id` int(11) NOT NULL DEFAULT '0',
  `initial` tinyint(1) NOT NULL DEFAULT '0',
  `terminal` tinyint(1) NOT NULL DEFAULT '0',
  `creator` int(11) NOT NULL DEFAULT '0',
  `date_created` datetime NOT NULL,
  `retired` tinyint(1) NOT NULL DEFAULT '0',
  `changed_by` int(11) DEFAULT NULL,
  `date_changed` datetime DEFAULT NULL,
  `uuid` char(38) DEFAULT NULL,
  PRIMARY KEY (`program_workflow_state_id`),
  UNIQUE KEY `program_workflow_state_uuid_index` (`uuid`),
  KEY `state_changed_by` (`changed_by`),
  KEY `state_concept` (`concept_id`),
  KEY `state_creator` (`creator`),
  KEY `workflow_for_state` (`program_workflow_id`),
  CONSTRAINT `state_changed_by` FOREIGN KEY (`changed_by`) REFERENCES `users` (`user_id`),
  CONSTRAINT `state_concept` FOREIGN KEY (`concept_id`) REFERENCES `concept` (`concept_id`),
  CONSTRAINT `state_creator` FOREIGN KEY (`creator`) REFERENCES `users` (`user_id`),
  CONSTRAINT `workflow_for_state` FOREIGN KEY (`program_workflow_id`) REFERENCES `program_workflow` (`program_workflow_id`)
) ENGINE=InnoDB DEFAULT CHARSET=utf8;
/*!40101 SET character_set_client = @saved_cs_client */;

--
-- Dumping data for table `program_workflow_state`
--

LOCK TABLES `program_workflow_state` WRITE;
/*!40000 ALTER TABLE `program_workflow_state` DISABLE KEYS */;
/*!40000 ALTER TABLE `program_workflow_state` ENABLE KEYS */;
UNLOCK TABLES;

--
-- Table structure for table `provider`
--

DROP TABLE IF EXISTS `provider`;
/*!40101 SET @saved_cs_client     = @@character_set_client */;
/*!40101 SET character_set_client = utf8 */;
CREATE TABLE `provider` (
  `provider_id` int(11) NOT NULL AUTO_INCREMENT,
  `person_id` int(11) DEFAULT NULL,
  `name` varchar(255) DEFAULT NULL,
  `identifier` varchar(255) DEFAULT NULL,
  `creator` int(11) NOT NULL,
  `date_created` datetime NOT NULL,
  `changed_by` int(11) DEFAULT NULL,
  `date_changed` datetime DEFAULT NULL,
  `retired` tinyint(1) NOT NULL DEFAULT '0',
  `retired_by` int(11) DEFAULT NULL,
  `date_retired` datetime DEFAULT NULL,
  `retire_reason` varchar(255) DEFAULT NULL,
  `uuid` char(38) NOT NULL,
  PRIMARY KEY (`provider_id`),
  UNIQUE KEY `uuid` (`uuid`),
  KEY `provider_changed_by_fk` (`changed_by`),
  KEY `provider_person_id_fk` (`person_id`),
  KEY `provider_retired_by_fk` (`retired_by`),
  KEY `provider_creator_fk` (`creator`),
  CONSTRAINT `provider_changed_by_fk` FOREIGN KEY (`changed_by`) REFERENCES `users` (`user_id`),
  CONSTRAINT `provider_creator_fk` FOREIGN KEY (`creator`) REFERENCES `users` (`user_id`),
  CONSTRAINT `provider_person_id_fk` FOREIGN KEY (`person_id`) REFERENCES `person` (`person_id`),
  CONSTRAINT `provider_retired_by_fk` FOREIGN KEY (`retired_by`) REFERENCES `users` (`user_id`)
) ENGINE=InnoDB DEFAULT CHARSET=utf8;
/*!40101 SET character_set_client = @saved_cs_client */;

--
-- Dumping data for table `provider`
--

LOCK TABLES `provider` WRITE;
/*!40000 ALTER TABLE `provider` DISABLE KEYS */;
/*!40000 ALTER TABLE `provider` ENABLE KEYS */;
UNLOCK TABLES;

--
-- Table structure for table `provider_attribute`
--

DROP TABLE IF EXISTS `provider_attribute`;
/*!40101 SET @saved_cs_client     = @@character_set_client */;
/*!40101 SET character_set_client = utf8 */;
CREATE TABLE `provider_attribute` (
  `provider_attribute_id` int(11) NOT NULL AUTO_INCREMENT,
  `provider_id` int(11) NOT NULL,
  `attribute_type_id` int(11) NOT NULL,
  `value_reference` text NOT NULL,
  `uuid` char(38) NOT NULL,
  `creator` int(11) NOT NULL,
  `date_created` datetime NOT NULL,
  `changed_by` int(11) DEFAULT NULL,
  `date_changed` datetime DEFAULT NULL,
  `voided` tinyint(1) NOT NULL DEFAULT '0',
  `voided_by` int(11) DEFAULT NULL,
  `date_voided` datetime DEFAULT NULL,
  `void_reason` varchar(255) DEFAULT NULL,
  PRIMARY KEY (`provider_attribute_id`),
  UNIQUE KEY `uuid` (`uuid`),
  KEY `provider_attribute_provider_fk` (`provider_id`),
  KEY `provider_attribute_attribute_type_id_fk` (`attribute_type_id`),
  KEY `provider_attribute_creator_fk` (`creator`),
  KEY `provider_attribute_changed_by_fk` (`changed_by`),
  KEY `provider_attribute_voided_by_fk` (`voided_by`),
  CONSTRAINT `provider_attribute_attribute_type_id_fk` FOREIGN KEY (`attribute_type_id`) REFERENCES `provider_attribute_type` (`provider_attribute_type_id`),
  CONSTRAINT `provider_attribute_changed_by_fk` FOREIGN KEY (`changed_by`) REFERENCES `users` (`user_id`),
  CONSTRAINT `provider_attribute_creator_fk` FOREIGN KEY (`creator`) REFERENCES `users` (`user_id`),
  CONSTRAINT `provider_attribute_provider_fk` FOREIGN KEY (`provider_id`) REFERENCES `provider` (`provider_id`),
  CONSTRAINT `provider_attribute_voided_by_fk` FOREIGN KEY (`voided_by`) REFERENCES `users` (`user_id`)
) ENGINE=InnoDB DEFAULT CHARSET=utf8;
/*!40101 SET character_set_client = @saved_cs_client */;

--
-- Dumping data for table `provider_attribute`
--

LOCK TABLES `provider_attribute` WRITE;
/*!40000 ALTER TABLE `provider_attribute` DISABLE KEYS */;
/*!40000 ALTER TABLE `provider_attribute` ENABLE KEYS */;
UNLOCK TABLES;

--
-- Table structure for table `provider_attribute_type`
--

DROP TABLE IF EXISTS `provider_attribute_type`;
/*!40101 SET @saved_cs_client     = @@character_set_client */;
/*!40101 SET character_set_client = utf8 */;
CREATE TABLE `provider_attribute_type` (
  `provider_attribute_type_id` int(11) NOT NULL AUTO_INCREMENT,
  `name` varchar(255) NOT NULL,
  `description` varchar(1024) DEFAULT NULL,
  `datatype` varchar(255) DEFAULT NULL,
  `datatype_config` text,
  `preferred_handler` varchar(255) DEFAULT NULL,
  `handler_config` text,
  `min_occurs` int(11) NOT NULL,
  `max_occurs` int(11) DEFAULT NULL,
  `creator` int(11) NOT NULL,
  `date_created` datetime NOT NULL,
  `changed_by` int(11) DEFAULT NULL,
  `date_changed` datetime DEFAULT NULL,
  `retired` tinyint(1) NOT NULL DEFAULT '0',
  `retired_by` int(11) DEFAULT NULL,
  `date_retired` datetime DEFAULT NULL,
  `retire_reason` varchar(255) DEFAULT NULL,
  `uuid` char(38) NOT NULL,
  PRIMARY KEY (`provider_attribute_type_id`),
  UNIQUE KEY `uuid` (`uuid`),
  KEY `provider_attribute_type_creator_fk` (`creator`),
  KEY `provider_attribute_type_changed_by_fk` (`changed_by`),
  KEY `provider_attribute_type_retired_by_fk` (`retired_by`),
  CONSTRAINT `provider_attribute_type_changed_by_fk` FOREIGN KEY (`changed_by`) REFERENCES `users` (`user_id`),
  CONSTRAINT `provider_attribute_type_creator_fk` FOREIGN KEY (`creator`) REFERENCES `users` (`user_id`),
  CONSTRAINT `provider_attribute_type_retired_by_fk` FOREIGN KEY (`retired_by`) REFERENCES `users` (`user_id`)
) ENGINE=InnoDB DEFAULT CHARSET=utf8;
/*!40101 SET character_set_client = @saved_cs_client */;

--
-- Dumping data for table `provider_attribute_type`
--

LOCK TABLES `provider_attribute_type` WRITE;
/*!40000 ALTER TABLE `provider_attribute_type` DISABLE KEYS */;
/*!40000 ALTER TABLE `provider_attribute_type` ENABLE KEYS */;
UNLOCK TABLES;

--
-- Table structure for table `relationship`
--

DROP TABLE IF EXISTS `relationship`;
/*!40101 SET @saved_cs_client     = @@character_set_client */;
/*!40101 SET character_set_client = utf8 */;
CREATE TABLE `relationship` (
  `relationship_id` int(11) NOT NULL AUTO_INCREMENT,
  `person_a` int(11) NOT NULL,
  `relationship` int(11) NOT NULL DEFAULT '0',
  `person_b` int(11) NOT NULL,
  `start_date` datetime DEFAULT NULL,
  `end_date` datetime DEFAULT NULL,
  `creator` int(11) NOT NULL DEFAULT '0',
  `date_created` datetime NOT NULL,
  `date_changed` datetime DEFAULT NULL,
  `changed_by` int(11) DEFAULT NULL,
  `voided` tinyint(1) NOT NULL DEFAULT '0',
  `voided_by` int(11) DEFAULT NULL,
  `date_voided` datetime DEFAULT NULL,
  `void_reason` varchar(255) DEFAULT NULL,
  `uuid` char(38) DEFAULT NULL,
  PRIMARY KEY (`relationship_id`),
  UNIQUE KEY `relationship_uuid_index` (`uuid`),
  KEY `relation_creator` (`creator`),
  KEY `person_a_is_person` (`person_a`),
  KEY `person_b_is_person` (`person_b`),
  KEY `relationship_type_id` (`relationship`),
  KEY `relation_voider` (`voided_by`),
  KEY `relationship_changed_by` (`changed_by`),
  CONSTRAINT `person_a_is_person` FOREIGN KEY (`person_a`) REFERENCES `person` (`person_id`),
  CONSTRAINT `person_b_is_person` FOREIGN KEY (`person_b`) REFERENCES `person` (`person_id`),
  CONSTRAINT `relationship_changed_by` FOREIGN KEY (`changed_by`) REFERENCES `users` (`user_id`),
  CONSTRAINT `relationship_type_id` FOREIGN KEY (`relationship`) REFERENCES `relationship_type` (`relationship_type_id`),
  CONSTRAINT `relation_creator` FOREIGN KEY (`creator`) REFERENCES `users` (`user_id`),
  CONSTRAINT `relation_voider` FOREIGN KEY (`voided_by`) REFERENCES `users` (`user_id`)
) ENGINE=InnoDB DEFAULT CHARSET=utf8;
/*!40101 SET character_set_client = @saved_cs_client */;

--
-- Dumping data for table `relationship`
--

LOCK TABLES `relationship` WRITE;
/*!40000 ALTER TABLE `relationship` DISABLE KEYS */;
/*!40000 ALTER TABLE `relationship` ENABLE KEYS */;
UNLOCK TABLES;

--
-- Table structure for table `relationship_type`
--

DROP TABLE IF EXISTS `relationship_type`;
/*!40101 SET @saved_cs_client     = @@character_set_client */;
/*!40101 SET character_set_client = utf8 */;
CREATE TABLE `relationship_type` (
  `relationship_type_id` int(11) NOT NULL AUTO_INCREMENT,
  `a_is_to_b` varchar(50) NOT NULL,
  `b_is_to_a` varchar(50) NOT NULL,
  `preferred` tinyint(1) NOT NULL DEFAULT '0',
  `weight` int(11) NOT NULL DEFAULT '0',
  `description` varchar(255) NOT NULL DEFAULT '',
  `creator` int(11) NOT NULL DEFAULT '0',
  `date_created` datetime NOT NULL,
  `retired` tinyint(1) NOT NULL DEFAULT '0',
  `retired_by` int(11) DEFAULT NULL,
  `date_retired` datetime DEFAULT NULL,
  `retire_reason` varchar(255) DEFAULT NULL,
  `uuid` char(38) DEFAULT NULL,
  PRIMARY KEY (`relationship_type_id`),
  UNIQUE KEY `relationship_type_uuid_index` (`uuid`),
  KEY `user_who_created_rel` (`creator`),
  KEY `user_who_retired_relationship_type` (`retired_by`),
  CONSTRAINT `user_who_created_rel` FOREIGN KEY (`creator`) REFERENCES `users` (`user_id`),
  CONSTRAINT `user_who_retired_relationship_type` FOREIGN KEY (`retired_by`) REFERENCES `users` (`user_id`)
) ENGINE=InnoDB AUTO_INCREMENT=5 DEFAULT CHARSET=utf8;
/*!40101 SET character_set_client = @saved_cs_client */;

--
-- Dumping data for table `relationship_type`
--

LOCK TABLES `relationship_type` WRITE;
/*!40000 ALTER TABLE `relationship_type` DISABLE KEYS */;
INSERT INTO `relationship_type` VALUES (1,'Doctor','Patient',0,0,'Relationship from a primary care provider to the patient',1,'2007-05-04 00:00:00',0,NULL,NULL,NULL,'8d919b58-c2cc-11de-8d13-0010c6dffd0f'),(2,'Sibling','Sibling',0,0,'Relationship between brother/sister, brother/brother, and sister/sister',1,'2007-05-04 00:00:00',0,NULL,NULL,NULL,'8d91a01c-c2cc-11de-8d13-0010c6dffd0f'),(3,'Parent','Child',0,0,'Relationship from a mother/father to the child',1,'2007-05-04 00:00:00',0,NULL,NULL,NULL,'8d91a210-c2cc-11de-8d13-0010c6dffd0f'),(4,'Aunt/Uncle','Niece/Nephew',0,0,'Relationship from a parent\'s sibling to a child of that parent',1,'2007-05-04 00:00:00',0,NULL,NULL,NULL,'8d91a3dc-c2cc-11de-8d13-0010c6dffd0f');
/*!40000 ALTER TABLE `relationship_type` ENABLE KEYS */;
UNLOCK TABLES;

--
-- Table structure for table `report_object`
--

DROP TABLE IF EXISTS `report_object`;
/*!40101 SET @saved_cs_client     = @@character_set_client */;
/*!40101 SET character_set_client = utf8 */;
CREATE TABLE `report_object` (
  `report_object_id` int(11) NOT NULL AUTO_INCREMENT,
  `name` varchar(255) NOT NULL,
  `description` varchar(1000) DEFAULT NULL,
  `report_object_type` varchar(255) NOT NULL,
  `report_object_sub_type` varchar(255) NOT NULL,
  `xml_data` text,
  `creator` int(11) NOT NULL,
  `date_created` datetime NOT NULL,
  `changed_by` int(11) DEFAULT NULL,
  `date_changed` datetime DEFAULT NULL,
  `voided` tinyint(1) NOT NULL DEFAULT '0',
  `voided_by` int(11) DEFAULT NULL,
  `date_voided` datetime DEFAULT NULL,
  `void_reason` varchar(255) DEFAULT NULL,
  `uuid` char(38) DEFAULT NULL,
  PRIMARY KEY (`report_object_id`),
  UNIQUE KEY `report_object_uuid_index` (`uuid`),
  KEY `user_who_changed_report_object` (`changed_by`),
  KEY `report_object_creator` (`creator`),
  KEY `user_who_voided_report_object` (`voided_by`),
  CONSTRAINT `report_object_creator` FOREIGN KEY (`creator`) REFERENCES `users` (`user_id`),
  CONSTRAINT `user_who_changed_report_object` FOREIGN KEY (`changed_by`) REFERENCES `users` (`user_id`),
  CONSTRAINT `user_who_voided_report_object` FOREIGN KEY (`voided_by`) REFERENCES `users` (`user_id`)
) ENGINE=InnoDB DEFAULT CHARSET=utf8;
/*!40101 SET character_set_client = @saved_cs_client */;

--
-- Dumping data for table `report_object`
--

LOCK TABLES `report_object` WRITE;
/*!40000 ALTER TABLE `report_object` DISABLE KEYS */;
/*!40000 ALTER TABLE `report_object` ENABLE KEYS */;
UNLOCK TABLES;

--
-- Table structure for table `report_schema_xml`
--

DROP TABLE IF EXISTS `report_schema_xml`;
/*!40101 SET @saved_cs_client     = @@character_set_client */;
/*!40101 SET character_set_client = utf8 */;
CREATE TABLE `report_schema_xml` (
  `report_schema_id` int(11) NOT NULL AUTO_INCREMENT,
  `name` varchar(255) NOT NULL,
  `description` text NOT NULL,
  `xml_data` text NOT NULL,
  `uuid` char(38) DEFAULT NULL,
  PRIMARY KEY (`report_schema_id`),
  UNIQUE KEY `report_schema_xml_uuid_index` (`uuid`)
) ENGINE=InnoDB DEFAULT CHARSET=utf8;
/*!40101 SET character_set_client = @saved_cs_client */;

--
-- Dumping data for table `report_schema_xml`
--

LOCK TABLES `report_schema_xml` WRITE;
/*!40000 ALTER TABLE `report_schema_xml` DISABLE KEYS */;
/*!40000 ALTER TABLE `report_schema_xml` ENABLE KEYS */;
UNLOCK TABLES;

--
-- Table structure for table `reporting_report_design`
--

DROP TABLE IF EXISTS `reporting_report_design`;
/*!40101 SET @saved_cs_client     = @@character_set_client */;
/*!40101 SET character_set_client = utf8 */;
CREATE TABLE `reporting_report_design` (
  `id` int(11) NOT NULL AUTO_INCREMENT,
  `uuid` char(38) NOT NULL,
  `name` varchar(255) NOT NULL,
  `description` varchar(1000) DEFAULT NULL,
  `renderer_type` varchar(255) NOT NULL,
  `properties` text,
  `creator` int(11) NOT NULL DEFAULT '0',
  `date_created` datetime NOT NULL,
  `changed_by` int(11) DEFAULT NULL,
  `date_changed` datetime DEFAULT NULL,
  `retired` tinyint(1) NOT NULL DEFAULT '0',
  `retired_by` int(11) DEFAULT NULL,
  `date_retired` datetime DEFAULT NULL,
  `retire_reason` varchar(255) DEFAULT NULL,
  `report_definition_uuid` char(38) NOT NULL,
  PRIMARY KEY (`id`),
  UNIQUE KEY `uuid` (`uuid`),
  KEY `creator for reporting_report_design` (`creator`),
  KEY `changed_by for reporting_report_design` (`changed_by`),
  KEY `retired_by for reporting_report_design` (`retired_by`),
  KEY `report_definition_uuid for reporting_report_design` (`report_definition_uuid`),
  CONSTRAINT `changed_by for reporting_report_design` FOREIGN KEY (`changed_by`) REFERENCES `users` (`user_id`),
  CONSTRAINT `creator for reporting_report_design` FOREIGN KEY (`creator`) REFERENCES `users` (`user_id`),
  CONSTRAINT `retired_by for reporting_report_design` FOREIGN KEY (`retired_by`) REFERENCES `users` (`user_id`)
) ENGINE=InnoDB DEFAULT CHARSET=utf8;
/*!40101 SET character_set_client = @saved_cs_client */;

--
-- Dumping data for table `reporting_report_design`
--

LOCK TABLES `reporting_report_design` WRITE;
/*!40000 ALTER TABLE `reporting_report_design` DISABLE KEYS */;
/*!40000 ALTER TABLE `reporting_report_design` ENABLE KEYS */;
UNLOCK TABLES;

--
-- Table structure for table `reporting_report_design_resource`
--

DROP TABLE IF EXISTS `reporting_report_design_resource`;
/*!40101 SET @saved_cs_client     = @@character_set_client */;
/*!40101 SET character_set_client = utf8 */;
CREATE TABLE `reporting_report_design_resource` (
  `id` int(11) NOT NULL AUTO_INCREMENT,
  `uuid` char(38) NOT NULL,
  `name` varchar(255) NOT NULL,
  `description` varchar(1000) DEFAULT NULL,
  `report_design_id` int(11) NOT NULL DEFAULT '0',
  `content_type` varchar(50) DEFAULT NULL,
  `extension` varchar(20) DEFAULT NULL,
  `contents` longblob,
  `creator` int(11) NOT NULL DEFAULT '0',
  `date_created` datetime NOT NULL,
  `changed_by` int(11) DEFAULT NULL,
  `date_changed` datetime DEFAULT NULL,
  `retired` tinyint(1) NOT NULL DEFAULT '0',
  `retired_by` int(11) DEFAULT NULL,
  `date_retired` datetime DEFAULT NULL,
  `retire_reason` varchar(255) DEFAULT NULL,
  PRIMARY KEY (`id`),
  UNIQUE KEY `uuid` (`uuid`),
  KEY `report_design_id for reporting_report_design_resource` (`report_design_id`),
  KEY `creator for reporting_report_design_resource` (`creator`),
  KEY `changed_by for reporting_report_design_resource` (`changed_by`),
  KEY `retired_by for reporting_report_design_resource` (`retired_by`),
  CONSTRAINT `changed_by for reporting_report_design_resource` FOREIGN KEY (`changed_by`) REFERENCES `users` (`user_id`),
  CONSTRAINT `creator for reporting_report_design_resource` FOREIGN KEY (`creator`) REFERENCES `users` (`user_id`),
  CONSTRAINT `report_design_id for reporting_report_design_resource` FOREIGN KEY (`report_design_id`) REFERENCES `reporting_report_design` (`id`),
  CONSTRAINT `retired_by for reporting_report_design_resource` FOREIGN KEY (`retired_by`) REFERENCES `users` (`user_id`)
) ENGINE=InnoDB DEFAULT CHARSET=utf8;
/*!40101 SET character_set_client = @saved_cs_client */;

--
-- Dumping data for table `reporting_report_design_resource`
--

LOCK TABLES `reporting_report_design_resource` WRITE;
/*!40000 ALTER TABLE `reporting_report_design_resource` DISABLE KEYS */;
/*!40000 ALTER TABLE `reporting_report_design_resource` ENABLE KEYS */;
UNLOCK TABLES;

--
-- Table structure for table `reporting_report_processor`
--

DROP TABLE IF EXISTS `reporting_report_processor`;
/*!40101 SET @saved_cs_client     = @@character_set_client */;
/*!40101 SET character_set_client = utf8 */;
CREATE TABLE `reporting_report_processor` (
  `id` int(11) NOT NULL AUTO_INCREMENT,
  `uuid` char(38) NOT NULL,
  `name` varchar(255) NOT NULL,
  `description` varchar(1000) DEFAULT NULL,
  `processor_type` varchar(255) NOT NULL,
  `configuration` mediumtext,
  `run_on_success` tinyint(1) NOT NULL DEFAULT '1',
  `run_on_error` tinyint(1) NOT NULL DEFAULT '0',
  `creator` int(11) NOT NULL DEFAULT '0',
  `date_created` datetime NOT NULL,
  `changed_by` int(11) DEFAULT NULL,
  `date_changed` datetime DEFAULT NULL,
  `retired` tinyint(1) NOT NULL DEFAULT '0',
  `retired_by` int(11) DEFAULT NULL,
  `date_retired` datetime DEFAULT NULL,
  `retire_reason` varchar(255) DEFAULT NULL,
  `report_design_id` int(11) DEFAULT NULL,
  `processor_mode` varchar(255) DEFAULT NULL,
  PRIMARY KEY (`id`),
  UNIQUE KEY `uuid` (`uuid`),
  KEY `creator for reporting_report_processor` (`creator`),
  KEY `changed_by for reporting_report_processor` (`changed_by`),
  KEY `retired_by for reporting_report_processor` (`retired_by`),
  KEY `reporting_report_processor_report_design` (`report_design_id`),
  CONSTRAINT `changed_by for reporting_report_processor` FOREIGN KEY (`changed_by`) REFERENCES `users` (`user_id`),
  CONSTRAINT `creator for reporting_report_processor` FOREIGN KEY (`creator`) REFERENCES `users` (`user_id`),
  CONSTRAINT `reporting_report_processor_report_design` FOREIGN KEY (`report_design_id`) REFERENCES `reporting_report_design` (`id`),
  CONSTRAINT `retired_by for reporting_report_processor` FOREIGN KEY (`retired_by`) REFERENCES `users` (`user_id`)
) ENGINE=InnoDB DEFAULT CHARSET=utf8;
/*!40101 SET character_set_client = @saved_cs_client */;

--
-- Dumping data for table `reporting_report_processor`
--

LOCK TABLES `reporting_report_processor` WRITE;
/*!40000 ALTER TABLE `reporting_report_processor` DISABLE KEYS */;
/*!40000 ALTER TABLE `reporting_report_processor` ENABLE KEYS */;
UNLOCK TABLES;

--
-- Table structure for table `reporting_report_request`
--

DROP TABLE IF EXISTS `reporting_report_request`;
/*!40101 SET @saved_cs_client     = @@character_set_client */;
/*!40101 SET character_set_client = utf8 */;
CREATE TABLE `reporting_report_request` (
  `id` int(11) NOT NULL AUTO_INCREMENT,
  `uuid` char(38) NOT NULL,
  `base_cohort_uuid` char(38) DEFAULT NULL,
  `base_cohort_parameters` text,
  `report_definition_uuid` char(38) NOT NULL,
  `report_definition_parameters` text,
  `renderer_type` varchar(255) NOT NULL,
  `renderer_argument` varchar(255) DEFAULT NULL,
  `requested_by` int(11) NOT NULL DEFAULT '0',
  `request_datetime` datetime NOT NULL,
  `priority` varchar(255) NOT NULL,
  `status` varchar(255) NOT NULL,
  `evaluation_start_datetime` datetime DEFAULT NULL,
  `evaluation_complete_datetime` datetime DEFAULT NULL,
  `render_complete_datetime` datetime DEFAULT NULL,
  `description` varchar(1000) DEFAULT NULL,
  `schedule` varchar(100) DEFAULT NULL,
  `process_automatically` tinyint(1) NOT NULL DEFAULT '0',
  PRIMARY KEY (`id`),
  UNIQUE KEY `uuid` (`uuid`),
  KEY `requested_by for reporting_report_request` (`requested_by`),
  CONSTRAINT `requested_by for reporting_report_request` FOREIGN KEY (`requested_by`) REFERENCES `users` (`user_id`)
) ENGINE=InnoDB DEFAULT CHARSET=utf8;
/*!40101 SET character_set_client = @saved_cs_client */;

--
-- Dumping data for table `reporting_report_request`
--

LOCK TABLES `reporting_report_request` WRITE;
/*!40000 ALTER TABLE `reporting_report_request` DISABLE KEYS */;
/*!40000 ALTER TABLE `reporting_report_request` ENABLE KEYS */;
UNLOCK TABLES;

--
-- Table structure for table `role`
--

DROP TABLE IF EXISTS `role`;
/*!40101 SET @saved_cs_client     = @@character_set_client */;
/*!40101 SET character_set_client = utf8 */;
CREATE TABLE `role` (
  `role` varchar(50) NOT NULL DEFAULT '',
  `description` varchar(255) NOT NULL DEFAULT '',
  `uuid` char(38) DEFAULT NULL,
  PRIMARY KEY (`role`),
  UNIQUE KEY `role_uuid_index` (`uuid`)
) ENGINE=InnoDB DEFAULT CHARSET=utf8;
/*!40101 SET character_set_client = @saved_cs_client */;

--
-- Dumping data for table `role`
--

LOCK TABLES `role` WRITE;
/*!40000 ALTER TABLE `role` DISABLE KEYS */;
INSERT INTO `role` VALUES ('Anonymous','Privileges for non-authenticated users.','774b2af3-6437-4e5a-a310-547554c7c65c'),('ASHA','Users defined as Health Workers ASHA','fb03864e-e0b9-4e1b-9e51-8521cfb97335'),('Authenticated','Privileges gained once authentication has been established.','f7fd42ef-880e-40c5-972d-e4ae7c990de2'),('DOCTOR','PHC doctor role','d0cbacc6-809c-444a-aa35-11cbd9da759d'),('Provider','All users with the \'Provider\' role will appear as options in the default Infopath','8d94f280-c2cc-11de-8d13-0010c6dffd0f'),('System Developer','Developers of the OpenMRS .. have additional access to change fundamental structure of the database model.','8d94f852-c2cc-11de-8d13-0010c6dffd0f');
/*!40000 ALTER TABLE `role` ENABLE KEYS */;
UNLOCK TABLES;

--
-- Table structure for table `role_privilege`
--

DROP TABLE IF EXISTS `role_privilege`;
/*!40101 SET @saved_cs_client     = @@character_set_client */;
/*!40101 SET character_set_client = utf8 */;
CREATE TABLE `role_privilege` (
  `role` varchar(50) NOT NULL DEFAULT '',
  `privilege` varchar(50) NOT NULL DEFAULT '',
  PRIMARY KEY (`privilege`,`role`),
  KEY `role_privilege_to_role` (`role`),
  CONSTRAINT `privilege_definitons` FOREIGN KEY (`privilege`) REFERENCES `privilege` (`privilege`),
  CONSTRAINT `role_privilege_to_role` FOREIGN KEY (`role`) REFERENCES `role` (`role`)
) ENGINE=InnoDB DEFAULT CHARSET=utf8;
/*!40101 SET character_set_client = @saved_cs_client */;

--
-- Dumping data for table `role_privilege`
--

LOCK TABLES `role_privilege` WRITE;
/*!40000 ALTER TABLE `role_privilege` DISABLE KEYS */;
INSERT INTO `role_privilege` VALUES ('Authenticated','View Concept Classes'),('Authenticated','View Concept Datatypes'),('Authenticated','View Encounter Types'),('Authenticated','View Field Types'),('Authenticated','View Global Properties'),('Authenticated','View Identifier Types'),('Authenticated','View Locations'),('Authenticated','View Order Types'),('Authenticated','View Person Attribute Types'),('Authenticated','View Privileges'),('Authenticated','View Relationship Types'),('Authenticated','View Relationships'),('Authenticated','View Roles');
/*!40000 ALTER TABLE `role_privilege` ENABLE KEYS */;
UNLOCK TABLES;

--
-- Table structure for table `role_role`
--

DROP TABLE IF EXISTS `role_role`;
/*!40101 SET @saved_cs_client     = @@character_set_client */;
/*!40101 SET character_set_client = utf8 */;
CREATE TABLE `role_role` (
  `parent_role` varchar(50) NOT NULL DEFAULT '',
  `child_role` varchar(50) NOT NULL DEFAULT '',
  PRIMARY KEY (`parent_role`,`child_role`),
  KEY `inherited_role` (`child_role`),
  CONSTRAINT `inherited_role` FOREIGN KEY (`child_role`) REFERENCES `role` (`role`),
  CONSTRAINT `parent_role` FOREIGN KEY (`parent_role`) REFERENCES `role` (`role`)
) ENGINE=InnoDB DEFAULT CHARSET=utf8;
/*!40101 SET character_set_client = @saved_cs_client */;

--
-- Dumping data for table `role_role`
--

LOCK TABLES `role_role` WRITE;
/*!40000 ALTER TABLE `role_role` DISABLE KEYS */;
INSERT INTO `role_role` VALUES ('Provider','ASHA'),('System Developer','ASHA'),('Provider','DOCTOR'),('System Developer','DOCTOR');
/*!40000 ALTER TABLE `role_role` ENABLE KEYS */;
UNLOCK TABLES;

--
-- Table structure for table `sana_queue_item`
--

DROP TABLE IF EXISTS `sana_queue_item`;
/*!40101 SET @saved_cs_client     = @@character_set_client */;
/*!40101 SET character_set_client = utf8 */;
CREATE TABLE `sana_queue_item` (
  `id` int(11) NOT NULL AUTO_INCREMENT,
  `status` tinyint(4) NOT NULL,
  `phone_identifier` varchar(50) NOT NULL,
  `procedure_title` text NOT NULL,
  `case_identifier` text NOT NULL,
  `date_uploaded` datetime NOT NULL,
  `creator` int(11) NOT NULL,
  `date_created` datetime NOT NULL,
  `changed_by` int(11) NOT NULL,
  `date_changed` datetime NOT NULL,
  `patient_id` int(11) NOT NULL,
  `encounter_id` int(11) NOT NULL,
  `archived` int(11) DEFAULT '0',
  `archived_date` date DEFAULT NULL,
  `archived_by` varchar(50) DEFAULT NULL,
  PRIMARY KEY (`id`),
  KEY `creator` (`creator`),
  KEY `changed_by` (`changed_by`),
  KEY `patient_id` (`patient_id`),
  KEY `encounter_id` (`encounter_id`),
  CONSTRAINT `sana_queue_item_ibfk_1` FOREIGN KEY (`creator`) REFERENCES `person` (`person_id`),
  CONSTRAINT `sana_queue_item_ibfk_2` FOREIGN KEY (`changed_by`) REFERENCES `person` (`person_id`),
  CONSTRAINT `sana_queue_item_ibfk_3` FOREIGN KEY (`patient_id`) REFERENCES `patient` (`patient_id`),
  CONSTRAINT `sana_queue_item_ibfk_4` FOREIGN KEY (`encounter_id`) REFERENCES `encounter` (`encounter_id`)
) ENGINE=InnoDB DEFAULT CHARSET=utf8;
/*!40101 SET character_set_client = @saved_cs_client */;

--
-- Dumping data for table `sana_queue_item`
--

LOCK TABLES `sana_queue_item` WRITE;
/*!40000 ALTER TABLE `sana_queue_item` DISABLE KEYS */;
/*!40000 ALTER TABLE `sana_queue_item` ENABLE KEYS */;
UNLOCK TABLES;

--
-- Table structure for table `scheduler_task_config`
--

DROP TABLE IF EXISTS `scheduler_task_config`;
/*!40101 SET @saved_cs_client     = @@character_set_client */;
/*!40101 SET character_set_client = utf8 */;
CREATE TABLE `scheduler_task_config` (
  `task_config_id` int(11) NOT NULL AUTO_INCREMENT,
  `name` varchar(255) NOT NULL,
  `description` varchar(1024) DEFAULT NULL,
  `schedulable_class` text,
  `start_time` datetime DEFAULT NULL,
  `start_time_pattern` varchar(50) DEFAULT NULL,
  `repeat_interval` int(11) NOT NULL DEFAULT '0',
  `start_on_startup` tinyint(1) NOT NULL DEFAULT '0',
  `started` tinyint(1) NOT NULL DEFAULT '0',
  `created_by` int(11) DEFAULT '0',
  `date_created` datetime DEFAULT '2005-01-01 00:00:00',
  `changed_by` int(11) DEFAULT NULL,
  `date_changed` datetime DEFAULT NULL,
  `last_execution_time` datetime DEFAULT NULL,
  `uuid` char(38) NOT NULL,
  PRIMARY KEY (`task_config_id`),
  UNIQUE KEY `scheduler_task_config_uuid_index` (`uuid`),
  KEY `scheduler_changer` (`changed_by`),
  KEY `scheduler_creator` (`created_by`),
  CONSTRAINT `scheduler_changer` FOREIGN KEY (`changed_by`) REFERENCES `users` (`user_id`),
  CONSTRAINT `scheduler_creator` FOREIGN KEY (`created_by`) REFERENCES `users` (`user_id`)
) ENGINE=InnoDB AUTO_INCREMENT=6 DEFAULT CHARSET=utf8;
/*!40101 SET character_set_client = @saved_cs_client */;

--
-- Dumping data for table `scheduler_task_config`
--

LOCK TABLES `scheduler_task_config` WRITE;
/*!40000 ALTER TABLE `scheduler_task_config` DISABLE KEYS */;
INSERT INTO `scheduler_task_config` VALUES (1,'Update Concept Index','Iterates through the concept dictionary, re-creating the concept index (which are used for searcing). This task is started when using the \'Update Concept Index Storage\' page and no range is given.  This task stops itself when one iteration has completed.','org.openmrs.scheduler.tasks.ConceptIndexUpdateTask',NULL,NULL,0,0,0,1,'2005-01-01 00:00:00',2,'2014-10-29 17:20:12',NULL,'7c75911e-0310-11e0-8222-18a905e044dc'),(2,'Auto Close Visits Task','Stops all active visits that match the visit type(s) specified by the value of the global property \'autoCloseVisits.visitType\'','org.openmrs.scheduler.tasks.AutoCloseVisitsTask','2011-11-28 23:59:59','MM/dd/yyyy HH:mm:ss',86400,0,0,1,'2014-10-29 17:19:50',NULL,NULL,NULL,'8c17b376-1a2b-11e1-a51a-00248140a5eb'),(3,'Initialize Logic Rule Providers',NULL,'org.openmrs.logic.task.InitializeLogicRuleProvidersTask','2018-02-02 14:16:08',NULL,1999999999,0,1,2,'2014-10-29 17:20:07',2,'2018-02-02 14:16:08','2018-02-02 14:16:08','01284efb-b691-40f6-b154-d0e9bcce2787'),(4,'CohortCreator','Cohort creator','org.openmrs.module.myfirstmodule.MyFirstModuleTask','2014-10-29 18:17:18','MM/dd/yyyy HH:mm:ss',300,0,1,3,'2014-10-29 18:17:44',2,'2018-02-20 11:47:19','2018-02-20 11:47:19','4ffe52f5-7dd9-48dc-9ae0-e8c492cf7019'),(5,'PL algorithm','Priority listing algorithm','org.openmrs.module.myfirstmodule.ModulePLTask','2014-10-29 18:17:47','MM/dd/yyyy HH:mm:ss',60,0,1,3,'2014-10-29 18:18:10',2,'2017-08-03 07:09:47','2017-08-03 07:09:47','3330fb64-3aa2-409d-916b-0f4bd3ecf5be');
/*!40000 ALTER TABLE `scheduler_task_config` ENABLE KEYS */;
UNLOCK TABLES;

--
-- Table structure for table `scheduler_task_config_property`
--

DROP TABLE IF EXISTS `scheduler_task_config_property`;
/*!40101 SET @saved_cs_client     = @@character_set_client */;
/*!40101 SET character_set_client = utf8 */;
CREATE TABLE `scheduler_task_config_property` (
  `task_config_property_id` int(11) NOT NULL AUTO_INCREMENT,
  `name` varchar(255) NOT NULL,
  `value` text,
  `task_config_id` int(11) DEFAULT NULL,
  PRIMARY KEY (`task_config_property_id`),
  KEY `task_config_for_property` (`task_config_id`),
  CONSTRAINT `task_config_for_property` FOREIGN KEY (`task_config_id`) REFERENCES `scheduler_task_config` (`task_config_id`)
) ENGINE=InnoDB DEFAULT CHARSET=utf8;
/*!40101 SET character_set_client = @saved_cs_client */;

--
-- Dumping data for table `scheduler_task_config_property`
--

LOCK TABLES `scheduler_task_config_property` WRITE;
/*!40000 ALTER TABLE `scheduler_task_config_property` DISABLE KEYS */;
/*!40000 ALTER TABLE `scheduler_task_config_property` ENABLE KEYS */;
UNLOCK TABLES;

--
-- Table structure for table `serialized_object`
--

DROP TABLE IF EXISTS `serialized_object`;
/*!40101 SET @saved_cs_client     = @@character_set_client */;
/*!40101 SET character_set_client = utf8 */;
CREATE TABLE `serialized_object` (
  `serialized_object_id` int(11) NOT NULL AUTO_INCREMENT,
  `name` varchar(255) NOT NULL,
  `description` varchar(5000) DEFAULT NULL,
  `type` varchar(255) NOT NULL,
  `subtype` varchar(255) NOT NULL,
  `serialization_class` varchar(255) NOT NULL,
  `serialized_data` mediumtext NOT NULL,
  `date_created` datetime NOT NULL,
  `creator` int(11) NOT NULL,
  `date_changed` datetime DEFAULT NULL,
  `changed_by` int(11) DEFAULT NULL,
  `retired` tinyint(1) NOT NULL DEFAULT '0',
  `date_retired` datetime DEFAULT NULL,
  `retired_by` int(11) DEFAULT NULL,
  `retire_reason` varchar(1000) DEFAULT NULL,
  `uuid` char(38) DEFAULT NULL,
  PRIMARY KEY (`serialized_object_id`),
  UNIQUE KEY `serialized_object_uuid_index` (`uuid`),
  KEY `serialized_object_creator` (`creator`),
  KEY `serialized_object_changed_by` (`changed_by`),
  KEY `serialized_object_retired_by` (`retired_by`),
  CONSTRAINT `serialized_object_changed_by` FOREIGN KEY (`changed_by`) REFERENCES `users` (`user_id`),
  CONSTRAINT `serialized_object_creator` FOREIGN KEY (`creator`) REFERENCES `users` (`user_id`),
  CONSTRAINT `serialized_object_retired_by` FOREIGN KEY (`retired_by`) REFERENCES `users` (`user_id`)
) ENGINE=InnoDB DEFAULT CHARSET=utf8;
/*!40101 SET character_set_client = @saved_cs_client */;

--
-- Dumping data for table `serialized_object`
--

LOCK TABLES `serialized_object` WRITE;
/*!40000 ALTER TABLE `serialized_object` DISABLE KEYS */;
/*!40000 ALTER TABLE `serialized_object` ENABLE KEYS */;
UNLOCK TABLES;

--
-- Table structure for table `uiframework_user_defined_page_view`
--

DROP TABLE IF EXISTS `uiframework_user_defined_page_view`;
/*!40101 SET @saved_cs_client     = @@character_set_client */;
/*!40101 SET character_set_client = utf8 */;
CREATE TABLE `uiframework_user_defined_page_view` (
  `page_view_id` int(11) NOT NULL AUTO_INCREMENT,
  `name` varchar(100) NOT NULL,
  `template_type` varchar(50) NOT NULL,
  `template_text` mediumtext NOT NULL,
  `uuid` varchar(38) NOT NULL,
  `creator` int(11) NOT NULL,
  `date_created` datetime NOT NULL,
  PRIMARY KEY (`page_view_id`),
  UNIQUE KEY `name` (`name`),
  UNIQUE KEY `uuid` (`uuid`)
) ENGINE=InnoDB DEFAULT CHARSET=utf8;
/*!40101 SET character_set_client = @saved_cs_client */;

--
-- Dumping data for table `uiframework_user_defined_page_view`
--

LOCK TABLES `uiframework_user_defined_page_view` WRITE;
/*!40000 ALTER TABLE `uiframework_user_defined_page_view` DISABLE KEYS */;
/*!40000 ALTER TABLE `uiframework_user_defined_page_view` ENABLE KEYS */;
UNLOCK TABLES;

--
-- Table structure for table `user_property`
--

DROP TABLE IF EXISTS `user_property`;
/*!40101 SET @saved_cs_client     = @@character_set_client */;
/*!40101 SET character_set_client = utf8 */;
CREATE TABLE `user_property` (
  `user_id` int(11) NOT NULL DEFAULT '0',
  `property` varchar(100) NOT NULL DEFAULT '',
  `property_value` varchar(255) NOT NULL DEFAULT '',
  PRIMARY KEY (`user_id`,`property`),
  CONSTRAINT `user_property_to_users` FOREIGN KEY (`user_id`) REFERENCES `users` (`user_id`)
) ENGINE=InnoDB DEFAULT CHARSET=utf8;
/*!40101 SET character_set_client = @saved_cs_client */;

--
-- Dumping data for table `user_property`
--

LOCK TABLES `user_property` WRITE;
/*!40000 ALTER TABLE `user_property` DISABLE KEYS */;
INSERT INTO `user_property` VALUES (1,'defaultLocale','en'),(1,'loginAttempts','4'),(3,'lockoutTimestamp',''),(3,'loginAttempts','0'),(4,'loginAttempts','0'),(5,'lockoutTimestamp',''),(5,'loginAttempts','0'),(6,'lockoutTimestamp',''),(6,'loginAttempts','0'),(9,'lockoutTimestamp',''),(9,'loginAttempts','0'),(10,'lockoutTimestamp',''),(10,'loginAttempts','0'),(11,'lockoutTimestamp',''),(11,'loginAttempts','0'),(12,'lockoutTimestamp',''),(12,'loginAttempts','0'),(13,'lockoutTimestamp',''),(13,'loginAttempts','0'),(14,'lockoutTimestamp',''),(14,'loginAttempts','0'),(15,'lockoutTimestamp',''),(15,'loginAttempts','0'),(16,'lockoutTimestamp',''),(16,'loginAttempts','0'),(17,'lockoutTimestamp',''),(17,'loginAttempts','0'),(18,'lockoutTimestamp',''),(18,'loginAttempts','0'),(19,'lockoutTimestamp',''),(19,'loginAttempts','0'),(20,'lockoutTimestamp',''),(20,'loginAttempts','0'),(21,'lockoutTimestamp',''),(21,'loginAttempts','0'),(22,'lockoutTimestamp',''),(22,'loginAttempts','0'),(23,'lockoutTimestamp',''),(23,'loginAttempts','0');
/*!40000 ALTER TABLE `user_property` ENABLE KEYS */;
UNLOCK TABLES;

--
-- Table structure for table `user_role`
--

DROP TABLE IF EXISTS `user_role`;
/*!40101 SET @saved_cs_client     = @@character_set_client */;
/*!40101 SET character_set_client = utf8 */;
CREATE TABLE `user_role` (
  `user_id` int(11) NOT NULL DEFAULT '0',
  `role` varchar(50) NOT NULL DEFAULT '',
  PRIMARY KEY (`role`,`user_id`),
  KEY `user_role_to_users` (`user_id`),
  CONSTRAINT `role_definitions` FOREIGN KEY (`role`) REFERENCES `role` (`role`),
  CONSTRAINT `user_role_to_users` FOREIGN KEY (`user_id`) REFERENCES `users` (`user_id`)
) ENGINE=InnoDB DEFAULT CHARSET=utf8;
/*!40101 SET character_set_client = @saved_cs_client */;

--
-- Dumping data for table `user_role`
--

LOCK TABLES `user_role` WRITE;
/*!40000 ALTER TABLE `user_role` DISABLE KEYS */;
INSERT INTO `user_role` VALUES (1,'Provider'),(1,'System Developer'),(3,'Authenticated'),(3,'System Developer'),(4,'Authenticated'),(4,'System Developer'),(5,'ASHA'),(5,'Authenticated'),(5,'System Developer'),(6,'Authenticated'),(6,'DOCTOR'),(6,'System Developer'),(9,'Authenticated'),(9,'DOCTOR'),(9,'System Developer'),(10,'ASHA'),(10,'Authenticated'),(10,'Provider'),(10,'System Developer'),(11,'ASHA'),(11,'Authenticated'),(11,'Provider'),(11,'System Developer'),(12,'ASHA'),(12,'Authenticated'),(12,'Provider'),(12,'System Developer'),(13,'ASHA'),(13,'Authenticated'),(13,'Provider'),(13,'System Developer'),(14,'ASHA'),(14,'Authenticated'),(14,'Provider'),(14,'System Developer'),(15,'Authenticated'),(15,'DOCTOR'),(15,'Provider'),(15,'System Developer'),(16,'ASHA'),(16,'Authenticated'),(16,'Provider'),(16,'System Developer'),(17,'ASHA'),(17,'Authenticated'),(17,'Provider'),(17,'System Developer'),(18,'ASHA'),(18,'Authenticated'),(18,'Provider'),(18,'System Developer'),(19,'ASHA'),(19,'Authenticated'),(19,'Provider'),(19,'System Developer'),(20,'Authenticated'),(20,'DOCTOR'),(20,'Provider'),(20,'System Developer'),(21,'Authenticated'),(21,'DOCTOR'),(21,'Provider'),(21,'System Developer'),(22,'Authenticated'),(22,'DOCTOR'),(22,'Provider'),(22,'System Developer'),(23,'Authenticated'),(23,'DOCTOR'),(23,'Provider'),(23,'System Developer');
/*!40000 ALTER TABLE `user_role` ENABLE KEYS */;
UNLOCK TABLES;

--
-- Table structure for table `users`
--

DROP TABLE IF EXISTS `users`;
/*!40101 SET @saved_cs_client     = @@character_set_client */;
/*!40101 SET character_set_client = utf8 */;
CREATE TABLE `users` (
  `user_id` int(11) NOT NULL AUTO_INCREMENT,
  `system_id` varchar(50) NOT NULL DEFAULT '',
  `username` varchar(50) DEFAULT NULL,
  `password` varchar(128) DEFAULT NULL,
  `salt` varchar(128) DEFAULT NULL,
  `secret_question` varchar(255) DEFAULT NULL,
  `secret_answer` varchar(255) DEFAULT NULL,
  `creator` int(11) NOT NULL DEFAULT '0',
  `date_created` datetime NOT NULL,
  `changed_by` int(11) DEFAULT NULL,
  `date_changed` datetime DEFAULT NULL,
  `person_id` int(11) NOT NULL,
  `retired` tinyint(1) NOT NULL DEFAULT '0',
  `retired_by` int(11) DEFAULT NULL,
  `date_retired` datetime DEFAULT NULL,
  `retire_reason` varchar(255) DEFAULT NULL,
  `uuid` char(38) NOT NULL,
  PRIMARY KEY (`user_id`),
  KEY `user_who_changed_user` (`changed_by`),
  KEY `user_creator` (`creator`),
  KEY `user_who_retired_this_user` (`retired_by`),
  KEY `person_id_for_user` (`person_id`),
  CONSTRAINT `person_id_for_user` FOREIGN KEY (`person_id`) REFERENCES `person` (`person_id`),
  CONSTRAINT `user_creator` FOREIGN KEY (`creator`) REFERENCES `users` (`user_id`),
  CONSTRAINT `user_who_changed_user` FOREIGN KEY (`changed_by`) REFERENCES `users` (`user_id`),
  CONSTRAINT `user_who_retired_this_user` FOREIGN KEY (`retired_by`) REFERENCES `users` (`user_id`)
) ENGINE=InnoDB AUTO_INCREMENT=24 DEFAULT CHARSET=utf8;
/*!40101 SET character_set_client = @saved_cs_client */;

--
-- Dumping data for table `users`
--

LOCK TABLES `users` WRITE;
/*!40000 ALTER TABLE `users` DISABLE KEYS */;
INSERT INTO `users` VALUES (1,'admin','','0129c3cc78a7c63379533cabeaf7691a64ee7b25a61f8e5fbd284d72655a6d4bfdd429cce33d00cf9328657b4368b06f26b2a258bfbc50cac28b41899a48be7d','766b6c05770e730ec1977fb68d0b4e52571ab4f362b3186f56c9fee88d31d213e197d02a3d8e500338b6d2d87755fa91d04556b891cbf99d06968e2a50918c54',NULL,NULL,1,'2005-01-01 00:00:00',1,'2014-10-29 17:20:07',1,0,NULL,NULL,NULL,'ac5b31d4-5f61-11e4-9371-000c29143e5d'),(2,'daemon','daemon',NULL,NULL,NULL,NULL,1,'2010-04-26 13:25:00',NULL,NULL,1,0,NULL,NULL,NULL,'A4F30A1B-5EB9-11DF-A648-37A07F9C90FB'),(3,'3-4','ibme','655c1eab89da83cd18810d70e78ca9bc22849e259c9a66b699c5dd717106a34c755eef3e0cd7753616a6a358c177e7bddd81b6a5beb1365d35e3e7e6e78971b6','5dba14624da861156843262e2d5d3afd798654a06080851b077fc9991f146e194533179587d821054ce9bb65d6b9485c6aa6cffee768027460a510b7fdc95972',NULL,NULL,1,'2014-10-29 17:22:43',1,'2014-10-29 17:22:43',2,0,NULL,NULL,NULL,'58747351-7a29-4f62-a8be-4373145c70e5'),(4,'4-2','pavanww','b260e69d7f629bc6a435e3a55416c9b92d6fc81c9bd0d6878141cb32c66b332910d6863890a2dd6d75343310bff9d571be61c013994902fc68c79418e7c2a2eb','b16d47c7fb913baa8071b2f09840e5febe6ac2641c5ad6129cd129318c23be394e7a3bead87548bd380c106b9e5fb01f08717dfc0a252e4bc0e5c2aef17b5bf0',NULL,NULL,1,'2014-10-29 17:23:27',1,'2014-10-29 17:23:27',3,0,NULL,NULL,NULL,'cdb4a306-73da-48df-aeab-020f227edc1e'),(5,'5-9','352423062688088','8e994298d67bd696b1477ee1cad108458f331efa122bbe2b337b5595cad114993ec4221ebf2bb5878e02f23b58c0e5be6d1f00299506c0c306cabf3b6aa405aa','74d27959dd480d709646864399b187ce0f256edecbe3c6a29e81e1d9954c2e4fe8d6468298af0c7cea2f698e08cafffbadffefbb3063e78a42586016cfa89959',NULL,NULL,4,'2014-10-29 21:21:51',4,'2018-02-06 17:19:33',4,0,NULL,NULL,NULL,'579d7ef0-5d66-4f11-81aa-8f3a5360cddc'),(6,'6-7','357647051989975','893deded024bb546c0f53be5665b78a356c0ca930ad5e3f766fb43369862ebce3ee755d99dc2fe763d31bd28930f7a01bbf9987c9312cbfb2f5eca8137735ed8','4fb02aee6271c57343990e31a324ead8ef24f84ea1bdef4ef161a6063cbede4373bd101a77a533ba499e35fd7a075ed022ae921a46671953835a8240642032e0',NULL,NULL,3,'2014-10-29 21:33:22',3,'2014-10-29 21:33:22',5,0,NULL,NULL,NULL,'2d7f08c5-e773-4493-b002-832b5c52841b'),(9,'9-1','359940061103788','0520a89ed7318ef180d6915ef329191ce796eee056aaeb65c59203e67c237058b6e484bf5e6e80254d450cfe2bd06967f0f152e64143f53fe962ff4db373571a','28f137595851833b89089e62fb55d43691a353ff9c0844ed973d2d581a38e519fe55669943da7e725ed3ecd0560e3f0a90085e3c0a0885b736913f2932a47ed7',NULL,NULL,4,'2017-03-01 09:27:26',4,'2017-03-01 09:27:26',13,0,NULL,NULL,NULL,'5140f67d-891a-4f8d-a705-47e12fb0712a'),(10,'8-3','359940061108225','d608cc046dcef9a4e1752f3ce97442b4ee4d9815f6c0114ea519446534b5e44a0a68fd7bebe95bd3d2271a3d1cccbc4bfe6593183b9ff4834a3cd3aa16fa16e3','f7ea832a1d8021aaca21f70f8d8736a776dfbdc5830c1137c67bf4780e19f31fb5c9d09ac24cc9a9d6222165a4ae375e4f62b1ad7ab1e93c2c42fd3ecf5f0434',NULL,NULL,4,'2018-02-08 13:57:25',4,'2018-02-08 13:57:25',35,0,NULL,NULL,NULL,'22d8df81-6d2b-40e2-aea9-2ecbd4bd7266'),(11,'10-9','356586061892616','660e04594008b2114188944a0888799bd3b93299657448c1f0603440eb992a3b6a458889a7eb95a9e75f97da026b1c860604b757af704dc5e11544031fd24b7f','949d3d5e3912d28d4797404230a96aa721bbad82567efa64238bc486a1b5a362371ad86395e2cc71797008ab3140f8990ad8c11da9bd914e66d6a263d9603d29',NULL,NULL,4,'2018-02-14 11:31:29',4,'2018-02-14 11:31:29',40,0,NULL,NULL,NULL,'fdafa1af-459d-415f-aa9a-5685de63f463'),(12,'11-7','356586061892624','79567ada79648a3309c6c3fb460f5d244f6c62b03e33f34d29978dd3b685df3d568039de51799ff09b6d0c00d35c215974133e94a052e36f80cf81f77f436b88','dfd7cd32d6c16c8a6c5f256455eed40ab65d222ffbf48e243846e5e36656a6713b8d4531da28614c68d6b038433570fa6dc72f2e20a774086c3e751bd8d19329',NULL,NULL,4,'2018-02-14 17:07:42',4,'2018-02-14 17:07:42',43,0,NULL,NULL,NULL,'dfe095a9-9ee1-4060-82be-92a3229e8f95'),(13,'12-5','356586061853857','dee641dacabf795f20a9177aa6ec2dcb22b0b65bec6ef023887ccda2694a60b69673ebd92fa104132202d4d6991f3adef1b89f8bfc769bcf3a56bb5a193ad86c','36a5ce084ccd814f1a0d9726d32333b77b4c0a4e8514cdfb0fe4a1b0e4431c63c263e8c8b67d2ac9b1edc1a0a63b12a48c8add0aff7edd5b36ce171d65d7275a',NULL,NULL,4,'2018-02-16 13:07:04',4,'2018-02-16 13:07:04',48,0,NULL,NULL,NULL,'feab9e09-d61c-4354-b92b-d8dc5585a2f5'),(14,'13-3','356586061853865','74fa5a6e12ec63e9464f53006c4c3856f6ab90f6c1c457dae350cb5c760c792fbf22773e38a8857a276197c5b318c3cee3323a72558d110d101e149e506d1b9d','248db16c6835b63450c7ce586a72e074bad88a6df071bda7d150afae0f406a74dceca4136b361f193b3c43ee1dc1b44ca2e4269c7657dfbd8d5807a7e88565f1',NULL,NULL,4,'2018-02-16 13:07:45',4,'2018-02-16 13:07:45',49,0,NULL,NULL,NULL,'38d4f47c-89eb-4520-8f6b-40cbf590f056'),(15,'14-1','doctor1','e8236dfa8f8305fa8155f0c13755a79dcf99e7752a8c949f5e85295858d7cba94917be482ce36c170474ca79e2c66c4ecb5e4273abbad332eedf2ed72a6d457d','aaff8ac560e99cc737778d7b0b9fe534979b6c3fff8de620162d7baa0d5cce10b9e5724c4928757fc9c7e5fd53a8a87ca36d1f93aabd49bdcd01d57a01ef9e92',NULL,NULL,4,'2018-02-16 15:08:46',4,'2018-02-16 15:08:46',56,0,NULL,NULL,NULL,'eff8ce41-a63b-4e09-af4c-2e3e9f0a328d'),(16,'15-8','354993063945818','079ffe5222d900457be2d45e2fb501ce1deeaa48e1175bc0cd1fbce64106eae3981f1e7f4128f96d1087754e5d410357cc4df7212b659a1d08e2967370d3def9','3508bc0cc12aab5534b14618ecde70aef5c1f1d9efc421150dab65753e720576a1d38c16f28f94b96cac58144560d141df557a419722943541e552da4c115f2e',NULL,NULL,4,'2018-02-19 12:41:53',4,'2018-02-19 12:41:53',65,0,NULL,NULL,NULL,'cce737d6-0571-4aff-be19-987476abd7d1'),(17,'16-6','354993063945826','f5d8f8c725d4a186eeafe16dbad090447f005d071ecb1b8e421a5921c104e49ee2cc6fe613c30968941f35254d858bc40e52a6c99b450217524e4c620fc6c936','c5662f32ec490fff38c2361019f908bfda9d9a02d4f4faff87531524bc1200c585a93e7f1e140eac8a1f4c994682b5277f74043984e661bad6033774b879634a',NULL,NULL,4,'2018-02-19 12:42:27',4,'2018-02-19 12:42:27',66,0,NULL,NULL,NULL,'34349fd1-d25c-432d-8652-5937e505a2d9'),(18,'17-4','35499306394311','434f1afaaed435327e96ec42fc89bf407fc50184363fccf12117a3a9c53b4ab8a6183446db7f6e8135dce61b463d6d8823ad770bb2abb01894dab38a519b9bc8','be364ef070ca585223a25c61adeb3a806188176d772a5921f920a5b6b93cfd5e4a78c3aa54b33fa49c33039cd040529d3604c7a4168361ac89f787daf1d7d869',NULL,NULL,4,'2018-02-19 12:43:35',4,'2018-02-19 12:43:35',67,0,NULL,NULL,NULL,'2c3ac8c3-fc00-4775-a456-5827ef3e226d'),(19,'18-2','35499306394329','cd5586e7d2b6e08cec10632f045f30b38e1ce0c26297cc519f65f7ac6741f5e2691ff2bf342dd9f044d076766b34d5610a925a836f80b584f253df750f0558e5','ccdd46f44a948ee2e377da76d23caac82c2da81157091405294f43bb822a83b7cc5741bc874f76d4f937963bb61c93e7a0fa9b76fbfce8f14d44c3d23193d1ba',NULL,NULL,4,'2018-02-19 12:44:18',4,'2018-02-19 12:44:18',68,0,NULL,NULL,NULL,'0eafebe9-12e1-48b3-9c51-6c9ed3caedee'),(20,'19-0','356586062114390','55a009d1fe6a35c88a0aef2336f4191461a9fd57d5737fc4bff3de9cea1c5797d492259e8680c227ac67c8866cbd6ff169d84695c827ba40b9fb267237bb6bf7','f7501d68500ce9d12692e034d254e6aca3d25355e8284e69b507de3bbe99c89932e271cc5f234cae1f37de0a92a0daadc4e4e851d4ab57cd49e2f13c9c35b2f9',NULL,NULL,4,'2018-02-19 12:47:11',4,'2018-02-19 12:47:11',69,0,NULL,NULL,NULL,'39c60c75-b76d-4b07-a73b-8678864e6960'),(21,'20-8','356586062114408','3c9d231637bb1b6adb73038b0b643b40804f85c8762a6cc9bbf3b7bb0f3d8a39186f10b633e6d047ade44190b2b47b2568f089c1b4c704dd397bb270db250de5','b307fb68e7469e9a3d81b6256078f14979e5f940282fe874b8760ce0a044d78158042436393991af4d3a04c1f7bbbd13c739c2eede85eda0b0c1c6b109af7045',NULL,NULL,4,'2018-02-19 12:47:42',4,'2018-02-19 12:47:42',70,0,NULL,NULL,NULL,'c5dac2e3-62c6-4c29-899b-4c1ad13a4375'),(22,'21-6','354993063944878','535bf6ae1ba276968bb858630db9939c0a924d4db0afcd1d0bdc95a312a0ba62b5f40ab1dbe16c5c92f1f783b89a2dd196dbb67dbd4c2b831b0bde3e26d8d518','abbb3d86f897b32861f77556302b867f32152c96994d106c6f063cb62780ff12c79e8c9dc3a991ef11f59afc14b2a185bafd4f8e93d6096e4cafd26300f53ace',NULL,NULL,4,'2018-02-19 12:48:52',4,'2018-02-19 12:48:52',71,0,NULL,NULL,NULL,'240c6918-80db-42c2-b8bf-3beb9869933d'),(23,'22-4','354993063944886','20391a5d77c3162d4992d3075d0e3997e27e89a42919f9a1418fa916e9eddf6df8990c15158f0fba97614b0cf08dff437399824966fe0f632251a5983bd28579','8ab8ae8a1136890ab33f078ad9abc223ce91c333f1d679b8630fcb7ce920576b4e3b6449f7558e9cd8811068c38e33770b893364a4631b5d09337e6f6f7246ea',NULL,NULL,4,'2018-02-19 12:49:25',4,'2018-02-19 12:49:25',72,0,NULL,NULL,NULL,'db87fe4c-d416-4276-9bb5-0b5625009e10');
/*!40000 ALTER TABLE `users` ENABLE KEYS */;
UNLOCK TABLES;

--
-- Table structure for table `visit`
--

DROP TABLE IF EXISTS `visit`;
/*!40101 SET @saved_cs_client     = @@character_set_client */;
/*!40101 SET character_set_client = utf8 */;
CREATE TABLE `visit` (
  `visit_id` int(11) NOT NULL AUTO_INCREMENT,
  `patient_id` int(11) NOT NULL,
  `visit_type_id` int(11) NOT NULL,
  `date_started` datetime NOT NULL,
  `date_stopped` datetime DEFAULT NULL,
  `indication_concept_id` int(11) DEFAULT NULL,
  `location_id` int(11) DEFAULT NULL,
  `creator` int(11) NOT NULL,
  `date_created` datetime NOT NULL,
  `changed_by` int(11) DEFAULT NULL,
  `date_changed` datetime DEFAULT NULL,
  `voided` tinyint(1) NOT NULL DEFAULT '0',
  `voided_by` int(11) DEFAULT NULL,
  `date_voided` datetime DEFAULT NULL,
  `void_reason` varchar(255) DEFAULT NULL,
  `uuid` char(38) NOT NULL,
  PRIMARY KEY (`visit_id`),
  UNIQUE KEY `uuid` (`uuid`),
  KEY `visit_patient_index` (`patient_id`),
  KEY `visit_type_fk` (`visit_type_id`),
  KEY `visit_location_fk` (`location_id`),
  KEY `visit_creator_fk` (`creator`),
  KEY `visit_voided_by_fk` (`voided_by`),
  KEY `visit_changed_by_fk` (`changed_by`),
  KEY `visit_indication_concept_fk` (`indication_concept_id`),
  CONSTRAINT `visit_changed_by_fk` FOREIGN KEY (`changed_by`) REFERENCES `users` (`user_id`),
  CONSTRAINT `visit_creator_fk` FOREIGN KEY (`creator`) REFERENCES `users` (`user_id`),
  CONSTRAINT `visit_indication_concept_fk` FOREIGN KEY (`indication_concept_id`) REFERENCES `concept` (`concept_id`),
  CONSTRAINT `visit_location_fk` FOREIGN KEY (`location_id`) REFERENCES `location` (`location_id`),
  CONSTRAINT `visit_patient_fk` FOREIGN KEY (`patient_id`) REFERENCES `patient` (`patient_id`),
  CONSTRAINT `visit_type_fk` FOREIGN KEY (`visit_type_id`) REFERENCES `visit_type` (`visit_type_id`),
  CONSTRAINT `visit_voided_by_fk` FOREIGN KEY (`voided_by`) REFERENCES `users` (`user_id`)
) ENGINE=InnoDB DEFAULT CHARSET=utf8;
/*!40101 SET character_set_client = @saved_cs_client */;

--
-- Dumping data for table `visit`
--

LOCK TABLES `visit` WRITE;
/*!40000 ALTER TABLE `visit` DISABLE KEYS */;
/*!40000 ALTER TABLE `visit` ENABLE KEYS */;
UNLOCK TABLES;

--
-- Table structure for table `visit_attribute`
--

DROP TABLE IF EXISTS `visit_attribute`;
/*!40101 SET @saved_cs_client     = @@character_set_client */;
/*!40101 SET character_set_client = utf8 */;
CREATE TABLE `visit_attribute` (
  `visit_attribute_id` int(11) NOT NULL AUTO_INCREMENT,
  `visit_id` int(11) NOT NULL,
  `attribute_type_id` int(11) NOT NULL,
  `value_reference` text NOT NULL,
  `uuid` char(38) NOT NULL,
  `creator` int(11) NOT NULL,
  `date_created` datetime NOT NULL,
  `changed_by` int(11) DEFAULT NULL,
  `date_changed` datetime DEFAULT NULL,
  `voided` tinyint(1) NOT NULL DEFAULT '0',
  `voided_by` int(11) DEFAULT NULL,
  `date_voided` datetime DEFAULT NULL,
  `void_reason` varchar(255) DEFAULT NULL,
  PRIMARY KEY (`visit_attribute_id`),
  UNIQUE KEY `uuid` (`uuid`),
  KEY `visit_attribute_visit_fk` (`visit_id`),
  KEY `visit_attribute_attribute_type_id_fk` (`attribute_type_id`),
  KEY `visit_attribute_creator_fk` (`creator`),
  KEY `visit_attribute_changed_by_fk` (`changed_by`),
  KEY `visit_attribute_voided_by_fk` (`voided_by`),
  CONSTRAINT `visit_attribute_attribute_type_id_fk` FOREIGN KEY (`attribute_type_id`) REFERENCES `visit_attribute_type` (`visit_attribute_type_id`),
  CONSTRAINT `visit_attribute_changed_by_fk` FOREIGN KEY (`changed_by`) REFERENCES `users` (`user_id`),
  CONSTRAINT `visit_attribute_creator_fk` FOREIGN KEY (`creator`) REFERENCES `users` (`user_id`),
  CONSTRAINT `visit_attribute_visit_fk` FOREIGN KEY (`visit_id`) REFERENCES `visit` (`visit_id`),
  CONSTRAINT `visit_attribute_voided_by_fk` FOREIGN KEY (`voided_by`) REFERENCES `users` (`user_id`)
) ENGINE=InnoDB DEFAULT CHARSET=utf8;
/*!40101 SET character_set_client = @saved_cs_client */;

--
-- Dumping data for table `visit_attribute`
--

LOCK TABLES `visit_attribute` WRITE;
/*!40000 ALTER TABLE `visit_attribute` DISABLE KEYS */;
/*!40000 ALTER TABLE `visit_attribute` ENABLE KEYS */;
UNLOCK TABLES;

--
-- Table structure for table `visit_attribute_type`
--

DROP TABLE IF EXISTS `visit_attribute_type`;
/*!40101 SET @saved_cs_client     = @@character_set_client */;
/*!40101 SET character_set_client = utf8 */;
CREATE TABLE `visit_attribute_type` (
  `visit_attribute_type_id` int(11) NOT NULL AUTO_INCREMENT,
  `name` varchar(255) NOT NULL,
  `description` varchar(1024) DEFAULT NULL,
  `datatype` varchar(255) DEFAULT NULL,
  `datatype_config` text,
  `preferred_handler` varchar(255) DEFAULT NULL,
  `handler_config` text,
  `min_occurs` int(11) NOT NULL,
  `max_occurs` int(11) DEFAULT NULL,
  `creator` int(11) NOT NULL,
  `date_created` datetime NOT NULL,
  `changed_by` int(11) DEFAULT NULL,
  `date_changed` datetime DEFAULT NULL,
  `retired` tinyint(1) NOT NULL DEFAULT '0',
  `retired_by` int(11) DEFAULT NULL,
  `date_retired` datetime DEFAULT NULL,
  `retire_reason` varchar(255) DEFAULT NULL,
  `uuid` char(38) NOT NULL,
  PRIMARY KEY (`visit_attribute_type_id`),
  UNIQUE KEY `uuid` (`uuid`),
  KEY `visit_attribute_type_creator_fk` (`creator`),
  KEY `visit_attribute_type_changed_by_fk` (`changed_by`),
  KEY `visit_attribute_type_retired_by_fk` (`retired_by`),
  CONSTRAINT `visit_attribute_type_changed_by_fk` FOREIGN KEY (`changed_by`) REFERENCES `users` (`user_id`),
  CONSTRAINT `visit_attribute_type_creator_fk` FOREIGN KEY (`creator`) REFERENCES `users` (`user_id`),
  CONSTRAINT `visit_attribute_type_retired_by_fk` FOREIGN KEY (`retired_by`) REFERENCES `users` (`user_id`)
) ENGINE=InnoDB DEFAULT CHARSET=utf8;
/*!40101 SET character_set_client = @saved_cs_client */;

--
-- Dumping data for table `visit_attribute_type`
--

LOCK TABLES `visit_attribute_type` WRITE;
/*!40000 ALTER TABLE `visit_attribute_type` DISABLE KEYS */;
/*!40000 ALTER TABLE `visit_attribute_type` ENABLE KEYS */;
UNLOCK TABLES;

--
-- Table structure for table `visit_type`
--

DROP TABLE IF EXISTS `visit_type`;
/*!40101 SET @saved_cs_client     = @@character_set_client */;
/*!40101 SET character_set_client = utf8 */;
CREATE TABLE `visit_type` (
  `visit_type_id` int(11) NOT NULL AUTO_INCREMENT,
  `name` varchar(255) NOT NULL,
  `description` varchar(1024) DEFAULT NULL,
  `creator` int(11) NOT NULL,
  `date_created` datetime NOT NULL,
  `changed_by` int(11) DEFAULT NULL,
  `date_changed` datetime DEFAULT NULL,
  `retired` tinyint(1) NOT NULL DEFAULT '0',
  `retired_by` int(11) DEFAULT NULL,
  `date_retired` datetime DEFAULT NULL,
  `retire_reason` varchar(255) DEFAULT NULL,
  `uuid` char(38) NOT NULL,
  PRIMARY KEY (`visit_type_id`),
  UNIQUE KEY `uuid` (`uuid`),
  KEY `visit_type_creator` (`creator`),
  KEY `visit_type_changed_by` (`changed_by`),
  KEY `visit_type_retired_by` (`retired_by`),
  CONSTRAINT `visit_type_changed_by` FOREIGN KEY (`changed_by`) REFERENCES `users` (`user_id`),
  CONSTRAINT `visit_type_creator` FOREIGN KEY (`creator`) REFERENCES `users` (`user_id`),
  CONSTRAINT `visit_type_retired_by` FOREIGN KEY (`retired_by`) REFERENCES `users` (`user_id`)
) ENGINE=InnoDB DEFAULT CHARSET=utf8;
/*!40101 SET character_set_client = @saved_cs_client */;

--
-- Dumping data for table `visit_type`
--

LOCK TABLES `visit_type` WRITE;
/*!40000 ALTER TABLE `visit_type` DISABLE KEYS */;
/*!40000 ALTER TABLE `visit_type` ENABLE KEYS */;
UNLOCK TABLES;

--
-- Table structure for table `xforms_medical_history_field`
--

DROP TABLE IF EXISTS `xforms_medical_history_field`;
/*!40101 SET @saved_cs_client     = @@character_set_client */;
/*!40101 SET character_set_client = utf8 */;
CREATE TABLE `xforms_medical_history_field` (
  `field_id` int(11) NOT NULL,
  `name` varchar(255) NOT NULL,
  `tabIndex` int(11) DEFAULT NULL,
  PRIMARY KEY (`field_id`)
) ENGINE=InnoDB DEFAULT CHARSET=utf8;
/*!40101 SET character_set_client = @saved_cs_client */;

--
-- Dumping data for table `xforms_medical_history_field`
--

LOCK TABLES `xforms_medical_history_field` WRITE;
/*!40000 ALTER TABLE `xforms_medical_history_field` DISABLE KEYS */;
/*!40000 ALTER TABLE `xforms_medical_history_field` ENABLE KEYS */;
UNLOCK TABLES;

--
-- Table structure for table `xforms_person_repeat_attribute`
--

DROP TABLE IF EXISTS `xforms_person_repeat_attribute`;
/*!40101 SET @saved_cs_client     = @@character_set_client */;
/*!40101 SET character_set_client = utf8 */;
CREATE TABLE `xforms_person_repeat_attribute` (
  `person_repeat_attribute_id` int(11) NOT NULL AUTO_INCREMENT,
  `person_id` int(11) NOT NULL DEFAULT '0',
  `value` varchar(50) NOT NULL DEFAULT '',
  `person_attribute_type_id` int(11) NOT NULL DEFAULT '0',
  `value_id` int(11) NOT NULL DEFAULT '0',
  `value_id_type` int(11) NOT NULL DEFAULT '0',
  `value_display_order` int(11) NOT NULL DEFAULT '0',
  `creator` int(11) NOT NULL DEFAULT '0',
  `date_created` datetime NOT NULL DEFAULT '0000-00-00 00:00:00',
  `changed_by` int(11) DEFAULT NULL,
  `date_changed` datetime DEFAULT NULL,
  `voided` tinyint(1) NOT NULL DEFAULT '0',
  `voided_by` int(11) DEFAULT NULL,
  `date_voided` datetime DEFAULT NULL,
  `void_reason` varchar(255) DEFAULT NULL,
  PRIMARY KEY (`person_repeat_attribute_id`),
  KEY `repeat_identifies_person` (`person_id`),
  KEY `repeat_defines_attribute_type` (`person_attribute_type_id`),
  KEY `repeat_attribute_creator` (`creator`),
  KEY `repeat_attribute_changer` (`changed_by`),
  KEY `repeat_attribute_voider` (`voided_by`),
  CONSTRAINT `repeat_attribute_changer` FOREIGN KEY (`changed_by`) REFERENCES `users` (`user_id`),
  CONSTRAINT `repeat_attribute_creator` FOREIGN KEY (`creator`) REFERENCES `users` (`user_id`),
  CONSTRAINT `repeat_attribute_voider` FOREIGN KEY (`voided_by`) REFERENCES `users` (`user_id`),
  CONSTRAINT `repeat_defines_attribute_type` FOREIGN KEY (`person_attribute_type_id`) REFERENCES `person_attribute_type` (`person_attribute_type_id`),
  CONSTRAINT `repeat_identifies_person` FOREIGN KEY (`person_id`) REFERENCES `person` (`person_id`)
) ENGINE=InnoDB DEFAULT CHARSET=utf8;
/*!40101 SET character_set_client = @saved_cs_client */;

--
-- Dumping data for table `xforms_person_repeat_attribute`
--

LOCK TABLES `xforms_person_repeat_attribute` WRITE;
/*!40000 ALTER TABLE `xforms_person_repeat_attribute` DISABLE KEYS */;
/*!40000 ALTER TABLE `xforms_person_repeat_attribute` ENABLE KEYS */;
UNLOCK TABLES;

--
-- Table structure for table `xforms_xform`
--

DROP TABLE IF EXISTS `xforms_xform`;
/*!40101 SET @saved_cs_client     = @@character_set_client */;
/*!40101 SET character_set_client = utf8 */;
CREATE TABLE `xforms_xform` (
  `form_id` int(11) NOT NULL,
  `xform_xml` longtext,
  `layout_xml` longtext,
  `creator` int(11) NOT NULL DEFAULT '0',
  `date_created` datetime NOT NULL DEFAULT '0000-00-00 00:00:00',
  `changed_by` int(11) DEFAULT NULL,
  `date_changed` datetime DEFAULT NULL,
  `locale_xml` longtext,
  `javascript_src` longtext,
  `uuid` char(38) DEFAULT NULL,
  PRIMARY KEY (`form_id`),
  KEY `user_who_created_xform` (`creator`),
  KEY `form_with_which_xform_is_related` (`form_id`),
  KEY `user_who_last_changed_xform` (`changed_by`),
  CONSTRAINT `user_who_created_xform` FOREIGN KEY (`creator`) REFERENCES `users` (`user_id`),
  CONSTRAINT `user_who_last_changed_xform` FOREIGN KEY (`changed_by`) REFERENCES `users` (`user_id`)
) ENGINE=InnoDB DEFAULT CHARSET=utf8;
/*!40101 SET character_set_client = @saved_cs_client */;

--
-- Dumping data for table `xforms_xform`
--

LOCK TABLES `xforms_xform` WRITE;
/*!40000 ALTER TABLE `xforms_xform` DISABLE KEYS */;
/*!40000 ALTER TABLE `xforms_xform` ENABLE KEYS */;
UNLOCK TABLES;

--
-- Dumping events for database 'openmrs'
--
/*!50106 SET @save_time_zone= @@TIME_ZONE */ ;
/*!50106 DROP EVENT IF EXISTS `EVENT_OPENMRS_OBS_COPY_TO_IVR` */;
DELIMITER ;;
/*!50003 SET @saved_cs_client      = @@character_set_client */ ;;
/*!50003 SET @saved_cs_results     = @@character_set_results */ ;;
/*!50003 SET @saved_col_connection = @@collation_connection */ ;;
/*!50003 SET character_set_client  = utf8 */ ;;
/*!50003 SET character_set_results = utf8 */ ;;
/*!50003 SET collation_connection  = utf8_general_ci */ ;;
/*!50003 SET @saved_sql_mode       = @@sql_mode */ ;;
/*!50003 SET sql_mode              = '' */ ;;
/*!50003 SET @saved_time_zone      = @@time_zone */ ;;
/*!50003 SET time_zone             = 'SYSTEM' */ ;;
/*!50106 CREATE EVENT `EVENT_OPENMRS_OBS_COPY_TO_IVR` ON SCHEDULE EVERY 1 DAY STARTS '2014-10-30 01:00:00' ON COMPLETION NOT PRESERVE ENABLE DO call openmrs.copyEncountersToIVR() */ ;;
/*!50003 SET time_zone             = @saved_time_zone */ ;;
/*!50003 SET sql_mode              = @saved_sql_mode */ ;;
/*!50003 SET character_set_client  = @saved_cs_client */ ;;
/*!50003 SET character_set_results = @saved_cs_results */ ;;
/*!50003 SET collation_connection  = @saved_col_connection */ ;;
DELIMITER ;
/*!50106 SET TIME_ZONE= @save_time_zone */ ;

--
-- Dumping routines for database 'openmrs'
--
/*!50003 DROP PROCEDURE IF EXISTS `copyPatientVisitsTocvd_basetable` */;
/*!50003 SET @saved_cs_client      = @@character_set_client */ ;
/*!50003 SET @saved_cs_results     = @@character_set_results */ ;
/*!50003 SET @saved_col_connection = @@collation_connection */ ;
/*!50003 SET character_set_client  = utf8 */ ;
/*!50003 SET character_set_results = utf8 */ ;
/*!50003 SET collation_connection  = utf8_general_ci */ ;
/*!50003 SET @saved_sql_mode       = @@sql_mode */ ;
/*!50003 SET sql_mode              = '' */ ;
DELIMITER ;;
CREATE DEFINER=`whish`@`%` PROCEDURE `copyPatientVisitsTocvd_basetable`()
BEGIN

DECLARE max_enc_id_in_ivr INT;
 
 select ifnull(max(enc_id),0) INTO max_enc_id_in_ivr from openmrs.cvd_basetable;
Insert INTO  openmrs.cvd_basetable
(`enc_id`,
`patient_id`,
`first_name`,
`sur_name`,
`psu`,
`age`,
`gender`,
`dob`,
`fatherorhusband_relation`,
`father_or_hus_name`,
`family_index_number`,
`hospital_no`,
`door_no`,
`locality`,
`vill_name`,
`aadhar_num`,
`type_of_roof`,
`education`,
`occupation`,
`risk_fct_spnr`,
`random_bd_sugar`,
`hba1c_date`,
`hba1c_result`,
`date_of_recruitement`,
`diab_status`,
`fh_diab`,
`family_db_relation`,
`history_strok`,
`history__ht_stk`,
`history__ft_ulcers`,
`currently_smoke`,
`perday_how_many`,
`currently_alchohol`,
`volume_of_alcohol`,
`height`,
`weight`,
`bmi`,
`swelling_face`,
`complaints_impired`,
`foot_uclers`,
`dorsalispides_right`,
`dorsalispides_left`,
`monofilament_right`,
`monofilament_left`,
`sbp`,
`dbp`,
`baseline_hba1c`,
`hba1c_3M_reporting_date`,
`biothesiometer_letf_foot`,
`if_yes_biothesiometer_letf_foot`,
`biothesiometer_right_foot`,
`if_yes_biothesiometer_right_foot`,
`retinopathy_left_eye`,
`if_yes_retinopathy_left_eye`,
`retinopathy_right_eye`,
`if_yes_retinopathy_right_eye`,
`creatinine`,
`eGFR`,
`microalbumin`,
`total_cholesterol`,
`triglycerides`,
`hdl`,
`ldl`,
`ecg`,
`doa`,
`update_date`,
`created_date`,
`current_user_login`,
`current_user_role`,
`last_encounter`,
`current_encounter`,
`enc_date`,
`enc_type`,
`phc_name`,
`asha_assigned`,
`ref_doc`,
`interview_status`,
`rectruited`
)
SELECT 
    *
FROM
   (SELECT 
			cn.enc_id AS ENC_ID,
MAX(IF(cn.concept_name = 'PATIENT_ID', cn.Value, NULL)) AS 'PATIENT_ID',
MAX(IF(cn.concept_name = 'FIRST_NAME', cn.Value, NULL)) AS 'PATIENT_FNAME',
MAX(IF(cn.concept_name = 'SUR_NAME', cn.Value, NULL)) AS 'PATIENT_LNAME',
MAX(IF(cn.concept_name = 'PSU', cn.Value, NULL)) AS 'PSU',
MAX(IF(cn.concept_name = 'AGE', cn.Value, NULL)) AS 'AGE',
MAX(IF(cn.concept_name = 'GENDER', cn.Value, NULL)) AS 'GENDER',
MAX(IF(cn.concept_name = 'DOB', cn.Value, NULL)) AS 'DOB',
MAX(IF(cn.concept_name = 'FATHERORHUSBAND_RELATION', cn.Value, NULL)) AS 'FATHERORHUSBAND_RELATION',
MAX(IF(cn.concept_name = 'FATHER_OR_HUS_NAME', cn.Value, NULL)) AS 'FATHER_OR_HUS_NAME',
MAX(IF(cn.concept_name = 'FAMILY_INDEX_NUMBER', cn.Value, NULL)) AS 'FAMILY_INDEX_NUMBER',
MAX(IF(cn.concept_name = 'HOSPITAL_NO', cn.Value, NULL)) AS 'HOSPITAL_NO',
MAX(IF(cn.concept_name = 'DOOR_NO', cn.Value, NULL)) AS 'DOOR_NO',
MAX(IF(cn.concept_name = 'STREET_NAME', cn.Value, NULL)) AS 'STREET_NAME',
MAX(IF(cn.concept_name = 'VILL_NAME', cn.Value, NULL)) AS 'VILLAGE_NAME',
MAX(IF(cn.concept_name = 'AADHAR_NUM', cn.Value, NULL)) AS 'AADHAR_CARD',
MAX(IF(cn.concept_name = 'TYPE_OF_ROOF', cn.Value, NULL)) AS 'TYPE_OF_ROOF',
MAX(IF(cn.concept_name = 'EDUCATION', cn.Value, NULL)) AS 'EDUCATION',
MAX(IF(cn.concept_name = 'OCCUPATION', cn.Value, NULL)) AS 'OCCUPATION',
MAX(IF(cn.concept_name = 'RISK_FCT_SPNR', cn.Value, NULL)) AS 'RISK_FCT_SPNR',
MAX(IF(cn.concept_name = 'RANDOM_BD_SUGAR', cn.Value, NULL)) AS 'RANDOM_BD_SUGAR',
MAX(IF(cn.concept_name = 'HBA1C_DATE', cn.Value, NULL)) AS 'HBA1C_DATE',
MAX(IF(cn.concept_name = 'HBA1C_RESULT', cn.Value, NULL)) AS 'HBA1C_RESULT',
MAX(IF(cn.concept_name = 'DATE_OF_RECRUITEMENT', cn.Value, NULL)) AS 'DATE_OF_RECRUITEMENT',
MAX(IF(cn.concept_name = 'DIAB_STATUS', cn.Value, NULL)) AS 'DIAB_STATUS',
MAX(IF(cn.concept_name = 'FH_DIAB', cn.Value, NULL)) AS 'FH_DIAB',
MAX(IF(cn.concept_name = 'FAMILY_DB_RELATION', cn.Value, NULL)) AS 'FAMILY_DB_RELATION',
MAX(IF(cn.concept_name = 'HISTORY_STROK', cn.Value, NULL)) AS 'HISTORY_STROK',
MAX(IF(cn.concept_name = 'HISTORY__HT_STK', cn.Value, NULL)) AS 'HISTORY__HT_STK',
MAX(IF(cn.concept_name = 'HISTORY__FT_ULCERS', cn.Value, NULL)) AS 'HISTORY__FT_ULCERS',
MAX(IF(cn.concept_name = 'CURRENTLY_SMOKE', cn.Value, NULL)) AS 'CURRENTLY_SMOKE',
MAX(IF(cn.concept_name = 'PERDAY_HOW_MANY', cn.Value, NULL)) AS 'PERDAY_HOW_MANY',
MAX(IF(cn.concept_name = 'CURRENTLY_ALCHOHOL', cn.Value, NULL)) AS 'CURRENTLY_ALCHOHOL',
MAX(IF(cn.concept_name = 'VOLUME_OF_ALCOHOL', cn.Value, NULL)) AS 'VOLUME_OF_ALCOHOL',
MAX(IF(cn.concept_name = 'HEIGHT', cn.Value, NULL)) AS 'HEIGHT',
MAX(IF(cn.concept_name = 'WEIGHT', cn.Value, NULL)) AS 'WEIGHT',
MAX(IF(cn.concept_name = 'BMI', cn.Value, NULL)) AS 'BMI',
MAX(IF(cn.concept_name = 'SWELLING_FACE', cn.Value, NULL)) AS 'SWELLING_FACE',
MAX(IF(cn.concept_name = 'COMPLAINTS_IMPIRED', cn.Value, NULL)) AS 'COMPLAINTS_IMPIRED',
MAX(IF(cn.concept_name = 'FOOT_UCLERS', cn.Value, NULL)) AS 'FOOT_UCLERS',
MAX(IF(cn.concept_name = 'DORSALISPIDES_RIGHT', cn.Value, NULL)) AS 'DORSALISPIDES_RIGHT',
MAX(IF(cn.concept_name = 'DORSALISPIDES_LEFT', cn.Value, NULL)) AS 'DORSALISPIDES_LEFT',
MAX(IF(cn.concept_name = 'MONOFILAMENT_RIGHT', cn.Value, NULL)) AS 'MONOFILAMENT_RIGHT',
MAX(IF(cn.concept_name = 'MONOFILAMENT_LEFT', cn.Value, NULL)) AS 'MONOFILAMENT_LEFT',
MAX(IF(cn.concept_name = 'SBP', cn.Value, NULL)) AS 'SBP',
MAX(IF(cn.concept_name = 'DBP', cn.Value, NULL)) AS 'DBP',
MAX(IF(cn.concept_name = 'BASELINE_HBA1C', cn.Value, NULL)) AS 'BASELINE_HBA1C',
MAX(IF(cn.concept_name = 'HBA1C_3M_REPORTING_DATE', cn.Value, NULL)) AS 'HBA1C_3M_REPORTING_DATE',
MAX(IF(cn.concept_name = 'BIOTHESIOMETER_LETF_FOOT', cn.Value, NULL)) AS 'BIOTHESIOMETER_LETF_FOOT',
MAX(IF(cn.concept_name = 'IF_YES_BIOTHESIOMETER_LETF_FOOT', cn.Value, NULL)) AS 'IF_YES_BIOTHESIOMETER_LETF_FOOT',
MAX(IF(cn.concept_name = 'BIOTHESIOMETER_RIGHT_FOOT', cn.Value, NULL)) AS 'BIOTHESIOMETER_RIGHT_FOOT',
MAX(IF(cn.concept_name = 'IF_YES_BIOTHESIOMETER_RIGHT_FOOT', cn.Value, NULL)) AS 'IF_YES_BIOTHESIOMETER_RIGHT_FOOT',
MAX(IF(cn.concept_name = 'RETINOPATHY_LEFT_EYE', cn.Value, NULL)) AS 'RETINOPATHY_LEFT_EYE',
MAX(IF(cn.concept_name = 'IF_YES_RETINOPATHY_LEFT_EYE', cn.Value, NULL)) AS 'IF_YES_RETINOPATHY_LEFT_EYE',
MAX(IF(cn.concept_name = 'RETINOPATHY_RIGHT_EYE', cn.Value, NULL)) AS 'RETINOPATHY_RIGHT_EYE',
MAX(IF(cn.concept_name = 'IF_YES_RETINOPATHY_RIGHT_EYE', cn.Value, NULL)) AS 'IF_YES_RETINOPATHY_RIGHT_EYE',
MAX(IF(cn.concept_name = 'CREATININE', cn.Value, NULL)) AS 'CREATININE',
MAX(IF(cn.concept_name = 'EGFR', cn.Value, NULL)) AS 'EGFR',
MAX(IF(cn.concept_name = 'MICROALBUMIN', cn.Value, NULL)) AS 'MICROALBUMIN',
MAX(IF(cn.concept_name = 'TOTAL_CHOLESTEROL', cn.Value, NULL)) AS 'TOTAL_CHOLESTEROL',
MAX(IF(cn.concept_name = 'TRIGLYCERIDES', cn.Value, NULL)) AS 'TRIGLYCERIDES',
MAX(IF(cn.concept_name = 'HDL', cn.Value, NULL)) AS 'HDL',
MAX(IF(cn.concept_name = 'LDL', cn.Value, NULL)) AS 'LDL',
MAX(IF(cn.concept_name = 'ECG', cn.Value, NULL)) AS 'ECG',
MAX(IF(cn.concept_name = 'DATE_OF_SCREENING', cn.Value, NULL)) AS 'DATE_OF_SCREENING',
MAX(IF(cn.concept_name = 'UPDATE_DATE', cn.Value, NULL)) AS 'UPDATE_DATE',
MAX(IF(cn.concept_name = 'CREATED_DATE', cn.Value, NULL)) AS 'CREATED_DATE',
MAX(IF(cn.concept_name = 'CURRENT_USER_LOGIN', cn.Value, NULL)) AS 'CURRENT_USER_LOGIN',
MAX(IF(cn.concept_name = 'CURRENT_USER_ROLE', cn.Value, NULL)) AS 'CURRENT_USER_ROLE',
MAX(IF(cn.concept_name = 'LAST_ENCOUNTER', cn.Value, NULL)) AS 'LAST_ENCOUNTER',
MAX(IF(cn.concept_name = 'CURRENT_ENCOUNTER', cn.Value, NULL)) AS 'CURRENT_ENCOUNTER',
MAX(IF(cn.concept_name = 'ENC_DATE', STR_TO_DATE(cn.Value,"%d-%m-%Y %H:%i"), NULL)) AS 'ENC_DATE',
MAX(IF(cn.concept_name = 'ENC_TYPE', cn.Value, NULL)) AS 'ENC_TYPE',
MAX(IF(cn.concept_name = 'PHC_NAME', cn.Value, NULL)) AS 'PHC_NAME',
MAX(IF(cn.concept_name = 'ASHA_ASSIGNED', cn.Value, NULL)) AS 'ASHA_ASSIGNED',
MAX(IF(cn.concept_name = 'RUSHA_REF', cn.Value, NULL)) AS 'RUSHA_REF',
MAX(IF(cn.concept_name = 'INTERVIEW_STATUS', cn.Value, NULL)) AS 'INTERVIEW_STATUS',
MAX(IF(cn.concept_name = 'RECTRUITED', cn.Value, NULL)) AS 'RECTRUITED'

    from
        (Select 
        cnn.concept_id,
            cnn.name as concept_name,
            o.encounter_id as enc_id,
            ifnull(o.value_text, 'NA') Value
    from
        openmrs.concept_name cnn
    join openmrs.obs o ON cnn.concept_id = o.concept_id
    where
        cnn.locale = 'en' and cnn.voided = '0'
    order by cnn.concept_id) cn
    group by cn.enc_id) obb
	where
    obb.ENC_ID > max_enc_id_in_ivr;
    Insert into tmp.track(id) values(1);

END ;;
DELIMITER ;
/*!50003 SET sql_mode              = @saved_sql_mode */ ;
/*!50003 SET character_set_client  = @saved_cs_client */ ;
/*!50003 SET character_set_results = @saved_cs_results */ ;
/*!50003 SET collation_connection  = @saved_col_connection */ ;
/*!40103 SET TIME_ZONE=@OLD_TIME_ZONE */;

/*!40101 SET SQL_MODE=@OLD_SQL_MODE */;
/*!40014 SET FOREIGN_KEY_CHECKS=@OLD_FOREIGN_KEY_CHECKS */;
/*!40014 SET UNIQUE_CHECKS=@OLD_UNIQUE_CHECKS */;
/*!40101 SET CHARACTER_SET_CLIENT=@OLD_CHARACTER_SET_CLIENT */;
/*!40101 SET CHARACTER_SET_RESULTS=@OLD_CHARACTER_SET_RESULTS */;
/*!40101 SET COLLATION_CONNECTION=@OLD_COLLATION_CONNECTION */;
/*!40111 SET SQL_NOTES=@OLD_SQL_NOTES */;

-- Dump completed on 2018-02-20 11:51:01
